[2026-09-18T07:58:15.631+0000] {processor.py:161} INFO - Started process (PID=49) to work on /opt/airflow/dags/dag_extraction.py
[2026-09-18T07:58:15.636+0000] {processor.py:830} INFO - Processing file /opt/airflow/dags/dag_extraction.py for tasks to queue
[2026-09-18T07:58:15.650+0000] {logging_mixin.py:188} INFO - [2026-09-18T07:58:15.649+0000] {dagbag.py:545} INFO - Filling up the DagBag from /opt/airflow/dags/dag_extraction.py
[2026-09-18T07:58:16.097+0000] {processor.py:840} INFO - DAG(s) 'youtube_extraction' retrieved from /opt/airflow/dags/dag_extraction.py
[2026-09-18T07:58:16.471+0000] {logging_mixin.py:188} INFO - [2026-09-18T07:58:16.470+0000] {dag.py:3096} INFO - Sync 1 DAGs
[2026-09-18T07:58:16.507+0000] {logging_mixin.py:188} INFO - [2026-09-18T07:58:16.507+0000] {dag.py:3954} INFO - Setting next_dagrun for youtube_extraction to 2026-09-17 00:00:00+00:00, run_after=2026-09-18 00:00:00+00:00
[2026-09-18T07:58:16.549+0000] {processor.py:183} INFO - Processing /opt/airflow/dags/dag_extraction.py took 0.943 seconds
[2026-09-18T07:58:46.872+0000] {processor.py:161} INFO - Started process (PID=67) to work on /opt/airflow/dags/dag_extraction.py
[2026-09-18T07:58:46.874+0000] {processor.py:830} INFO - Processing file /opt/airflow/dags/dag_extraction.py for tasks to queue
[2026-09-18T07:58:46.879+0000] {logging_mixin.py:188} INFO - [2026-09-18T07:58:46.878+0000] {dagbag.py:545} INFO - Filling up the DagBag from /opt/airflow/dags/dag_extraction.py
[2026-09-18T07:58:47.029+0000] {processor.py:840} INFO - DAG(s) 'youtube_extraction' retrieved from /opt/airflow/dags/dag_extraction.py
[2026-09-18T07:58:47.066+0000] {logging_mixin.py:188} INFO - [2026-09-18T07:58:47.066+0000] {dag.py:3096} INFO - Sync 1 DAGs
[2026-09-18T07:58:47.099+0000] {logging_mixin.py:188} INFO - [2026-09-18T07:58:47.099+0000] {dag.py:3954} INFO - Setting next_dagrun for youtube_extraction to 2026-09-18 00:00:00+00:00, run_after=2026-09-19 00:00:00+00:00
[2026-09-18T07:58:47.130+0000] {processor.py:183} INFO - Processing /opt/airflow/dags/dag_extraction.py took 0.266 seconds
[2026-09-18T07:59:17.388+0000] {processor.py:161} INFO - Started process (PID=75) to work on /opt/airflow/dags/dag_extraction.py
[2026-09-18T07:59:17.390+0000] {processor.py:830} INFO - Processing file /opt/airflow/dags/dag_extraction.py for tasks to queue
[2026-09-18T07:59:17.392+0000] {logging_mixin.py:188} INFO - [2026-09-18T07:59:17.392+0000] {dagbag.py:545} INFO - Filling up the DagBag from /opt/airflow/dags/dag_extraction.py
[2026-09-18T07:59:17.479+0000] {processor.py:840} INFO - DAG(s) 'youtube_extraction' retrieved from /opt/airflow/dags/dag_extraction.py
[2026-09-18T07:59:17.502+0000] {logging_mixin.py:188} INFO - [2026-09-18T07:59:17.501+0000] {dag.py:3096} INFO - Sync 1 DAGs
[2026-09-18T07:59:17.524+0000] {logging_mixin.py:188} INFO - [2026-09-18T07:59:17.524+0000] {dag.py:3954} INFO - Setting next_dagrun for youtube_extraction to 2026-09-18 00:00:00+00:00, run_after=2026-09-19 00:00:00+00:00
[2026-09-18T07:59:17.544+0000] {processor.py:183} INFO - Processing /opt/airflow/dags/dag_extraction.py took 0.165 seconds
[2026-09-18T07:59:47.838+0000] {processor.py:161} INFO - Started process (PID=83) to work on /opt/airflow/dags/dag_extraction.py
[2026-09-18T07:59:47.840+0000] {processor.py:830} INFO - Processing file /opt/airflow/dags/dag_extraction.py for tasks to queue
[2026-09-18T07:59:47.844+0000] {logging_mixin.py:188} INFO - [2026-09-18T07:59:47.844+0000] {dagbag.py:545} INFO - Filling up the DagBag from /opt/airflow/dags/dag_extraction.py
[2026-09-18T07:59:47.958+0000] {processor.py:840} INFO - DAG(s) 'youtube_extraction' retrieved from /opt/airflow/dags/dag_extraction.py
[2026-09-18T07:59:47.985+0000] {logging_mixin.py:188} INFO - [2026-09-18T07:59:47.984+0000] {dag.py:3096} INFO - Sync 1 DAGs
[2026-09-18T07:59:48.017+0000] {logging_mixin.py:188} INFO - [2026-09-18T07:59:48.016+0000] {dag.py:3954} INFO - Setting next_dagrun for youtube_extraction to 2026-09-18 00:00:00+00:00, run_after=2026-09-19 00:00:00+00:00
[2026-09-18T07:59:48.088+0000] {processor.py:183} INFO - Processing /opt/airflow/dags/dag_extraction.py took 0.261 seconds
[2026-09-18T08:00:18.289+0000] {processor.py:161} INFO - Started process (PID=91) to work on /opt/airflow/dags/dag_extraction.py
[2026-09-18T08:00:18.290+0000] {processor.py:830} INFO - Processing file /opt/airflow/dags/dag_extraction.py for tasks to queue
[2026-09-18T08:00:18.294+0000] {logging_mixin.py:188} INFO - [2026-09-18T08:00:18.293+0000] {dagbag.py:545} INFO - Filling up the DagBag from /opt/airflow/dags/dag_extraction.py
[2026-09-18T08:00:18.395+0000] {processor.py:840} INFO - DAG(s) 'youtube_extraction' retrieved from /opt/airflow/dags/dag_extraction.py
[2026-09-18T08:00:18.419+0000] {logging_mixin.py:188} INFO - [2026-09-18T08:00:18.419+0000] {dag.py:3096} INFO - Sync 1 DAGs
[2026-09-18T08:00:18.445+0000] {logging_mixin.py:188} INFO - [2026-09-18T08:00:18.445+0000] {dag.py:3954} INFO - Setting next_dagrun for youtube_extraction to 2026-09-18 00:00:00+00:00, run_after=2026-09-19 00:00:00+00:00
[2026-09-18T08:00:18.465+0000] {processor.py:183} INFO - Processing /opt/airflow/dags/dag_extraction.py took 0.183 seconds
[2026-09-18T08:00:48.755+0000] {processor.py:161} INFO - Started process (PID=99) to work on /opt/airflow/dags/dag_extraction.py
[2026-09-18T08:00:48.757+0000] {processor.py:830} INFO - Processing file /opt/airflow/dags/dag_extraction.py for tasks to queue
[2026-09-18T08:00:48.760+0000] {logging_mixin.py:188} INFO - [2026-09-18T08:00:48.760+0000] {dagbag.py:545} INFO - Filling up the DagBag from /opt/airflow/dags/dag_extraction.py
[2026-09-18T08:00:48.848+0000] {processor.py:840} INFO - DAG(s) 'youtube_extraction' retrieved from /opt/airflow/dags/dag_extraction.py
[2026-09-18T08:00:48.872+0000] {logging_mixin.py:188} INFO - [2026-09-18T08:00:48.871+0000] {dag.py:3096} INFO - Sync 1 DAGs
[2026-09-18T08:00:48.895+0000] {logging_mixin.py:188} INFO - [2026-09-18T08:00:48.895+0000] {dag.py:3954} INFO - Setting next_dagrun for youtube_extraction to 2026-09-18 00:00:00+00:00, run_after=2026-09-19 00:00:00+00:00
[2026-09-18T08:00:48.913+0000] {processor.py:183} INFO - Processing /opt/airflow/dags/dag_extraction.py took 0.170 seconds
[2026-09-18T08:01:19.216+0000] {processor.py:161} INFO - Started process (PID=108) to work on /opt/airflow/dags/dag_extraction.py
[2026-09-18T08:01:19.218+0000] {processor.py:830} INFO - Processing file /opt/airflow/dags/dag_extraction.py for tasks to queue
[2026-09-18T08:01:19.225+0000] {logging_mixin.py:188} INFO - [2026-09-18T08:01:19.224+0000] {dagbag.py:545} INFO - Filling up the DagBag from /opt/airflow/dags/dag_extraction.py
[2026-09-18T08:01:19.329+0000] {processor.py:840} INFO - DAG(s) 'youtube_extraction' retrieved from /opt/airflow/dags/dag_extraction.py
[2026-09-18T08:01:19.369+0000] {logging_mixin.py:188} INFO - [2026-09-18T08:01:19.368+0000] {dag.py:3096} INFO - Sync 1 DAGs
[2026-09-18T08:01:19.402+0000] {logging_mixin.py:188} INFO - [2026-09-18T08:01:19.402+0000] {dag.py:3954} INFO - Setting next_dagrun for youtube_extraction to 2026-09-18 00:00:00+00:00, run_after=2026-09-19 00:00:00+00:00
[2026-09-18T08:01:19.429+0000] {processor.py:183} INFO - Processing /opt/airflow/dags/dag_extraction.py took 0.220 seconds
[2026-09-18T08:01:49.704+0000] {processor.py:161} INFO - Started process (PID=116) to work on /opt/airflow/dags/dag_extraction.py
[2026-09-18T08:01:49.706+0000] {processor.py:830} INFO - Processing file /opt/airflow/dags/dag_extraction.py for tasks to queue
[2026-09-18T08:01:49.710+0000] {logging_mixin.py:188} INFO - [2026-09-18T08:01:49.710+0000] {dagbag.py:545} INFO - Filling up the DagBag from /opt/airflow/dags/dag_extraction.py
[2026-09-18T08:01:49.809+0000] {processor.py:840} INFO - DAG(s) 'youtube_extraction' retrieved from /opt/airflow/dags/dag_extraction.py
[2026-09-18T08:01:49.833+0000] {logging_mixin.py:188} INFO - [2026-09-18T08:01:49.833+0000] {dag.py:3096} INFO - Sync 1 DAGs
[2026-09-18T08:01:49.858+0000] {logging_mixin.py:188} INFO - [2026-09-18T08:01:49.857+0000] {dag.py:3954} INFO - Setting next_dagrun for youtube_extraction to 2026-09-18 00:00:00+00:00, run_after=2026-09-19 00:00:00+00:00
[2026-09-18T08:01:49.888+0000] {processor.py:183} INFO - Processing /opt/airflow/dags/dag_extraction.py took 0.190 seconds
[2026-09-18T08:02:20.157+0000] {processor.py:161} INFO - Started process (PID=124) to work on /opt/airflow/dags/dag_extraction.py
[2026-09-18T08:02:20.160+0000] {processor.py:830} INFO - Processing file /opt/airflow/dags/dag_extraction.py for tasks to queue
[2026-09-18T08:02:20.163+0000] {logging_mixin.py:188} INFO - [2026-09-18T08:02:20.163+0000] {dagbag.py:545} INFO - Filling up the DagBag from /opt/airflow/dags/dag_extraction.py
[2026-09-18T08:02:20.265+0000] {processor.py:840} INFO - DAG(s) 'youtube_extraction' retrieved from /opt/airflow/dags/dag_extraction.py
[2026-09-18T08:02:20.292+0000] {logging_mixin.py:188} INFO - [2026-09-18T08:02:20.291+0000] {dag.py:3096} INFO - Sync 1 DAGs
[2026-09-18T08:02:20.316+0000] {logging_mixin.py:188} INFO - [2026-09-18T08:02:20.316+0000] {dag.py:3954} INFO - Setting next_dagrun for youtube_extraction to 2026-09-18 00:00:00+00:00, run_after=2026-09-19 00:00:00+00:00
[2026-09-18T08:02:20.338+0000] {processor.py:183} INFO - Processing /opt/airflow/dags/dag_extraction.py took 0.189 seconds
[2026-09-18T08:02:50.628+0000] {processor.py:161} INFO - Started process (PID=132) to work on /opt/airflow/dags/dag_extraction.py
[2026-09-18T08:02:50.629+0000] {processor.py:830} INFO - Processing file /opt/airflow/dags/dag_extraction.py for tasks to queue
[2026-09-18T08:02:50.633+0000] {logging_mixin.py:188} INFO - [2026-09-18T08:02:50.632+0000] {dagbag.py:545} INFO - Filling up the DagBag from /opt/airflow/dags/dag_extraction.py
[2026-09-18T08:02:50.719+0000] {processor.py:840} INFO - DAG(s) 'youtube_extraction' retrieved from /opt/airflow/dags/dag_extraction.py
[2026-09-18T08:02:50.743+0000] {logging_mixin.py:188} INFO - [2026-09-18T08:02:50.743+0000] {dag.py:3096} INFO - Sync 1 DAGs
[2026-09-18T08:02:50.768+0000] {logging_mixin.py:188} INFO - [2026-09-18T08:02:50.768+0000] {dag.py:3954} INFO - Setting next_dagrun for youtube_extraction to 2026-09-18 00:00:00+00:00, run_after=2026-09-19 00:00:00+00:00
[2026-09-18T08:02:50.790+0000] {processor.py:183} INFO - Processing /opt/airflow/dags/dag_extraction.py took 0.170 seconds
[2026-09-18T08:03:21.111+0000] {processor.py:161} INFO - Started process (PID=140) to work on /opt/airflow/dags/dag_extraction.py
[2026-09-18T08:03:21.113+0000] {processor.py:830} INFO - Processing file /opt/airflow/dags/dag_extraction.py for tasks to queue
[2026-09-18T08:03:21.116+0000] {logging_mixin.py:188} INFO - [2026-09-18T08:03:21.116+0000] {dagbag.py:545} INFO - Filling up the DagBag from /opt/airflow/dags/dag_extraction.py
[2026-09-18T08:03:21.206+0000] {processor.py:840} INFO - DAG(s) 'youtube_extraction' retrieved from /opt/airflow/dags/dag_extraction.py
[2026-09-18T08:03:21.228+0000] {logging_mixin.py:188} INFO - [2026-09-18T08:03:21.227+0000] {dag.py:3096} INFO - Sync 1 DAGs
[2026-09-18T08:03:21.252+0000] {logging_mixin.py:188} INFO - [2026-09-18T08:03:21.252+0000] {dag.py:3954} INFO - Setting next_dagrun for youtube_extraction to 2026-09-18 00:00:00+00:00, run_after=2026-09-19 00:00:00+00:00
[2026-09-18T08:03:21.272+0000] {processor.py:183} INFO - Processing /opt/airflow/dags/dag_extraction.py took 0.168 seconds
[2026-09-18T08:03:51.560+0000] {processor.py:161} INFO - Started process (PID=148) to work on /opt/airflow/dags/dag_extraction.py
[2026-09-18T08:03:51.562+0000] {processor.py:830} INFO - Processing file /opt/airflow/dags/dag_extraction.py for tasks to queue
[2026-09-18T08:03:51.565+0000] {logging_mixin.py:188} INFO - [2026-09-18T08:03:51.565+0000] {dagbag.py:545} INFO - Filling up the DagBag from /opt/airflow/dags/dag_extraction.py
[2026-09-18T08:03:51.653+0000] {processor.py:840} INFO - DAG(s) 'youtube_extraction' retrieved from /opt/airflow/dags/dag_extraction.py
[2026-09-18T08:03:51.679+0000] {logging_mixin.py:188} INFO - [2026-09-18T08:03:51.678+0000] {dag.py:3096} INFO - Sync 1 DAGs
[2026-09-18T08:03:51.701+0000] {logging_mixin.py:188} INFO - [2026-09-18T08:03:51.701+0000] {dag.py:3954} INFO - Setting next_dagrun for youtube_extraction to 2026-09-18 00:00:00+00:00, run_after=2026-09-19 00:00:00+00:00
[2026-09-18T08:03:51.721+0000] {processor.py:183} INFO - Processing /opt/airflow/dags/dag_extraction.py took 0.168 seconds
[2026-09-18T08:04:22.025+0000] {processor.py:161} INFO - Started process (PID=156) to work on /opt/airflow/dags/dag_extraction.py
[2026-09-18T08:04:22.027+0000] {processor.py:830} INFO - Processing file /opt/airflow/dags/dag_extraction.py for tasks to queue
[2026-09-18T08:04:22.031+0000] {logging_mixin.py:188} INFO - [2026-09-18T08:04:22.030+0000] {dagbag.py:545} INFO - Filling up the DagBag from /opt/airflow/dags/dag_extraction.py
[2026-09-18T08:04:22.134+0000] {processor.py:840} INFO - DAG(s) 'youtube_extraction' retrieved from /opt/airflow/dags/dag_extraction.py
[2026-09-18T08:04:22.162+0000] {logging_mixin.py:188} INFO - [2026-09-18T08:04:22.161+0000] {dag.py:3096} INFO - Sync 1 DAGs
[2026-09-18T08:04:22.187+0000] {logging_mixin.py:188} INFO - [2026-09-18T08:04:22.187+0000] {dag.py:3954} INFO - Setting next_dagrun for youtube_extraction to 2026-09-18 00:00:00+00:00, run_after=2026-09-19 00:00:00+00:00
[2026-09-18T08:04:22.208+0000] {processor.py:183} INFO - Processing /opt/airflow/dags/dag_extraction.py took 0.191 seconds
[2026-09-18T08:04:52.484+0000] {processor.py:161} INFO - Started process (PID=164) to work on /opt/airflow/dags/dag_extraction.py
[2026-09-18T08:04:52.486+0000] {processor.py:830} INFO - Processing file /opt/airflow/dags/dag_extraction.py for tasks to queue
[2026-09-18T08:04:52.490+0000] {logging_mixin.py:188} INFO - [2026-09-18T08:04:52.489+0000] {dagbag.py:545} INFO - Filling up the DagBag from /opt/airflow/dags/dag_extraction.py
[2026-09-18T08:04:52.582+0000] {processor.py:840} INFO - DAG(s) 'youtube_extraction' retrieved from /opt/airflow/dags/dag_extraction.py
[2026-09-18T08:04:52.604+0000] {logging_mixin.py:188} INFO - [2026-09-18T08:04:52.604+0000] {dag.py:3096} INFO - Sync 1 DAGs
[2026-09-18T08:04:52.624+0000] {logging_mixin.py:188} INFO - [2026-09-18T08:04:52.624+0000] {dag.py:3954} INFO - Setting next_dagrun for youtube_extraction to 2026-09-18 00:00:00+00:00, run_after=2026-09-19 00:00:00+00:00
[2026-09-18T08:04:52.643+0000] {processor.py:183} INFO - Processing /opt/airflow/dags/dag_extraction.py took 0.166 seconds
[2026-09-18T08:05:22.929+0000] {processor.py:161} INFO - Started process (PID=172) to work on /opt/airflow/dags/dag_extraction.py
[2026-09-18T08:05:22.931+0000] {processor.py:830} INFO - Processing file /opt/airflow/dags/dag_extraction.py for tasks to queue
[2026-09-18T08:05:22.935+0000] {logging_mixin.py:188} INFO - [2026-09-18T08:05:22.934+0000] {dagbag.py:545} INFO - Filling up the DagBag from /opt/airflow/dags/dag_extraction.py
[2026-09-18T08:05:23.040+0000] {processor.py:840} INFO - DAG(s) 'youtube_extraction' retrieved from /opt/airflow/dags/dag_extraction.py
[2026-09-18T08:05:23.070+0000] {logging_mixin.py:188} INFO - [2026-09-18T08:05:23.070+0000] {dag.py:3096} INFO - Sync 1 DAGs
[2026-09-18T08:05:23.092+0000] {logging_mixin.py:188} INFO - [2026-09-18T08:05:23.092+0000] {dag.py:3954} INFO - Setting next_dagrun for youtube_extraction to 2026-09-18 00:00:00+00:00, run_after=2026-09-19 00:00:00+00:00
[2026-09-18T08:05:23.119+0000] {processor.py:183} INFO - Processing /opt/airflow/dags/dag_extraction.py took 0.197 seconds
[2026-09-18T08:05:53.414+0000] {processor.py:161} INFO - Started process (PID=180) to work on /opt/airflow/dags/dag_extraction.py
[2026-09-18T08:05:53.416+0000] {processor.py:830} INFO - Processing file /opt/airflow/dags/dag_extraction.py for tasks to queue
[2026-09-18T08:05:53.420+0000] {logging_mixin.py:188} INFO - [2026-09-18T08:05:53.419+0000] {dagbag.py:545} INFO - Filling up the DagBag from /opt/airflow/dags/dag_extraction.py
[2026-09-18T08:05:53.522+0000] {processor.py:840} INFO - DAG(s) 'youtube_extraction' retrieved from /opt/airflow/dags/dag_extraction.py
[2026-09-18T08:05:53.545+0000] {logging_mixin.py:188} INFO - [2026-09-18T08:05:53.544+0000] {dag.py:3096} INFO - Sync 1 DAGs
[2026-09-18T08:05:53.565+0000] {logging_mixin.py:188} INFO - [2026-09-18T08:05:53.564+0000] {dag.py:3954} INFO - Setting next_dagrun for youtube_extraction to 2026-09-18 00:00:00+00:00, run_after=2026-09-19 00:00:00+00:00
[2026-09-18T08:05:53.584+0000] {processor.py:183} INFO - Processing /opt/airflow/dags/dag_extraction.py took 0.178 seconds
[2026-09-18T08:06:23.858+0000] {processor.py:161} INFO - Started process (PID=188) to work on /opt/airflow/dags/dag_extraction.py
[2026-09-18T08:06:23.861+0000] {processor.py:830} INFO - Processing file /opt/airflow/dags/dag_extraction.py for tasks to queue
[2026-09-18T08:06:23.864+0000] {logging_mixin.py:188} INFO - [2026-09-18T08:06:23.864+0000] {dagbag.py:545} INFO - Filling up the DagBag from /opt/airflow/dags/dag_extraction.py
[2026-09-18T08:06:23.954+0000] {processor.py:840} INFO - DAG(s) 'youtube_extraction' retrieved from /opt/airflow/dags/dag_extraction.py
[2026-09-18T08:06:23.976+0000] {logging_mixin.py:188} INFO - [2026-09-18T08:06:23.975+0000] {dag.py:3096} INFO - Sync 1 DAGs
[2026-09-18T08:06:23.997+0000] {logging_mixin.py:188} INFO - [2026-09-18T08:06:23.997+0000] {dag.py:3954} INFO - Setting next_dagrun for youtube_extraction to 2026-09-18 00:00:00+00:00, run_after=2026-09-19 00:00:00+00:00
[2026-09-18T08:06:24.016+0000] {processor.py:183} INFO - Processing /opt/airflow/dags/dag_extraction.py took 0.164 seconds
[2026-09-18T08:06:54.286+0000] {processor.py:161} INFO - Started process (PID=196) to work on /opt/airflow/dags/dag_extraction.py
[2026-09-18T08:06:54.289+0000] {processor.py:830} INFO - Processing file /opt/airflow/dags/dag_extraction.py for tasks to queue
[2026-09-18T08:06:54.293+0000] {logging_mixin.py:188} INFO - [2026-09-18T08:06:54.293+0000] {dagbag.py:545} INFO - Filling up the DagBag from /opt/airflow/dags/dag_extraction.py
[2026-09-18T08:06:54.395+0000] {processor.py:840} INFO - DAG(s) 'youtube_extraction' retrieved from /opt/airflow/dags/dag_extraction.py
[2026-09-18T08:06:54.419+0000] {logging_mixin.py:188} INFO - [2026-09-18T08:06:54.419+0000] {dag.py:3096} INFO - Sync 1 DAGs
[2026-09-18T08:06:54.440+0000] {logging_mixin.py:188} INFO - [2026-09-18T08:06:54.439+0000] {dag.py:3954} INFO - Setting next_dagrun for youtube_extraction to 2026-09-18 00:00:00+00:00, run_after=2026-09-19 00:00:00+00:00
[2026-09-18T08:06:54.461+0000] {processor.py:183} INFO - Processing /opt/airflow/dags/dag_extraction.py took 0.184 seconds
[2026-09-18T08:07:24.716+0000] {processor.py:161} INFO - Started process (PID=204) to work on /opt/airflow/dags/dag_extraction.py
[2026-09-18T08:07:24.718+0000] {processor.py:830} INFO - Processing file /opt/airflow/dags/dag_extraction.py for tasks to queue
[2026-09-18T08:07:24.720+0000] {logging_mixin.py:188} INFO - [2026-09-18T08:07:24.720+0000] {dagbag.py:545} INFO - Filling up the DagBag from /opt/airflow/dags/dag_extraction.py
[2026-09-18T08:07:24.807+0000] {processor.py:840} INFO - DAG(s) 'youtube_extraction' retrieved from /opt/airflow/dags/dag_extraction.py
[2026-09-18T08:07:24.829+0000] {logging_mixin.py:188} INFO - [2026-09-18T08:07:24.828+0000] {dag.py:3096} INFO - Sync 1 DAGs
[2026-09-18T08:07:24.851+0000] {logging_mixin.py:188} INFO - [2026-09-18T08:07:24.851+0000] {dag.py:3954} INFO - Setting next_dagrun for youtube_extraction to 2026-09-18 00:00:00+00:00, run_after=2026-09-19 00:00:00+00:00
[2026-09-18T08:07:24.870+0000] {processor.py:183} INFO - Processing /opt/airflow/dags/dag_extraction.py took 0.160 seconds
[2026-09-18T08:07:55.173+0000] {processor.py:161} INFO - Started process (PID=212) to work on /opt/airflow/dags/dag_extraction.py
[2026-09-18T08:07:55.175+0000] {processor.py:830} INFO - Processing file /opt/airflow/dags/dag_extraction.py for tasks to queue
[2026-09-18T08:07:55.178+0000] {logging_mixin.py:188} INFO - [2026-09-18T08:07:55.178+0000] {dagbag.py:545} INFO - Filling up the DagBag from /opt/airflow/dags/dag_extraction.py
[2026-09-18T08:07:55.275+0000] {processor.py:840} INFO - DAG(s) 'youtube_extraction' retrieved from /opt/airflow/dags/dag_extraction.py
[2026-09-18T08:07:55.300+0000] {logging_mixin.py:188} INFO - [2026-09-18T08:07:55.299+0000] {dag.py:3096} INFO - Sync 1 DAGs
[2026-09-18T08:07:55.322+0000] {logging_mixin.py:188} INFO - [2026-09-18T08:07:55.322+0000] {dag.py:3954} INFO - Setting next_dagrun for youtube_extraction to 2026-09-18 00:00:00+00:00, run_after=2026-09-19 00:00:00+00:00
[2026-09-18T08:07:55.344+0000] {processor.py:183} INFO - Processing /opt/airflow/dags/dag_extraction.py took 0.183 seconds
[2026-09-18T08:08:25.614+0000] {processor.py:161} INFO - Started process (PID=220) to work on /opt/airflow/dags/dag_extraction.py
[2026-09-18T08:08:25.616+0000] {processor.py:830} INFO - Processing file /opt/airflow/dags/dag_extraction.py for tasks to queue
[2026-09-18T08:08:25.619+0000] {logging_mixin.py:188} INFO - [2026-09-18T08:08:25.619+0000] {dagbag.py:545} INFO - Filling up the DagBag from /opt/airflow/dags/dag_extraction.py
[2026-09-18T08:08:25.712+0000] {processor.py:840} INFO - DAG(s) 'youtube_extraction' retrieved from /opt/airflow/dags/dag_extraction.py
[2026-09-18T08:08:25.735+0000] {logging_mixin.py:188} INFO - [2026-09-18T08:08:25.735+0000] {dag.py:3096} INFO - Sync 1 DAGs
[2026-09-18T08:08:25.755+0000] {logging_mixin.py:188} INFO - [2026-09-18T08:08:25.755+0000] {dag.py:3954} INFO - Setting next_dagrun for youtube_extraction to 2026-09-18 00:00:00+00:00, run_after=2026-09-19 00:00:00+00:00
[2026-09-18T08:08:25.777+0000] {processor.py:183} INFO - Processing /opt/airflow/dags/dag_extraction.py took 0.171 seconds
[2026-09-18T08:08:56.106+0000] {processor.py:161} INFO - Started process (PID=228) to work on /opt/airflow/dags/dag_extraction.py
[2026-09-18T08:08:56.108+0000] {processor.py:830} INFO - Processing file /opt/airflow/dags/dag_extraction.py for tasks to queue
[2026-09-18T08:08:56.111+0000] {logging_mixin.py:188} INFO - [2026-09-18T08:08:56.110+0000] {dagbag.py:545} INFO - Filling up the DagBag from /opt/airflow/dags/dag_extraction.py
[2026-09-18T08:08:56.199+0000] {processor.py:840} INFO - DAG(s) 'youtube_extraction' retrieved from /opt/airflow/dags/dag_extraction.py
[2026-09-18T08:08:56.221+0000] {logging_mixin.py:188} INFO - [2026-09-18T08:08:56.221+0000] {dag.py:3096} INFO - Sync 1 DAGs
[2026-09-18T08:08:56.244+0000] {logging_mixin.py:188} INFO - [2026-09-18T08:08:56.243+0000] {dag.py:3954} INFO - Setting next_dagrun for youtube_extraction to 2026-09-18 00:00:00+00:00, run_after=2026-09-19 00:00:00+00:00
[2026-09-18T08:08:56.264+0000] {processor.py:183} INFO - Processing /opt/airflow/dags/dag_extraction.py took 0.164 seconds
[2026-09-18T08:09:26.607+0000] {processor.py:161} INFO - Started process (PID=236) to work on /opt/airflow/dags/dag_extraction.py
[2026-09-18T08:09:26.609+0000] {processor.py:830} INFO - Processing file /opt/airflow/dags/dag_extraction.py for tasks to queue
[2026-09-18T08:09:26.612+0000] {logging_mixin.py:188} INFO - [2026-09-18T08:09:26.612+0000] {dagbag.py:545} INFO - Filling up the DagBag from /opt/airflow/dags/dag_extraction.py
[2026-09-18T08:09:26.700+0000] {processor.py:840} INFO - DAG(s) 'youtube_extraction' retrieved from /opt/airflow/dags/dag_extraction.py
[2026-09-18T08:09:26.723+0000] {logging_mixin.py:188} INFO - [2026-09-18T08:09:26.722+0000] {dag.py:3096} INFO - Sync 1 DAGs
[2026-09-18T08:09:26.744+0000] {logging_mixin.py:188} INFO - [2026-09-18T08:09:26.744+0000] {dag.py:3954} INFO - Setting next_dagrun for youtube_extraction to 2026-09-18 00:00:00+00:00, run_after=2026-09-19 00:00:00+00:00
[2026-09-18T08:09:26.764+0000] {processor.py:183} INFO - Processing /opt/airflow/dags/dag_extraction.py took 0.163 seconds
[2026-09-18T08:09:57.054+0000] {processor.py:161} INFO - Started process (PID=244) to work on /opt/airflow/dags/dag_extraction.py
[2026-09-18T08:09:57.056+0000] {processor.py:830} INFO - Processing file /opt/airflow/dags/dag_extraction.py for tasks to queue
[2026-09-18T08:09:57.060+0000] {logging_mixin.py:188} INFO - [2026-09-18T08:09:57.059+0000] {dagbag.py:545} INFO - Filling up the DagBag from /opt/airflow/dags/dag_extraction.py
[2026-09-18T08:09:57.175+0000] {processor.py:840} INFO - DAG(s) 'youtube_extraction' retrieved from /opt/airflow/dags/dag_extraction.py
[2026-09-18T08:09:57.227+0000] {logging_mixin.py:188} INFO - [2026-09-18T08:09:57.226+0000] {dag.py:3096} INFO - Sync 1 DAGs
[2026-09-18T08:09:57.260+0000] {logging_mixin.py:188} INFO - [2026-09-18T08:09:57.259+0000] {dag.py:3954} INFO - Setting next_dagrun for youtube_extraction to 2026-09-18 00:00:00+00:00, run_after=2026-09-19 00:00:00+00:00
[2026-09-18T08:09:57.281+0000] {processor.py:183} INFO - Processing /opt/airflow/dags/dag_extraction.py took 0.235 seconds
[2026-09-18T08:10:27.597+0000] {processor.py:161} INFO - Started process (PID=252) to work on /opt/airflow/dags/dag_extraction.py
[2026-09-18T08:10:27.598+0000] {processor.py:830} INFO - Processing file /opt/airflow/dags/dag_extraction.py for tasks to queue
[2026-09-18T08:10:27.601+0000] {logging_mixin.py:188} INFO - [2026-09-18T08:10:27.601+0000] {dagbag.py:545} INFO - Filling up the DagBag from /opt/airflow/dags/dag_extraction.py
[2026-09-18T08:10:27.688+0000] {processor.py:840} INFO - DAG(s) 'youtube_extraction' retrieved from /opt/airflow/dags/dag_extraction.py
[2026-09-18T08:10:27.720+0000] {logging_mixin.py:188} INFO - [2026-09-18T08:10:27.719+0000] {dag.py:3096} INFO - Sync 1 DAGs
[2026-09-18T08:10:27.747+0000] {logging_mixin.py:188} INFO - [2026-09-18T08:10:27.747+0000] {dag.py:3954} INFO - Setting next_dagrun for youtube_extraction to 2026-09-18 00:00:00+00:00, run_after=2026-09-19 00:00:00+00:00
[2026-09-18T08:10:27.779+0000] {processor.py:183} INFO - Processing /opt/airflow/dags/dag_extraction.py took 0.189 seconds
[2026-09-18T08:10:58.063+0000] {processor.py:161} INFO - Started process (PID=260) to work on /opt/airflow/dags/dag_extraction.py
[2026-09-18T08:10:58.065+0000] {processor.py:830} INFO - Processing file /opt/airflow/dags/dag_extraction.py for tasks to queue
[2026-09-18T08:10:58.068+0000] {logging_mixin.py:188} INFO - [2026-09-18T08:10:58.068+0000] {dagbag.py:545} INFO - Filling up the DagBag from /opt/airflow/dags/dag_extraction.py
[2026-09-18T08:10:58.155+0000] {processor.py:840} INFO - DAG(s) 'youtube_extraction' retrieved from /opt/airflow/dags/dag_extraction.py
[2026-09-18T08:10:58.180+0000] {logging_mixin.py:188} INFO - [2026-09-18T08:10:58.180+0000] {dag.py:3096} INFO - Sync 1 DAGs
[2026-09-18T08:10:58.199+0000] {logging_mixin.py:188} INFO - [2026-09-18T08:10:58.199+0000] {dag.py:3954} INFO - Setting next_dagrun for youtube_extraction to 2026-09-18 00:00:00+00:00, run_after=2026-09-19 00:00:00+00:00
[2026-09-18T08:10:58.220+0000] {processor.py:183} INFO - Processing /opt/airflow/dags/dag_extraction.py took 0.165 seconds
[2026-09-18T08:11:28.522+0000] {processor.py:161} INFO - Started process (PID=268) to work on /opt/airflow/dags/dag_extraction.py
[2026-09-18T08:11:28.523+0000] {processor.py:830} INFO - Processing file /opt/airflow/dags/dag_extraction.py for tasks to queue
[2026-09-18T08:11:28.526+0000] {logging_mixin.py:188} INFO - [2026-09-18T08:11:28.526+0000] {dagbag.py:545} INFO - Filling up the DagBag from /opt/airflow/dags/dag_extraction.py
[2026-09-18T08:11:28.620+0000] {processor.py:840} INFO - DAG(s) 'youtube_extraction' retrieved from /opt/airflow/dags/dag_extraction.py
[2026-09-18T08:11:28.646+0000] {logging_mixin.py:188} INFO - [2026-09-18T08:11:28.645+0000] {dag.py:3096} INFO - Sync 1 DAGs
[2026-09-18T08:11:28.664+0000] {logging_mixin.py:188} INFO - [2026-09-18T08:11:28.664+0000] {dag.py:3954} INFO - Setting next_dagrun for youtube_extraction to 2026-09-18 00:00:00+00:00, run_after=2026-09-19 00:00:00+00:00
[2026-09-18T08:11:28.685+0000] {processor.py:183} INFO - Processing /opt/airflow/dags/dag_extraction.py took 0.170 seconds
[2026-09-18T08:11:58.955+0000] {processor.py:161} INFO - Started process (PID=276) to work on /opt/airflow/dags/dag_extraction.py
[2026-09-18T08:11:58.957+0000] {processor.py:830} INFO - Processing file /opt/airflow/dags/dag_extraction.py for tasks to queue
[2026-09-18T08:11:58.959+0000] {logging_mixin.py:188} INFO - [2026-09-18T08:11:58.959+0000] {dagbag.py:545} INFO - Filling up the DagBag from /opt/airflow/dags/dag_extraction.py
[2026-09-18T08:11:59.040+0000] {processor.py:840} INFO - DAG(s) 'youtube_extraction' retrieved from /opt/airflow/dags/dag_extraction.py
[2026-09-18T08:11:59.062+0000] {logging_mixin.py:188} INFO - [2026-09-18T08:11:59.062+0000] {dag.py:3096} INFO - Sync 1 DAGs
[2026-09-18T08:11:59.084+0000] {logging_mixin.py:188} INFO - [2026-09-18T08:11:59.084+0000] {dag.py:3954} INFO - Setting next_dagrun for youtube_extraction to 2026-09-18 00:00:00+00:00, run_after=2026-09-19 00:00:00+00:00
[2026-09-18T08:11:59.104+0000] {processor.py:183} INFO - Processing /opt/airflow/dags/dag_extraction.py took 0.154 seconds
[2026-09-18T08:12:29.371+0000] {processor.py:161} INFO - Started process (PID=284) to work on /opt/airflow/dags/dag_extraction.py
[2026-09-18T08:12:29.373+0000] {processor.py:830} INFO - Processing file /opt/airflow/dags/dag_extraction.py for tasks to queue
[2026-09-18T08:12:29.376+0000] {logging_mixin.py:188} INFO - [2026-09-18T08:12:29.376+0000] {dagbag.py:545} INFO - Filling up the DagBag from /opt/airflow/dags/dag_extraction.py
[2026-09-18T08:12:29.488+0000] {processor.py:840} INFO - DAG(s) 'youtube_extraction' retrieved from /opt/airflow/dags/dag_extraction.py
[2026-09-18T08:12:29.513+0000] {logging_mixin.py:188} INFO - [2026-09-18T08:12:29.513+0000] {dag.py:3096} INFO - Sync 1 DAGs
[2026-09-18T08:12:29.537+0000] {logging_mixin.py:188} INFO - [2026-09-18T08:12:29.536+0000] {dag.py:3954} INFO - Setting next_dagrun for youtube_extraction to 2026-09-18 00:00:00+00:00, run_after=2026-09-19 00:00:00+00:00
[2026-09-18T08:12:29.556+0000] {processor.py:183} INFO - Processing /opt/airflow/dags/dag_extraction.py took 0.193 seconds
[2026-09-18T08:12:59.788+0000] {processor.py:161} INFO - Started process (PID=292) to work on /opt/airflow/dags/dag_extraction.py
[2026-09-18T08:12:59.790+0000] {processor.py:830} INFO - Processing file /opt/airflow/dags/dag_extraction.py for tasks to queue
[2026-09-18T08:12:59.794+0000] {logging_mixin.py:188} INFO - [2026-09-18T08:12:59.793+0000] {dagbag.py:545} INFO - Filling up the DagBag from /opt/airflow/dags/dag_extraction.py
[2026-09-18T08:12:59.896+0000] {processor.py:840} INFO - DAG(s) 'youtube_extraction' retrieved from /opt/airflow/dags/dag_extraction.py
[2026-09-18T08:12:59.920+0000] {logging_mixin.py:188} INFO - [2026-09-18T08:12:59.920+0000] {dag.py:3096} INFO - Sync 1 DAGs
[2026-09-18T08:12:59.943+0000] {logging_mixin.py:188} INFO - [2026-09-18T08:12:59.943+0000] {dag.py:3954} INFO - Setting next_dagrun for youtube_extraction to 2026-09-18 00:00:00+00:00, run_after=2026-09-19 00:00:00+00:00
[2026-09-18T08:12:59.964+0000] {processor.py:183} INFO - Processing /opt/airflow/dags/dag_extraction.py took 0.185 seconds
[2026-09-18T08:13:30.319+0000] {processor.py:161} INFO - Started process (PID=300) to work on /opt/airflow/dags/dag_extraction.py
[2026-09-18T08:13:30.321+0000] {processor.py:830} INFO - Processing file /opt/airflow/dags/dag_extraction.py for tasks to queue
[2026-09-18T08:13:30.323+0000] {logging_mixin.py:188} INFO - [2026-09-18T08:13:30.323+0000] {dagbag.py:545} INFO - Filling up the DagBag from /opt/airflow/dags/dag_extraction.py
[2026-09-18T08:13:30.410+0000] {processor.py:840} INFO - DAG(s) 'youtube_extraction' retrieved from /opt/airflow/dags/dag_extraction.py
[2026-09-18T08:13:30.432+0000] {logging_mixin.py:188} INFO - [2026-09-18T08:13:30.431+0000] {dag.py:3096} INFO - Sync 1 DAGs
[2026-09-18T08:13:30.454+0000] {logging_mixin.py:188} INFO - [2026-09-18T08:13:30.454+0000] {dag.py:3954} INFO - Setting next_dagrun for youtube_extraction to 2026-09-18 00:00:00+00:00, run_after=2026-09-19 00:00:00+00:00
[2026-09-18T08:13:30.473+0000] {processor.py:183} INFO - Processing /opt/airflow/dags/dag_extraction.py took 0.160 seconds
[2026-09-18T08:14:00.797+0000] {processor.py:161} INFO - Started process (PID=308) to work on /opt/airflow/dags/dag_extraction.py
[2026-09-18T08:14:00.799+0000] {processor.py:830} INFO - Processing file /opt/airflow/dags/dag_extraction.py for tasks to queue
[2026-09-18T08:14:00.802+0000] {logging_mixin.py:188} INFO - [2026-09-18T08:14:00.802+0000] {dagbag.py:545} INFO - Filling up the DagBag from /opt/airflow/dags/dag_extraction.py
[2026-09-18T08:14:00.894+0000] {processor.py:840} INFO - DAG(s) 'youtube_extraction' retrieved from /opt/airflow/dags/dag_extraction.py
[2026-09-18T08:14:00.917+0000] {logging_mixin.py:188} INFO - [2026-09-18T08:14:00.917+0000] {dag.py:3096} INFO - Sync 1 DAGs
[2026-09-18T08:14:00.935+0000] {logging_mixin.py:188} INFO - [2026-09-18T08:14:00.935+0000] {dag.py:3954} INFO - Setting next_dagrun for youtube_extraction to 2026-09-18 00:00:00+00:00, run_after=2026-09-19 00:00:00+00:00
[2026-09-18T08:14:00.957+0000] {processor.py:183} INFO - Processing /opt/airflow/dags/dag_extraction.py took 0.167 seconds
[2026-09-18T08:14:31.259+0000] {processor.py:161} INFO - Started process (PID=316) to work on /opt/airflow/dags/dag_extraction.py
[2026-09-18T08:14:31.263+0000] {processor.py:830} INFO - Processing file /opt/airflow/dags/dag_extraction.py for tasks to queue
[2026-09-18T08:14:31.269+0000] {logging_mixin.py:188} INFO - [2026-09-18T08:14:31.268+0000] {dagbag.py:545} INFO - Filling up the DagBag from /opt/airflow/dags/dag_extraction.py
[2026-09-18T08:14:31.423+0000] {processor.py:840} INFO - DAG(s) 'youtube_extraction' retrieved from /opt/airflow/dags/dag_extraction.py
[2026-09-18T08:14:31.460+0000] {logging_mixin.py:188} INFO - [2026-09-18T08:14:31.459+0000] {dag.py:3096} INFO - Sync 1 DAGs
[2026-09-18T08:14:31.500+0000] {logging_mixin.py:188} INFO - [2026-09-18T08:14:31.499+0000] {dag.py:3954} INFO - Setting next_dagrun for youtube_extraction to 2026-09-18 00:00:00+00:00, run_after=2026-09-19 00:00:00+00:00
[2026-09-18T08:14:31.532+0000] {processor.py:183} INFO - Processing /opt/airflow/dags/dag_extraction.py took 0.283 seconds
[2026-09-18T08:15:01.731+0000] {processor.py:161} INFO - Started process (PID=324) to work on /opt/airflow/dags/dag_extraction.py
[2026-09-18T08:15:01.733+0000] {processor.py:830} INFO - Processing file /opt/airflow/dags/dag_extraction.py for tasks to queue
[2026-09-18T08:15:01.737+0000] {logging_mixin.py:188} INFO - [2026-09-18T08:15:01.736+0000] {dagbag.py:545} INFO - Filling up the DagBag from /opt/airflow/dags/dag_extraction.py
[2026-09-18T08:15:01.837+0000] {processor.py:840} INFO - DAG(s) 'youtube_extraction' retrieved from /opt/airflow/dags/dag_extraction.py
[2026-09-18T08:15:01.865+0000] {logging_mixin.py:188} INFO - [2026-09-18T08:15:01.864+0000] {dag.py:3096} INFO - Sync 1 DAGs
[2026-09-18T08:15:01.893+0000] {logging_mixin.py:188} INFO - [2026-09-18T08:15:01.893+0000] {dag.py:3954} INFO - Setting next_dagrun for youtube_extraction to 2026-09-18 00:00:00+00:00, run_after=2026-09-19 00:00:00+00:00
[2026-09-18T08:15:01.917+0000] {processor.py:183} INFO - Processing /opt/airflow/dags/dag_extraction.py took 0.198 seconds
[2026-09-18T08:15:32.186+0000] {processor.py:161} INFO - Started process (PID=332) to work on /opt/airflow/dags/dag_extraction.py
[2026-09-18T08:15:32.187+0000] {processor.py:830} INFO - Processing file /opt/airflow/dags/dag_extraction.py for tasks to queue
[2026-09-18T08:15:32.190+0000] {logging_mixin.py:188} INFO - [2026-09-18T08:15:32.190+0000] {dagbag.py:545} INFO - Filling up the DagBag from /opt/airflow/dags/dag_extraction.py
[2026-09-18T08:15:32.287+0000] {processor.py:840} INFO - DAG(s) 'youtube_extraction' retrieved from /opt/airflow/dags/dag_extraction.py
[2026-09-18T08:15:32.312+0000] {logging_mixin.py:188} INFO - [2026-09-18T08:15:32.312+0000] {dag.py:3096} INFO - Sync 1 DAGs
[2026-09-18T08:15:32.331+0000] {logging_mixin.py:188} INFO - [2026-09-18T08:15:32.331+0000] {dag.py:3954} INFO - Setting next_dagrun for youtube_extraction to 2026-09-18 00:00:00+00:00, run_after=2026-09-19 00:00:00+00:00
[2026-09-18T08:15:32.353+0000] {processor.py:183} INFO - Processing /opt/airflow/dags/dag_extraction.py took 0.175 seconds
[2026-09-18T08:16:02.620+0000] {processor.py:161} INFO - Started process (PID=340) to work on /opt/airflow/dags/dag_extraction.py
[2026-09-18T08:16:02.622+0000] {processor.py:830} INFO - Processing file /opt/airflow/dags/dag_extraction.py for tasks to queue
[2026-09-18T08:16:02.624+0000] {logging_mixin.py:188} INFO - [2026-09-18T08:16:02.624+0000] {dagbag.py:545} INFO - Filling up the DagBag from /opt/airflow/dags/dag_extraction.py
[2026-09-18T08:16:02.718+0000] {processor.py:840} INFO - DAG(s) 'youtube_extraction' retrieved from /opt/airflow/dags/dag_extraction.py
[2026-09-18T08:16:02.742+0000] {logging_mixin.py:188} INFO - [2026-09-18T08:16:02.741+0000] {dag.py:3096} INFO - Sync 1 DAGs
[2026-09-18T08:16:02.762+0000] {logging_mixin.py:188} INFO - [2026-09-18T08:16:02.762+0000] {dag.py:3954} INFO - Setting next_dagrun for youtube_extraction to 2026-09-18 00:00:00+00:00, run_after=2026-09-19 00:00:00+00:00
[2026-09-18T08:16:02.784+0000] {processor.py:183} INFO - Processing /opt/airflow/dags/dag_extraction.py took 0.171 seconds
[2026-09-18T08:16:33.060+0000] {processor.py:161} INFO - Started process (PID=348) to work on /opt/airflow/dags/dag_extraction.py
[2026-09-18T08:16:33.062+0000] {processor.py:830} INFO - Processing file /opt/airflow/dags/dag_extraction.py for tasks to queue
[2026-09-18T08:16:33.070+0000] {logging_mixin.py:188} INFO - [2026-09-18T08:16:33.069+0000] {dagbag.py:545} INFO - Filling up the DagBag from /opt/airflow/dags/dag_extraction.py
[2026-09-18T08:16:33.228+0000] {processor.py:840} INFO - DAG(s) 'youtube_extraction' retrieved from /opt/airflow/dags/dag_extraction.py
[2026-09-18T08:16:33.253+0000] {logging_mixin.py:188} INFO - [2026-09-18T08:16:33.253+0000] {dag.py:3096} INFO - Sync 1 DAGs
[2026-09-18T08:16:33.276+0000] {logging_mixin.py:188} INFO - [2026-09-18T08:16:33.276+0000] {dag.py:3954} INFO - Setting next_dagrun for youtube_extraction to 2026-09-18 00:00:00+00:00, run_after=2026-09-19 00:00:00+00:00
[2026-09-18T08:16:33.311+0000] {processor.py:183} INFO - Processing /opt/airflow/dags/dag_extraction.py took 0.260 seconds
[2026-09-18T08:17:03.556+0000] {processor.py:161} INFO - Started process (PID=356) to work on /opt/airflow/dags/dag_extraction.py
[2026-09-18T08:17:03.558+0000] {processor.py:830} INFO - Processing file /opt/airflow/dags/dag_extraction.py for tasks to queue
[2026-09-18T08:17:03.561+0000] {logging_mixin.py:188} INFO - [2026-09-18T08:17:03.560+0000] {dagbag.py:545} INFO - Filling up the DagBag from /opt/airflow/dags/dag_extraction.py
[2026-09-18T08:17:03.681+0000] {processor.py:840} INFO - DAG(s) 'youtube_extraction' retrieved from /opt/airflow/dags/dag_extraction.py
[2026-09-18T08:17:03.710+0000] {logging_mixin.py:188} INFO - [2026-09-18T08:17:03.709+0000] {dag.py:3096} INFO - Sync 1 DAGs
[2026-09-18T08:17:03.733+0000] {logging_mixin.py:188} INFO - [2026-09-18T08:17:03.733+0000] {dag.py:3954} INFO - Setting next_dagrun for youtube_extraction to 2026-09-18 00:00:00+00:00, run_after=2026-09-19 00:00:00+00:00
[2026-09-18T08:17:03.755+0000] {processor.py:183} INFO - Processing /opt/airflow/dags/dag_extraction.py took 0.207 seconds
[2026-09-18T08:17:34.003+0000] {processor.py:161} INFO - Started process (PID=377) to work on /opt/airflow/dags/dag_extraction.py
[2026-09-18T08:17:34.005+0000] {processor.py:830} INFO - Processing file /opt/airflow/dags/dag_extraction.py for tasks to queue
[2026-09-18T08:17:34.008+0000] {logging_mixin.py:188} INFO - [2026-09-18T08:17:34.007+0000] {dagbag.py:545} INFO - Filling up the DagBag from /opt/airflow/dags/dag_extraction.py
[2026-09-18T08:17:34.099+0000] {processor.py:840} INFO - DAG(s) 'youtube_extraction' retrieved from /opt/airflow/dags/dag_extraction.py
[2026-09-18T08:17:34.122+0000] {logging_mixin.py:188} INFO - [2026-09-18T08:17:34.122+0000] {dag.py:3096} INFO - Sync 1 DAGs
[2026-09-18T08:17:34.144+0000] {logging_mixin.py:188} INFO - [2026-09-18T08:17:34.143+0000] {dag.py:3954} INFO - Setting next_dagrun for youtube_extraction to 2026-09-18 00:00:00+00:00, run_after=2026-09-19 00:00:00+00:00
[2026-09-18T08:17:34.165+0000] {processor.py:183} INFO - Processing /opt/airflow/dags/dag_extraction.py took 0.169 seconds
[2026-09-18T08:18:04.410+0000] {processor.py:161} INFO - Started process (PID=385) to work on /opt/airflow/dags/dag_extraction.py
[2026-09-18T08:18:04.412+0000] {processor.py:830} INFO - Processing file /opt/airflow/dags/dag_extraction.py for tasks to queue
[2026-09-18T08:18:04.414+0000] {logging_mixin.py:188} INFO - [2026-09-18T08:18:04.414+0000] {dagbag.py:545} INFO - Filling up the DagBag from /opt/airflow/dags/dag_extraction.py
[2026-09-18T08:18:04.505+0000] {processor.py:840} INFO - DAG(s) 'youtube_extraction' retrieved from /opt/airflow/dags/dag_extraction.py
[2026-09-18T08:18:04.527+0000] {logging_mixin.py:188} INFO - [2026-09-18T08:18:04.526+0000] {dag.py:3096} INFO - Sync 1 DAGs
[2026-09-18T08:18:04.548+0000] {logging_mixin.py:188} INFO - [2026-09-18T08:18:04.548+0000] {dag.py:3954} INFO - Setting next_dagrun for youtube_extraction to 2026-09-18 00:00:00+00:00, run_after=2026-09-19 00:00:00+00:00
[2026-09-18T08:18:04.567+0000] {processor.py:183} INFO - Processing /opt/airflow/dags/dag_extraction.py took 0.162 seconds
[2026-09-18T08:18:34.909+0000] {processor.py:161} INFO - Started process (PID=393) to work on /opt/airflow/dags/dag_extraction.py
[2026-09-18T08:18:34.911+0000] {processor.py:830} INFO - Processing file /opt/airflow/dags/dag_extraction.py for tasks to queue
[2026-09-18T08:18:34.913+0000] {logging_mixin.py:188} INFO - [2026-09-18T08:18:34.913+0000] {dagbag.py:545} INFO - Filling up the DagBag from /opt/airflow/dags/dag_extraction.py
[2026-09-18T08:18:35.004+0000] {processor.py:840} INFO - DAG(s) 'youtube_extraction' retrieved from /opt/airflow/dags/dag_extraction.py
[2026-09-18T08:18:35.028+0000] {logging_mixin.py:188} INFO - [2026-09-18T08:18:35.027+0000] {dag.py:3096} INFO - Sync 1 DAGs
[2026-09-18T08:18:35.052+0000] {logging_mixin.py:188} INFO - [2026-09-18T08:18:35.052+0000] {dag.py:3954} INFO - Setting next_dagrun for youtube_extraction to 2026-09-18 00:00:00+00:00, run_after=2026-09-19 00:00:00+00:00
[2026-09-18T08:18:35.074+0000] {processor.py:183} INFO - Processing /opt/airflow/dags/dag_extraction.py took 0.171 seconds
[2026-09-18T08:19:05.375+0000] {processor.py:161} INFO - Started process (PID=401) to work on /opt/airflow/dags/dag_extraction.py
[2026-09-18T08:19:05.376+0000] {processor.py:830} INFO - Processing file /opt/airflow/dags/dag_extraction.py for tasks to queue
[2026-09-18T08:19:05.379+0000] {logging_mixin.py:188} INFO - [2026-09-18T08:19:05.379+0000] {dagbag.py:545} INFO - Filling up the DagBag from /opt/airflow/dags/dag_extraction.py
[2026-09-18T08:19:05.482+0000] {processor.py:840} INFO - DAG(s) 'youtube_extraction' retrieved from /opt/airflow/dags/dag_extraction.py
[2026-09-18T08:19:05.503+0000] {logging_mixin.py:188} INFO - [2026-09-18T08:19:05.503+0000] {dag.py:3096} INFO - Sync 1 DAGs
[2026-09-18T08:19:05.523+0000] {logging_mixin.py:188} INFO - [2026-09-18T08:19:05.522+0000] {dag.py:3954} INFO - Setting next_dagrun for youtube_extraction to 2026-09-18 00:00:00+00:00, run_after=2026-09-19 00:00:00+00:00
[2026-09-18T08:19:05.542+0000] {processor.py:183} INFO - Processing /opt/airflow/dags/dag_extraction.py took 0.175 seconds
[2026-09-18T08:19:35.866+0000] {processor.py:161} INFO - Started process (PID=409) to work on /opt/airflow/dags/dag_extraction.py
[2026-09-18T08:19:35.868+0000] {processor.py:830} INFO - Processing file /opt/airflow/dags/dag_extraction.py for tasks to queue
[2026-09-18T08:19:35.871+0000] {logging_mixin.py:188} INFO - [2026-09-18T08:19:35.871+0000] {dagbag.py:545} INFO - Filling up the DagBag from /opt/airflow/dags/dag_extraction.py
[2026-09-18T08:19:35.964+0000] {processor.py:840} INFO - DAG(s) 'youtube_extraction' retrieved from /opt/airflow/dags/dag_extraction.py
[2026-09-18T08:19:35.988+0000] {logging_mixin.py:188} INFO - [2026-09-18T08:19:35.987+0000] {dag.py:3096} INFO - Sync 1 DAGs
[2026-09-18T08:19:36.006+0000] {logging_mixin.py:188} INFO - [2026-09-18T08:19:36.006+0000] {dag.py:3954} INFO - Setting next_dagrun for youtube_extraction to 2026-09-18 00:00:00+00:00, run_after=2026-09-19 00:00:00+00:00
[2026-09-18T08:19:36.027+0000] {processor.py:183} INFO - Processing /opt/airflow/dags/dag_extraction.py took 0.167 seconds
[2026-09-18T08:20:06.335+0000] {processor.py:161} INFO - Started process (PID=417) to work on /opt/airflow/dags/dag_extraction.py
[2026-09-18T08:20:06.337+0000] {processor.py:830} INFO - Processing file /opt/airflow/dags/dag_extraction.py for tasks to queue
[2026-09-18T08:20:06.339+0000] {logging_mixin.py:188} INFO - [2026-09-18T08:20:06.339+0000] {dagbag.py:545} INFO - Filling up the DagBag from /opt/airflow/dags/dag_extraction.py
[2026-09-18T08:20:06.421+0000] {processor.py:840} INFO - DAG(s) 'youtube_extraction' retrieved from /opt/airflow/dags/dag_extraction.py
[2026-09-18T08:20:06.443+0000] {logging_mixin.py:188} INFO - [2026-09-18T08:20:06.442+0000] {dag.py:3096} INFO - Sync 1 DAGs
[2026-09-18T08:20:06.463+0000] {logging_mixin.py:188} INFO - [2026-09-18T08:20:06.462+0000] {dag.py:3954} INFO - Setting next_dagrun for youtube_extraction to 2026-09-18 00:00:00+00:00, run_after=2026-09-19 00:00:00+00:00
[2026-09-18T08:20:06.481+0000] {processor.py:183} INFO - Processing /opt/airflow/dags/dag_extraction.py took 0.153 seconds
[2026-09-18T08:20:36.803+0000] {processor.py:161} INFO - Started process (PID=425) to work on /opt/airflow/dags/dag_extraction.py
[2026-09-18T08:20:36.805+0000] {processor.py:830} INFO - Processing file /opt/airflow/dags/dag_extraction.py for tasks to queue
[2026-09-18T08:20:36.807+0000] {logging_mixin.py:188} INFO - [2026-09-18T08:20:36.807+0000] {dagbag.py:545} INFO - Filling up the DagBag from /opt/airflow/dags/dag_extraction.py
[2026-09-18T08:20:36.890+0000] {processor.py:840} INFO - DAG(s) 'youtube_extraction' retrieved from /opt/airflow/dags/dag_extraction.py
[2026-09-18T08:20:36.911+0000] {logging_mixin.py:188} INFO - [2026-09-18T08:20:36.910+0000] {dag.py:3096} INFO - Sync 1 DAGs
[2026-09-18T08:20:36.932+0000] {logging_mixin.py:188} INFO - [2026-09-18T08:20:36.932+0000] {dag.py:3954} INFO - Setting next_dagrun for youtube_extraction to 2026-09-18 00:00:00+00:00, run_after=2026-09-19 00:00:00+00:00
[2026-09-18T08:20:36.952+0000] {processor.py:183} INFO - Processing /opt/airflow/dags/dag_extraction.py took 0.155 seconds
[2026-09-18T08:21:07.270+0000] {processor.py:161} INFO - Started process (PID=433) to work on /opt/airflow/dags/dag_extraction.py
[2026-09-18T08:21:07.272+0000] {processor.py:830} INFO - Processing file /opt/airflow/dags/dag_extraction.py for tasks to queue
[2026-09-18T08:21:07.275+0000] {logging_mixin.py:188} INFO - [2026-09-18T08:21:07.274+0000] {dagbag.py:545} INFO - Filling up the DagBag from /opt/airflow/dags/dag_extraction.py
[2026-09-18T08:21:07.356+0000] {processor.py:840} INFO - DAG(s) 'youtube_extraction' retrieved from /opt/airflow/dags/dag_extraction.py
[2026-09-18T08:21:07.380+0000] {logging_mixin.py:188} INFO - [2026-09-18T08:21:07.379+0000] {dag.py:3096} INFO - Sync 1 DAGs
[2026-09-18T08:21:07.399+0000] {logging_mixin.py:188} INFO - [2026-09-18T08:21:07.399+0000] {dag.py:3954} INFO - Setting next_dagrun for youtube_extraction to 2026-09-18 00:00:00+00:00, run_after=2026-09-19 00:00:00+00:00
[2026-09-18T08:21:07.419+0000] {processor.py:183} INFO - Processing /opt/airflow/dags/dag_extraction.py took 0.155 seconds
[2026-09-18T08:21:37.735+0000] {processor.py:161} INFO - Started process (PID=441) to work on /opt/airflow/dags/dag_extraction.py
[2026-09-18T08:21:37.737+0000] {processor.py:830} INFO - Processing file /opt/airflow/dags/dag_extraction.py for tasks to queue
[2026-09-18T08:21:37.740+0000] {logging_mixin.py:188} INFO - [2026-09-18T08:21:37.740+0000] {dagbag.py:545} INFO - Filling up the DagBag from /opt/airflow/dags/dag_extraction.py
[2026-09-18T08:21:37.838+0000] {processor.py:840} INFO - DAG(s) 'youtube_extraction' retrieved from /opt/airflow/dags/dag_extraction.py
[2026-09-18T08:21:37.862+0000] {logging_mixin.py:188} INFO - [2026-09-18T08:21:37.862+0000] {dag.py:3096} INFO - Sync 1 DAGs
[2026-09-18T08:21:37.882+0000] {logging_mixin.py:188} INFO - [2026-09-18T08:21:37.881+0000] {dag.py:3954} INFO - Setting next_dagrun for youtube_extraction to 2026-09-18 00:00:00+00:00, run_after=2026-09-19 00:00:00+00:00
[2026-09-18T08:21:37.901+0000] {processor.py:183} INFO - Processing /opt/airflow/dags/dag_extraction.py took 0.172 seconds
[2026-09-18T08:22:08.219+0000] {processor.py:161} INFO - Started process (PID=450) to work on /opt/airflow/dags/dag_extraction.py
[2026-09-18T08:22:08.221+0000] {processor.py:830} INFO - Processing file /opt/airflow/dags/dag_extraction.py for tasks to queue
[2026-09-18T08:22:08.224+0000] {logging_mixin.py:188} INFO - [2026-09-18T08:22:08.223+0000] {dagbag.py:545} INFO - Filling up the DagBag from /opt/airflow/dags/dag_extraction.py
[2026-09-18T08:22:08.340+0000] {processor.py:840} INFO - DAG(s) 'youtube_extraction' retrieved from /opt/airflow/dags/dag_extraction.py
[2026-09-18T08:22:08.371+0000] {logging_mixin.py:188} INFO - [2026-09-18T08:22:08.370+0000] {dag.py:3096} INFO - Sync 1 DAGs
[2026-09-18T08:22:08.399+0000] {logging_mixin.py:188} INFO - [2026-09-18T08:22:08.399+0000] {dag.py:3954} INFO - Setting next_dagrun for youtube_extraction to 2026-09-18 00:00:00+00:00, run_after=2026-09-19 00:00:00+00:00
[2026-09-18T08:22:08.421+0000] {processor.py:183} INFO - Processing /opt/airflow/dags/dag_extraction.py took 0.207 seconds
[2026-09-18T08:22:38.748+0000] {processor.py:161} INFO - Started process (PID=458) to work on /opt/airflow/dags/dag_extraction.py
[2026-09-18T08:22:38.749+0000] {processor.py:830} INFO - Processing file /opt/airflow/dags/dag_extraction.py for tasks to queue
[2026-09-18T08:22:38.752+0000] {logging_mixin.py:188} INFO - [2026-09-18T08:22:38.752+0000] {dagbag.py:545} INFO - Filling up the DagBag from /opt/airflow/dags/dag_extraction.py
[2026-09-18T08:22:38.866+0000] {processor.py:840} INFO - DAG(s) 'youtube_extraction' retrieved from /opt/airflow/dags/dag_extraction.py
[2026-09-18T08:22:38.889+0000] {logging_mixin.py:188} INFO - [2026-09-18T08:22:38.889+0000] {dag.py:3096} INFO - Sync 1 DAGs
[2026-09-18T08:22:38.915+0000] {logging_mixin.py:188} INFO - [2026-09-18T08:22:38.914+0000] {dag.py:3954} INFO - Setting next_dagrun for youtube_extraction to 2026-09-18 00:00:00+00:00, run_after=2026-09-19 00:00:00+00:00
[2026-09-18T08:22:38.941+0000] {processor.py:183} INFO - Processing /opt/airflow/dags/dag_extraction.py took 0.201 seconds
[2026-09-18T08:23:09.142+0000] {processor.py:161} INFO - Started process (PID=466) to work on /opt/airflow/dags/dag_extraction.py
[2026-09-18T08:23:09.145+0000] {processor.py:830} INFO - Processing file /opt/airflow/dags/dag_extraction.py for tasks to queue
[2026-09-18T08:23:09.148+0000] {logging_mixin.py:188} INFO - [2026-09-18T08:23:09.148+0000] {dagbag.py:545} INFO - Filling up the DagBag from /opt/airflow/dags/dag_extraction.py
[2026-09-18T08:23:09.257+0000] {processor.py:840} INFO - DAG(s) 'youtube_extraction' retrieved from /opt/airflow/dags/dag_extraction.py
[2026-09-18T08:23:09.283+0000] {logging_mixin.py:188} INFO - [2026-09-18T08:23:09.282+0000] {dag.py:3096} INFO - Sync 1 DAGs
[2026-09-18T08:23:09.310+0000] {logging_mixin.py:188} INFO - [2026-09-18T08:23:09.309+0000] {dag.py:3954} INFO - Setting next_dagrun for youtube_extraction to 2026-09-18 00:00:00+00:00, run_after=2026-09-19 00:00:00+00:00
[2026-09-18T08:23:09.330+0000] {processor.py:183} INFO - Processing /opt/airflow/dags/dag_extraction.py took 0.198 seconds
[2026-09-18T08:23:39.709+0000] {processor.py:161} INFO - Started process (PID=474) to work on /opt/airflow/dags/dag_extraction.py
[2026-09-18T08:23:39.711+0000] {processor.py:830} INFO - Processing file /opt/airflow/dags/dag_extraction.py for tasks to queue
[2026-09-18T08:23:39.714+0000] {logging_mixin.py:188} INFO - [2026-09-18T08:23:39.713+0000] {dagbag.py:545} INFO - Filling up the DagBag from /opt/airflow/dags/dag_extraction.py
[2026-09-18T08:23:39.806+0000] {processor.py:840} INFO - DAG(s) 'youtube_extraction' retrieved from /opt/airflow/dags/dag_extraction.py
[2026-09-18T08:23:39.834+0000] {logging_mixin.py:188} INFO - [2026-09-18T08:23:39.833+0000] {dag.py:3096} INFO - Sync 1 DAGs
[2026-09-18T08:23:39.854+0000] {logging_mixin.py:188} INFO - [2026-09-18T08:23:39.854+0000] {dag.py:3954} INFO - Setting next_dagrun for youtube_extraction to 2026-09-18 00:00:00+00:00, run_after=2026-09-19 00:00:00+00:00
[2026-09-18T08:23:39.873+0000] {processor.py:183} INFO - Processing /opt/airflow/dags/dag_extraction.py took 0.172 seconds
[2026-09-18T08:24:10.190+0000] {processor.py:161} INFO - Started process (PID=482) to work on /opt/airflow/dags/dag_extraction.py
[2026-09-18T08:24:10.191+0000] {processor.py:830} INFO - Processing file /opt/airflow/dags/dag_extraction.py for tasks to queue
[2026-09-18T08:24:10.193+0000] {logging_mixin.py:188} INFO - [2026-09-18T08:24:10.193+0000] {dagbag.py:545} INFO - Filling up the DagBag from /opt/airflow/dags/dag_extraction.py
[2026-09-18T08:24:10.279+0000] {processor.py:840} INFO - DAG(s) 'youtube_extraction' retrieved from /opt/airflow/dags/dag_extraction.py
[2026-09-18T08:24:10.299+0000] {logging_mixin.py:188} INFO - [2026-09-18T08:24:10.299+0000] {dag.py:3096} INFO - Sync 1 DAGs
[2026-09-18T08:24:10.317+0000] {logging_mixin.py:188} INFO - [2026-09-18T08:24:10.317+0000] {dag.py:3954} INFO - Setting next_dagrun for youtube_extraction to 2026-09-18 00:00:00+00:00, run_after=2026-09-19 00:00:00+00:00
[2026-09-18T08:24:10.335+0000] {processor.py:183} INFO - Processing /opt/airflow/dags/dag_extraction.py took 0.151 seconds
[2026-09-18T08:24:40.660+0000] {processor.py:161} INFO - Started process (PID=490) to work on /opt/airflow/dags/dag_extraction.py
[2026-09-18T08:24:40.663+0000] {processor.py:830} INFO - Processing file /opt/airflow/dags/dag_extraction.py for tasks to queue
[2026-09-18T08:24:40.666+0000] {logging_mixin.py:188} INFO - [2026-09-18T08:24:40.666+0000] {dagbag.py:545} INFO - Filling up the DagBag from /opt/airflow/dags/dag_extraction.py
[2026-09-18T08:24:40.778+0000] {processor.py:840} INFO - DAG(s) 'youtube_extraction' retrieved from /opt/airflow/dags/dag_extraction.py
[2026-09-18T08:24:40.802+0000] {logging_mixin.py:188} INFO - [2026-09-18T08:24:40.802+0000] {dag.py:3096} INFO - Sync 1 DAGs
[2026-09-18T08:24:40.823+0000] {logging_mixin.py:188} INFO - [2026-09-18T08:24:40.822+0000] {dag.py:3954} INFO - Setting next_dagrun for youtube_extraction to 2026-09-18 00:00:00+00:00, run_after=2026-09-19 00:00:00+00:00
[2026-09-18T08:24:40.846+0000] {processor.py:183} INFO - Processing /opt/airflow/dags/dag_extraction.py took 0.195 seconds
[2026-09-18T08:25:11.141+0000] {processor.py:161} INFO - Started process (PID=498) to work on /opt/airflow/dags/dag_extraction.py
[2026-09-18T08:25:11.143+0000] {processor.py:830} INFO - Processing file /opt/airflow/dags/dag_extraction.py for tasks to queue
[2026-09-18T08:25:11.146+0000] {logging_mixin.py:188} INFO - [2026-09-18T08:25:11.146+0000] {dagbag.py:545} INFO - Filling up the DagBag from /opt/airflow/dags/dag_extraction.py
[2026-09-18T08:25:11.232+0000] {processor.py:840} INFO - DAG(s) 'youtube_extraction' retrieved from /opt/airflow/dags/dag_extraction.py
[2026-09-18T08:25:11.255+0000] {logging_mixin.py:188} INFO - [2026-09-18T08:25:11.254+0000] {dag.py:3096} INFO - Sync 1 DAGs
[2026-09-18T08:25:11.275+0000] {logging_mixin.py:188} INFO - [2026-09-18T08:25:11.274+0000] {dag.py:3954} INFO - Setting next_dagrun for youtube_extraction to 2026-09-18 00:00:00+00:00, run_after=2026-09-19 00:00:00+00:00
[2026-09-18T08:25:11.296+0000] {processor.py:183} INFO - Processing /opt/airflow/dags/dag_extraction.py took 0.162 seconds
[2026-09-18T08:25:41.587+0000] {processor.py:161} INFO - Started process (PID=506) to work on /opt/airflow/dags/dag_extraction.py
[2026-09-18T08:25:41.589+0000] {processor.py:830} INFO - Processing file /opt/airflow/dags/dag_extraction.py for tasks to queue
[2026-09-18T08:25:41.591+0000] {logging_mixin.py:188} INFO - [2026-09-18T08:25:41.591+0000] {dagbag.py:545} INFO - Filling up the DagBag from /opt/airflow/dags/dag_extraction.py
[2026-09-18T08:25:41.679+0000] {processor.py:840} INFO - DAG(s) 'youtube_extraction' retrieved from /opt/airflow/dags/dag_extraction.py
[2026-09-18T08:25:41.702+0000] {logging_mixin.py:188} INFO - [2026-09-18T08:25:41.702+0000] {dag.py:3096} INFO - Sync 1 DAGs
[2026-09-18T08:25:41.724+0000] {logging_mixin.py:188} INFO - [2026-09-18T08:25:41.724+0000] {dag.py:3954} INFO - Setting next_dagrun for youtube_extraction to 2026-09-18 00:00:00+00:00, run_after=2026-09-19 00:00:00+00:00
[2026-09-18T08:25:41.745+0000] {processor.py:183} INFO - Processing /opt/airflow/dags/dag_extraction.py took 0.166 seconds
[2026-09-18T08:26:12.032+0000] {processor.py:161} INFO - Started process (PID=514) to work on /opt/airflow/dags/dag_extraction.py
[2026-09-18T08:26:12.034+0000] {processor.py:830} INFO - Processing file /opt/airflow/dags/dag_extraction.py for tasks to queue
[2026-09-18T08:26:12.036+0000] {logging_mixin.py:188} INFO - [2026-09-18T08:26:12.036+0000] {dagbag.py:545} INFO - Filling up the DagBag from /opt/airflow/dags/dag_extraction.py
[2026-09-18T08:26:12.123+0000] {processor.py:840} INFO - DAG(s) 'youtube_extraction' retrieved from /opt/airflow/dags/dag_extraction.py
[2026-09-18T08:26:12.145+0000] {logging_mixin.py:188} INFO - [2026-09-18T08:26:12.145+0000] {dag.py:3096} INFO - Sync 1 DAGs
[2026-09-18T08:26:12.166+0000] {logging_mixin.py:188} INFO - [2026-09-18T08:26:12.166+0000] {dag.py:3954} INFO - Setting next_dagrun for youtube_extraction to 2026-09-18 00:00:00+00:00, run_after=2026-09-19 00:00:00+00:00
[2026-09-18T08:26:12.185+0000] {processor.py:183} INFO - Processing /opt/airflow/dags/dag_extraction.py took 0.160 seconds
[2026-09-18T08:26:42.402+0000] {processor.py:161} INFO - Started process (PID=522) to work on /opt/airflow/dags/dag_extraction.py
[2026-09-18T08:26:42.403+0000] {processor.py:830} INFO - Processing file /opt/airflow/dags/dag_extraction.py for tasks to queue
[2026-09-18T08:26:42.407+0000] {logging_mixin.py:188} INFO - [2026-09-18T08:26:42.406+0000] {dagbag.py:545} INFO - Filling up the DagBag from /opt/airflow/dags/dag_extraction.py
[2026-09-18T08:26:42.492+0000] {processor.py:840} INFO - DAG(s) 'youtube_extraction' retrieved from /opt/airflow/dags/dag_extraction.py
[2026-09-18T08:26:42.520+0000] {logging_mixin.py:188} INFO - [2026-09-18T08:26:42.520+0000] {dag.py:3096} INFO - Sync 1 DAGs
[2026-09-18T08:26:42.543+0000] {logging_mixin.py:188} INFO - [2026-09-18T08:26:42.542+0000] {dag.py:3954} INFO - Setting next_dagrun for youtube_extraction to 2026-09-18 00:00:00+00:00, run_after=2026-09-19 00:00:00+00:00
[2026-09-18T08:26:42.564+0000] {processor.py:183} INFO - Processing /opt/airflow/dags/dag_extraction.py took 0.168 seconds
[2026-09-18T08:27:12.778+0000] {processor.py:161} INFO - Started process (PID=530) to work on /opt/airflow/dags/dag_extraction.py
[2026-09-18T08:27:12.780+0000] {processor.py:830} INFO - Processing file /opt/airflow/dags/dag_extraction.py for tasks to queue
[2026-09-18T08:27:12.783+0000] {logging_mixin.py:188} INFO - [2026-09-18T08:27:12.782+0000] {dagbag.py:545} INFO - Filling up the DagBag from /opt/airflow/dags/dag_extraction.py
[2026-09-18T08:27:12.896+0000] {processor.py:840} INFO - DAG(s) 'youtube_extraction' retrieved from /opt/airflow/dags/dag_extraction.py
[2026-09-18T08:27:12.923+0000] {logging_mixin.py:188} INFO - [2026-09-18T08:27:12.923+0000] {dag.py:3096} INFO - Sync 1 DAGs
[2026-09-18T08:27:12.951+0000] {logging_mixin.py:188} INFO - [2026-09-18T08:27:12.950+0000] {dag.py:3954} INFO - Setting next_dagrun for youtube_extraction to 2026-09-18 00:00:00+00:00, run_after=2026-09-19 00:00:00+00:00
[2026-09-18T08:27:12.975+0000] {processor.py:183} INFO - Processing /opt/airflow/dags/dag_extraction.py took 0.203 seconds
[2026-09-18T08:27:43.157+0000] {processor.py:161} INFO - Started process (PID=538) to work on /opt/airflow/dags/dag_extraction.py
[2026-09-18T08:27:43.159+0000] {processor.py:830} INFO - Processing file /opt/airflow/dags/dag_extraction.py for tasks to queue
[2026-09-18T08:27:43.163+0000] {logging_mixin.py:188} INFO - [2026-09-18T08:27:43.162+0000] {dagbag.py:545} INFO - Filling up the DagBag from /opt/airflow/dags/dag_extraction.py
[2026-09-18T08:27:43.278+0000] {processor.py:840} INFO - DAG(s) 'youtube_extraction' retrieved from /opt/airflow/dags/dag_extraction.py
[2026-09-18T08:27:43.304+0000] {logging_mixin.py:188} INFO - [2026-09-18T08:27:43.304+0000] {dag.py:3096} INFO - Sync 1 DAGs
[2026-09-18T08:27:43.326+0000] {logging_mixin.py:188} INFO - [2026-09-18T08:27:43.326+0000] {dag.py:3954} INFO - Setting next_dagrun for youtube_extraction to 2026-09-18 00:00:00+00:00, run_after=2026-09-19 00:00:00+00:00
[2026-09-18T08:27:43.346+0000] {processor.py:183} INFO - Processing /opt/airflow/dags/dag_extraction.py took 0.197 seconds
[2026-09-18T08:28:13.573+0000] {processor.py:161} INFO - Started process (PID=546) to work on /opt/airflow/dags/dag_extraction.py
[2026-09-18T08:28:13.575+0000] {processor.py:830} INFO - Processing file /opt/airflow/dags/dag_extraction.py for tasks to queue
[2026-09-18T08:28:13.578+0000] {logging_mixin.py:188} INFO - [2026-09-18T08:28:13.578+0000] {dagbag.py:545} INFO - Filling up the DagBag from /opt/airflow/dags/dag_extraction.py
[2026-09-18T08:28:13.666+0000] {processor.py:840} INFO - DAG(s) 'youtube_extraction' retrieved from /opt/airflow/dags/dag_extraction.py
[2026-09-18T08:28:13.689+0000] {logging_mixin.py:188} INFO - [2026-09-18T08:28:13.689+0000] {dag.py:3096} INFO - Sync 1 DAGs
[2026-09-18T08:28:13.711+0000] {logging_mixin.py:188} INFO - [2026-09-18T08:28:13.711+0000] {dag.py:3954} INFO - Setting next_dagrun for youtube_extraction to 2026-09-18 00:00:00+00:00, run_after=2026-09-19 00:00:00+00:00
[2026-09-18T08:28:13.733+0000] {processor.py:183} INFO - Processing /opt/airflow/dags/dag_extraction.py took 0.167 seconds
[2026-09-18T08:28:44.037+0000] {processor.py:161} INFO - Started process (PID=554) to work on /opt/airflow/dags/dag_extraction.py
[2026-09-18T08:28:44.039+0000] {processor.py:830} INFO - Processing file /opt/airflow/dags/dag_extraction.py for tasks to queue
[2026-09-18T08:28:44.042+0000] {logging_mixin.py:188} INFO - [2026-09-18T08:28:44.042+0000] {dagbag.py:545} INFO - Filling up the DagBag from /opt/airflow/dags/dag_extraction.py
[2026-09-18T08:28:44.150+0000] {processor.py:840} INFO - DAG(s) 'youtube_extraction' retrieved from /opt/airflow/dags/dag_extraction.py
[2026-09-18T08:28:44.175+0000] {logging_mixin.py:188} INFO - [2026-09-18T08:28:44.174+0000] {dag.py:3096} INFO - Sync 1 DAGs
[2026-09-18T08:28:44.202+0000] {logging_mixin.py:188} INFO - [2026-09-18T08:28:44.202+0000] {dag.py:3954} INFO - Setting next_dagrun for youtube_extraction to 2026-09-18 00:00:00+00:00, run_after=2026-09-19 00:00:00+00:00
[2026-09-18T08:28:44.224+0000] {processor.py:183} INFO - Processing /opt/airflow/dags/dag_extraction.py took 0.194 seconds
[2026-09-18T08:29:14.434+0000] {processor.py:161} INFO - Started process (PID=563) to work on /opt/airflow/dags/dag_extraction.py
[2026-09-18T08:29:14.436+0000] {processor.py:830} INFO - Processing file /opt/airflow/dags/dag_extraction.py for tasks to queue
[2026-09-18T08:29:14.440+0000] {logging_mixin.py:188} INFO - [2026-09-18T08:29:14.439+0000] {dagbag.py:545} INFO - Filling up the DagBag from /opt/airflow/dags/dag_extraction.py
[2026-09-18T08:29:14.534+0000] {processor.py:840} INFO - DAG(s) 'youtube_extraction' retrieved from /opt/airflow/dags/dag_extraction.py
[2026-09-18T08:29:14.556+0000] {logging_mixin.py:188} INFO - [2026-09-18T08:29:14.556+0000] {dag.py:3096} INFO - Sync 1 DAGs
[2026-09-18T08:29:14.577+0000] {logging_mixin.py:188} INFO - [2026-09-18T08:29:14.577+0000] {dag.py:3954} INFO - Setting next_dagrun for youtube_extraction to 2026-09-18 00:00:00+00:00, run_after=2026-09-19 00:00:00+00:00
[2026-09-18T08:29:14.598+0000] {processor.py:183} INFO - Processing /opt/airflow/dags/dag_extraction.py took 0.170 seconds
[2026-09-18T08:29:44.823+0000] {processor.py:161} INFO - Started process (PID=571) to work on /opt/airflow/dags/dag_extraction.py
[2026-09-18T08:29:44.824+0000] {processor.py:830} INFO - Processing file /opt/airflow/dags/dag_extraction.py for tasks to queue
[2026-09-18T08:29:44.827+0000] {logging_mixin.py:188} INFO - [2026-09-18T08:29:44.827+0000] {dagbag.py:545} INFO - Filling up the DagBag from /opt/airflow/dags/dag_extraction.py
[2026-09-18T08:29:44.928+0000] {processor.py:840} INFO - DAG(s) 'youtube_extraction' retrieved from /opt/airflow/dags/dag_extraction.py
[2026-09-18T08:29:44.952+0000] {logging_mixin.py:188} INFO - [2026-09-18T08:29:44.952+0000] {dag.py:3096} INFO - Sync 1 DAGs
[2026-09-18T08:29:44.975+0000] {logging_mixin.py:188} INFO - [2026-09-18T08:29:44.975+0000] {dag.py:3954} INFO - Setting next_dagrun for youtube_extraction to 2026-09-18 00:00:00+00:00, run_after=2026-09-19 00:00:00+00:00
[2026-09-18T08:29:44.997+0000] {processor.py:183} INFO - Processing /opt/airflow/dags/dag_extraction.py took 0.183 seconds
[2026-09-18T08:30:15.209+0000] {processor.py:161} INFO - Started process (PID=579) to work on /opt/airflow/dags/dag_extraction.py
[2026-09-18T08:30:15.211+0000] {processor.py:830} INFO - Processing file /opt/airflow/dags/dag_extraction.py for tasks to queue
[2026-09-18T08:30:15.214+0000] {logging_mixin.py:188} INFO - [2026-09-18T08:30:15.214+0000] {dagbag.py:545} INFO - Filling up the DagBag from /opt/airflow/dags/dag_extraction.py
[2026-09-18T08:30:15.317+0000] {processor.py:840} INFO - DAG(s) 'youtube_extraction' retrieved from /opt/airflow/dags/dag_extraction.py
[2026-09-18T08:30:15.344+0000] {logging_mixin.py:188} INFO - [2026-09-18T08:30:15.344+0000] {dag.py:3096} INFO - Sync 1 DAGs
[2026-09-18T08:30:15.368+0000] {logging_mixin.py:188} INFO - [2026-09-18T08:30:15.367+0000] {dag.py:3954} INFO - Setting next_dagrun for youtube_extraction to 2026-09-18 00:00:00+00:00, run_after=2026-09-19 00:00:00+00:00
[2026-09-18T08:30:15.391+0000] {processor.py:183} INFO - Processing /opt/airflow/dags/dag_extraction.py took 0.190 seconds
[2026-09-18T08:30:45.615+0000] {processor.py:161} INFO - Started process (PID=587) to work on /opt/airflow/dags/dag_extraction.py
[2026-09-18T08:30:45.617+0000] {processor.py:830} INFO - Processing file /opt/airflow/dags/dag_extraction.py for tasks to queue
[2026-09-18T08:30:45.620+0000] {logging_mixin.py:188} INFO - [2026-09-18T08:30:45.619+0000] {dagbag.py:545} INFO - Filling up the DagBag from /opt/airflow/dags/dag_extraction.py
[2026-09-18T08:30:45.709+0000] {processor.py:840} INFO - DAG(s) 'youtube_extraction' retrieved from /opt/airflow/dags/dag_extraction.py
[2026-09-18T08:30:45.731+0000] {logging_mixin.py:188} INFO - [2026-09-18T08:30:45.731+0000] {dag.py:3096} INFO - Sync 1 DAGs
[2026-09-18T08:30:45.750+0000] {logging_mixin.py:188} INFO - [2026-09-18T08:30:45.750+0000] {dag.py:3954} INFO - Setting next_dagrun for youtube_extraction to 2026-09-18 00:00:00+00:00, run_after=2026-09-19 00:00:00+00:00
[2026-09-18T08:30:45.771+0000] {processor.py:183} INFO - Processing /opt/airflow/dags/dag_extraction.py took 0.163 seconds
[2026-09-18T08:31:16.093+0000] {processor.py:161} INFO - Started process (PID=595) to work on /opt/airflow/dags/dag_extraction.py
[2026-09-18T08:31:16.095+0000] {processor.py:830} INFO - Processing file /opt/airflow/dags/dag_extraction.py for tasks to queue
[2026-09-18T08:31:16.098+0000] {logging_mixin.py:188} INFO - [2026-09-18T08:31:16.098+0000] {dagbag.py:545} INFO - Filling up the DagBag from /opt/airflow/dags/dag_extraction.py
[2026-09-18T08:31:16.184+0000] {processor.py:840} INFO - DAG(s) 'youtube_extraction' retrieved from /opt/airflow/dags/dag_extraction.py
[2026-09-18T08:31:16.207+0000] {logging_mixin.py:188} INFO - [2026-09-18T08:31:16.206+0000] {dag.py:3096} INFO - Sync 1 DAGs
[2026-09-18T08:31:16.227+0000] {logging_mixin.py:188} INFO - [2026-09-18T08:31:16.226+0000] {dag.py:3954} INFO - Setting next_dagrun for youtube_extraction to 2026-09-18 00:00:00+00:00, run_after=2026-09-19 00:00:00+00:00
[2026-09-18T08:31:16.246+0000] {processor.py:183} INFO - Processing /opt/airflow/dags/dag_extraction.py took 0.159 seconds
[2026-09-18T08:31:46.570+0000] {processor.py:161} INFO - Started process (PID=603) to work on /opt/airflow/dags/dag_extraction.py
[2026-09-18T08:31:46.573+0000] {processor.py:830} INFO - Processing file /opt/airflow/dags/dag_extraction.py for tasks to queue
[2026-09-18T08:31:46.575+0000] {logging_mixin.py:188} INFO - [2026-09-18T08:31:46.575+0000] {dagbag.py:545} INFO - Filling up the DagBag from /opt/airflow/dags/dag_extraction.py
[2026-09-18T08:31:46.660+0000] {processor.py:840} INFO - DAG(s) 'youtube_extraction' retrieved from /opt/airflow/dags/dag_extraction.py
[2026-09-18T08:31:46.684+0000] {logging_mixin.py:188} INFO - [2026-09-18T08:31:46.683+0000] {dag.py:3096} INFO - Sync 1 DAGs
[2026-09-18T08:31:46.708+0000] {logging_mixin.py:188} INFO - [2026-09-18T08:31:46.707+0000] {dag.py:3954} INFO - Setting next_dagrun for youtube_extraction to 2026-09-18 00:00:00+00:00, run_after=2026-09-19 00:00:00+00:00
[2026-09-18T08:31:46.727+0000] {processor.py:183} INFO - Processing /opt/airflow/dags/dag_extraction.py took 0.162 seconds
[2026-09-18T08:32:16.950+0000] {processor.py:161} INFO - Started process (PID=611) to work on /opt/airflow/dags/dag_extraction.py
[2026-09-18T08:32:16.952+0000] {processor.py:830} INFO - Processing file /opt/airflow/dags/dag_extraction.py for tasks to queue
[2026-09-18T08:32:16.955+0000] {logging_mixin.py:188} INFO - [2026-09-18T08:32:16.955+0000] {dagbag.py:545} INFO - Filling up the DagBag from /opt/airflow/dags/dag_extraction.py
[2026-09-18T08:32:17.048+0000] {processor.py:840} INFO - DAG(s) 'youtube_extraction' retrieved from /opt/airflow/dags/dag_extraction.py
[2026-09-18T08:32:17.074+0000] {logging_mixin.py:188} INFO - [2026-09-18T08:32:17.073+0000] {dag.py:3096} INFO - Sync 1 DAGs
[2026-09-18T08:32:17.096+0000] {logging_mixin.py:188} INFO - [2026-09-18T08:32:17.095+0000] {dag.py:3954} INFO - Setting next_dagrun for youtube_extraction to 2026-09-18 00:00:00+00:00, run_after=2026-09-19 00:00:00+00:00
[2026-09-18T08:32:17.121+0000] {processor.py:183} INFO - Processing /opt/airflow/dags/dag_extraction.py took 0.177 seconds
[2026-09-18T08:32:47.400+0000] {processor.py:161} INFO - Started process (PID=619) to work on /opt/airflow/dags/dag_extraction.py
[2026-09-18T08:32:47.402+0000] {processor.py:830} INFO - Processing file /opt/airflow/dags/dag_extraction.py for tasks to queue
[2026-09-18T08:32:47.405+0000] {logging_mixin.py:188} INFO - [2026-09-18T08:32:47.405+0000] {dagbag.py:545} INFO - Filling up the DagBag from /opt/airflow/dags/dag_extraction.py
[2026-09-18T08:32:47.496+0000] {processor.py:840} INFO - DAG(s) 'youtube_extraction' retrieved from /opt/airflow/dags/dag_extraction.py
[2026-09-18T08:32:47.520+0000] {logging_mixin.py:188} INFO - [2026-09-18T08:32:47.519+0000] {dag.py:3096} INFO - Sync 1 DAGs
[2026-09-18T08:32:47.540+0000] {logging_mixin.py:188} INFO - [2026-09-18T08:32:47.539+0000] {dag.py:3954} INFO - Setting next_dagrun for youtube_extraction to 2026-09-18 00:00:00+00:00, run_after=2026-09-19 00:00:00+00:00
[2026-09-18T08:32:47.560+0000] {processor.py:183} INFO - Processing /opt/airflow/dags/dag_extraction.py took 0.166 seconds
[2026-09-18T08:33:17.888+0000] {processor.py:161} INFO - Started process (PID=627) to work on /opt/airflow/dags/dag_extraction.py
[2026-09-18T08:33:17.891+0000] {processor.py:830} INFO - Processing file /opt/airflow/dags/dag_extraction.py for tasks to queue
[2026-09-18T08:33:17.895+0000] {logging_mixin.py:188} INFO - [2026-09-18T08:33:17.894+0000] {dagbag.py:545} INFO - Filling up the DagBag from /opt/airflow/dags/dag_extraction.py
[2026-09-18T08:33:17.983+0000] {processor.py:840} INFO - DAG(s) 'youtube_extraction' retrieved from /opt/airflow/dags/dag_extraction.py
[2026-09-18T08:33:18.005+0000] {logging_mixin.py:188} INFO - [2026-09-18T08:33:18.005+0000] {dag.py:3096} INFO - Sync 1 DAGs
[2026-09-18T08:33:18.024+0000] {logging_mixin.py:188} INFO - [2026-09-18T08:33:18.024+0000] {dag.py:3954} INFO - Setting next_dagrun for youtube_extraction to 2026-09-18 00:00:00+00:00, run_after=2026-09-19 00:00:00+00:00
[2026-09-18T08:33:18.044+0000] {processor.py:183} INFO - Processing /opt/airflow/dags/dag_extraction.py took 0.164 seconds
[2026-09-18T08:33:48.408+0000] {processor.py:161} INFO - Started process (PID=635) to work on /opt/airflow/dags/dag_extraction.py
[2026-09-18T08:33:48.410+0000] {processor.py:830} INFO - Processing file /opt/airflow/dags/dag_extraction.py for tasks to queue
[2026-09-18T08:33:48.413+0000] {logging_mixin.py:188} INFO - [2026-09-18T08:33:48.413+0000] {dagbag.py:545} INFO - Filling up the DagBag from /opt/airflow/dags/dag_extraction.py
[2026-09-18T08:33:48.511+0000] {processor.py:840} INFO - DAG(s) 'youtube_extraction' retrieved from /opt/airflow/dags/dag_extraction.py
[2026-09-18T08:33:48.535+0000] {logging_mixin.py:188} INFO - [2026-09-18T08:33:48.534+0000] {dag.py:3096} INFO - Sync 1 DAGs
[2026-09-18T08:33:48.563+0000] {logging_mixin.py:188} INFO - [2026-09-18T08:33:48.562+0000] {dag.py:3954} INFO - Setting next_dagrun for youtube_extraction to 2026-09-18 00:00:00+00:00, run_after=2026-09-19 00:00:00+00:00
[2026-09-18T08:33:48.586+0000] {processor.py:183} INFO - Processing /opt/airflow/dags/dag_extraction.py took 0.185 seconds
[2026-09-18T08:34:18.848+0000] {processor.py:161} INFO - Started process (PID=643) to work on /opt/airflow/dags/dag_extraction.py
[2026-09-18T08:34:18.850+0000] {processor.py:830} INFO - Processing file /opt/airflow/dags/dag_extraction.py for tasks to queue
[2026-09-18T08:34:18.853+0000] {logging_mixin.py:188} INFO - [2026-09-18T08:34:18.853+0000] {dagbag.py:545} INFO - Filling up the DagBag from /opt/airflow/dags/dag_extraction.py
[2026-09-18T08:34:18.990+0000] {processor.py:840} INFO - DAG(s) 'youtube_extraction' retrieved from /opt/airflow/dags/dag_extraction.py
[2026-09-18T08:34:19.015+0000] {logging_mixin.py:188} INFO - [2026-09-18T08:34:19.015+0000] {dag.py:3096} INFO - Sync 1 DAGs
[2026-09-18T08:34:19.036+0000] {logging_mixin.py:188} INFO - [2026-09-18T08:34:19.035+0000] {dag.py:3954} INFO - Setting next_dagrun for youtube_extraction to 2026-09-18 00:00:00+00:00, run_after=2026-09-19 00:00:00+00:00
[2026-09-18T08:34:19.057+0000] {processor.py:183} INFO - Processing /opt/airflow/dags/dag_extraction.py took 0.219 seconds
[2026-09-18T08:34:49.355+0000] {processor.py:161} INFO - Started process (PID=657) to work on /opt/airflow/dags/dag_extraction.py
[2026-09-18T08:34:49.356+0000] {processor.py:830} INFO - Processing file /opt/airflow/dags/dag_extraction.py for tasks to queue
[2026-09-18T08:34:49.359+0000] {logging_mixin.py:188} INFO - [2026-09-18T08:34:49.358+0000] {dagbag.py:545} INFO - Filling up the DagBag from /opt/airflow/dags/dag_extraction.py
[2026-09-18T08:34:49.449+0000] {processor.py:840} INFO - DAG(s) 'youtube_extraction' retrieved from /opt/airflow/dags/dag_extraction.py
[2026-09-18T08:34:49.473+0000] {logging_mixin.py:188} INFO - [2026-09-18T08:34:49.472+0000] {dag.py:3096} INFO - Sync 1 DAGs
[2026-09-18T08:34:49.493+0000] {logging_mixin.py:188} INFO - [2026-09-18T08:34:49.493+0000] {dag.py:3954} INFO - Setting next_dagrun for youtube_extraction to 2026-09-18 00:00:00+00:00, run_after=2026-09-19 00:00:00+00:00
[2026-09-18T08:34:49.512+0000] {processor.py:183} INFO - Processing /opt/airflow/dags/dag_extraction.py took 0.163 seconds
[2026-09-18T08:35:19.834+0000] {processor.py:161} INFO - Started process (PID=665) to work on /opt/airflow/dags/dag_extraction.py
[2026-09-18T08:35:19.836+0000] {processor.py:830} INFO - Processing file /opt/airflow/dags/dag_extraction.py for tasks to queue
[2026-09-18T08:35:19.838+0000] {logging_mixin.py:188} INFO - [2026-09-18T08:35:19.838+0000] {dagbag.py:545} INFO - Filling up the DagBag from /opt/airflow/dags/dag_extraction.py
[2026-09-18T08:35:19.923+0000] {processor.py:840} INFO - DAG(s) 'youtube_extraction' retrieved from /opt/airflow/dags/dag_extraction.py
[2026-09-18T08:35:19.945+0000] {logging_mixin.py:188} INFO - [2026-09-18T08:35:19.945+0000] {dag.py:3096} INFO - Sync 1 DAGs
[2026-09-18T08:35:19.968+0000] {logging_mixin.py:188} INFO - [2026-09-18T08:35:19.968+0000] {dag.py:3954} INFO - Setting next_dagrun for youtube_extraction to 2026-09-18 00:00:00+00:00, run_after=2026-09-19 00:00:00+00:00
[2026-09-18T08:35:19.986+0000] {processor.py:183} INFO - Processing /opt/airflow/dags/dag_extraction.py took 0.158 seconds
[2026-09-18T08:35:50.292+0000] {processor.py:161} INFO - Started process (PID=674) to work on /opt/airflow/dags/dag_extraction.py
[2026-09-18T08:35:50.294+0000] {processor.py:830} INFO - Processing file /opt/airflow/dags/dag_extraction.py for tasks to queue
[2026-09-18T08:35:50.298+0000] {logging_mixin.py:188} INFO - [2026-09-18T08:35:50.298+0000] {dagbag.py:545} INFO - Filling up the DagBag from /opt/airflow/dags/dag_extraction.py
[2026-09-18T08:35:50.387+0000] {processor.py:840} INFO - DAG(s) 'youtube_extraction' retrieved from /opt/airflow/dags/dag_extraction.py
[2026-09-18T08:35:50.414+0000] {logging_mixin.py:188} INFO - [2026-09-18T08:35:50.414+0000] {dag.py:3096} INFO - Sync 1 DAGs
[2026-09-18T08:35:50.435+0000] {logging_mixin.py:188} INFO - [2026-09-18T08:35:50.434+0000] {dag.py:3954} INFO - Setting next_dagrun for youtube_extraction to 2026-09-18 00:00:00+00:00, run_after=2026-09-19 00:00:00+00:00
[2026-09-18T08:35:50.457+0000] {processor.py:183} INFO - Processing /opt/airflow/dags/dag_extraction.py took 0.171 seconds
[2026-09-18T08:36:20.732+0000] {processor.py:161} INFO - Started process (PID=682) to work on /opt/airflow/dags/dag_extraction.py
[2026-09-18T08:36:20.734+0000] {processor.py:830} INFO - Processing file /opt/airflow/dags/dag_extraction.py for tasks to queue
[2026-09-18T08:36:20.737+0000] {logging_mixin.py:188} INFO - [2026-09-18T08:36:20.737+0000] {dagbag.py:545} INFO - Filling up the DagBag from /opt/airflow/dags/dag_extraction.py
[2026-09-18T08:36:20.833+0000] {processor.py:840} INFO - DAG(s) 'youtube_extraction' retrieved from /opt/airflow/dags/dag_extraction.py
[2026-09-18T08:36:20.857+0000] {logging_mixin.py:188} INFO - [2026-09-18T08:36:20.856+0000] {dag.py:3096} INFO - Sync 1 DAGs
[2026-09-18T08:36:20.878+0000] {logging_mixin.py:188} INFO - [2026-09-18T08:36:20.877+0000] {dag.py:3954} INFO - Setting next_dagrun for youtube_extraction to 2026-09-18 00:00:00+00:00, run_after=2026-09-19 00:00:00+00:00
[2026-09-18T08:36:20.902+0000] {processor.py:183} INFO - Processing /opt/airflow/dags/dag_extraction.py took 0.177 seconds
[2026-09-18T08:36:51.140+0000] {processor.py:161} INFO - Started process (PID=690) to work on /opt/airflow/dags/dag_extraction.py
[2026-09-18T08:36:51.142+0000] {processor.py:830} INFO - Processing file /opt/airflow/dags/dag_extraction.py for tasks to queue
[2026-09-18T08:36:51.145+0000] {logging_mixin.py:188} INFO - [2026-09-18T08:36:51.145+0000] {dagbag.py:545} INFO - Filling up the DagBag from /opt/airflow/dags/dag_extraction.py
[2026-09-18T08:36:51.239+0000] {processor.py:840} INFO - DAG(s) 'youtube_extraction' retrieved from /opt/airflow/dags/dag_extraction.py
[2026-09-18T08:36:51.264+0000] {logging_mixin.py:188} INFO - [2026-09-18T08:36:51.264+0000] {dag.py:3096} INFO - Sync 1 DAGs
[2026-09-18T08:36:51.285+0000] {logging_mixin.py:188} INFO - [2026-09-18T08:36:51.285+0000] {dag.py:3954} INFO - Setting next_dagrun for youtube_extraction to 2026-09-18 00:00:00+00:00, run_after=2026-09-19 00:00:00+00:00
[2026-09-18T08:36:51.307+0000] {processor.py:183} INFO - Processing /opt/airflow/dags/dag_extraction.py took 0.174 seconds
[2026-09-18T08:37:21.616+0000] {processor.py:161} INFO - Started process (PID=698) to work on /opt/airflow/dags/dag_extraction.py
[2026-09-18T08:37:21.619+0000] {processor.py:830} INFO - Processing file /opt/airflow/dags/dag_extraction.py for tasks to queue
[2026-09-18T08:37:21.622+0000] {logging_mixin.py:188} INFO - [2026-09-18T08:37:21.622+0000] {dagbag.py:545} INFO - Filling up the DagBag from /opt/airflow/dags/dag_extraction.py
[2026-09-18T08:37:21.707+0000] {processor.py:840} INFO - DAG(s) 'youtube_extraction' retrieved from /opt/airflow/dags/dag_extraction.py
[2026-09-18T08:37:21.729+0000] {logging_mixin.py:188} INFO - [2026-09-18T08:37:21.728+0000] {dag.py:3096} INFO - Sync 1 DAGs
[2026-09-18T08:37:21.749+0000] {logging_mixin.py:188} INFO - [2026-09-18T08:37:21.748+0000] {dag.py:3954} INFO - Setting next_dagrun for youtube_extraction to 2026-09-18 00:00:00+00:00, run_after=2026-09-19 00:00:00+00:00
[2026-09-18T08:37:21.767+0000] {processor.py:183} INFO - Processing /opt/airflow/dags/dag_extraction.py took 0.168 seconds
[2026-09-18T08:37:52.052+0000] {processor.py:161} INFO - Started process (PID=706) to work on /opt/airflow/dags/dag_extraction.py
[2026-09-18T08:37:52.053+0000] {processor.py:830} INFO - Processing file /opt/airflow/dags/dag_extraction.py for tasks to queue
[2026-09-18T08:37:52.056+0000] {logging_mixin.py:188} INFO - [2026-09-18T08:37:52.055+0000] {dagbag.py:545} INFO - Filling up the DagBag from /opt/airflow/dags/dag_extraction.py
[2026-09-18T08:37:52.139+0000] {processor.py:840} INFO - DAG(s) 'youtube_extraction' retrieved from /opt/airflow/dags/dag_extraction.py
[2026-09-18T08:37:52.161+0000] {logging_mixin.py:188} INFO - [2026-09-18T08:37:52.161+0000] {dag.py:3096} INFO - Sync 1 DAGs
[2026-09-18T08:37:52.182+0000] {logging_mixin.py:188} INFO - [2026-09-18T08:37:52.182+0000] {dag.py:3954} INFO - Setting next_dagrun for youtube_extraction to 2026-09-18 00:00:00+00:00, run_after=2026-09-19 00:00:00+00:00
[2026-09-18T08:37:52.200+0000] {processor.py:183} INFO - Processing /opt/airflow/dags/dag_extraction.py took 0.154 seconds
[2026-09-18T08:38:22.534+0000] {processor.py:161} INFO - Started process (PID=714) to work on /opt/airflow/dags/dag_extraction.py
[2026-09-18T08:38:22.536+0000] {processor.py:830} INFO - Processing file /opt/airflow/dags/dag_extraction.py for tasks to queue
[2026-09-18T08:38:22.539+0000] {logging_mixin.py:188} INFO - [2026-09-18T08:38:22.538+0000] {dagbag.py:545} INFO - Filling up the DagBag from /opt/airflow/dags/dag_extraction.py
[2026-09-18T08:38:22.643+0000] {processor.py:840} INFO - DAG(s) 'youtube_extraction' retrieved from /opt/airflow/dags/dag_extraction.py
[2026-09-18T08:38:22.669+0000] {logging_mixin.py:188} INFO - [2026-09-18T08:38:22.668+0000] {dag.py:3096} INFO - Sync 1 DAGs
[2026-09-18T08:38:22.690+0000] {logging_mixin.py:188} INFO - [2026-09-18T08:38:22.690+0000] {dag.py:3954} INFO - Setting next_dagrun for youtube_extraction to 2026-09-18 00:00:00+00:00, run_after=2026-09-19 00:00:00+00:00
[2026-09-18T08:38:22.714+0000] {processor.py:183} INFO - Processing /opt/airflow/dags/dag_extraction.py took 0.186 seconds
[2026-09-18T08:38:52.949+0000] {processor.py:161} INFO - Started process (PID=722) to work on /opt/airflow/dags/dag_extraction.py
[2026-09-18T08:38:52.950+0000] {processor.py:830} INFO - Processing file /opt/airflow/dags/dag_extraction.py for tasks to queue
[2026-09-18T08:38:52.954+0000] {logging_mixin.py:188} INFO - [2026-09-18T08:38:52.953+0000] {dagbag.py:545} INFO - Filling up the DagBag from /opt/airflow/dags/dag_extraction.py
[2026-09-18T08:38:53.049+0000] {processor.py:840} INFO - DAG(s) 'youtube_extraction' retrieved from /opt/airflow/dags/dag_extraction.py
[2026-09-18T08:38:53.072+0000] {logging_mixin.py:188} INFO - [2026-09-18T08:38:53.072+0000] {dag.py:3096} INFO - Sync 1 DAGs
[2026-09-18T08:38:53.095+0000] {logging_mixin.py:188} INFO - [2026-09-18T08:38:53.095+0000] {dag.py:3954} INFO - Setting next_dagrun for youtube_extraction to 2026-09-18 00:00:00+00:00, run_after=2026-09-19 00:00:00+00:00
[2026-09-18T08:38:53.116+0000] {processor.py:183} INFO - Processing /opt/airflow/dags/dag_extraction.py took 0.174 seconds
[2026-09-18T08:39:23.368+0000] {processor.py:161} INFO - Started process (PID=730) to work on /opt/airflow/dags/dag_extraction.py
[2026-09-18T08:39:23.370+0000] {processor.py:830} INFO - Processing file /opt/airflow/dags/dag_extraction.py for tasks to queue
[2026-09-18T08:39:23.373+0000] {logging_mixin.py:188} INFO - [2026-09-18T08:39:23.373+0000] {dagbag.py:545} INFO - Filling up the DagBag from /opt/airflow/dags/dag_extraction.py
[2026-09-18T08:39:23.472+0000] {processor.py:840} INFO - DAG(s) 'youtube_extraction' retrieved from /opt/airflow/dags/dag_extraction.py
[2026-09-18T08:39:23.495+0000] {logging_mixin.py:188} INFO - [2026-09-18T08:39:23.495+0000] {dag.py:3096} INFO - Sync 1 DAGs
[2026-09-18T08:39:23.514+0000] {logging_mixin.py:188} INFO - [2026-09-18T08:39:23.514+0000] {dag.py:3954} INFO - Setting next_dagrun for youtube_extraction to 2026-09-18 00:00:00+00:00, run_after=2026-09-19 00:00:00+00:00
[2026-09-18T08:39:23.536+0000] {processor.py:183} INFO - Processing /opt/airflow/dags/dag_extraction.py took 0.175 seconds
[2026-09-18T08:39:53.797+0000] {processor.py:161} INFO - Started process (PID=738) to work on /opt/airflow/dags/dag_extraction.py
[2026-09-18T08:39:53.800+0000] {processor.py:830} INFO - Processing file /opt/airflow/dags/dag_extraction.py for tasks to queue
[2026-09-18T08:39:53.804+0000] {logging_mixin.py:188} INFO - [2026-09-18T08:39:53.803+0000] {dagbag.py:545} INFO - Filling up the DagBag from /opt/airflow/dags/dag_extraction.py
[2026-09-18T08:39:53.897+0000] {processor.py:840} INFO - DAG(s) 'youtube_extraction' retrieved from /opt/airflow/dags/dag_extraction.py
[2026-09-18T08:39:53.921+0000] {logging_mixin.py:188} INFO - [2026-09-18T08:39:53.920+0000] {dag.py:3096} INFO - Sync 1 DAGs
[2026-09-18T08:39:53.943+0000] {logging_mixin.py:188} INFO - [2026-09-18T08:39:53.943+0000] {dag.py:3954} INFO - Setting next_dagrun for youtube_extraction to 2026-09-18 00:00:00+00:00, run_after=2026-09-19 00:00:00+00:00
[2026-09-18T08:39:53.964+0000] {processor.py:183} INFO - Processing /opt/airflow/dags/dag_extraction.py took 0.178 seconds
[2026-09-18T08:40:24.217+0000] {processor.py:161} INFO - Started process (PID=746) to work on /opt/airflow/dags/dag_extraction.py
[2026-09-18T08:40:24.219+0000] {processor.py:830} INFO - Processing file /opt/airflow/dags/dag_extraction.py for tasks to queue
[2026-09-18T08:40:24.222+0000] {logging_mixin.py:188} INFO - [2026-09-18T08:40:24.222+0000] {dagbag.py:545} INFO - Filling up the DagBag from /opt/airflow/dags/dag_extraction.py
[2026-09-18T08:40:24.320+0000] {processor.py:840} INFO - DAG(s) 'youtube_extraction' retrieved from /opt/airflow/dags/dag_extraction.py
[2026-09-18T08:40:24.347+0000] {logging_mixin.py:188} INFO - [2026-09-18T08:40:24.346+0000] {dag.py:3096} INFO - Sync 1 DAGs
[2026-09-18T08:40:24.372+0000] {logging_mixin.py:188} INFO - [2026-09-18T08:40:24.371+0000] {dag.py:3954} INFO - Setting next_dagrun for youtube_extraction to 2026-09-18 00:00:00+00:00, run_after=2026-09-19 00:00:00+00:00
[2026-09-18T08:40:24.393+0000] {processor.py:183} INFO - Processing /opt/airflow/dags/dag_extraction.py took 0.182 seconds
[2026-09-18T08:40:54.703+0000] {processor.py:161} INFO - Started process (PID=754) to work on /opt/airflow/dags/dag_extraction.py
[2026-09-18T08:40:54.704+0000] {processor.py:830} INFO - Processing file /opt/airflow/dags/dag_extraction.py for tasks to queue
[2026-09-18T08:40:54.707+0000] {logging_mixin.py:188} INFO - [2026-09-18T08:40:54.707+0000] {dagbag.py:545} INFO - Filling up the DagBag from /opt/airflow/dags/dag_extraction.py
[2026-09-18T08:40:54.796+0000] {processor.py:840} INFO - DAG(s) 'youtube_extraction' retrieved from /opt/airflow/dags/dag_extraction.py
[2026-09-18T08:40:54.819+0000] {logging_mixin.py:188} INFO - [2026-09-18T08:40:54.819+0000] {dag.py:3096} INFO - Sync 1 DAGs
[2026-09-18T08:40:54.839+0000] {logging_mixin.py:188} INFO - [2026-09-18T08:40:54.839+0000] {dag.py:3954} INFO - Setting next_dagrun for youtube_extraction to 2026-09-18 00:00:00+00:00, run_after=2026-09-19 00:00:00+00:00
[2026-09-18T08:40:54.859+0000] {processor.py:183} INFO - Processing /opt/airflow/dags/dag_extraction.py took 0.163 seconds
[2026-09-18T08:41:25.180+0000] {processor.py:161} INFO - Started process (PID=762) to work on /opt/airflow/dags/dag_extraction.py
[2026-09-18T08:41:25.182+0000] {processor.py:830} INFO - Processing file /opt/airflow/dags/dag_extraction.py for tasks to queue
[2026-09-18T08:41:25.190+0000] {logging_mixin.py:188} INFO - [2026-09-18T08:41:25.190+0000] {dagbag.py:545} INFO - Filling up the DagBag from /opt/airflow/dags/dag_extraction.py
[2026-09-18T08:41:25.336+0000] {processor.py:840} INFO - DAG(s) 'youtube_extraction' retrieved from /opt/airflow/dags/dag_extraction.py
[2026-09-18T08:41:25.369+0000] {logging_mixin.py:188} INFO - [2026-09-18T08:41:25.368+0000] {dag.py:3096} INFO - Sync 1 DAGs
[2026-09-18T08:41:25.404+0000] {logging_mixin.py:188} INFO - [2026-09-18T08:41:25.404+0000] {dag.py:3954} INFO - Setting next_dagrun for youtube_extraction to 2026-09-18 00:00:00+00:00, run_after=2026-09-19 00:00:00+00:00
[2026-09-18T08:41:25.429+0000] {processor.py:183} INFO - Processing /opt/airflow/dags/dag_extraction.py took 0.269 seconds
[2026-09-18T08:42:15.241+0000] {processor.py:161} INFO - Started process (PID=50) to work on /opt/airflow/dags/dag_extraction.py
[2026-09-18T08:42:15.245+0000] {processor.py:830} INFO - Processing file /opt/airflow/dags/dag_extraction.py for tasks to queue
[2026-09-18T08:42:15.251+0000] {logging_mixin.py:188} INFO - [2026-09-18T08:42:15.250+0000] {dagbag.py:545} INFO - Filling up the DagBag from /opt/airflow/dags/dag_extraction.py
[2026-09-18T08:42:15.540+0000] {processor.py:840} INFO - DAG(s) 'youtube_extraction' retrieved from /opt/airflow/dags/dag_extraction.py
[2026-09-18T08:42:15.744+0000] {logging_mixin.py:188} INFO - [2026-09-18T08:42:15.743+0000] {dag.py:3096} INFO - Sync 1 DAGs
[2026-09-18T08:42:15.780+0000] {logging_mixin.py:188} INFO - [2026-09-18T08:42:15.780+0000] {dag.py:3954} INFO - Setting next_dagrun for youtube_extraction to 2026-09-18 00:00:00+00:00, run_after=2026-09-19 00:00:00+00:00
[2026-09-18T08:42:15.824+0000] {processor.py:183} INFO - Processing /opt/airflow/dags/dag_extraction.py took 0.599 seconds
[2026-09-18T08:42:46.107+0000] {processor.py:161} INFO - Started process (PID=58) to work on /opt/airflow/dags/dag_extraction.py
[2026-09-18T08:42:46.110+0000] {processor.py:830} INFO - Processing file /opt/airflow/dags/dag_extraction.py for tasks to queue
[2026-09-18T08:42:46.113+0000] {logging_mixin.py:188} INFO - [2026-09-18T08:42:46.112+0000] {dagbag.py:545} INFO - Filling up the DagBag from /opt/airflow/dags/dag_extraction.py
[2026-09-18T08:42:46.251+0000] {processor.py:840} INFO - DAG(s) 'youtube_extraction' retrieved from /opt/airflow/dags/dag_extraction.py
[2026-09-18T08:42:46.276+0000] {logging_mixin.py:188} INFO - [2026-09-18T08:42:46.275+0000] {dag.py:3096} INFO - Sync 1 DAGs
[2026-09-18T08:42:46.298+0000] {logging_mixin.py:188} INFO - [2026-09-18T08:42:46.298+0000] {dag.py:3954} INFO - Setting next_dagrun for youtube_extraction to 2026-09-18 00:00:00+00:00, run_after=2026-09-19 00:00:00+00:00
[2026-09-18T08:42:46.319+0000] {processor.py:183} INFO - Processing /opt/airflow/dags/dag_extraction.py took 0.220 seconds
[2026-09-18T08:43:16.531+0000] {processor.py:161} INFO - Started process (PID=66) to work on /opt/airflow/dags/dag_extraction.py
[2026-09-18T08:43:16.534+0000] {processor.py:830} INFO - Processing file /opt/airflow/dags/dag_extraction.py for tasks to queue
[2026-09-18T08:43:16.538+0000] {logging_mixin.py:188} INFO - [2026-09-18T08:43:16.537+0000] {dagbag.py:545} INFO - Filling up the DagBag from /opt/airflow/dags/dag_extraction.py
[2026-09-18T08:43:16.671+0000] {processor.py:840} INFO - DAG(s) 'youtube_extraction' retrieved from /opt/airflow/dags/dag_extraction.py
[2026-09-18T08:43:16.712+0000] {logging_mixin.py:188} INFO - [2026-09-18T08:43:16.711+0000] {dag.py:3096} INFO - Sync 1 DAGs
[2026-09-18T08:43:16.744+0000] {logging_mixin.py:188} INFO - [2026-09-18T08:43:16.743+0000] {dag.py:3954} INFO - Setting next_dagrun for youtube_extraction to 2026-09-18 00:00:00+00:00, run_after=2026-09-19 00:00:00+00:00
[2026-09-18T08:43:16.767+0000] {processor.py:183} INFO - Processing /opt/airflow/dags/dag_extraction.py took 0.244 seconds
[2026-09-18T08:43:47.011+0000] {processor.py:161} INFO - Started process (PID=74) to work on /opt/airflow/dags/dag_extraction.py
[2026-09-18T08:43:47.014+0000] {processor.py:830} INFO - Processing file /opt/airflow/dags/dag_extraction.py for tasks to queue
[2026-09-18T08:43:47.017+0000] {logging_mixin.py:188} INFO - [2026-09-18T08:43:47.017+0000] {dagbag.py:545} INFO - Filling up the DagBag from /opt/airflow/dags/dag_extraction.py
[2026-09-18T08:43:47.122+0000] {processor.py:840} INFO - DAG(s) 'youtube_extraction' retrieved from /opt/airflow/dags/dag_extraction.py
[2026-09-18T08:43:47.147+0000] {logging_mixin.py:188} INFO - [2026-09-18T08:43:47.147+0000] {dag.py:3096} INFO - Sync 1 DAGs
[2026-09-18T08:43:47.172+0000] {logging_mixin.py:188} INFO - [2026-09-18T08:43:47.172+0000] {dag.py:3954} INFO - Setting next_dagrun for youtube_extraction to 2026-09-18 00:00:00+00:00, run_after=2026-09-19 00:00:00+00:00
[2026-09-18T08:43:47.199+0000] {processor.py:183} INFO - Processing /opt/airflow/dags/dag_extraction.py took 0.200 seconds
[2026-09-18T08:44:17.481+0000] {processor.py:161} INFO - Started process (PID=82) to work on /opt/airflow/dags/dag_extraction.py
[2026-09-18T08:44:17.483+0000] {processor.py:830} INFO - Processing file /opt/airflow/dags/dag_extraction.py for tasks to queue
[2026-09-18T08:44:17.489+0000] {logging_mixin.py:188} INFO - [2026-09-18T08:44:17.488+0000] {dagbag.py:545} INFO - Filling up the DagBag from /opt/airflow/dags/dag_extraction.py
[2026-09-18T08:44:17.624+0000] {processor.py:840} INFO - DAG(s) 'youtube_extraction' retrieved from /opt/airflow/dags/dag_extraction.py
[2026-09-18T08:44:17.658+0000] {logging_mixin.py:188} INFO - [2026-09-18T08:44:17.657+0000] {dag.py:3096} INFO - Sync 1 DAGs
[2026-09-18T08:44:17.688+0000] {logging_mixin.py:188} INFO - [2026-09-18T08:44:17.688+0000] {dag.py:3954} INFO - Setting next_dagrun for youtube_extraction to 2026-09-18 00:00:00+00:00, run_after=2026-09-19 00:00:00+00:00
[2026-09-18T08:44:17.716+0000] {processor.py:183} INFO - Processing /opt/airflow/dags/dag_extraction.py took 0.245 seconds
[2026-09-18T08:44:47.933+0000] {processor.py:161} INFO - Started process (PID=96) to work on /opt/airflow/dags/dag_extraction.py
[2026-09-18T08:44:47.936+0000] {processor.py:830} INFO - Processing file /opt/airflow/dags/dag_extraction.py for tasks to queue
[2026-09-18T08:44:47.938+0000] {logging_mixin.py:188} INFO - [2026-09-18T08:44:47.938+0000] {dagbag.py:545} INFO - Filling up the DagBag from /opt/airflow/dags/dag_extraction.py
[2026-09-18T08:44:48.025+0000] {processor.py:840} INFO - DAG(s) 'youtube_extraction' retrieved from /opt/airflow/dags/dag_extraction.py
[2026-09-18T08:44:48.049+0000] {logging_mixin.py:188} INFO - [2026-09-18T08:44:48.048+0000] {dag.py:3096} INFO - Sync 1 DAGs
[2026-09-18T08:44:48.073+0000] {logging_mixin.py:188} INFO - [2026-09-18T08:44:48.073+0000] {dag.py:3954} INFO - Setting next_dagrun for youtube_extraction to 2026-09-18 00:00:00+00:00, run_after=2026-09-19 00:00:00+00:00
[2026-09-18T08:44:48.092+0000] {processor.py:183} INFO - Processing /opt/airflow/dags/dag_extraction.py took 0.167 seconds
[2026-09-18T08:45:18.451+0000] {processor.py:161} INFO - Started process (PID=104) to work on /opt/airflow/dags/dag_extraction.py
[2026-09-18T08:45:18.454+0000] {processor.py:830} INFO - Processing file /opt/airflow/dags/dag_extraction.py for tasks to queue
[2026-09-18T08:45:18.459+0000] {logging_mixin.py:188} INFO - [2026-09-18T08:45:18.459+0000] {dagbag.py:545} INFO - Filling up the DagBag from /opt/airflow/dags/dag_extraction.py
[2026-09-18T08:45:18.584+0000] {processor.py:840} INFO - DAG(s) 'youtube_extraction' retrieved from /opt/airflow/dags/dag_extraction.py
[2026-09-18T08:45:18.635+0000] {logging_mixin.py:188} INFO - [2026-09-18T08:45:18.634+0000] {dag.py:3096} INFO - Sync 1 DAGs
[2026-09-18T08:45:18.708+0000] {logging_mixin.py:188} INFO - [2026-09-18T08:45:18.707+0000] {dag.py:3954} INFO - Setting next_dagrun for youtube_extraction to 2026-09-18 00:00:00+00:00, run_after=2026-09-19 00:00:00+00:00
[2026-09-18T08:45:18.740+0000] {processor.py:183} INFO - Processing /opt/airflow/dags/dag_extraction.py took 0.299 seconds
[2026-09-18T08:45:49.027+0000] {processor.py:161} INFO - Started process (PID=112) to work on /opt/airflow/dags/dag_extraction.py
[2026-09-18T08:45:49.029+0000] {processor.py:830} INFO - Processing file /opt/airflow/dags/dag_extraction.py for tasks to queue
[2026-09-18T08:45:49.033+0000] {logging_mixin.py:188} INFO - [2026-09-18T08:45:49.032+0000] {dagbag.py:545} INFO - Filling up the DagBag from /opt/airflow/dags/dag_extraction.py
[2026-09-18T08:45:49.134+0000] {processor.py:840} INFO - DAG(s) 'youtube_extraction' retrieved from /opt/airflow/dags/dag_extraction.py
[2026-09-18T08:45:49.158+0000] {logging_mixin.py:188} INFO - [2026-09-18T08:45:49.158+0000] {dag.py:3096} INFO - Sync 1 DAGs
[2026-09-18T08:45:49.181+0000] {logging_mixin.py:188} INFO - [2026-09-18T08:45:49.180+0000] {dag.py:3954} INFO - Setting next_dagrun for youtube_extraction to 2026-09-18 00:00:00+00:00, run_after=2026-09-19 00:00:00+00:00
[2026-09-18T08:45:49.202+0000] {processor.py:183} INFO - Processing /opt/airflow/dags/dag_extraction.py took 0.181 seconds
[2026-09-18T08:46:19.520+0000] {processor.py:161} INFO - Started process (PID=120) to work on /opt/airflow/dags/dag_extraction.py
[2026-09-18T08:46:19.521+0000] {processor.py:830} INFO - Processing file /opt/airflow/dags/dag_extraction.py for tasks to queue
[2026-09-18T08:46:19.524+0000] {logging_mixin.py:188} INFO - [2026-09-18T08:46:19.524+0000] {dagbag.py:545} INFO - Filling up the DagBag from /opt/airflow/dags/dag_extraction.py
[2026-09-18T08:46:19.608+0000] {processor.py:840} INFO - DAG(s) 'youtube_extraction' retrieved from /opt/airflow/dags/dag_extraction.py
[2026-09-18T08:46:19.630+0000] {logging_mixin.py:188} INFO - [2026-09-18T08:46:19.629+0000] {dag.py:3096} INFO - Sync 1 DAGs
[2026-09-18T08:46:19.651+0000] {logging_mixin.py:188} INFO - [2026-09-18T08:46:19.650+0000] {dag.py:3954} INFO - Setting next_dagrun for youtube_extraction to 2026-09-18 00:00:00+00:00, run_after=2026-09-19 00:00:00+00:00
[2026-09-18T08:46:19.671+0000] {processor.py:183} INFO - Processing /opt/airflow/dags/dag_extraction.py took 0.157 seconds
[2026-09-18T08:46:49.969+0000] {processor.py:161} INFO - Started process (PID=128) to work on /opt/airflow/dags/dag_extraction.py
[2026-09-18T08:46:49.972+0000] {processor.py:830} INFO - Processing file /opt/airflow/dags/dag_extraction.py for tasks to queue
[2026-09-18T08:46:49.975+0000] {logging_mixin.py:188} INFO - [2026-09-18T08:46:49.975+0000] {dagbag.py:545} INFO - Filling up the DagBag from /opt/airflow/dags/dag_extraction.py
[2026-09-18T08:46:50.071+0000] {processor.py:840} INFO - DAG(s) 'youtube_extraction' retrieved from /opt/airflow/dags/dag_extraction.py
[2026-09-18T08:46:50.095+0000] {logging_mixin.py:188} INFO - [2026-09-18T08:46:50.094+0000] {dag.py:3096} INFO - Sync 1 DAGs
[2026-09-18T08:46:50.118+0000] {logging_mixin.py:188} INFO - [2026-09-18T08:46:50.117+0000] {dag.py:3954} INFO - Setting next_dagrun for youtube_extraction to 2026-09-18 00:00:00+00:00, run_after=2026-09-19 00:00:00+00:00
[2026-09-18T08:46:50.136+0000] {processor.py:183} INFO - Processing /opt/airflow/dags/dag_extraction.py took 0.175 seconds
[2026-09-18T08:47:20.480+0000] {processor.py:161} INFO - Started process (PID=136) to work on /opt/airflow/dags/dag_extraction.py
[2026-09-18T08:47:20.482+0000] {processor.py:830} INFO - Processing file /opt/airflow/dags/dag_extraction.py for tasks to queue
[2026-09-18T08:47:20.485+0000] {logging_mixin.py:188} INFO - [2026-09-18T08:47:20.485+0000] {dagbag.py:545} INFO - Filling up the DagBag from /opt/airflow/dags/dag_extraction.py
[2026-09-18T08:47:20.588+0000] {processor.py:840} INFO - DAG(s) 'youtube_extraction' retrieved from /opt/airflow/dags/dag_extraction.py
[2026-09-18T08:47:20.612+0000] {logging_mixin.py:188} INFO - [2026-09-18T08:47:20.611+0000] {dag.py:3096} INFO - Sync 1 DAGs
[2026-09-18T08:47:20.634+0000] {logging_mixin.py:188} INFO - [2026-09-18T08:47:20.634+0000] {dag.py:3954} INFO - Setting next_dagrun for youtube_extraction to 2026-09-18 00:00:00+00:00, run_after=2026-09-19 00:00:00+00:00
[2026-09-18T08:47:20.656+0000] {processor.py:183} INFO - Processing /opt/airflow/dags/dag_extraction.py took 0.183 seconds
[2026-09-18T08:47:50.910+0000] {processor.py:161} INFO - Started process (PID=144) to work on /opt/airflow/dags/dag_extraction.py
[2026-09-18T08:47:50.912+0000] {processor.py:830} INFO - Processing file /opt/airflow/dags/dag_extraction.py for tasks to queue
[2026-09-18T08:47:50.914+0000] {logging_mixin.py:188} INFO - [2026-09-18T08:47:50.914+0000] {dagbag.py:545} INFO - Filling up the DagBag from /opt/airflow/dags/dag_extraction.py
[2026-09-18T08:47:51.006+0000] {processor.py:840} INFO - DAG(s) 'youtube_extraction' retrieved from /opt/airflow/dags/dag_extraction.py
[2026-09-18T08:47:51.030+0000] {logging_mixin.py:188} INFO - [2026-09-18T08:47:51.029+0000] {dag.py:3096} INFO - Sync 1 DAGs
[2026-09-18T08:47:51.053+0000] {logging_mixin.py:188} INFO - [2026-09-18T08:47:51.053+0000] {dag.py:3954} INFO - Setting next_dagrun for youtube_extraction to 2026-09-18 00:00:00+00:00, run_after=2026-09-19 00:00:00+00:00
[2026-09-18T08:47:51.074+0000] {processor.py:183} INFO - Processing /opt/airflow/dags/dag_extraction.py took 0.172 seconds
[2026-09-18T08:48:21.371+0000] {processor.py:161} INFO - Started process (PID=152) to work on /opt/airflow/dags/dag_extraction.py
[2026-09-18T08:48:21.373+0000] {processor.py:830} INFO - Processing file /opt/airflow/dags/dag_extraction.py for tasks to queue
[2026-09-18T08:48:21.375+0000] {logging_mixin.py:188} INFO - [2026-09-18T08:48:21.375+0000] {dagbag.py:545} INFO - Filling up the DagBag from /opt/airflow/dags/dag_extraction.py
[2026-09-18T08:48:21.471+0000] {processor.py:840} INFO - DAG(s) 'youtube_extraction' retrieved from /opt/airflow/dags/dag_extraction.py
[2026-09-18T08:48:21.497+0000] {logging_mixin.py:188} INFO - [2026-09-18T08:48:21.496+0000] {dag.py:3096} INFO - Sync 1 DAGs
[2026-09-18T08:48:21.520+0000] {logging_mixin.py:188} INFO - [2026-09-18T08:48:21.519+0000] {dag.py:3954} INFO - Setting next_dagrun for youtube_extraction to 2026-09-18 00:00:00+00:00, run_after=2026-09-19 00:00:00+00:00
[2026-09-18T08:48:21.540+0000] {processor.py:183} INFO - Processing /opt/airflow/dags/dag_extraction.py took 0.175 seconds
[2026-09-18T08:48:51.806+0000] {processor.py:161} INFO - Started process (PID=160) to work on /opt/airflow/dags/dag_extraction.py
[2026-09-18T08:48:51.808+0000] {processor.py:830} INFO - Processing file /opt/airflow/dags/dag_extraction.py for tasks to queue
[2026-09-18T08:48:51.811+0000] {logging_mixin.py:188} INFO - [2026-09-18T08:48:51.810+0000] {dagbag.py:545} INFO - Filling up the DagBag from /opt/airflow/dags/dag_extraction.py
[2026-09-18T08:48:51.905+0000] {processor.py:840} INFO - DAG(s) 'youtube_extraction' retrieved from /opt/airflow/dags/dag_extraction.py
[2026-09-18T08:48:51.928+0000] {logging_mixin.py:188} INFO - [2026-09-18T08:48:51.927+0000] {dag.py:3096} INFO - Sync 1 DAGs
[2026-09-18T08:48:51.948+0000] {logging_mixin.py:188} INFO - [2026-09-18T08:48:51.948+0000] {dag.py:3954} INFO - Setting next_dagrun for youtube_extraction to 2026-09-18 00:00:00+00:00, run_after=2026-09-19 00:00:00+00:00
[2026-09-18T08:48:51.968+0000] {processor.py:183} INFO - Processing /opt/airflow/dags/dag_extraction.py took 0.170 seconds
[2026-09-18T08:49:22.221+0000] {processor.py:161} INFO - Started process (PID=168) to work on /opt/airflow/dags/dag_extraction.py
[2026-09-18T08:49:22.223+0000] {processor.py:830} INFO - Processing file /opt/airflow/dags/dag_extraction.py for tasks to queue
[2026-09-18T08:49:22.227+0000] {logging_mixin.py:188} INFO - [2026-09-18T08:49:22.226+0000] {dagbag.py:545} INFO - Filling up the DagBag from /opt/airflow/dags/dag_extraction.py
[2026-09-18T08:49:22.325+0000] {processor.py:840} INFO - DAG(s) 'youtube_extraction' retrieved from /opt/airflow/dags/dag_extraction.py
[2026-09-18T08:49:22.346+0000] {logging_mixin.py:188} INFO - [2026-09-18T08:49:22.346+0000] {dag.py:3096} INFO - Sync 1 DAGs
[2026-09-18T08:49:22.370+0000] {logging_mixin.py:188} INFO - [2026-09-18T08:49:22.370+0000] {dag.py:3954} INFO - Setting next_dagrun for youtube_extraction to 2026-09-18 00:00:00+00:00, run_after=2026-09-19 00:00:00+00:00
[2026-09-18T08:49:22.393+0000] {processor.py:183} INFO - Processing /opt/airflow/dags/dag_extraction.py took 0.181 seconds
[2026-09-18T08:49:52.666+0000] {processor.py:161} INFO - Started process (PID=176) to work on /opt/airflow/dags/dag_extraction.py
[2026-09-18T08:49:52.668+0000] {processor.py:830} INFO - Processing file /opt/airflow/dags/dag_extraction.py for tasks to queue
[2026-09-18T08:49:52.671+0000] {logging_mixin.py:188} INFO - [2026-09-18T08:49:52.670+0000] {dagbag.py:545} INFO - Filling up the DagBag from /opt/airflow/dags/dag_extraction.py
[2026-09-18T08:49:52.784+0000] {processor.py:840} INFO - DAG(s) 'youtube_extraction' retrieved from /opt/airflow/dags/dag_extraction.py
[2026-09-18T08:49:52.810+0000] {logging_mixin.py:188} INFO - [2026-09-18T08:49:52.809+0000] {dag.py:3096} INFO - Sync 1 DAGs
[2026-09-18T08:49:52.835+0000] {logging_mixin.py:188} INFO - [2026-09-18T08:49:52.835+0000] {dag.py:3954} INFO - Setting next_dagrun for youtube_extraction to 2026-09-18 00:00:00+00:00, run_after=2026-09-19 00:00:00+00:00
[2026-09-18T08:49:52.855+0000] {processor.py:183} INFO - Processing /opt/airflow/dags/dag_extraction.py took 0.197 seconds
[2026-09-18T08:50:23.125+0000] {processor.py:161} INFO - Started process (PID=184) to work on /opt/airflow/dags/dag_extraction.py
[2026-09-18T08:50:23.127+0000] {processor.py:830} INFO - Processing file /opt/airflow/dags/dag_extraction.py for tasks to queue
[2026-09-18T08:50:23.130+0000] {logging_mixin.py:188} INFO - [2026-09-18T08:50:23.130+0000] {dagbag.py:545} INFO - Filling up the DagBag from /opt/airflow/dags/dag_extraction.py
[2026-09-18T08:50:23.244+0000] {processor.py:840} INFO - DAG(s) 'youtube_extraction' retrieved from /opt/airflow/dags/dag_extraction.py
[2026-09-18T08:50:23.272+0000] {logging_mixin.py:188} INFO - [2026-09-18T08:50:23.271+0000] {dag.py:3096} INFO - Sync 1 DAGs
[2026-09-18T08:50:23.294+0000] {logging_mixin.py:188} INFO - [2026-09-18T08:50:23.294+0000] {dag.py:3954} INFO - Setting next_dagrun for youtube_extraction to 2026-09-18 00:00:00+00:00, run_after=2026-09-19 00:00:00+00:00
[2026-09-18T08:50:23.313+0000] {processor.py:183} INFO - Processing /opt/airflow/dags/dag_extraction.py took 0.194 seconds
[2026-09-18T08:50:53.613+0000] {processor.py:161} INFO - Started process (PID=192) to work on /opt/airflow/dags/dag_extraction.py
[2026-09-18T08:50:53.616+0000] {processor.py:830} INFO - Processing file /opt/airflow/dags/dag_extraction.py for tasks to queue
[2026-09-18T08:50:53.619+0000] {logging_mixin.py:188} INFO - [2026-09-18T08:50:53.618+0000] {dagbag.py:545} INFO - Filling up the DagBag from /opt/airflow/dags/dag_extraction.py
[2026-09-18T08:50:53.765+0000] {processor.py:840} INFO - DAG(s) 'youtube_extraction' retrieved from /opt/airflow/dags/dag_extraction.py
[2026-09-18T08:50:53.797+0000] {logging_mixin.py:188} INFO - [2026-09-18T08:50:53.796+0000] {dag.py:3096} INFO - Sync 1 DAGs
[2026-09-18T08:50:53.820+0000] {logging_mixin.py:188} INFO - [2026-09-18T08:50:53.820+0000] {dag.py:3954} INFO - Setting next_dagrun for youtube_extraction to 2026-09-18 00:00:00+00:00, run_after=2026-09-19 00:00:00+00:00
[2026-09-18T08:50:53.845+0000] {processor.py:183} INFO - Processing /opt/airflow/dags/dag_extraction.py took 0.242 seconds
[2026-09-18T08:51:24.093+0000] {processor.py:161} INFO - Started process (PID=200) to work on /opt/airflow/dags/dag_extraction.py
[2026-09-18T08:51:24.095+0000] {processor.py:830} INFO - Processing file /opt/airflow/dags/dag_extraction.py for tasks to queue
[2026-09-18T08:51:24.098+0000] {logging_mixin.py:188} INFO - [2026-09-18T08:51:24.098+0000] {dagbag.py:545} INFO - Filling up the DagBag from /opt/airflow/dags/dag_extraction.py
[2026-09-18T08:51:24.211+0000] {processor.py:840} INFO - DAG(s) 'youtube_extraction' retrieved from /opt/airflow/dags/dag_extraction.py
[2026-09-18T08:51:24.241+0000] {logging_mixin.py:188} INFO - [2026-09-18T08:51:24.240+0000] {dag.py:3096} INFO - Sync 1 DAGs
[2026-09-18T08:51:24.269+0000] {logging_mixin.py:188} INFO - [2026-09-18T08:51:24.269+0000] {dag.py:3954} INFO - Setting next_dagrun for youtube_extraction to 2026-09-18 00:00:00+00:00, run_after=2026-09-19 00:00:00+00:00
[2026-09-18T08:51:24.292+0000] {processor.py:183} INFO - Processing /opt/airflow/dags/dag_extraction.py took 0.208 seconds
[2026-09-18T08:51:54.573+0000] {processor.py:161} INFO - Started process (PID=208) to work on /opt/airflow/dags/dag_extraction.py
[2026-09-18T08:51:54.575+0000] {processor.py:830} INFO - Processing file /opt/airflow/dags/dag_extraction.py for tasks to queue
[2026-09-18T08:51:54.578+0000] {logging_mixin.py:188} INFO - [2026-09-18T08:51:54.577+0000] {dagbag.py:545} INFO - Filling up the DagBag from /opt/airflow/dags/dag_extraction.py
[2026-09-18T08:51:54.665+0000] {processor.py:840} INFO - DAG(s) 'youtube_extraction' retrieved from /opt/airflow/dags/dag_extraction.py
[2026-09-18T08:51:54.689+0000] {logging_mixin.py:188} INFO - [2026-09-18T08:51:54.689+0000] {dag.py:3096} INFO - Sync 1 DAGs
[2026-09-18T08:51:54.710+0000] {logging_mixin.py:188} INFO - [2026-09-18T08:51:54.710+0000] {dag.py:3954} INFO - Setting next_dagrun for youtube_extraction to 2026-09-18 00:00:00+00:00, run_after=2026-09-19 00:00:00+00:00
[2026-09-18T08:51:54.732+0000] {processor.py:183} INFO - Processing /opt/airflow/dags/dag_extraction.py took 0.168 seconds
[2026-09-18T08:52:25.072+0000] {processor.py:161} INFO - Started process (PID=216) to work on /opt/airflow/dags/dag_extraction.py
[2026-09-18T08:52:25.074+0000] {processor.py:830} INFO - Processing file /opt/airflow/dags/dag_extraction.py for tasks to queue
[2026-09-18T08:52:25.078+0000] {logging_mixin.py:188} INFO - [2026-09-18T08:52:25.077+0000] {dagbag.py:545} INFO - Filling up the DagBag from /opt/airflow/dags/dag_extraction.py
[2026-09-18T08:52:25.181+0000] {processor.py:840} INFO - DAG(s) 'youtube_extraction' retrieved from /opt/airflow/dags/dag_extraction.py
[2026-09-18T08:52:25.217+0000] {logging_mixin.py:188} INFO - [2026-09-18T08:52:25.217+0000] {dag.py:3096} INFO - Sync 1 DAGs
[2026-09-18T08:52:25.248+0000] {logging_mixin.py:188} INFO - [2026-09-18T08:52:25.248+0000] {dag.py:3954} INFO - Setting next_dagrun for youtube_extraction to 2026-09-18 00:00:00+00:00, run_after=2026-09-19 00:00:00+00:00
[2026-09-18T08:52:25.280+0000] {processor.py:183} INFO - Processing /opt/airflow/dags/dag_extraction.py took 0.216 seconds
[2026-09-18T08:52:55.547+0000] {processor.py:161} INFO - Started process (PID=224) to work on /opt/airflow/dags/dag_extraction.py
[2026-09-18T08:52:55.549+0000] {processor.py:830} INFO - Processing file /opt/airflow/dags/dag_extraction.py for tasks to queue
[2026-09-18T08:52:55.552+0000] {logging_mixin.py:188} INFO - [2026-09-18T08:52:55.552+0000] {dagbag.py:545} INFO - Filling up the DagBag from /opt/airflow/dags/dag_extraction.py
[2026-09-18T08:52:55.637+0000] {processor.py:840} INFO - DAG(s) 'youtube_extraction' retrieved from /opt/airflow/dags/dag_extraction.py
[2026-09-18T08:52:55.659+0000] {logging_mixin.py:188} INFO - [2026-09-18T08:52:55.659+0000] {dag.py:3096} INFO - Sync 1 DAGs
[2026-09-18T08:52:55.681+0000] {logging_mixin.py:188} INFO - [2026-09-18T08:52:55.680+0000] {dag.py:3954} INFO - Setting next_dagrun for youtube_extraction to 2026-09-18 00:00:00+00:00, run_after=2026-09-19 00:00:00+00:00
[2026-09-18T08:52:55.701+0000] {processor.py:183} INFO - Processing /opt/airflow/dags/dag_extraction.py took 0.161 seconds
[2026-09-18T08:53:25.999+0000] {processor.py:161} INFO - Started process (PID=232) to work on /opt/airflow/dags/dag_extraction.py
[2026-09-18T08:53:26.000+0000] {processor.py:830} INFO - Processing file /opt/airflow/dags/dag_extraction.py for tasks to queue
[2026-09-18T08:53:26.003+0000] {logging_mixin.py:188} INFO - [2026-09-18T08:53:26.003+0000] {dagbag.py:545} INFO - Filling up the DagBag from /opt/airflow/dags/dag_extraction.py
[2026-09-18T08:53:26.101+0000] {processor.py:840} INFO - DAG(s) 'youtube_extraction' retrieved from /opt/airflow/dags/dag_extraction.py
[2026-09-18T08:53:26.124+0000] {logging_mixin.py:188} INFO - [2026-09-18T08:53:26.124+0000] {dag.py:3096} INFO - Sync 1 DAGs
[2026-09-18T08:53:26.147+0000] {logging_mixin.py:188} INFO - [2026-09-18T08:53:26.147+0000] {dag.py:3954} INFO - Setting next_dagrun for youtube_extraction to 2026-09-18 00:00:00+00:00, run_after=2026-09-19 00:00:00+00:00
[2026-09-18T08:53:26.169+0000] {processor.py:183} INFO - Processing /opt/airflow/dags/dag_extraction.py took 0.178 seconds
[2026-09-18T08:53:56.437+0000] {processor.py:161} INFO - Started process (PID=240) to work on /opt/airflow/dags/dag_extraction.py
[2026-09-18T08:53:56.439+0000] {processor.py:830} INFO - Processing file /opt/airflow/dags/dag_extraction.py for tasks to queue
[2026-09-18T08:53:56.442+0000] {logging_mixin.py:188} INFO - [2026-09-18T08:53:56.441+0000] {dagbag.py:545} INFO - Filling up the DagBag from /opt/airflow/dags/dag_extraction.py
[2026-09-18T08:53:56.525+0000] {processor.py:840} INFO - DAG(s) 'youtube_extraction' retrieved from /opt/airflow/dags/dag_extraction.py
[2026-09-18T08:53:56.550+0000] {logging_mixin.py:188} INFO - [2026-09-18T08:53:56.550+0000] {dag.py:3096} INFO - Sync 1 DAGs
[2026-09-18T08:53:56.571+0000] {logging_mixin.py:188} INFO - [2026-09-18T08:53:56.571+0000] {dag.py:3954} INFO - Setting next_dagrun for youtube_extraction to 2026-09-18 00:00:00+00:00, run_after=2026-09-19 00:00:00+00:00
[2026-09-18T08:53:56.591+0000] {processor.py:183} INFO - Processing /opt/airflow/dags/dag_extraction.py took 0.160 seconds
[2026-09-18T08:54:26.876+0000] {processor.py:161} INFO - Started process (PID=248) to work on /opt/airflow/dags/dag_extraction.py
[2026-09-18T08:54:26.878+0000] {processor.py:830} INFO - Processing file /opt/airflow/dags/dag_extraction.py for tasks to queue
[2026-09-18T08:54:26.881+0000] {logging_mixin.py:188} INFO - [2026-09-18T08:54:26.881+0000] {dagbag.py:545} INFO - Filling up the DagBag from /opt/airflow/dags/dag_extraction.py
[2026-09-18T08:54:26.969+0000] {processor.py:840} INFO - DAG(s) 'youtube_extraction' retrieved from /opt/airflow/dags/dag_extraction.py
[2026-09-18T08:54:26.994+0000] {logging_mixin.py:188} INFO - [2026-09-18T08:54:26.993+0000] {dag.py:3096} INFO - Sync 1 DAGs
[2026-09-18T08:54:27.015+0000] {logging_mixin.py:188} INFO - [2026-09-18T08:54:27.015+0000] {dag.py:3954} INFO - Setting next_dagrun for youtube_extraction to 2026-09-18 00:00:00+00:00, run_after=2026-09-19 00:00:00+00:00
[2026-09-18T08:54:27.034+0000] {processor.py:183} INFO - Processing /opt/airflow/dags/dag_extraction.py took 0.163 seconds
[2026-09-18T08:54:57.307+0000] {processor.py:161} INFO - Started process (PID=256) to work on /opt/airflow/dags/dag_extraction.py
[2026-09-18T08:54:57.309+0000] {processor.py:830} INFO - Processing file /opt/airflow/dags/dag_extraction.py for tasks to queue
[2026-09-18T08:54:57.313+0000] {logging_mixin.py:188} INFO - [2026-09-18T08:54:57.313+0000] {dagbag.py:545} INFO - Filling up the DagBag from /opt/airflow/dags/dag_extraction.py
[2026-09-18T08:54:57.406+0000] {processor.py:840} INFO - DAG(s) 'youtube_extraction' retrieved from /opt/airflow/dags/dag_extraction.py
[2026-09-18T08:54:57.433+0000] {logging_mixin.py:188} INFO - [2026-09-18T08:54:57.432+0000] {dag.py:3096} INFO - Sync 1 DAGs
[2026-09-18T08:54:57.455+0000] {logging_mixin.py:188} INFO - [2026-09-18T08:54:57.455+0000] {dag.py:3954} INFO - Setting next_dagrun for youtube_extraction to 2026-09-18 00:00:00+00:00, run_after=2026-09-19 00:00:00+00:00
[2026-09-18T08:54:57.475+0000] {processor.py:183} INFO - Processing /opt/airflow/dags/dag_extraction.py took 0.177 seconds
[2026-09-18T08:55:27.753+0000] {processor.py:161} INFO - Started process (PID=264) to work on /opt/airflow/dags/dag_extraction.py
[2026-09-18T08:55:27.755+0000] {processor.py:830} INFO - Processing file /opt/airflow/dags/dag_extraction.py for tasks to queue
[2026-09-18T08:55:27.760+0000] {logging_mixin.py:188} INFO - [2026-09-18T08:55:27.760+0000] {dagbag.py:545} INFO - Filling up the DagBag from /opt/airflow/dags/dag_extraction.py
[2026-09-18T08:55:27.922+0000] {processor.py:840} INFO - DAG(s) 'youtube_extraction' retrieved from /opt/airflow/dags/dag_extraction.py
[2026-09-18T08:55:27.962+0000] {logging_mixin.py:188} INFO - [2026-09-18T08:55:27.962+0000] {dag.py:3096} INFO - Sync 1 DAGs
[2026-09-18T08:55:27.991+0000] {logging_mixin.py:188} INFO - [2026-09-18T08:55:27.991+0000] {dag.py:3954} INFO - Setting next_dagrun for youtube_extraction to 2026-09-18 00:00:00+00:00, run_after=2026-09-19 00:00:00+00:00
[2026-09-18T08:55:28.018+0000] {processor.py:183} INFO - Processing /opt/airflow/dags/dag_extraction.py took 0.273 seconds
[2026-09-18T08:55:58.314+0000] {processor.py:161} INFO - Started process (PID=272) to work on /opt/airflow/dags/dag_extraction.py
[2026-09-18T08:55:58.317+0000] {processor.py:830} INFO - Processing file /opt/airflow/dags/dag_extraction.py for tasks to queue
[2026-09-18T08:55:58.320+0000] {logging_mixin.py:188} INFO - [2026-09-18T08:55:58.320+0000] {dagbag.py:545} INFO - Filling up the DagBag from /opt/airflow/dags/dag_extraction.py
[2026-09-18T08:55:58.415+0000] {processor.py:840} INFO - DAG(s) 'youtube_extraction' retrieved from /opt/airflow/dags/dag_extraction.py
[2026-09-18T08:55:58.441+0000] {logging_mixin.py:188} INFO - [2026-09-18T08:55:58.440+0000] {dag.py:3096} INFO - Sync 1 DAGs
[2026-09-18T08:55:58.465+0000] {logging_mixin.py:188} INFO - [2026-09-18T08:55:58.465+0000] {dag.py:3954} INFO - Setting next_dagrun for youtube_extraction to 2026-09-18 00:00:00+00:00, run_after=2026-09-19 00:00:00+00:00
[2026-09-18T08:55:58.486+0000] {processor.py:183} INFO - Processing /opt/airflow/dags/dag_extraction.py took 0.183 seconds
[2026-09-18T08:56:28.692+0000] {processor.py:161} INFO - Started process (PID=280) to work on /opt/airflow/dags/dag_extraction.py
[2026-09-18T08:56:28.694+0000] {processor.py:830} INFO - Processing file /opt/airflow/dags/dag_extraction.py for tasks to queue
[2026-09-18T08:56:28.697+0000] {logging_mixin.py:188} INFO - [2026-09-18T08:56:28.697+0000] {dagbag.py:545} INFO - Filling up the DagBag from /opt/airflow/dags/dag_extraction.py
[2026-09-18T08:56:28.800+0000] {processor.py:840} INFO - DAG(s) 'youtube_extraction' retrieved from /opt/airflow/dags/dag_extraction.py
[2026-09-18T08:56:28.826+0000] {logging_mixin.py:188} INFO - [2026-09-18T08:56:28.825+0000] {dag.py:3096} INFO - Sync 1 DAGs
[2026-09-18T08:56:28.850+0000] {logging_mixin.py:188} INFO - [2026-09-18T08:56:28.850+0000] {dag.py:3954} INFO - Setting next_dagrun for youtube_extraction to 2026-09-18 00:00:00+00:00, run_after=2026-09-19 00:00:00+00:00
[2026-09-18T08:56:28.872+0000] {processor.py:183} INFO - Processing /opt/airflow/dags/dag_extraction.py took 0.188 seconds
[2026-09-18T08:57:15.460+0000] {processor.py:161} INFO - Started process (PID=57) to work on /opt/airflow/dags/dag_extraction.py
[2026-09-18T08:57:15.466+0000] {processor.py:830} INFO - Processing file /opt/airflow/dags/dag_extraction.py for tasks to queue
[2026-09-18T08:57:15.471+0000] {logging_mixin.py:188} INFO - [2026-09-18T08:57:15.471+0000] {dagbag.py:545} INFO - Filling up the DagBag from /opt/airflow/dags/dag_extraction.py
[2026-09-18T08:57:15.802+0000] {processor.py:840} INFO - DAG(s) 'youtube_extraction' retrieved from /opt/airflow/dags/dag_extraction.py
[2026-09-18T08:57:16.315+0000] {logging_mixin.py:188} INFO - [2026-09-18T08:57:16.315+0000] {dag.py:3096} INFO - Sync 1 DAGs
[2026-09-18T08:57:16.388+0000] {logging_mixin.py:188} INFO - [2026-09-18T08:57:16.386+0000] {dag.py:3954} INFO - Setting next_dagrun for youtube_extraction to 2026-09-18 00:00:00+00:00, run_after=2026-09-19 00:00:00+00:00
[2026-09-18T08:57:16.471+0000] {processor.py:183} INFO - Processing /opt/airflow/dags/dag_extraction.py took 1.025 seconds
[2026-09-18T08:57:46.753+0000] {processor.py:161} INFO - Started process (PID=65) to work on /opt/airflow/dags/dag_extraction.py
[2026-09-18T08:57:46.755+0000] {processor.py:830} INFO - Processing file /opt/airflow/dags/dag_extraction.py for tasks to queue
[2026-09-18T08:57:46.759+0000] {logging_mixin.py:188} INFO - [2026-09-18T08:57:46.758+0000] {dagbag.py:545} INFO - Filling up the DagBag from /opt/airflow/dags/dag_extraction.py
[2026-09-18T08:57:46.853+0000] {processor.py:840} INFO - DAG(s) 'youtube_extraction' retrieved from /opt/airflow/dags/dag_extraction.py
[2026-09-18T08:57:46.878+0000] {logging_mixin.py:188} INFO - [2026-09-18T08:57:46.877+0000] {dag.py:3096} INFO - Sync 1 DAGs
[2026-09-18T08:57:46.900+0000] {logging_mixin.py:188} INFO - [2026-09-18T08:57:46.900+0000] {dag.py:3954} INFO - Setting next_dagrun for youtube_extraction to 2026-09-18 00:00:00+00:00, run_after=2026-09-19 00:00:00+00:00
[2026-09-18T08:57:46.926+0000] {processor.py:183} INFO - Processing /opt/airflow/dags/dag_extraction.py took 0.179 seconds
[2026-09-18T08:58:17.206+0000] {processor.py:161} INFO - Started process (PID=79) to work on /opt/airflow/dags/dag_extraction.py
[2026-09-18T08:58:17.208+0000] {processor.py:830} INFO - Processing file /opt/airflow/dags/dag_extraction.py for tasks to queue
[2026-09-18T08:58:17.214+0000] {logging_mixin.py:188} INFO - [2026-09-18T08:58:17.212+0000] {dagbag.py:545} INFO - Filling up the DagBag from /opt/airflow/dags/dag_extraction.py
[2026-09-18T08:58:17.370+0000] {processor.py:840} INFO - DAG(s) 'youtube_extraction' retrieved from /opt/airflow/dags/dag_extraction.py
[2026-09-18T08:58:17.408+0000] {logging_mixin.py:188} INFO - [2026-09-18T08:58:17.407+0000] {dag.py:3096} INFO - Sync 1 DAGs
[2026-09-18T08:58:17.440+0000] {logging_mixin.py:188} INFO - [2026-09-18T08:58:17.440+0000] {dag.py:3954} INFO - Setting next_dagrun for youtube_extraction to 2026-09-18 00:00:00+00:00, run_after=2026-09-19 00:00:00+00:00
[2026-09-18T08:58:17.465+0000] {processor.py:183} INFO - Processing /opt/airflow/dags/dag_extraction.py took 0.266 seconds
[2026-09-18T08:58:47.718+0000] {processor.py:161} INFO - Started process (PID=87) to work on /opt/airflow/dags/dag_extraction.py
[2026-09-18T08:58:47.720+0000] {processor.py:830} INFO - Processing file /opt/airflow/dags/dag_extraction.py for tasks to queue
[2026-09-18T08:58:47.723+0000] {logging_mixin.py:188} INFO - [2026-09-18T08:58:47.723+0000] {dagbag.py:545} INFO - Filling up the DagBag from /opt/airflow/dags/dag_extraction.py
[2026-09-18T08:58:47.820+0000] {processor.py:840} INFO - DAG(s) 'youtube_extraction' retrieved from /opt/airflow/dags/dag_extraction.py
[2026-09-18T08:58:47.849+0000] {logging_mixin.py:188} INFO - [2026-09-18T08:58:47.849+0000] {dag.py:3096} INFO - Sync 1 DAGs
[2026-09-18T08:58:47.880+0000] {logging_mixin.py:188} INFO - [2026-09-18T08:58:47.880+0000] {dag.py:3954} INFO - Setting next_dagrun for youtube_extraction to 2026-09-18 00:00:00+00:00, run_after=2026-09-19 00:00:00+00:00
[2026-09-18T08:58:47.908+0000] {processor.py:183} INFO - Processing /opt/airflow/dags/dag_extraction.py took 0.196 seconds
[2026-09-18T08:59:18.167+0000] {processor.py:161} INFO - Started process (PID=95) to work on /opt/airflow/dags/dag_extraction.py
[2026-09-18T08:59:18.169+0000] {processor.py:830} INFO - Processing file /opt/airflow/dags/dag_extraction.py for tasks to queue
[2026-09-18T08:59:18.173+0000] {logging_mixin.py:188} INFO - [2026-09-18T08:59:18.172+0000] {dagbag.py:545} INFO - Filling up the DagBag from /opt/airflow/dags/dag_extraction.py
[2026-09-18T08:59:18.262+0000] {processor.py:840} INFO - DAG(s) 'youtube_extraction' retrieved from /opt/airflow/dags/dag_extraction.py
[2026-09-18T08:59:18.284+0000] {logging_mixin.py:188} INFO - [2026-09-18T08:59:18.284+0000] {dag.py:3096} INFO - Sync 1 DAGs
[2026-09-18T08:59:18.305+0000] {logging_mixin.py:188} INFO - [2026-09-18T08:59:18.305+0000] {dag.py:3954} INFO - Setting next_dagrun for youtube_extraction to 2026-09-18 00:00:00+00:00, run_after=2026-09-19 00:00:00+00:00
[2026-09-18T08:59:18.327+0000] {processor.py:183} INFO - Processing /opt/airflow/dags/dag_extraction.py took 0.168 seconds
[2026-09-18T08:59:48.584+0000] {processor.py:161} INFO - Started process (PID=103) to work on /opt/airflow/dags/dag_extraction.py
[2026-09-18T08:59:48.586+0000] {processor.py:830} INFO - Processing file /opt/airflow/dags/dag_extraction.py for tasks to queue
[2026-09-18T08:59:48.589+0000] {logging_mixin.py:188} INFO - [2026-09-18T08:59:48.589+0000] {dagbag.py:545} INFO - Filling up the DagBag from /opt/airflow/dags/dag_extraction.py
[2026-09-18T08:59:48.677+0000] {processor.py:840} INFO - DAG(s) 'youtube_extraction' retrieved from /opt/airflow/dags/dag_extraction.py
[2026-09-18T08:59:48.700+0000] {logging_mixin.py:188} INFO - [2026-09-18T08:59:48.700+0000] {dag.py:3096} INFO - Sync 1 DAGs
[2026-09-18T08:59:48.721+0000] {logging_mixin.py:188} INFO - [2026-09-18T08:59:48.721+0000] {dag.py:3954} INFO - Setting next_dagrun for youtube_extraction to 2026-09-18 00:00:00+00:00, run_after=2026-09-19 00:00:00+00:00
[2026-09-18T08:59:48.740+0000] {processor.py:183} INFO - Processing /opt/airflow/dags/dag_extraction.py took 0.163 seconds
[2026-09-18T09:00:19.013+0000] {processor.py:161} INFO - Started process (PID=111) to work on /opt/airflow/dags/dag_extraction.py
[2026-09-18T09:00:19.015+0000] {processor.py:830} INFO - Processing file /opt/airflow/dags/dag_extraction.py for tasks to queue
[2026-09-18T09:00:19.017+0000] {logging_mixin.py:188} INFO - [2026-09-18T09:00:19.017+0000] {dagbag.py:545} INFO - Filling up the DagBag from /opt/airflow/dags/dag_extraction.py
[2026-09-18T09:00:19.113+0000] {processor.py:840} INFO - DAG(s) 'youtube_extraction' retrieved from /opt/airflow/dags/dag_extraction.py
[2026-09-18T09:00:19.138+0000] {logging_mixin.py:188} INFO - [2026-09-18T09:00:19.137+0000] {dag.py:3096} INFO - Sync 1 DAGs
[2026-09-18T09:00:19.157+0000] {logging_mixin.py:188} INFO - [2026-09-18T09:00:19.157+0000] {dag.py:3954} INFO - Setting next_dagrun for youtube_extraction to 2026-09-18 00:00:00+00:00, run_after=2026-09-19 00:00:00+00:00
[2026-09-18T09:00:19.177+0000] {processor.py:183} INFO - Processing /opt/airflow/dags/dag_extraction.py took 0.171 seconds
[2026-09-18T09:00:49.401+0000] {processor.py:161} INFO - Started process (PID=119) to work on /opt/airflow/dags/dag_extraction.py
[2026-09-18T09:00:49.403+0000] {processor.py:830} INFO - Processing file /opt/airflow/dags/dag_extraction.py for tasks to queue
[2026-09-18T09:00:49.406+0000] {logging_mixin.py:188} INFO - [2026-09-18T09:00:49.405+0000] {dagbag.py:545} INFO - Filling up the DagBag from /opt/airflow/dags/dag_extraction.py
[2026-09-18T09:00:49.504+0000] {processor.py:840} INFO - DAG(s) 'youtube_extraction' retrieved from /opt/airflow/dags/dag_extraction.py
[2026-09-18T09:00:49.532+0000] {logging_mixin.py:188} INFO - [2026-09-18T09:00:49.532+0000] {dag.py:3096} INFO - Sync 1 DAGs
[2026-09-18T09:00:49.554+0000] {logging_mixin.py:188} INFO - [2026-09-18T09:00:49.554+0000] {dag.py:3954} INFO - Setting next_dagrun for youtube_extraction to 2026-09-18 00:00:00+00:00, run_after=2026-09-19 00:00:00+00:00
[2026-09-18T09:00:49.579+0000] {processor.py:183} INFO - Processing /opt/airflow/dags/dag_extraction.py took 0.185 seconds
[2026-09-18T09:01:19.836+0000] {processor.py:161} INFO - Started process (PID=127) to work on /opt/airflow/dags/dag_extraction.py
[2026-09-18T09:01:19.838+0000] {processor.py:830} INFO - Processing file /opt/airflow/dags/dag_extraction.py for tasks to queue
[2026-09-18T09:01:19.841+0000] {logging_mixin.py:188} INFO - [2026-09-18T09:01:19.841+0000] {dagbag.py:545} INFO - Filling up the DagBag from /opt/airflow/dags/dag_extraction.py
[2026-09-18T09:01:19.938+0000] {processor.py:840} INFO - DAG(s) 'youtube_extraction' retrieved from /opt/airflow/dags/dag_extraction.py
[2026-09-18T09:01:19.960+0000] {logging_mixin.py:188} INFO - [2026-09-18T09:01:19.959+0000] {dag.py:3096} INFO - Sync 1 DAGs
[2026-09-18T09:01:19.980+0000] {logging_mixin.py:188} INFO - [2026-09-18T09:01:19.980+0000] {dag.py:3954} INFO - Setting next_dagrun for youtube_extraction to 2026-09-18 00:00:00+00:00, run_after=2026-09-19 00:00:00+00:00
[2026-09-18T09:01:20.002+0000] {processor.py:183} INFO - Processing /opt/airflow/dags/dag_extraction.py took 0.173 seconds
[2026-09-18T09:01:50.270+0000] {processor.py:161} INFO - Started process (PID=135) to work on /opt/airflow/dags/dag_extraction.py
[2026-09-18T09:01:50.272+0000] {processor.py:830} INFO - Processing file /opt/airflow/dags/dag_extraction.py for tasks to queue
[2026-09-18T09:01:50.275+0000] {logging_mixin.py:188} INFO - [2026-09-18T09:01:50.275+0000] {dagbag.py:545} INFO - Filling up the DagBag from /opt/airflow/dags/dag_extraction.py
[2026-09-18T09:01:50.364+0000] {processor.py:840} INFO - DAG(s) 'youtube_extraction' retrieved from /opt/airflow/dags/dag_extraction.py
[2026-09-18T09:01:50.387+0000] {logging_mixin.py:188} INFO - [2026-09-18T09:01:50.387+0000] {dag.py:3096} INFO - Sync 1 DAGs
[2026-09-18T09:01:50.407+0000] {logging_mixin.py:188} INFO - [2026-09-18T09:01:50.407+0000] {dag.py:3954} INFO - Setting next_dagrun for youtube_extraction to 2026-09-18 00:00:00+00:00, run_after=2026-09-19 00:00:00+00:00
[2026-09-18T09:01:50.427+0000] {processor.py:183} INFO - Processing /opt/airflow/dags/dag_extraction.py took 0.163 seconds
[2026-09-18T09:02:20.732+0000] {processor.py:161} INFO - Started process (PID=149) to work on /opt/airflow/dags/dag_extraction.py
[2026-09-18T09:02:20.734+0000] {processor.py:830} INFO - Processing file /opt/airflow/dags/dag_extraction.py for tasks to queue
[2026-09-18T09:02:20.737+0000] {logging_mixin.py:188} INFO - [2026-09-18T09:02:20.737+0000] {dagbag.py:545} INFO - Filling up the DagBag from /opt/airflow/dags/dag_extraction.py
[2026-09-18T09:02:20.839+0000] {processor.py:840} INFO - DAG(s) 'youtube_extraction' retrieved from /opt/airflow/dags/dag_extraction.py
[2026-09-18T09:02:20.864+0000] {logging_mixin.py:188} INFO - [2026-09-18T09:02:20.864+0000] {dag.py:3096} INFO - Sync 1 DAGs
[2026-09-18T09:02:20.888+0000] {logging_mixin.py:188} INFO - [2026-09-18T09:02:20.887+0000] {dag.py:3954} INFO - Setting next_dagrun for youtube_extraction to 2026-09-18 00:00:00+00:00, run_after=2026-09-19 00:00:00+00:00
[2026-09-18T09:02:20.920+0000] {processor.py:183} INFO - Processing /opt/airflow/dags/dag_extraction.py took 0.196 seconds
[2026-09-18T09:02:51.153+0000] {processor.py:161} INFO - Started process (PID=157) to work on /opt/airflow/dags/dag_extraction.py
[2026-09-18T09:02:51.156+0000] {processor.py:830} INFO - Processing file /opt/airflow/dags/dag_extraction.py for tasks to queue
[2026-09-18T09:02:51.159+0000] {logging_mixin.py:188} INFO - [2026-09-18T09:02:51.159+0000] {dagbag.py:545} INFO - Filling up the DagBag from /opt/airflow/dags/dag_extraction.py
[2026-09-18T09:02:51.252+0000] {processor.py:840} INFO - DAG(s) 'youtube_extraction' retrieved from /opt/airflow/dags/dag_extraction.py
[2026-09-18T09:02:51.276+0000] {logging_mixin.py:188} INFO - [2026-09-18T09:02:51.276+0000] {dag.py:3096} INFO - Sync 1 DAGs
[2026-09-18T09:02:51.299+0000] {logging_mixin.py:188} INFO - [2026-09-18T09:02:51.299+0000] {dag.py:3954} INFO - Setting next_dagrun for youtube_extraction to 2026-09-18 00:00:00+00:00, run_after=2026-09-19 00:00:00+00:00
[2026-09-18T09:02:51.320+0000] {processor.py:183} INFO - Processing /opt/airflow/dags/dag_extraction.py took 0.177 seconds
[2026-09-18T09:03:21.575+0000] {processor.py:161} INFO - Started process (PID=171) to work on /opt/airflow/dags/dag_extraction.py
[2026-09-18T09:03:21.577+0000] {processor.py:830} INFO - Processing file /opt/airflow/dags/dag_extraction.py for tasks to queue
[2026-09-18T09:03:21.581+0000] {logging_mixin.py:188} INFO - [2026-09-18T09:03:21.580+0000] {dagbag.py:545} INFO - Filling up the DagBag from /opt/airflow/dags/dag_extraction.py
[2026-09-18T09:03:21.671+0000] {processor.py:840} INFO - DAG(s) 'youtube_extraction' retrieved from /opt/airflow/dags/dag_extraction.py
[2026-09-18T09:03:21.696+0000] {logging_mixin.py:188} INFO - [2026-09-18T09:03:21.696+0000] {dag.py:3096} INFO - Sync 1 DAGs
[2026-09-18T09:03:21.717+0000] {logging_mixin.py:188} INFO - [2026-09-18T09:03:21.716+0000] {dag.py:3954} INFO - Setting next_dagrun for youtube_extraction to 2026-09-18 00:00:00+00:00, run_after=2026-09-19 00:00:00+00:00
[2026-09-18T09:03:21.736+0000] {processor.py:183} INFO - Processing /opt/airflow/dags/dag_extraction.py took 0.169 seconds
[2026-09-18T09:03:52.012+0000] {processor.py:161} INFO - Started process (PID=179) to work on /opt/airflow/dags/dag_extraction.py
[2026-09-18T09:03:52.016+0000] {processor.py:830} INFO - Processing file /opt/airflow/dags/dag_extraction.py for tasks to queue
[2026-09-18T09:03:52.019+0000] {logging_mixin.py:188} INFO - [2026-09-18T09:03:52.018+0000] {dagbag.py:545} INFO - Filling up the DagBag from /opt/airflow/dags/dag_extraction.py
[2026-09-18T09:03:52.115+0000] {processor.py:840} INFO - DAG(s) 'youtube_extraction' retrieved from /opt/airflow/dags/dag_extraction.py
[2026-09-18T09:03:52.136+0000] {logging_mixin.py:188} INFO - [2026-09-18T09:03:52.136+0000] {dag.py:3096} INFO - Sync 1 DAGs
[2026-09-18T09:03:52.169+0000] {logging_mixin.py:188} INFO - [2026-09-18T09:03:52.168+0000] {dag.py:3954} INFO - Setting next_dagrun for youtube_extraction to 2026-09-18 00:00:00+00:00, run_after=2026-09-19 00:00:00+00:00
[2026-09-18T09:03:52.245+0000] {processor.py:183} INFO - Processing /opt/airflow/dags/dag_extraction.py took 0.239 seconds
[2026-09-18T09:04:22.442+0000] {processor.py:161} INFO - Started process (PID=187) to work on /opt/airflow/dags/dag_extraction.py
[2026-09-18T09:04:22.444+0000] {processor.py:830} INFO - Processing file /opt/airflow/dags/dag_extraction.py for tasks to queue
[2026-09-18T09:04:22.447+0000] {logging_mixin.py:188} INFO - [2026-09-18T09:04:22.447+0000] {dagbag.py:545} INFO - Filling up the DagBag from /opt/airflow/dags/dag_extraction.py
[2026-09-18T09:04:22.539+0000] {processor.py:840} INFO - DAG(s) 'youtube_extraction' retrieved from /opt/airflow/dags/dag_extraction.py
[2026-09-18T09:04:22.563+0000] {logging_mixin.py:188} INFO - [2026-09-18T09:04:22.562+0000] {dag.py:3096} INFO - Sync 1 DAGs
[2026-09-18T09:04:22.585+0000] {logging_mixin.py:188} INFO - [2026-09-18T09:04:22.585+0000] {dag.py:3954} INFO - Setting next_dagrun for youtube_extraction to 2026-09-18 00:00:00+00:00, run_after=2026-09-19 00:00:00+00:00
[2026-09-18T09:04:22.607+0000] {processor.py:183} INFO - Processing /opt/airflow/dags/dag_extraction.py took 0.172 seconds
[2026-09-18T09:04:52.887+0000] {processor.py:161} INFO - Started process (PID=201) to work on /opt/airflow/dags/dag_extraction.py
[2026-09-18T09:04:52.889+0000] {processor.py:830} INFO - Processing file /opt/airflow/dags/dag_extraction.py for tasks to queue
[2026-09-18T09:04:52.891+0000] {logging_mixin.py:188} INFO - [2026-09-18T09:04:52.891+0000] {dagbag.py:545} INFO - Filling up the DagBag from /opt/airflow/dags/dag_extraction.py
[2026-09-18T09:04:52.985+0000] {processor.py:840} INFO - DAG(s) 'youtube_extraction' retrieved from /opt/airflow/dags/dag_extraction.py
[2026-09-18T09:04:53.009+0000] {logging_mixin.py:188} INFO - [2026-09-18T09:04:53.008+0000] {dag.py:3096} INFO - Sync 1 DAGs
[2026-09-18T09:04:53.031+0000] {logging_mixin.py:188} INFO - [2026-09-18T09:04:53.030+0000] {dag.py:3954} INFO - Setting next_dagrun for youtube_extraction to 2026-09-18 00:00:00+00:00, run_after=2026-09-19 00:00:00+00:00
[2026-09-18T09:04:53.051+0000] {processor.py:183} INFO - Processing /opt/airflow/dags/dag_extraction.py took 0.169 seconds
[2026-09-18T09:05:23.269+0000] {processor.py:161} INFO - Started process (PID=209) to work on /opt/airflow/dags/dag_extraction.py
[2026-09-18T09:05:23.271+0000] {processor.py:830} INFO - Processing file /opt/airflow/dags/dag_extraction.py for tasks to queue
[2026-09-18T09:05:23.274+0000] {logging_mixin.py:188} INFO - [2026-09-18T09:05:23.273+0000] {dagbag.py:545} INFO - Filling up the DagBag from /opt/airflow/dags/dag_extraction.py
[2026-09-18T09:05:23.361+0000] {processor.py:840} INFO - DAG(s) 'youtube_extraction' retrieved from /opt/airflow/dags/dag_extraction.py
[2026-09-18T09:05:23.383+0000] {logging_mixin.py:188} INFO - [2026-09-18T09:05:23.382+0000] {dag.py:3096} INFO - Sync 1 DAGs
[2026-09-18T09:05:23.405+0000] {logging_mixin.py:188} INFO - [2026-09-18T09:05:23.405+0000] {dag.py:3954} INFO - Setting next_dagrun for youtube_extraction to 2026-09-18 00:00:00+00:00, run_after=2026-09-19 00:00:00+00:00
[2026-09-18T09:05:23.425+0000] {processor.py:183} INFO - Processing /opt/airflow/dags/dag_extraction.py took 0.163 seconds
[2026-09-18T09:05:53.723+0000] {processor.py:161} INFO - Started process (PID=217) to work on /opt/airflow/dags/dag_extraction.py
[2026-09-18T09:05:53.725+0000] {processor.py:830} INFO - Processing file /opt/airflow/dags/dag_extraction.py for tasks to queue
[2026-09-18T09:05:53.729+0000] {logging_mixin.py:188} INFO - [2026-09-18T09:05:53.728+0000] {dagbag.py:545} INFO - Filling up the DagBag from /opt/airflow/dags/dag_extraction.py
[2026-09-18T09:05:53.822+0000] {processor.py:840} INFO - DAG(s) 'youtube_extraction' retrieved from /opt/airflow/dags/dag_extraction.py
[2026-09-18T09:05:53.847+0000] {logging_mixin.py:188} INFO - [2026-09-18T09:05:53.846+0000] {dag.py:3096} INFO - Sync 1 DAGs
[2026-09-18T09:05:53.868+0000] {logging_mixin.py:188} INFO - [2026-09-18T09:05:53.868+0000] {dag.py:3954} INFO - Setting next_dagrun for youtube_extraction to 2026-09-18 00:00:00+00:00, run_after=2026-09-19 00:00:00+00:00
[2026-09-18T09:05:53.890+0000] {processor.py:183} INFO - Processing /opt/airflow/dags/dag_extraction.py took 0.175 seconds
[2026-09-18T09:06:24.163+0000] {processor.py:161} INFO - Started process (PID=225) to work on /opt/airflow/dags/dag_extraction.py
[2026-09-18T09:06:24.165+0000] {processor.py:830} INFO - Processing file /opt/airflow/dags/dag_extraction.py for tasks to queue
[2026-09-18T09:06:24.168+0000] {logging_mixin.py:188} INFO - [2026-09-18T09:06:24.167+0000] {dagbag.py:545} INFO - Filling up the DagBag from /opt/airflow/dags/dag_extraction.py
[2026-09-18T09:06:24.292+0000] {processor.py:840} INFO - DAG(s) 'youtube_extraction' retrieved from /opt/airflow/dags/dag_extraction.py
[2026-09-18T09:06:24.315+0000] {logging_mixin.py:188} INFO - [2026-09-18T09:06:24.314+0000] {dag.py:3096} INFO - Sync 1 DAGs
[2026-09-18T09:06:24.336+0000] {logging_mixin.py:188} INFO - [2026-09-18T09:06:24.336+0000] {dag.py:3954} INFO - Setting next_dagrun for youtube_extraction to 2026-09-18 00:00:00+00:00, run_after=2026-09-19 00:00:00+00:00
[2026-09-18T09:06:24.355+0000] {processor.py:183} INFO - Processing /opt/airflow/dags/dag_extraction.py took 0.199 seconds
[2026-09-18T09:06:54.642+0000] {processor.py:161} INFO - Started process (PID=233) to work on /opt/airflow/dags/dag_extraction.py
[2026-09-18T09:06:54.644+0000] {processor.py:830} INFO - Processing file /opt/airflow/dags/dag_extraction.py for tasks to queue
[2026-09-18T09:06:54.647+0000] {logging_mixin.py:188} INFO - [2026-09-18T09:06:54.647+0000] {dagbag.py:545} INFO - Filling up the DagBag from /opt/airflow/dags/dag_extraction.py
[2026-09-18T09:06:54.742+0000] {processor.py:840} INFO - DAG(s) 'youtube_extraction' retrieved from /opt/airflow/dags/dag_extraction.py
[2026-09-18T09:06:54.769+0000] {logging_mixin.py:188} INFO - [2026-09-18T09:06:54.768+0000] {dag.py:3096} INFO - Sync 1 DAGs
[2026-09-18T09:06:54.792+0000] {logging_mixin.py:188} INFO - [2026-09-18T09:06:54.792+0000] {dag.py:3954} INFO - Setting next_dagrun for youtube_extraction to 2026-09-18 00:00:00+00:00, run_after=2026-09-19 00:00:00+00:00
[2026-09-18T09:06:54.815+0000] {processor.py:183} INFO - Processing /opt/airflow/dags/dag_extraction.py took 0.181 seconds
[2026-09-18T09:07:25.082+0000] {processor.py:161} INFO - Started process (PID=241) to work on /opt/airflow/dags/dag_extraction.py
[2026-09-18T09:07:25.084+0000] {processor.py:830} INFO - Processing file /opt/airflow/dags/dag_extraction.py for tasks to queue
[2026-09-18T09:07:25.087+0000] {logging_mixin.py:188} INFO - [2026-09-18T09:07:25.086+0000] {dagbag.py:545} INFO - Filling up the DagBag from /opt/airflow/dags/dag_extraction.py
[2026-09-18T09:07:25.184+0000] {processor.py:840} INFO - DAG(s) 'youtube_extraction' retrieved from /opt/airflow/dags/dag_extraction.py
[2026-09-18T09:07:25.207+0000] {logging_mixin.py:188} INFO - [2026-09-18T09:07:25.206+0000] {dag.py:3096} INFO - Sync 1 DAGs
[2026-09-18T09:07:25.228+0000] {logging_mixin.py:188} INFO - [2026-09-18T09:07:25.228+0000] {dag.py:3954} INFO - Setting next_dagrun for youtube_extraction to 2026-09-18 00:00:00+00:00, run_after=2026-09-19 00:00:00+00:00
[2026-09-18T09:07:25.248+0000] {processor.py:183} INFO - Processing /opt/airflow/dags/dag_extraction.py took 0.173 seconds
[2026-09-18T09:07:55.554+0000] {processor.py:161} INFO - Started process (PID=249) to work on /opt/airflow/dags/dag_extraction.py
[2026-09-18T09:07:55.556+0000] {processor.py:830} INFO - Processing file /opt/airflow/dags/dag_extraction.py for tasks to queue
[2026-09-18T09:07:55.558+0000] {logging_mixin.py:188} INFO - [2026-09-18T09:07:55.558+0000] {dagbag.py:545} INFO - Filling up the DagBag from /opt/airflow/dags/dag_extraction.py
[2026-09-18T09:07:55.662+0000] {processor.py:840} INFO - DAG(s) 'youtube_extraction' retrieved from /opt/airflow/dags/dag_extraction.py
[2026-09-18T09:07:55.691+0000] {logging_mixin.py:188} INFO - [2026-09-18T09:07:55.690+0000] {dag.py:3096} INFO - Sync 1 DAGs
[2026-09-18T09:07:55.718+0000] {logging_mixin.py:188} INFO - [2026-09-18T09:07:55.718+0000] {dag.py:3954} INFO - Setting next_dagrun for youtube_extraction to 2026-09-18 00:00:00+00:00, run_after=2026-09-19 00:00:00+00:00
[2026-09-18T09:07:55.745+0000] {processor.py:183} INFO - Processing /opt/airflow/dags/dag_extraction.py took 0.199 seconds
[2026-09-18T09:08:25.971+0000] {processor.py:161} INFO - Started process (PID=271) to work on /opt/airflow/dags/dag_extraction.py
[2026-09-18T09:08:25.974+0000] {processor.py:830} INFO - Processing file /opt/airflow/dags/dag_extraction.py for tasks to queue
[2026-09-18T09:08:25.978+0000] {logging_mixin.py:188} INFO - [2026-09-18T09:08:25.978+0000] {dagbag.py:545} INFO - Filling up the DagBag from /opt/airflow/dags/dag_extraction.py
[2026-09-18T09:08:26.090+0000] {processor.py:840} INFO - DAG(s) 'youtube_extraction' retrieved from /opt/airflow/dags/dag_extraction.py
[2026-09-18T09:08:26.116+0000] {logging_mixin.py:188} INFO - [2026-09-18T09:08:26.115+0000] {dag.py:3096} INFO - Sync 1 DAGs
[2026-09-18T09:08:26.140+0000] {logging_mixin.py:188} INFO - [2026-09-18T09:08:26.140+0000] {dag.py:3954} INFO - Setting next_dagrun for youtube_extraction to 2026-09-18 00:00:00+00:00, run_after=2026-09-19 00:00:00+00:00
[2026-09-18T09:08:26.160+0000] {processor.py:183} INFO - Processing /opt/airflow/dags/dag_extraction.py took 0.196 seconds
[2026-09-18T09:08:56.428+0000] {processor.py:161} INFO - Started process (PID=279) to work on /opt/airflow/dags/dag_extraction.py
[2026-09-18T09:08:56.430+0000] {processor.py:830} INFO - Processing file /opt/airflow/dags/dag_extraction.py for tasks to queue
[2026-09-18T09:08:56.433+0000] {logging_mixin.py:188} INFO - [2026-09-18T09:08:56.433+0000] {dagbag.py:545} INFO - Filling up the DagBag from /opt/airflow/dags/dag_extraction.py
[2026-09-18T09:08:56.522+0000] {processor.py:840} INFO - DAG(s) 'youtube_extraction' retrieved from /opt/airflow/dags/dag_extraction.py
[2026-09-18T09:08:56.547+0000] {logging_mixin.py:188} INFO - [2026-09-18T09:08:56.546+0000] {dag.py:3096} INFO - Sync 1 DAGs
[2026-09-18T09:08:56.567+0000] {logging_mixin.py:188} INFO - [2026-09-18T09:08:56.567+0000] {dag.py:3954} INFO - Setting next_dagrun for youtube_extraction to 2026-09-18 00:00:00+00:00, run_after=2026-09-19 00:00:00+00:00
[2026-09-18T09:08:56.587+0000] {processor.py:183} INFO - Processing /opt/airflow/dags/dag_extraction.py took 0.165 seconds
[2026-09-18T09:09:26.900+0000] {processor.py:161} INFO - Started process (PID=287) to work on /opt/airflow/dags/dag_extraction.py
[2026-09-18T09:09:26.902+0000] {processor.py:830} INFO - Processing file /opt/airflow/dags/dag_extraction.py for tasks to queue
[2026-09-18T09:09:26.905+0000] {logging_mixin.py:188} INFO - [2026-09-18T09:09:26.905+0000] {dagbag.py:545} INFO - Filling up the DagBag from /opt/airflow/dags/dag_extraction.py
[2026-09-18T09:09:26.998+0000] {processor.py:840} INFO - DAG(s) 'youtube_extraction' retrieved from /opt/airflow/dags/dag_extraction.py
[2026-09-18T09:09:27.021+0000] {logging_mixin.py:188} INFO - [2026-09-18T09:09:27.021+0000] {dag.py:3096} INFO - Sync 1 DAGs
[2026-09-18T09:09:27.040+0000] {logging_mixin.py:188} INFO - [2026-09-18T09:09:27.040+0000] {dag.py:3954} INFO - Setting next_dagrun for youtube_extraction to 2026-09-18 00:00:00+00:00, run_after=2026-09-19 00:00:00+00:00
[2026-09-18T09:09:27.061+0000] {processor.py:183} INFO - Processing /opt/airflow/dags/dag_extraction.py took 0.168 seconds
[2026-09-18T09:09:57.323+0000] {processor.py:161} INFO - Started process (PID=295) to work on /opt/airflow/dags/dag_extraction.py
[2026-09-18T09:09:57.325+0000] {processor.py:830} INFO - Processing file /opt/airflow/dags/dag_extraction.py for tasks to queue
[2026-09-18T09:09:57.327+0000] {logging_mixin.py:188} INFO - [2026-09-18T09:09:57.327+0000] {dagbag.py:545} INFO - Filling up the DagBag from /opt/airflow/dags/dag_extraction.py
[2026-09-18T09:09:57.418+0000] {processor.py:840} INFO - DAG(s) 'youtube_extraction' retrieved from /opt/airflow/dags/dag_extraction.py
[2026-09-18T09:09:57.441+0000] {logging_mixin.py:188} INFO - [2026-09-18T09:09:57.440+0000] {dag.py:3096} INFO - Sync 1 DAGs
[2026-09-18T09:09:57.460+0000] {logging_mixin.py:188} INFO - [2026-09-18T09:09:57.460+0000] {dag.py:3954} INFO - Setting next_dagrun for youtube_extraction to 2026-09-18 00:00:00+00:00, run_after=2026-09-19 00:00:00+00:00
[2026-09-18T09:09:57.479+0000] {processor.py:183} INFO - Processing /opt/airflow/dags/dag_extraction.py took 0.164 seconds
[2026-09-18T09:10:27.750+0000] {processor.py:161} INFO - Started process (PID=303) to work on /opt/airflow/dags/dag_extraction.py
[2026-09-18T09:10:27.753+0000] {processor.py:830} INFO - Processing file /opt/airflow/dags/dag_extraction.py for tasks to queue
[2026-09-18T09:10:27.756+0000] {logging_mixin.py:188} INFO - [2026-09-18T09:10:27.756+0000] {dagbag.py:545} INFO - Filling up the DagBag from /opt/airflow/dags/dag_extraction.py
[2026-09-18T09:10:27.972+0000] {processor.py:840} INFO - DAG(s) 'youtube_extraction' retrieved from /opt/airflow/dags/dag_extraction.py
[2026-09-18T09:10:28.032+0000] {logging_mixin.py:188} INFO - [2026-09-18T09:10:28.031+0000] {dag.py:3096} INFO - Sync 1 DAGs
[2026-09-18T09:10:28.089+0000] {logging_mixin.py:188} INFO - [2026-09-18T09:10:28.089+0000] {dag.py:3954} INFO - Setting next_dagrun for youtube_extraction to 2026-09-18 00:00:00+00:00, run_after=2026-09-19 00:00:00+00:00
[2026-09-18T09:10:28.159+0000] {processor.py:183} INFO - Processing /opt/airflow/dags/dag_extraction.py took 0.420 seconds
[2026-09-18T09:10:58.351+0000] {processor.py:161} INFO - Started process (PID=311) to work on /opt/airflow/dags/dag_extraction.py
[2026-09-18T09:10:58.353+0000] {processor.py:830} INFO - Processing file /opt/airflow/dags/dag_extraction.py for tasks to queue
[2026-09-18T09:10:58.356+0000] {logging_mixin.py:188} INFO - [2026-09-18T09:10:58.355+0000] {dagbag.py:545} INFO - Filling up the DagBag from /opt/airflow/dags/dag_extraction.py
[2026-09-18T09:10:58.451+0000] {processor.py:840} INFO - DAG(s) 'youtube_extraction' retrieved from /opt/airflow/dags/dag_extraction.py
[2026-09-18T09:10:58.474+0000] {logging_mixin.py:188} INFO - [2026-09-18T09:10:58.474+0000] {dag.py:3096} INFO - Sync 1 DAGs
[2026-09-18T09:10:58.500+0000] {logging_mixin.py:188} INFO - [2026-09-18T09:10:58.499+0000] {dag.py:3954} INFO - Setting next_dagrun for youtube_extraction to 2026-09-18 00:00:00+00:00, run_after=2026-09-19 00:00:00+00:00
[2026-09-18T09:10:58.524+0000] {processor.py:183} INFO - Processing /opt/airflow/dags/dag_extraction.py took 0.182 seconds
[2026-09-18T09:11:28.754+0000] {processor.py:161} INFO - Started process (PID=319) to work on /opt/airflow/dags/dag_extraction.py
[2026-09-18T09:11:28.757+0000] {processor.py:830} INFO - Processing file /opt/airflow/dags/dag_extraction.py for tasks to queue
[2026-09-18T09:11:28.759+0000] {logging_mixin.py:188} INFO - [2026-09-18T09:11:28.759+0000] {dagbag.py:545} INFO - Filling up the DagBag from /opt/airflow/dags/dag_extraction.py
[2026-09-18T09:11:28.863+0000] {processor.py:840} INFO - DAG(s) 'youtube_extraction' retrieved from /opt/airflow/dags/dag_extraction.py
[2026-09-18T09:11:28.890+0000] {logging_mixin.py:188} INFO - [2026-09-18T09:11:28.890+0000] {dag.py:3096} INFO - Sync 1 DAGs
[2026-09-18T09:11:28.914+0000] {logging_mixin.py:188} INFO - [2026-09-18T09:11:28.914+0000] {dag.py:3954} INFO - Setting next_dagrun for youtube_extraction to 2026-09-18 00:00:00+00:00, run_after=2026-09-19 00:00:00+00:00
[2026-09-18T09:11:28.938+0000] {processor.py:183} INFO - Processing /opt/airflow/dags/dag_extraction.py took 0.191 seconds
[2026-09-18T09:11:59.171+0000] {processor.py:161} INFO - Started process (PID=327) to work on /opt/airflow/dags/dag_extraction.py
[2026-09-18T09:11:59.173+0000] {processor.py:830} INFO - Processing file /opt/airflow/dags/dag_extraction.py for tasks to queue
[2026-09-18T09:11:59.175+0000] {logging_mixin.py:188} INFO - [2026-09-18T09:11:59.175+0000] {dagbag.py:545} INFO - Filling up the DagBag from /opt/airflow/dags/dag_extraction.py
[2026-09-18T09:11:59.270+0000] {processor.py:840} INFO - DAG(s) 'youtube_extraction' retrieved from /opt/airflow/dags/dag_extraction.py
[2026-09-18T09:11:59.295+0000] {logging_mixin.py:188} INFO - [2026-09-18T09:11:59.294+0000] {dag.py:3096} INFO - Sync 1 DAGs
[2026-09-18T09:11:59.314+0000] {logging_mixin.py:188} INFO - [2026-09-18T09:11:59.314+0000] {dag.py:3954} INFO - Setting next_dagrun for youtube_extraction to 2026-09-18 00:00:00+00:00, run_after=2026-09-19 00:00:00+00:00
[2026-09-18T09:11:59.334+0000] {processor.py:183} INFO - Processing /opt/airflow/dags/dag_extraction.py took 0.169 seconds
[2026-09-18T09:12:29.646+0000] {processor.py:161} INFO - Started process (PID=335) to work on /opt/airflow/dags/dag_extraction.py
[2026-09-18T09:12:29.648+0000] {processor.py:830} INFO - Processing file /opt/airflow/dags/dag_extraction.py for tasks to queue
[2026-09-18T09:12:29.651+0000] {logging_mixin.py:188} INFO - [2026-09-18T09:12:29.650+0000] {dagbag.py:545} INFO - Filling up the DagBag from /opt/airflow/dags/dag_extraction.py
[2026-09-18T09:12:29.741+0000] {processor.py:840} INFO - DAG(s) 'youtube_extraction' retrieved from /opt/airflow/dags/dag_extraction.py
[2026-09-18T09:12:29.763+0000] {logging_mixin.py:188} INFO - [2026-09-18T09:12:29.763+0000] {dag.py:3096} INFO - Sync 1 DAGs
[2026-09-18T09:12:29.784+0000] {logging_mixin.py:188} INFO - [2026-09-18T09:12:29.784+0000] {dag.py:3954} INFO - Setting next_dagrun for youtube_extraction to 2026-09-18 00:00:00+00:00, run_after=2026-09-19 00:00:00+00:00
[2026-09-18T09:12:29.803+0000] {processor.py:183} INFO - Processing /opt/airflow/dags/dag_extraction.py took 0.163 seconds
[2026-09-18T09:13:00.086+0000] {processor.py:161} INFO - Started process (PID=343) to work on /opt/airflow/dags/dag_extraction.py
[2026-09-18T09:13:00.088+0000] {processor.py:830} INFO - Processing file /opt/airflow/dags/dag_extraction.py for tasks to queue
[2026-09-18T09:13:00.091+0000] {logging_mixin.py:188} INFO - [2026-09-18T09:13:00.091+0000] {dagbag.py:545} INFO - Filling up the DagBag from /opt/airflow/dags/dag_extraction.py
[2026-09-18T09:13:00.199+0000] {processor.py:840} INFO - DAG(s) 'youtube_extraction' retrieved from /opt/airflow/dags/dag_extraction.py
[2026-09-18T09:13:00.224+0000] {logging_mixin.py:188} INFO - [2026-09-18T09:13:00.223+0000] {dag.py:3096} INFO - Sync 1 DAGs
[2026-09-18T09:13:00.246+0000] {logging_mixin.py:188} INFO - [2026-09-18T09:13:00.246+0000] {dag.py:3954} INFO - Setting next_dagrun for youtube_extraction to 2026-09-18 00:00:00+00:00, run_after=2026-09-19 00:00:00+00:00
[2026-09-18T09:13:00.270+0000] {processor.py:183} INFO - Processing /opt/airflow/dags/dag_extraction.py took 0.192 seconds
[2026-09-18T09:13:30.534+0000] {processor.py:161} INFO - Started process (PID=351) to work on /opt/airflow/dags/dag_extraction.py
[2026-09-18T09:13:30.536+0000] {processor.py:830} INFO - Processing file /opt/airflow/dags/dag_extraction.py for tasks to queue
[2026-09-18T09:13:30.539+0000] {logging_mixin.py:188} INFO - [2026-09-18T09:13:30.539+0000] {dagbag.py:545} INFO - Filling up the DagBag from /opt/airflow/dags/dag_extraction.py
[2026-09-18T09:13:30.637+0000] {processor.py:840} INFO - DAG(s) 'youtube_extraction' retrieved from /opt/airflow/dags/dag_extraction.py
[2026-09-18T09:13:30.662+0000] {logging_mixin.py:188} INFO - [2026-09-18T09:13:30.662+0000] {dag.py:3096} INFO - Sync 1 DAGs
[2026-09-18T09:13:30.688+0000] {logging_mixin.py:188} INFO - [2026-09-18T09:13:30.688+0000] {dag.py:3954} INFO - Setting next_dagrun for youtube_extraction to 2026-09-18 00:00:00+00:00, run_after=2026-09-19 00:00:00+00:00
[2026-09-18T09:13:30.712+0000] {processor.py:183} INFO - Processing /opt/airflow/dags/dag_extraction.py took 0.186 seconds
[2026-09-18T09:14:00.974+0000] {processor.py:161} INFO - Started process (PID=359) to work on /opt/airflow/dags/dag_extraction.py
[2026-09-18T09:14:00.976+0000] {processor.py:830} INFO - Processing file /opt/airflow/dags/dag_extraction.py for tasks to queue
[2026-09-18T09:14:00.981+0000] {logging_mixin.py:188} INFO - [2026-09-18T09:14:00.980+0000] {dagbag.py:545} INFO - Filling up the DagBag from /opt/airflow/dags/dag_extraction.py
[2026-09-18T09:14:01.090+0000] {processor.py:840} INFO - DAG(s) 'youtube_extraction' retrieved from /opt/airflow/dags/dag_extraction.py
[2026-09-18T09:14:01.115+0000] {logging_mixin.py:188} INFO - [2026-09-18T09:14:01.114+0000] {dag.py:3096} INFO - Sync 1 DAGs
[2026-09-18T09:14:01.137+0000] {logging_mixin.py:188} INFO - [2026-09-18T09:14:01.137+0000] {dag.py:3954} INFO - Setting next_dagrun for youtube_extraction to 2026-09-18 00:00:00+00:00, run_after=2026-09-19 00:00:00+00:00
[2026-09-18T09:14:01.155+0000] {processor.py:183} INFO - Processing /opt/airflow/dags/dag_extraction.py took 0.190 seconds
[2026-09-18T09:14:31.445+0000] {processor.py:161} INFO - Started process (PID=367) to work on /opt/airflow/dags/dag_extraction.py
[2026-09-18T09:14:31.447+0000] {processor.py:830} INFO - Processing file /opt/airflow/dags/dag_extraction.py for tasks to queue
[2026-09-18T09:14:31.451+0000] {logging_mixin.py:188} INFO - [2026-09-18T09:14:31.450+0000] {dagbag.py:545} INFO - Filling up the DagBag from /opt/airflow/dags/dag_extraction.py
[2026-09-18T09:14:31.553+0000] {processor.py:840} INFO - DAG(s) 'youtube_extraction' retrieved from /opt/airflow/dags/dag_extraction.py
[2026-09-18T09:14:31.580+0000] {logging_mixin.py:188} INFO - [2026-09-18T09:14:31.579+0000] {dag.py:3096} INFO - Sync 1 DAGs
[2026-09-18T09:14:31.603+0000] {logging_mixin.py:188} INFO - [2026-09-18T09:14:31.603+0000] {dag.py:3954} INFO - Setting next_dagrun for youtube_extraction to 2026-09-18 00:00:00+00:00, run_after=2026-09-19 00:00:00+00:00
[2026-09-18T09:14:31.625+0000] {processor.py:183} INFO - Processing /opt/airflow/dags/dag_extraction.py took 0.187 seconds
[2026-09-18T09:15:01.884+0000] {processor.py:161} INFO - Started process (PID=375) to work on /opt/airflow/dags/dag_extraction.py
[2026-09-18T09:15:01.886+0000] {processor.py:830} INFO - Processing file /opt/airflow/dags/dag_extraction.py for tasks to queue
[2026-09-18T09:15:01.889+0000] {logging_mixin.py:188} INFO - [2026-09-18T09:15:01.889+0000] {dagbag.py:545} INFO - Filling up the DagBag from /opt/airflow/dags/dag_extraction.py
[2026-09-18T09:15:01.979+0000] {processor.py:840} INFO - DAG(s) 'youtube_extraction' retrieved from /opt/airflow/dags/dag_extraction.py
[2026-09-18T09:15:02.001+0000] {logging_mixin.py:188} INFO - [2026-09-18T09:15:02.001+0000] {dag.py:3096} INFO - Sync 1 DAGs
[2026-09-18T09:15:02.022+0000] {logging_mixin.py:188} INFO - [2026-09-18T09:15:02.022+0000] {dag.py:3954} INFO - Setting next_dagrun for youtube_extraction to 2026-09-18 00:00:00+00:00, run_after=2026-09-19 00:00:00+00:00
[2026-09-18T09:15:02.042+0000] {processor.py:183} INFO - Processing /opt/airflow/dags/dag_extraction.py took 0.164 seconds
[2026-09-18T09:15:32.324+0000] {processor.py:161} INFO - Started process (PID=383) to work on /opt/airflow/dags/dag_extraction.py
[2026-09-18T09:15:32.326+0000] {processor.py:830} INFO - Processing file /opt/airflow/dags/dag_extraction.py for tasks to queue
[2026-09-18T09:15:32.330+0000] {logging_mixin.py:188} INFO - [2026-09-18T09:15:32.330+0000] {dagbag.py:545} INFO - Filling up the DagBag from /opt/airflow/dags/dag_extraction.py
[2026-09-18T09:15:32.437+0000] {processor.py:840} INFO - DAG(s) 'youtube_extraction' retrieved from /opt/airflow/dags/dag_extraction.py
[2026-09-18T09:15:32.463+0000] {logging_mixin.py:188} INFO - [2026-09-18T09:15:32.463+0000] {dag.py:3096} INFO - Sync 1 DAGs
[2026-09-18T09:15:32.488+0000] {logging_mixin.py:188} INFO - [2026-09-18T09:15:32.487+0000] {dag.py:3954} INFO - Setting next_dagrun for youtube_extraction to 2026-09-18 00:00:00+00:00, run_after=2026-09-19 00:00:00+00:00
[2026-09-18T09:15:32.510+0000] {processor.py:183} INFO - Processing /opt/airflow/dags/dag_extraction.py took 0.195 seconds
[2026-09-18T09:16:02.746+0000] {processor.py:161} INFO - Started process (PID=391) to work on /opt/airflow/dags/dag_extraction.py
[2026-09-18T09:16:02.749+0000] {processor.py:830} INFO - Processing file /opt/airflow/dags/dag_extraction.py for tasks to queue
[2026-09-18T09:16:02.755+0000] {logging_mixin.py:188} INFO - [2026-09-18T09:16:02.754+0000] {dagbag.py:545} INFO - Filling up the DagBag from /opt/airflow/dags/dag_extraction.py
[2026-09-18T09:16:02.873+0000] {processor.py:840} INFO - DAG(s) 'youtube_extraction' retrieved from /opt/airflow/dags/dag_extraction.py
[2026-09-18T09:16:02.902+0000] {logging_mixin.py:188} INFO - [2026-09-18T09:16:02.901+0000] {dag.py:3096} INFO - Sync 1 DAGs
[2026-09-18T09:16:02.928+0000] {logging_mixin.py:188} INFO - [2026-09-18T09:16:02.927+0000] {dag.py:3954} INFO - Setting next_dagrun for youtube_extraction to 2026-09-18 00:00:00+00:00, run_after=2026-09-19 00:00:00+00:00
[2026-09-18T09:16:02.953+0000] {processor.py:183} INFO - Processing /opt/airflow/dags/dag_extraction.py took 0.218 seconds
[2026-09-18T09:16:33.181+0000] {processor.py:161} INFO - Started process (PID=399) to work on /opt/airflow/dags/dag_extraction.py
[2026-09-18T09:16:33.183+0000] {processor.py:830} INFO - Processing file /opt/airflow/dags/dag_extraction.py for tasks to queue
[2026-09-18T09:16:33.187+0000] {logging_mixin.py:188} INFO - [2026-09-18T09:16:33.187+0000] {dagbag.py:545} INFO - Filling up the DagBag from /opt/airflow/dags/dag_extraction.py
[2026-09-18T09:16:33.306+0000] {processor.py:840} INFO - DAG(s) 'youtube_extraction' retrieved from /opt/airflow/dags/dag_extraction.py
[2026-09-18T09:16:33.339+0000] {logging_mixin.py:188} INFO - [2026-09-18T09:16:33.339+0000] {dag.py:3096} INFO - Sync 1 DAGs
[2026-09-18T09:16:33.371+0000] {logging_mixin.py:188} INFO - [2026-09-18T09:16:33.371+0000] {dag.py:3954} INFO - Setting next_dagrun for youtube_extraction to 2026-09-18 00:00:00+00:00, run_after=2026-09-19 00:00:00+00:00
[2026-09-18T09:16:33.394+0000] {processor.py:183} INFO - Processing /opt/airflow/dags/dag_extraction.py took 0.223 seconds
[2026-09-18T09:17:03.652+0000] {processor.py:161} INFO - Started process (PID=407) to work on /opt/airflow/dags/dag_extraction.py
[2026-09-18T09:17:03.655+0000] {processor.py:830} INFO - Processing file /opt/airflow/dags/dag_extraction.py for tasks to queue
[2026-09-18T09:17:03.661+0000] {logging_mixin.py:188} INFO - [2026-09-18T09:17:03.661+0000] {dagbag.py:545} INFO - Filling up the DagBag from /opt/airflow/dags/dag_extraction.py
[2026-09-18T09:17:03.766+0000] {processor.py:840} INFO - DAG(s) 'youtube_extraction' retrieved from /opt/airflow/dags/dag_extraction.py
[2026-09-18T09:17:03.794+0000] {logging_mixin.py:188} INFO - [2026-09-18T09:17:03.793+0000] {dag.py:3096} INFO - Sync 1 DAGs
[2026-09-18T09:17:03.817+0000] {logging_mixin.py:188} INFO - [2026-09-18T09:17:03.817+0000] {dag.py:3954} INFO - Setting next_dagrun for youtube_extraction to 2026-09-18 00:00:00+00:00, run_after=2026-09-19 00:00:00+00:00
[2026-09-18T09:17:03.844+0000] {processor.py:183} INFO - Processing /opt/airflow/dags/dag_extraction.py took 0.198 seconds
[2026-09-18T09:17:34.140+0000] {processor.py:161} INFO - Started process (PID=415) to work on /opt/airflow/dags/dag_extraction.py
[2026-09-18T09:17:34.142+0000] {processor.py:830} INFO - Processing file /opt/airflow/dags/dag_extraction.py for tasks to queue
[2026-09-18T09:17:34.147+0000] {logging_mixin.py:188} INFO - [2026-09-18T09:17:34.146+0000] {dagbag.py:545} INFO - Filling up the DagBag from /opt/airflow/dags/dag_extraction.py
[2026-09-18T09:17:34.251+0000] {processor.py:840} INFO - DAG(s) 'youtube_extraction' retrieved from /opt/airflow/dags/dag_extraction.py
[2026-09-18T09:17:34.273+0000] {logging_mixin.py:188} INFO - [2026-09-18T09:17:34.273+0000] {dag.py:3096} INFO - Sync 1 DAGs
[2026-09-18T09:17:34.295+0000] {logging_mixin.py:188} INFO - [2026-09-18T09:17:34.294+0000] {dag.py:3954} INFO - Setting next_dagrun for youtube_extraction to 2026-09-18 00:00:00+00:00, run_after=2026-09-19 00:00:00+00:00
[2026-09-18T09:17:34.314+0000] {processor.py:183} INFO - Processing /opt/airflow/dags/dag_extraction.py took 0.182 seconds
[2026-09-18T09:18:04.557+0000] {processor.py:161} INFO - Started process (PID=423) to work on /opt/airflow/dags/dag_extraction.py
[2026-09-18T09:18:04.559+0000] {processor.py:830} INFO - Processing file /opt/airflow/dags/dag_extraction.py for tasks to queue
[2026-09-18T09:18:04.562+0000] {logging_mixin.py:188} INFO - [2026-09-18T09:18:04.562+0000] {dagbag.py:545} INFO - Filling up the DagBag from /opt/airflow/dags/dag_extraction.py
[2026-09-18T09:18:04.663+0000] {processor.py:840} INFO - DAG(s) 'youtube_extraction' retrieved from /opt/airflow/dags/dag_extraction.py
[2026-09-18T09:18:04.686+0000] {logging_mixin.py:188} INFO - [2026-09-18T09:18:04.686+0000] {dag.py:3096} INFO - Sync 1 DAGs
[2026-09-18T09:18:04.707+0000] {logging_mixin.py:188} INFO - [2026-09-18T09:18:04.707+0000] {dag.py:3954} INFO - Setting next_dagrun for youtube_extraction to 2026-09-18 00:00:00+00:00, run_after=2026-09-19 00:00:00+00:00
[2026-09-18T09:18:04.728+0000] {processor.py:183} INFO - Processing /opt/airflow/dags/dag_extraction.py took 0.178 seconds
[2026-09-18T09:18:34.975+0000] {processor.py:161} INFO - Started process (PID=431) to work on /opt/airflow/dags/dag_extraction.py
[2026-09-18T09:18:34.977+0000] {processor.py:830} INFO - Processing file /opt/airflow/dags/dag_extraction.py for tasks to queue
[2026-09-18T09:18:34.980+0000] {logging_mixin.py:188} INFO - [2026-09-18T09:18:34.980+0000] {dagbag.py:545} INFO - Filling up the DagBag from /opt/airflow/dags/dag_extraction.py
[2026-09-18T09:18:35.070+0000] {processor.py:840} INFO - DAG(s) 'youtube_extraction' retrieved from /opt/airflow/dags/dag_extraction.py
[2026-09-18T09:18:35.092+0000] {logging_mixin.py:188} INFO - [2026-09-18T09:18:35.092+0000] {dag.py:3096} INFO - Sync 1 DAGs
[2026-09-18T09:18:35.112+0000] {logging_mixin.py:188} INFO - [2026-09-18T09:18:35.112+0000] {dag.py:3954} INFO - Setting next_dagrun for youtube_extraction to 2026-09-18 00:00:00+00:00, run_after=2026-09-19 00:00:00+00:00
[2026-09-18T09:18:35.132+0000] {processor.py:183} INFO - Processing /opt/airflow/dags/dag_extraction.py took 0.163 seconds
[2026-09-18T09:19:05.399+0000] {processor.py:161} INFO - Started process (PID=439) to work on /opt/airflow/dags/dag_extraction.py
[2026-09-18T09:19:05.402+0000] {processor.py:830} INFO - Processing file /opt/airflow/dags/dag_extraction.py for tasks to queue
[2026-09-18T09:19:05.405+0000] {logging_mixin.py:188} INFO - [2026-09-18T09:19:05.405+0000] {dagbag.py:545} INFO - Filling up the DagBag from /opt/airflow/dags/dag_extraction.py
[2026-09-18T09:19:05.501+0000] {processor.py:840} INFO - DAG(s) 'youtube_extraction' retrieved from /opt/airflow/dags/dag_extraction.py
[2026-09-18T09:19:05.523+0000] {logging_mixin.py:188} INFO - [2026-09-18T09:19:05.523+0000] {dag.py:3096} INFO - Sync 1 DAGs
[2026-09-18T09:19:05.546+0000] {logging_mixin.py:188} INFO - [2026-09-18T09:19:05.546+0000] {dag.py:3954} INFO - Setting next_dagrun for youtube_extraction to 2026-09-18 00:00:00+00:00, run_after=2026-09-19 00:00:00+00:00
[2026-09-18T09:19:05.566+0000] {processor.py:183} INFO - Processing /opt/airflow/dags/dag_extraction.py took 0.178 seconds
[2026-09-18T09:19:35.850+0000] {processor.py:161} INFO - Started process (PID=447) to work on /opt/airflow/dags/dag_extraction.py
[2026-09-18T09:19:35.852+0000] {processor.py:830} INFO - Processing file /opt/airflow/dags/dag_extraction.py for tasks to queue
[2026-09-18T09:19:35.855+0000] {logging_mixin.py:188} INFO - [2026-09-18T09:19:35.855+0000] {dagbag.py:545} INFO - Filling up the DagBag from /opt/airflow/dags/dag_extraction.py
[2026-09-18T09:19:35.942+0000] {processor.py:840} INFO - DAG(s) 'youtube_extraction' retrieved from /opt/airflow/dags/dag_extraction.py
[2026-09-18T09:19:35.968+0000] {logging_mixin.py:188} INFO - [2026-09-18T09:19:35.967+0000] {dag.py:3096} INFO - Sync 1 DAGs
[2026-09-18T09:19:35.989+0000] {logging_mixin.py:188} INFO - [2026-09-18T09:19:35.989+0000] {dag.py:3954} INFO - Setting next_dagrun for youtube_extraction to 2026-09-18 00:00:00+00:00, run_after=2026-09-19 00:00:00+00:00
[2026-09-18T09:19:36.010+0000] {processor.py:183} INFO - Processing /opt/airflow/dags/dag_extraction.py took 0.168 seconds
[2026-09-18T09:20:06.269+0000] {processor.py:161} INFO - Started process (PID=469) to work on /opt/airflow/dags/dag_extraction.py
[2026-09-18T09:20:06.272+0000] {processor.py:830} INFO - Processing file /opt/airflow/dags/dag_extraction.py for tasks to queue
[2026-09-18T09:20:06.275+0000] {logging_mixin.py:188} INFO - [2026-09-18T09:20:06.275+0000] {dagbag.py:545} INFO - Filling up the DagBag from /opt/airflow/dags/dag_extraction.py
[2026-09-18T09:20:06.375+0000] {processor.py:840} INFO - DAG(s) 'youtube_extraction' retrieved from /opt/airflow/dags/dag_extraction.py
[2026-09-18T09:20:06.400+0000] {logging_mixin.py:188} INFO - [2026-09-18T09:20:06.400+0000] {dag.py:3096} INFO - Sync 1 DAGs
[2026-09-18T09:20:06.424+0000] {logging_mixin.py:188} INFO - [2026-09-18T09:20:06.423+0000] {dag.py:3954} INFO - Setting next_dagrun for youtube_extraction to 2026-09-18 00:00:00+00:00, run_after=2026-09-19 00:00:00+00:00
[2026-09-18T09:20:06.443+0000] {processor.py:183} INFO - Processing /opt/airflow/dags/dag_extraction.py took 0.182 seconds
[2026-09-18T09:20:36.694+0000] {processor.py:161} INFO - Started process (PID=491) to work on /opt/airflow/dags/dag_extraction.py
[2026-09-18T09:20:36.696+0000] {processor.py:830} INFO - Processing file /opt/airflow/dags/dag_extraction.py for tasks to queue
[2026-09-18T09:20:36.699+0000] {logging_mixin.py:188} INFO - [2026-09-18T09:20:36.698+0000] {dagbag.py:545} INFO - Filling up the DagBag from /opt/airflow/dags/dag_extraction.py
[2026-09-18T09:20:36.795+0000] {processor.py:840} INFO - DAG(s) 'youtube_extraction' retrieved from /opt/airflow/dags/dag_extraction.py
[2026-09-18T09:20:36.818+0000] {logging_mixin.py:188} INFO - [2026-09-18T09:20:36.817+0000] {dag.py:3096} INFO - Sync 1 DAGs
[2026-09-18T09:20:36.843+0000] {logging_mixin.py:188} INFO - [2026-09-18T09:20:36.842+0000] {dag.py:3954} INFO - Setting next_dagrun for youtube_extraction to 2026-09-18 00:00:00+00:00, run_after=2026-09-19 00:00:00+00:00
[2026-09-18T09:20:36.863+0000] {processor.py:183} INFO - Processing /opt/airflow/dags/dag_extraction.py took 0.175 seconds
[2026-09-18T09:21:07.124+0000] {processor.py:161} INFO - Started process (PID=499) to work on /opt/airflow/dags/dag_extraction.py
[2026-09-18T09:21:07.126+0000] {processor.py:830} INFO - Processing file /opt/airflow/dags/dag_extraction.py for tasks to queue
[2026-09-18T09:21:07.129+0000] {logging_mixin.py:188} INFO - [2026-09-18T09:21:07.129+0000] {dagbag.py:545} INFO - Filling up the DagBag from /opt/airflow/dags/dag_extraction.py
[2026-09-18T09:21:07.235+0000] {processor.py:840} INFO - DAG(s) 'youtube_extraction' retrieved from /opt/airflow/dags/dag_extraction.py
[2026-09-18T09:21:07.259+0000] {logging_mixin.py:188} INFO - [2026-09-18T09:21:07.259+0000] {dag.py:3096} INFO - Sync 1 DAGs
[2026-09-18T09:21:07.282+0000] {logging_mixin.py:188} INFO - [2026-09-18T09:21:07.281+0000] {dag.py:3954} INFO - Setting next_dagrun for youtube_extraction to 2026-09-18 00:00:00+00:00, run_after=2026-09-19 00:00:00+00:00
[2026-09-18T09:21:07.305+0000] {processor.py:183} INFO - Processing /opt/airflow/dags/dag_extraction.py took 0.188 seconds
[2026-09-18T09:21:37.559+0000] {processor.py:161} INFO - Started process (PID=521) to work on /opt/airflow/dags/dag_extraction.py
[2026-09-18T09:21:37.561+0000] {processor.py:830} INFO - Processing file /opt/airflow/dags/dag_extraction.py for tasks to queue
[2026-09-18T09:21:37.563+0000] {logging_mixin.py:188} INFO - [2026-09-18T09:21:37.563+0000] {dagbag.py:545} INFO - Filling up the DagBag from /opt/airflow/dags/dag_extraction.py
[2026-09-18T09:21:37.654+0000] {processor.py:840} INFO - DAG(s) 'youtube_extraction' retrieved from /opt/airflow/dags/dag_extraction.py
[2026-09-18T09:21:37.677+0000] {logging_mixin.py:188} INFO - [2026-09-18T09:21:37.677+0000] {dag.py:3096} INFO - Sync 1 DAGs
[2026-09-18T09:21:37.697+0000] {logging_mixin.py:188} INFO - [2026-09-18T09:21:37.697+0000] {dag.py:3954} INFO - Setting next_dagrun for youtube_extraction to 2026-09-18 00:00:00+00:00, run_after=2026-09-19 00:00:00+00:00
[2026-09-18T09:21:37.719+0000] {processor.py:183} INFO - Processing /opt/airflow/dags/dag_extraction.py took 0.165 seconds
[2026-09-18T09:22:08.008+0000] {processor.py:161} INFO - Started process (PID=529) to work on /opt/airflow/dags/dag_extraction.py
[2026-09-18T09:22:08.010+0000] {processor.py:830} INFO - Processing file /opt/airflow/dags/dag_extraction.py for tasks to queue
[2026-09-18T09:22:08.012+0000] {logging_mixin.py:188} INFO - [2026-09-18T09:22:08.012+0000] {dagbag.py:545} INFO - Filling up the DagBag from /opt/airflow/dags/dag_extraction.py
[2026-09-18T09:22:08.105+0000] {processor.py:840} INFO - DAG(s) 'youtube_extraction' retrieved from /opt/airflow/dags/dag_extraction.py
[2026-09-18T09:22:08.128+0000] {logging_mixin.py:188} INFO - [2026-09-18T09:22:08.128+0000] {dag.py:3096} INFO - Sync 1 DAGs
[2026-09-18T09:22:08.149+0000] {logging_mixin.py:188} INFO - [2026-09-18T09:22:08.149+0000] {dag.py:3954} INFO - Setting next_dagrun for youtube_extraction to 2026-09-18 00:00:00+00:00, run_after=2026-09-19 00:00:00+00:00
[2026-09-18T09:22:08.170+0000] {processor.py:183} INFO - Processing /opt/airflow/dags/dag_extraction.py took 0.169 seconds
[2026-09-18T09:22:38.488+0000] {processor.py:161} INFO - Started process (PID=537) to work on /opt/airflow/dags/dag_extraction.py
[2026-09-18T09:22:38.491+0000] {processor.py:830} INFO - Processing file /opt/airflow/dags/dag_extraction.py for tasks to queue
[2026-09-18T09:22:38.494+0000] {logging_mixin.py:188} INFO - [2026-09-18T09:22:38.494+0000] {dagbag.py:545} INFO - Filling up the DagBag from /opt/airflow/dags/dag_extraction.py
[2026-09-18T09:22:38.612+0000] {processor.py:840} INFO - DAG(s) 'youtube_extraction' retrieved from /opt/airflow/dags/dag_extraction.py
[2026-09-18T09:22:38.638+0000] {logging_mixin.py:188} INFO - [2026-09-18T09:22:38.638+0000] {dag.py:3096} INFO - Sync 1 DAGs
[2026-09-18T09:22:38.661+0000] {logging_mixin.py:188} INFO - [2026-09-18T09:22:38.660+0000] {dag.py:3954} INFO - Setting next_dagrun for youtube_extraction to 2026-09-18 00:00:00+00:00, run_after=2026-09-19 00:00:00+00:00
[2026-09-18T09:22:38.682+0000] {processor.py:183} INFO - Processing /opt/airflow/dags/dag_extraction.py took 0.206 seconds
[2026-09-18T09:23:08.949+0000] {processor.py:161} INFO - Started process (PID=545) to work on /opt/airflow/dags/dag_extraction.py
[2026-09-18T09:23:08.951+0000] {processor.py:830} INFO - Processing file /opt/airflow/dags/dag_extraction.py for tasks to queue
[2026-09-18T09:23:08.953+0000] {logging_mixin.py:188} INFO - [2026-09-18T09:23:08.953+0000] {dagbag.py:545} INFO - Filling up the DagBag from /opt/airflow/dags/dag_extraction.py
[2026-09-18T09:23:09.048+0000] {processor.py:840} INFO - DAG(s) 'youtube_extraction' retrieved from /opt/airflow/dags/dag_extraction.py
[2026-09-18T09:23:09.073+0000] {logging_mixin.py:188} INFO - [2026-09-18T09:23:09.072+0000] {dag.py:3096} INFO - Sync 1 DAGs
[2026-09-18T09:23:09.094+0000] {logging_mixin.py:188} INFO - [2026-09-18T09:23:09.094+0000] {dag.py:3954} INFO - Setting next_dagrun for youtube_extraction to 2026-09-18 00:00:00+00:00, run_after=2026-09-19 00:00:00+00:00
[2026-09-18T09:23:09.116+0000] {processor.py:183} INFO - Processing /opt/airflow/dags/dag_extraction.py took 0.175 seconds
[2026-09-18T09:23:39.369+0000] {processor.py:161} INFO - Started process (PID=553) to work on /opt/airflow/dags/dag_extraction.py
[2026-09-18T09:23:39.371+0000] {processor.py:830} INFO - Processing file /opt/airflow/dags/dag_extraction.py for tasks to queue
[2026-09-18T09:23:39.374+0000] {logging_mixin.py:188} INFO - [2026-09-18T09:23:39.373+0000] {dagbag.py:545} INFO - Filling up the DagBag from /opt/airflow/dags/dag_extraction.py
[2026-09-18T09:23:39.462+0000] {processor.py:840} INFO - DAG(s) 'youtube_extraction' retrieved from /opt/airflow/dags/dag_extraction.py
[2026-09-18T09:23:39.487+0000] {logging_mixin.py:188} INFO - [2026-09-18T09:23:39.487+0000] {dag.py:3096} INFO - Sync 1 DAGs
[2026-09-18T09:23:39.511+0000] {logging_mixin.py:188} INFO - [2026-09-18T09:23:39.510+0000] {dag.py:3954} INFO - Setting next_dagrun for youtube_extraction to 2026-09-18 00:00:00+00:00, run_after=2026-09-19 00:00:00+00:00
[2026-09-18T09:23:39.531+0000] {processor.py:183} INFO - Processing /opt/airflow/dags/dag_extraction.py took 0.169 seconds
[2026-09-18T09:24:09.809+0000] {processor.py:161} INFO - Started process (PID=561) to work on /opt/airflow/dags/dag_extraction.py
[2026-09-18T09:24:09.811+0000] {processor.py:830} INFO - Processing file /opt/airflow/dags/dag_extraction.py for tasks to queue
[2026-09-18T09:24:09.814+0000] {logging_mixin.py:188} INFO - [2026-09-18T09:24:09.814+0000] {dagbag.py:545} INFO - Filling up the DagBag from /opt/airflow/dags/dag_extraction.py
[2026-09-18T09:24:09.907+0000] {processor.py:840} INFO - DAG(s) 'youtube_extraction' retrieved from /opt/airflow/dags/dag_extraction.py
[2026-09-18T09:24:09.931+0000] {logging_mixin.py:188} INFO - [2026-09-18T09:24:09.930+0000] {dag.py:3096} INFO - Sync 1 DAGs
[2026-09-18T09:24:09.952+0000] {logging_mixin.py:188} INFO - [2026-09-18T09:24:09.952+0000] {dag.py:3954} INFO - Setting next_dagrun for youtube_extraction to 2026-09-18 00:00:00+00:00, run_after=2026-09-19 00:00:00+00:00
[2026-09-18T09:24:09.974+0000] {processor.py:183} INFO - Processing /opt/airflow/dags/dag_extraction.py took 0.172 seconds
[2026-09-18T09:24:40.230+0000] {processor.py:161} INFO - Started process (PID=569) to work on /opt/airflow/dags/dag_extraction.py
[2026-09-18T09:24:40.233+0000] {processor.py:830} INFO - Processing file /opt/airflow/dags/dag_extraction.py for tasks to queue
[2026-09-18T09:24:40.235+0000] {logging_mixin.py:188} INFO - [2026-09-18T09:24:40.235+0000] {dagbag.py:545} INFO - Filling up the DagBag from /opt/airflow/dags/dag_extraction.py
[2026-09-18T09:24:40.325+0000] {processor.py:840} INFO - DAG(s) 'youtube_extraction' retrieved from /opt/airflow/dags/dag_extraction.py
[2026-09-18T09:24:40.350+0000] {logging_mixin.py:188} INFO - [2026-09-18T09:24:40.350+0000] {dag.py:3096} INFO - Sync 1 DAGs
[2026-09-18T09:24:40.370+0000] {logging_mixin.py:188} INFO - [2026-09-18T09:24:40.370+0000] {dag.py:3954} INFO - Setting next_dagrun for youtube_extraction to 2026-09-18 00:00:00+00:00, run_after=2026-09-19 00:00:00+00:00
[2026-09-18T09:24:40.390+0000] {processor.py:183} INFO - Processing /opt/airflow/dags/dag_extraction.py took 0.167 seconds
[2026-09-18T09:25:10.656+0000] {processor.py:161} INFO - Started process (PID=577) to work on /opt/airflow/dags/dag_extraction.py
[2026-09-18T09:25:10.658+0000] {processor.py:830} INFO - Processing file /opt/airflow/dags/dag_extraction.py for tasks to queue
[2026-09-18T09:25:10.661+0000] {logging_mixin.py:188} INFO - [2026-09-18T09:25:10.661+0000] {dagbag.py:545} INFO - Filling up the DagBag from /opt/airflow/dags/dag_extraction.py
[2026-09-18T09:25:10.758+0000] {processor.py:840} INFO - DAG(s) 'youtube_extraction' retrieved from /opt/airflow/dags/dag_extraction.py
[2026-09-18T09:25:10.784+0000] {logging_mixin.py:188} INFO - [2026-09-18T09:25:10.784+0000] {dag.py:3096} INFO - Sync 1 DAGs
[2026-09-18T09:25:10.826+0000] {logging_mixin.py:188} INFO - [2026-09-18T09:25:10.825+0000] {dag.py:3954} INFO - Setting next_dagrun for youtube_extraction to 2026-09-18 00:00:00+00:00, run_after=2026-09-19 00:00:00+00:00
[2026-09-18T09:25:10.862+0000] {processor.py:183} INFO - Processing /opt/airflow/dags/dag_extraction.py took 0.214 seconds
[2026-09-18T09:25:41.135+0000] {processor.py:161} INFO - Started process (PID=585) to work on /opt/airflow/dags/dag_extraction.py
[2026-09-18T09:25:41.137+0000] {processor.py:830} INFO - Processing file /opt/airflow/dags/dag_extraction.py for tasks to queue
[2026-09-18T09:25:41.139+0000] {logging_mixin.py:188} INFO - [2026-09-18T09:25:41.139+0000] {dagbag.py:545} INFO - Filling up the DagBag from /opt/airflow/dags/dag_extraction.py
[2026-09-18T09:25:41.223+0000] {processor.py:840} INFO - DAG(s) 'youtube_extraction' retrieved from /opt/airflow/dags/dag_extraction.py
[2026-09-18T09:25:41.245+0000] {logging_mixin.py:188} INFO - [2026-09-18T09:25:41.244+0000] {dag.py:3096} INFO - Sync 1 DAGs
[2026-09-18T09:25:41.264+0000] {logging_mixin.py:188} INFO - [2026-09-18T09:25:41.264+0000] {dag.py:3954} INFO - Setting next_dagrun for youtube_extraction to 2026-09-18 00:00:00+00:00, run_after=2026-09-19 00:00:00+00:00
[2026-09-18T09:25:41.282+0000] {processor.py:183} INFO - Processing /opt/airflow/dags/dag_extraction.py took 0.153 seconds
[2026-09-18T09:26:11.585+0000] {processor.py:161} INFO - Started process (PID=594) to work on /opt/airflow/dags/dag_extraction.py
[2026-09-18T09:26:11.587+0000] {processor.py:830} INFO - Processing file /opt/airflow/dags/dag_extraction.py for tasks to queue
[2026-09-18T09:26:11.590+0000] {logging_mixin.py:188} INFO - [2026-09-18T09:26:11.589+0000] {dagbag.py:545} INFO - Filling up the DagBag from /opt/airflow/dags/dag_extraction.py
[2026-09-18T09:26:11.690+0000] {processor.py:840} INFO - DAG(s) 'youtube_extraction' retrieved from /opt/airflow/dags/dag_extraction.py
[2026-09-18T09:26:11.713+0000] {logging_mixin.py:188} INFO - [2026-09-18T09:26:11.712+0000] {dag.py:3096} INFO - Sync 1 DAGs
[2026-09-18T09:26:11.733+0000] {logging_mixin.py:188} INFO - [2026-09-18T09:26:11.732+0000] {dag.py:3954} INFO - Setting next_dagrun for youtube_extraction to 2026-09-18 00:00:00+00:00, run_after=2026-09-19 00:00:00+00:00
[2026-09-18T09:26:11.752+0000] {processor.py:183} INFO - Processing /opt/airflow/dags/dag_extraction.py took 0.174 seconds
[2026-09-18T09:26:42.069+0000] {processor.py:161} INFO - Started process (PID=602) to work on /opt/airflow/dags/dag_extraction.py
[2026-09-18T09:26:42.071+0000] {processor.py:830} INFO - Processing file /opt/airflow/dags/dag_extraction.py for tasks to queue
[2026-09-18T09:26:42.073+0000] {logging_mixin.py:188} INFO - [2026-09-18T09:26:42.073+0000] {dagbag.py:545} INFO - Filling up the DagBag from /opt/airflow/dags/dag_extraction.py
[2026-09-18T09:26:42.162+0000] {processor.py:840} INFO - DAG(s) 'youtube_extraction' retrieved from /opt/airflow/dags/dag_extraction.py
[2026-09-18T09:26:42.185+0000] {logging_mixin.py:188} INFO - [2026-09-18T09:26:42.184+0000] {dag.py:3096} INFO - Sync 1 DAGs
[2026-09-18T09:26:42.207+0000] {logging_mixin.py:188} INFO - [2026-09-18T09:26:42.206+0000] {dag.py:3954} INFO - Setting next_dagrun for youtube_extraction to 2026-09-18 00:00:00+00:00, run_after=2026-09-19 00:00:00+00:00
[2026-09-18T09:26:42.227+0000] {processor.py:183} INFO - Processing /opt/airflow/dags/dag_extraction.py took 0.164 seconds
[2026-09-18T09:27:12.559+0000] {processor.py:161} INFO - Started process (PID=610) to work on /opt/airflow/dags/dag_extraction.py
[2026-09-18T09:27:12.561+0000] {processor.py:830} INFO - Processing file /opt/airflow/dags/dag_extraction.py for tasks to queue
[2026-09-18T09:27:12.563+0000] {logging_mixin.py:188} INFO - [2026-09-18T09:27:12.563+0000] {dagbag.py:545} INFO - Filling up the DagBag from /opt/airflow/dags/dag_extraction.py
[2026-09-18T09:27:12.672+0000] {processor.py:840} INFO - DAG(s) 'youtube_extraction' retrieved from /opt/airflow/dags/dag_extraction.py
[2026-09-18T09:27:12.698+0000] {logging_mixin.py:188} INFO - [2026-09-18T09:27:12.698+0000] {dag.py:3096} INFO - Sync 1 DAGs
[2026-09-18T09:27:12.719+0000] {logging_mixin.py:188} INFO - [2026-09-18T09:27:12.719+0000] {dag.py:3954} INFO - Setting next_dagrun for youtube_extraction to 2026-09-18 00:00:00+00:00, run_after=2026-09-19 00:00:00+00:00
[2026-09-18T09:27:12.742+0000] {processor.py:183} INFO - Processing /opt/airflow/dags/dag_extraction.py took 0.190 seconds
[2026-09-18T09:27:43.077+0000] {processor.py:161} INFO - Started process (PID=618) to work on /opt/airflow/dags/dag_extraction.py
[2026-09-18T09:27:43.078+0000] {processor.py:830} INFO - Processing file /opt/airflow/dags/dag_extraction.py for tasks to queue
[2026-09-18T09:27:43.081+0000] {logging_mixin.py:188} INFO - [2026-09-18T09:27:43.081+0000] {dagbag.py:545} INFO - Filling up the DagBag from /opt/airflow/dags/dag_extraction.py
[2026-09-18T09:27:43.165+0000] {processor.py:840} INFO - DAG(s) 'youtube_extraction' retrieved from /opt/airflow/dags/dag_extraction.py
[2026-09-18T09:27:43.186+0000] {logging_mixin.py:188} INFO - [2026-09-18T09:27:43.185+0000] {dag.py:3096} INFO - Sync 1 DAGs
[2026-09-18T09:27:43.207+0000] {logging_mixin.py:188} INFO - [2026-09-18T09:27:43.207+0000] {dag.py:3954} INFO - Setting next_dagrun for youtube_extraction to 2026-09-18 00:00:00+00:00, run_after=2026-09-19 00:00:00+00:00
[2026-09-18T09:27:43.226+0000] {processor.py:183} INFO - Processing /opt/airflow/dags/dag_extraction.py took 0.155 seconds
[2026-09-18T09:28:13.531+0000] {processor.py:161} INFO - Started process (PID=626) to work on /opt/airflow/dags/dag_extraction.py
[2026-09-18T09:28:13.534+0000] {processor.py:830} INFO - Processing file /opt/airflow/dags/dag_extraction.py for tasks to queue
[2026-09-18T09:28:13.538+0000] {logging_mixin.py:188} INFO - [2026-09-18T09:28:13.537+0000] {dagbag.py:545} INFO - Filling up the DagBag from /opt/airflow/dags/dag_extraction.py
[2026-09-18T09:28:13.662+0000] {processor.py:840} INFO - DAG(s) 'youtube_extraction' retrieved from /opt/airflow/dags/dag_extraction.py
[2026-09-18T09:28:13.693+0000] {logging_mixin.py:188} INFO - [2026-09-18T09:28:13.693+0000] {dag.py:3096} INFO - Sync 1 DAGs
[2026-09-18T09:28:13.724+0000] {logging_mixin.py:188} INFO - [2026-09-18T09:28:13.723+0000] {dag.py:3954} INFO - Setting next_dagrun for youtube_extraction to 2026-09-18 00:00:00+00:00, run_after=2026-09-19 00:00:00+00:00
[2026-09-18T09:28:13.750+0000] {processor.py:183} INFO - Processing /opt/airflow/dags/dag_extraction.py took 0.229 seconds
[2026-09-18T09:28:44.002+0000] {processor.py:161} INFO - Started process (PID=634) to work on /opt/airflow/dags/dag_extraction.py
[2026-09-18T09:28:44.003+0000] {processor.py:830} INFO - Processing file /opt/airflow/dags/dag_extraction.py for tasks to queue
[2026-09-18T09:28:44.006+0000] {logging_mixin.py:188} INFO - [2026-09-18T09:28:44.006+0000] {dagbag.py:545} INFO - Filling up the DagBag from /opt/airflow/dags/dag_extraction.py
[2026-09-18T09:28:44.157+0000] {processor.py:840} INFO - DAG(s) 'youtube_extraction' retrieved from /opt/airflow/dags/dag_extraction.py
[2026-09-18T09:28:44.178+0000] {logging_mixin.py:188} INFO - [2026-09-18T09:28:44.177+0000] {dag.py:3096} INFO - Sync 1 DAGs
[2026-09-18T09:28:44.201+0000] {logging_mixin.py:188} INFO - [2026-09-18T09:28:44.200+0000] {dag.py:3954} INFO - Setting next_dagrun for youtube_extraction to 2026-09-18 00:00:00+00:00, run_after=2026-09-19 00:00:00+00:00
[2026-09-18T09:28:44.238+0000] {processor.py:183} INFO - Processing /opt/airflow/dags/dag_extraction.py took 0.242 seconds
[2026-09-18T09:29:14.501+0000] {processor.py:161} INFO - Started process (PID=642) to work on /opt/airflow/dags/dag_extraction.py
[2026-09-18T09:29:14.504+0000] {processor.py:830} INFO - Processing file /opt/airflow/dags/dag_extraction.py for tasks to queue
[2026-09-18T09:29:14.507+0000] {logging_mixin.py:188} INFO - [2026-09-18T09:29:14.507+0000] {dagbag.py:545} INFO - Filling up the DagBag from /opt/airflow/dags/dag_extraction.py
[2026-09-18T09:29:14.609+0000] {processor.py:840} INFO - DAG(s) 'youtube_extraction' retrieved from /opt/airflow/dags/dag_extraction.py
[2026-09-18T09:29:14.633+0000] {logging_mixin.py:188} INFO - [2026-09-18T09:29:14.633+0000] {dag.py:3096} INFO - Sync 1 DAGs
[2026-09-18T09:29:14.655+0000] {logging_mixin.py:188} INFO - [2026-09-18T09:29:14.654+0000] {dag.py:3954} INFO - Setting next_dagrun for youtube_extraction to 2026-09-18 00:00:00+00:00, run_after=2026-09-19 00:00:00+00:00
[2026-09-18T09:29:14.677+0000] {processor.py:183} INFO - Processing /opt/airflow/dags/dag_extraction.py took 0.184 seconds
[2026-09-18T09:29:44.931+0000] {processor.py:161} INFO - Started process (PID=650) to work on /opt/airflow/dags/dag_extraction.py
[2026-09-18T09:29:44.933+0000] {processor.py:830} INFO - Processing file /opt/airflow/dags/dag_extraction.py for tasks to queue
[2026-09-18T09:29:44.936+0000] {logging_mixin.py:188} INFO - [2026-09-18T09:29:44.936+0000] {dagbag.py:545} INFO - Filling up the DagBag from /opt/airflow/dags/dag_extraction.py
[2026-09-18T09:29:45.031+0000] {processor.py:840} INFO - DAG(s) 'youtube_extraction' retrieved from /opt/airflow/dags/dag_extraction.py
[2026-09-18T09:29:45.055+0000] {logging_mixin.py:188} INFO - [2026-09-18T09:29:45.054+0000] {dag.py:3096} INFO - Sync 1 DAGs
[2026-09-18T09:29:45.084+0000] {logging_mixin.py:188} INFO - [2026-09-18T09:29:45.084+0000] {dag.py:3954} INFO - Setting next_dagrun for youtube_extraction to 2026-09-18 00:00:00+00:00, run_after=2026-09-19 00:00:00+00:00
[2026-09-18T09:29:45.108+0000] {processor.py:183} INFO - Processing /opt/airflow/dags/dag_extraction.py took 0.184 seconds
[2026-09-18T09:30:15.338+0000] {processor.py:161} INFO - Started process (PID=658) to work on /opt/airflow/dags/dag_extraction.py
[2026-09-18T09:30:15.340+0000] {processor.py:830} INFO - Processing file /opt/airflow/dags/dag_extraction.py for tasks to queue
[2026-09-18T09:30:15.343+0000] {logging_mixin.py:188} INFO - [2026-09-18T09:30:15.342+0000] {dagbag.py:545} INFO - Filling up the DagBag from /opt/airflow/dags/dag_extraction.py
[2026-09-18T09:30:15.433+0000] {processor.py:840} INFO - DAG(s) 'youtube_extraction' retrieved from /opt/airflow/dags/dag_extraction.py
[2026-09-18T09:30:15.460+0000] {logging_mixin.py:188} INFO - [2026-09-18T09:30:15.459+0000] {dag.py:3096} INFO - Sync 1 DAGs
[2026-09-18T09:30:15.483+0000] {logging_mixin.py:188} INFO - [2026-09-18T09:30:15.483+0000] {dag.py:3954} INFO - Setting next_dagrun for youtube_extraction to 2026-09-18 00:00:00+00:00, run_after=2026-09-19 00:00:00+00:00
[2026-09-18T09:30:15.508+0000] {processor.py:183} INFO - Processing /opt/airflow/dags/dag_extraction.py took 0.177 seconds
[2026-09-18T09:30:45.792+0000] {processor.py:161} INFO - Started process (PID=666) to work on /opt/airflow/dags/dag_extraction.py
[2026-09-18T09:30:45.795+0000] {processor.py:830} INFO - Processing file /opt/airflow/dags/dag_extraction.py for tasks to queue
[2026-09-18T09:30:45.797+0000] {logging_mixin.py:188} INFO - [2026-09-18T09:30:45.797+0000] {dagbag.py:545} INFO - Filling up the DagBag from /opt/airflow/dags/dag_extraction.py
[2026-09-18T09:30:45.888+0000] {processor.py:840} INFO - DAG(s) 'youtube_extraction' retrieved from /opt/airflow/dags/dag_extraction.py
[2026-09-18T09:30:45.910+0000] {logging_mixin.py:188} INFO - [2026-09-18T09:30:45.910+0000] {dag.py:3096} INFO - Sync 1 DAGs
[2026-09-18T09:30:45.931+0000] {logging_mixin.py:188} INFO - [2026-09-18T09:30:45.931+0000] {dag.py:3954} INFO - Setting next_dagrun for youtube_extraction to 2026-09-18 00:00:00+00:00, run_after=2026-09-19 00:00:00+00:00
[2026-09-18T09:30:45.952+0000] {processor.py:183} INFO - Processing /opt/airflow/dags/dag_extraction.py took 0.167 seconds
[2026-09-18T09:31:16.189+0000] {processor.py:161} INFO - Started process (PID=674) to work on /opt/airflow/dags/dag_extraction.py
[2026-09-18T09:31:16.190+0000] {processor.py:830} INFO - Processing file /opt/airflow/dags/dag_extraction.py for tasks to queue
[2026-09-18T09:31:16.193+0000] {logging_mixin.py:188} INFO - [2026-09-18T09:31:16.193+0000] {dagbag.py:545} INFO - Filling up the DagBag from /opt/airflow/dags/dag_extraction.py
[2026-09-18T09:31:16.287+0000] {processor.py:840} INFO - DAG(s) 'youtube_extraction' retrieved from /opt/airflow/dags/dag_extraction.py
[2026-09-18T09:31:16.313+0000] {logging_mixin.py:188} INFO - [2026-09-18T09:31:16.312+0000] {dag.py:3096} INFO - Sync 1 DAGs
[2026-09-18T09:31:16.335+0000] {logging_mixin.py:188} INFO - [2026-09-18T09:31:16.335+0000] {dag.py:3954} INFO - Setting next_dagrun for youtube_extraction to 2026-09-18 00:00:00+00:00, run_after=2026-09-19 00:00:00+00:00
[2026-09-18T09:31:16.357+0000] {processor.py:183} INFO - Processing /opt/airflow/dags/dag_extraction.py took 0.176 seconds
[2026-09-18T09:31:46.620+0000] {processor.py:161} INFO - Started process (PID=682) to work on /opt/airflow/dags/dag_extraction.py
[2026-09-18T09:31:46.622+0000] {processor.py:830} INFO - Processing file /opt/airflow/dags/dag_extraction.py for tasks to queue
[2026-09-18T09:31:46.626+0000] {logging_mixin.py:188} INFO - [2026-09-18T09:31:46.625+0000] {dagbag.py:545} INFO - Filling up the DagBag from /opt/airflow/dags/dag_extraction.py
[2026-09-18T09:31:46.722+0000] {processor.py:840} INFO - DAG(s) 'youtube_extraction' retrieved from /opt/airflow/dags/dag_extraction.py
[2026-09-18T09:31:46.743+0000] {logging_mixin.py:188} INFO - [2026-09-18T09:31:46.743+0000] {dag.py:3096} INFO - Sync 1 DAGs
[2026-09-18T09:31:46.763+0000] {logging_mixin.py:188} INFO - [2026-09-18T09:31:46.763+0000] {dag.py:3954} INFO - Setting next_dagrun for youtube_extraction to 2026-09-18 00:00:00+00:00, run_after=2026-09-19 00:00:00+00:00
[2026-09-18T09:31:46.782+0000] {processor.py:183} INFO - Processing /opt/airflow/dags/dag_extraction.py took 0.169 seconds
[2026-09-18T09:32:17.073+0000] {processor.py:161} INFO - Started process (PID=690) to work on /opt/airflow/dags/dag_extraction.py
[2026-09-18T09:32:17.074+0000] {processor.py:830} INFO - Processing file /opt/airflow/dags/dag_extraction.py for tasks to queue
[2026-09-18T09:32:17.078+0000] {logging_mixin.py:188} INFO - [2026-09-18T09:32:17.077+0000] {dagbag.py:545} INFO - Filling up the DagBag from /opt/airflow/dags/dag_extraction.py
[2026-09-18T09:32:17.167+0000] {processor.py:840} INFO - DAG(s) 'youtube_extraction' retrieved from /opt/airflow/dags/dag_extraction.py
[2026-09-18T09:32:17.191+0000] {logging_mixin.py:188} INFO - [2026-09-18T09:32:17.191+0000] {dag.py:3096} INFO - Sync 1 DAGs
[2026-09-18T09:32:17.212+0000] {logging_mixin.py:188} INFO - [2026-09-18T09:32:17.212+0000] {dag.py:3954} INFO - Setting next_dagrun for youtube_extraction to 2026-09-18 00:00:00+00:00, run_after=2026-09-19 00:00:00+00:00
[2026-09-18T09:32:17.231+0000] {processor.py:183} INFO - Processing /opt/airflow/dags/dag_extraction.py took 0.165 seconds
[2026-09-18T09:32:47.539+0000] {processor.py:161} INFO - Started process (PID=698) to work on /opt/airflow/dags/dag_extraction.py
[2026-09-18T09:32:47.541+0000] {processor.py:830} INFO - Processing file /opt/airflow/dags/dag_extraction.py for tasks to queue
[2026-09-18T09:32:47.543+0000] {logging_mixin.py:188} INFO - [2026-09-18T09:32:47.543+0000] {dagbag.py:545} INFO - Filling up the DagBag from /opt/airflow/dags/dag_extraction.py
[2026-09-18T09:32:47.632+0000] {processor.py:840} INFO - DAG(s) 'youtube_extraction' retrieved from /opt/airflow/dags/dag_extraction.py
[2026-09-18T09:32:47.657+0000] {logging_mixin.py:188} INFO - [2026-09-18T09:32:47.657+0000] {dag.py:3096} INFO - Sync 1 DAGs
[2026-09-18T09:32:47.682+0000] {logging_mixin.py:188} INFO - [2026-09-18T09:32:47.682+0000] {dag.py:3954} INFO - Setting next_dagrun for youtube_extraction to 2026-09-18 00:00:00+00:00, run_after=2026-09-19 00:00:00+00:00
[2026-09-18T09:32:47.704+0000] {processor.py:183} INFO - Processing /opt/airflow/dags/dag_extraction.py took 0.173 seconds
[2026-09-18T09:33:17.949+0000] {processor.py:161} INFO - Started process (PID=706) to work on /opt/airflow/dags/dag_extraction.py
[2026-09-18T09:33:17.952+0000] {processor.py:830} INFO - Processing file /opt/airflow/dags/dag_extraction.py for tasks to queue
[2026-09-18T09:33:17.955+0000] {logging_mixin.py:188} INFO - [2026-09-18T09:33:17.954+0000] {dagbag.py:545} INFO - Filling up the DagBag from /opt/airflow/dags/dag_extraction.py
[2026-09-18T09:33:18.045+0000] {processor.py:840} INFO - DAG(s) 'youtube_extraction' retrieved from /opt/airflow/dags/dag_extraction.py
[2026-09-18T09:33:18.070+0000] {logging_mixin.py:188} INFO - [2026-09-18T09:33:18.070+0000] {dag.py:3096} INFO - Sync 1 DAGs
[2026-09-18T09:33:18.093+0000] {logging_mixin.py:188} INFO - [2026-09-18T09:33:18.093+0000] {dag.py:3954} INFO - Setting next_dagrun for youtube_extraction to 2026-09-18 00:00:00+00:00, run_after=2026-09-19 00:00:00+00:00
[2026-09-18T09:33:18.114+0000] {processor.py:183} INFO - Processing /opt/airflow/dags/dag_extraction.py took 0.171 seconds
[2026-09-18T09:33:48.369+0000] {processor.py:161} INFO - Started process (PID=714) to work on /opt/airflow/dags/dag_extraction.py
[2026-09-18T09:33:48.371+0000] {processor.py:830} INFO - Processing file /opt/airflow/dags/dag_extraction.py for tasks to queue
[2026-09-18T09:33:48.374+0000] {logging_mixin.py:188} INFO - [2026-09-18T09:33:48.373+0000] {dagbag.py:545} INFO - Filling up the DagBag from /opt/airflow/dags/dag_extraction.py
[2026-09-18T09:33:48.461+0000] {processor.py:840} INFO - DAG(s) 'youtube_extraction' retrieved from /opt/airflow/dags/dag_extraction.py
[2026-09-18T09:33:48.486+0000] {logging_mixin.py:188} INFO - [2026-09-18T09:33:48.485+0000] {dag.py:3096} INFO - Sync 1 DAGs
[2026-09-18T09:33:48.511+0000] {logging_mixin.py:188} INFO - [2026-09-18T09:33:48.511+0000] {dag.py:3954} INFO - Setting next_dagrun for youtube_extraction to 2026-09-18 00:00:00+00:00, run_after=2026-09-19 00:00:00+00:00
[2026-09-18T09:33:48.532+0000] {processor.py:183} INFO - Processing /opt/airflow/dags/dag_extraction.py took 0.170 seconds
[2026-09-18T09:34:18.776+0000] {processor.py:161} INFO - Started process (PID=722) to work on /opt/airflow/dags/dag_extraction.py
[2026-09-18T09:34:18.778+0000] {processor.py:830} INFO - Processing file /opt/airflow/dags/dag_extraction.py for tasks to queue
[2026-09-18T09:34:18.781+0000] {logging_mixin.py:188} INFO - [2026-09-18T09:34:18.780+0000] {dagbag.py:545} INFO - Filling up the DagBag from /opt/airflow/dags/dag_extraction.py
[2026-09-18T09:34:18.877+0000] {processor.py:840} INFO - DAG(s) 'youtube_extraction' retrieved from /opt/airflow/dags/dag_extraction.py
[2026-09-18T09:34:18.902+0000] {logging_mixin.py:188} INFO - [2026-09-18T09:34:18.902+0000] {dag.py:3096} INFO - Sync 1 DAGs
[2026-09-18T09:34:18.924+0000] {logging_mixin.py:188} INFO - [2026-09-18T09:34:18.923+0000] {dag.py:3954} INFO - Setting next_dagrun for youtube_extraction to 2026-09-18 00:00:00+00:00, run_after=2026-09-19 00:00:00+00:00
[2026-09-18T09:34:18.951+0000] {processor.py:183} INFO - Processing /opt/airflow/dags/dag_extraction.py took 0.181 seconds
[2026-09-18T09:34:49.310+0000] {processor.py:161} INFO - Started process (PID=730) to work on /opt/airflow/dags/dag_extraction.py
[2026-09-18T09:34:49.312+0000] {processor.py:830} INFO - Processing file /opt/airflow/dags/dag_extraction.py for tasks to queue
[2026-09-18T09:34:49.317+0000] {logging_mixin.py:188} INFO - [2026-09-18T09:34:49.317+0000] {dagbag.py:545} INFO - Filling up the DagBag from /opt/airflow/dags/dag_extraction.py
[2026-09-18T09:34:49.408+0000] {processor.py:840} INFO - DAG(s) 'youtube_extraction' retrieved from /opt/airflow/dags/dag_extraction.py
[2026-09-18T09:34:49.433+0000] {logging_mixin.py:188} INFO - [2026-09-18T09:34:49.433+0000] {dag.py:3096} INFO - Sync 1 DAGs
[2026-09-18T09:34:49.455+0000] {logging_mixin.py:188} INFO - [2026-09-18T09:34:49.455+0000] {dag.py:3954} INFO - Setting next_dagrun for youtube_extraction to 2026-09-18 00:00:00+00:00, run_after=2026-09-19 00:00:00+00:00
[2026-09-18T09:34:49.475+0000] {processor.py:183} INFO - Processing /opt/airflow/dags/dag_extraction.py took 0.172 seconds
[2026-09-18T09:35:19.710+0000] {processor.py:161} INFO - Started process (PID=738) to work on /opt/airflow/dags/dag_extraction.py
[2026-09-18T09:35:19.712+0000] {processor.py:830} INFO - Processing file /opt/airflow/dags/dag_extraction.py for tasks to queue
[2026-09-18T09:35:19.715+0000] {logging_mixin.py:188} INFO - [2026-09-18T09:35:19.715+0000] {dagbag.py:545} INFO - Filling up the DagBag from /opt/airflow/dags/dag_extraction.py
[2026-09-18T09:35:19.806+0000] {processor.py:840} INFO - DAG(s) 'youtube_extraction' retrieved from /opt/airflow/dags/dag_extraction.py
[2026-09-18T09:35:19.831+0000] {logging_mixin.py:188} INFO - [2026-09-18T09:35:19.830+0000] {dag.py:3096} INFO - Sync 1 DAGs
[2026-09-18T09:35:19.851+0000] {logging_mixin.py:188} INFO - [2026-09-18T09:35:19.851+0000] {dag.py:3954} INFO - Setting next_dagrun for youtube_extraction to 2026-09-18 00:00:00+00:00, run_after=2026-09-19 00:00:00+00:00
[2026-09-18T09:35:19.872+0000] {processor.py:183} INFO - Processing /opt/airflow/dags/dag_extraction.py took 0.170 seconds
[2026-09-18T09:35:50.153+0000] {processor.py:161} INFO - Started process (PID=746) to work on /opt/airflow/dags/dag_extraction.py
[2026-09-18T09:35:50.159+0000] {processor.py:830} INFO - Processing file /opt/airflow/dags/dag_extraction.py for tasks to queue
[2026-09-18T09:35:50.164+0000] {logging_mixin.py:188} INFO - [2026-09-18T09:35:50.164+0000] {dagbag.py:545} INFO - Filling up the DagBag from /opt/airflow/dags/dag_extraction.py
[2026-09-18T09:35:50.287+0000] {processor.py:840} INFO - DAG(s) 'youtube_extraction' retrieved from /opt/airflow/dags/dag_extraction.py
[2026-09-18T09:35:50.317+0000] {logging_mixin.py:188} INFO - [2026-09-18T09:35:50.316+0000] {dag.py:3096} INFO - Sync 1 DAGs
[2026-09-18T09:35:50.347+0000] {logging_mixin.py:188} INFO - [2026-09-18T09:35:50.347+0000] {dag.py:3954} INFO - Setting next_dagrun for youtube_extraction to 2026-09-18 00:00:00+00:00, run_after=2026-09-19 00:00:00+00:00
[2026-09-18T09:35:50.385+0000] {processor.py:183} INFO - Processing /opt/airflow/dags/dag_extraction.py took 0.250 seconds
[2026-09-18T09:36:20.620+0000] {processor.py:161} INFO - Started process (PID=754) to work on /opt/airflow/dags/dag_extraction.py
[2026-09-18T09:36:20.622+0000] {processor.py:830} INFO - Processing file /opt/airflow/dags/dag_extraction.py for tasks to queue
[2026-09-18T09:36:20.626+0000] {logging_mixin.py:188} INFO - [2026-09-18T09:36:20.626+0000] {dagbag.py:545} INFO - Filling up the DagBag from /opt/airflow/dags/dag_extraction.py
[2026-09-18T09:36:20.734+0000] {processor.py:840} INFO - DAG(s) 'youtube_extraction' retrieved from /opt/airflow/dags/dag_extraction.py
[2026-09-18T09:36:20.759+0000] {logging_mixin.py:188} INFO - [2026-09-18T09:36:20.759+0000] {dag.py:3096} INFO - Sync 1 DAGs
[2026-09-18T09:36:20.782+0000] {logging_mixin.py:188} INFO - [2026-09-18T09:36:20.782+0000] {dag.py:3954} INFO - Setting next_dagrun for youtube_extraction to 2026-09-18 00:00:00+00:00, run_after=2026-09-19 00:00:00+00:00
[2026-09-18T09:36:20.803+0000] {processor.py:183} INFO - Processing /opt/airflow/dags/dag_extraction.py took 0.192 seconds
[2026-09-18T09:36:51.046+0000] {processor.py:161} INFO - Started process (PID=762) to work on /opt/airflow/dags/dag_extraction.py
[2026-09-18T09:36:51.048+0000] {processor.py:830} INFO - Processing file /opt/airflow/dags/dag_extraction.py for tasks to queue
[2026-09-18T09:36:51.051+0000] {logging_mixin.py:188} INFO - [2026-09-18T09:36:51.050+0000] {dagbag.py:545} INFO - Filling up the DagBag from /opt/airflow/dags/dag_extraction.py
[2026-09-18T09:36:51.139+0000] {processor.py:840} INFO - DAG(s) 'youtube_extraction' retrieved from /opt/airflow/dags/dag_extraction.py
[2026-09-18T09:36:51.164+0000] {logging_mixin.py:188} INFO - [2026-09-18T09:36:51.164+0000] {dag.py:3096} INFO - Sync 1 DAGs
[2026-09-18T09:36:51.185+0000] {logging_mixin.py:188} INFO - [2026-09-18T09:36:51.185+0000] {dag.py:3954} INFO - Setting next_dagrun for youtube_extraction to 2026-09-18 00:00:00+00:00, run_after=2026-09-19 00:00:00+00:00
[2026-09-18T09:36:51.212+0000] {processor.py:183} INFO - Processing /opt/airflow/dags/dag_extraction.py took 0.174 seconds
[2026-09-18T09:37:21.583+0000] {processor.py:161} INFO - Started process (PID=770) to work on /opt/airflow/dags/dag_extraction.py
[2026-09-18T09:37:21.587+0000] {processor.py:830} INFO - Processing file /opt/airflow/dags/dag_extraction.py for tasks to queue
[2026-09-18T09:37:21.591+0000] {logging_mixin.py:188} INFO - [2026-09-18T09:37:21.590+0000] {dagbag.py:545} INFO - Filling up the DagBag from /opt/airflow/dags/dag_extraction.py
[2026-09-18T09:37:21.711+0000] {processor.py:840} INFO - DAG(s) 'youtube_extraction' retrieved from /opt/airflow/dags/dag_extraction.py
[2026-09-18T09:37:21.758+0000] {logging_mixin.py:188} INFO - [2026-09-18T09:37:21.757+0000] {dag.py:3096} INFO - Sync 1 DAGs
[2026-09-18T09:37:21.792+0000] {logging_mixin.py:188} INFO - [2026-09-18T09:37:21.792+0000] {dag.py:3954} INFO - Setting next_dagrun for youtube_extraction to 2026-09-18 00:00:00+00:00, run_after=2026-09-19 00:00:00+00:00
[2026-09-18T09:37:21.820+0000] {processor.py:183} INFO - Processing /opt/airflow/dags/dag_extraction.py took 0.246 seconds
[2026-09-18T09:37:52.076+0000] {processor.py:161} INFO - Started process (PID=778) to work on /opt/airflow/dags/dag_extraction.py
[2026-09-18T09:37:52.079+0000] {processor.py:830} INFO - Processing file /opt/airflow/dags/dag_extraction.py for tasks to queue
[2026-09-18T09:37:52.083+0000] {logging_mixin.py:188} INFO - [2026-09-18T09:37:52.083+0000] {dagbag.py:545} INFO - Filling up the DagBag from /opt/airflow/dags/dag_extraction.py
[2026-09-18T09:37:52.201+0000] {processor.py:840} INFO - DAG(s) 'youtube_extraction' retrieved from /opt/airflow/dags/dag_extraction.py
[2026-09-18T09:37:52.233+0000] {logging_mixin.py:188} INFO - [2026-09-18T09:37:52.232+0000] {dag.py:3096} INFO - Sync 1 DAGs
[2026-09-18T09:37:52.259+0000] {logging_mixin.py:188} INFO - [2026-09-18T09:37:52.259+0000] {dag.py:3954} INFO - Setting next_dagrun for youtube_extraction to 2026-09-18 00:00:00+00:00, run_after=2026-09-19 00:00:00+00:00
[2026-09-18T09:37:52.288+0000] {processor.py:183} INFO - Processing /opt/airflow/dags/dag_extraction.py took 0.224 seconds
[2026-09-18T09:38:22.601+0000] {processor.py:161} INFO - Started process (PID=787) to work on /opt/airflow/dags/dag_extraction.py
[2026-09-18T09:38:22.603+0000] {processor.py:830} INFO - Processing file /opt/airflow/dags/dag_extraction.py for tasks to queue
[2026-09-18T09:38:22.605+0000] {logging_mixin.py:188} INFO - [2026-09-18T09:38:22.605+0000] {dagbag.py:545} INFO - Filling up the DagBag from /opt/airflow/dags/dag_extraction.py
[2026-09-18T09:38:22.688+0000] {processor.py:840} INFO - DAG(s) 'youtube_extraction' retrieved from /opt/airflow/dags/dag_extraction.py
[2026-09-18T09:38:22.709+0000] {logging_mixin.py:188} INFO - [2026-09-18T09:38:22.708+0000] {dag.py:3096} INFO - Sync 1 DAGs
[2026-09-18T09:38:22.733+0000] {logging_mixin.py:188} INFO - [2026-09-18T09:38:22.733+0000] {dag.py:3954} INFO - Setting next_dagrun for youtube_extraction to 2026-09-18 00:00:00+00:00, run_after=2026-09-19 00:00:00+00:00
[2026-09-18T09:38:22.781+0000] {processor.py:183} INFO - Processing /opt/airflow/dags/dag_extraction.py took 0.186 seconds
[2026-09-18T09:38:52.981+0000] {processor.py:161} INFO - Started process (PID=799) to work on /opt/airflow/dags/dag_extraction.py
[2026-09-18T09:38:52.984+0000] {processor.py:830} INFO - Processing file /opt/airflow/dags/dag_extraction.py for tasks to queue
[2026-09-18T09:38:52.988+0000] {logging_mixin.py:188} INFO - [2026-09-18T09:38:52.988+0000] {dagbag.py:545} INFO - Filling up the DagBag from /opt/airflow/dags/dag_extraction.py
[2026-09-18T09:38:53.101+0000] {processor.py:840} INFO - DAG(s) 'youtube_extraction' retrieved from /opt/airflow/dags/dag_extraction.py
[2026-09-18T09:38:53.127+0000] {logging_mixin.py:188} INFO - [2026-09-18T09:38:53.126+0000] {dag.py:3096} INFO - Sync 1 DAGs
[2026-09-18T09:38:53.155+0000] {logging_mixin.py:188} INFO - [2026-09-18T09:38:53.155+0000] {dag.py:3954} INFO - Setting next_dagrun for youtube_extraction to 2026-09-18 00:00:00+00:00, run_after=2026-09-19 00:00:00+00:00
[2026-09-18T09:38:53.186+0000] {processor.py:183} INFO - Processing /opt/airflow/dags/dag_extraction.py took 0.212 seconds
[2026-09-18T09:39:23.751+0000] {processor.py:161} INFO - Started process (PID=812) to work on /opt/airflow/dags/dag_extraction.py
[2026-09-18T09:39:23.754+0000] {processor.py:830} INFO - Processing file /opt/airflow/dags/dag_extraction.py for tasks to queue
[2026-09-18T09:39:23.758+0000] {logging_mixin.py:188} INFO - [2026-09-18T09:39:23.757+0000] {dagbag.py:545} INFO - Filling up the DagBag from /opt/airflow/dags/dag_extraction.py
[2026-09-18T09:39:23.854+0000] {processor.py:840} INFO - DAG(s) 'youtube_extraction' retrieved from /opt/airflow/dags/dag_extraction.py
[2026-09-18T09:39:23.879+0000] {logging_mixin.py:188} INFO - [2026-09-18T09:39:23.879+0000] {dag.py:3096} INFO - Sync 1 DAGs
[2026-09-18T09:39:23.906+0000] {logging_mixin.py:188} INFO - [2026-09-18T09:39:23.906+0000] {dag.py:3954} INFO - Setting next_dagrun for youtube_extraction to 2026-09-18 00:00:00+00:00, run_after=2026-09-19 00:00:00+00:00
[2026-09-18T09:39:23.927+0000] {processor.py:183} INFO - Processing /opt/airflow/dags/dag_extraction.py took 0.183 seconds
[2026-09-18T09:39:54.208+0000] {processor.py:161} INFO - Started process (PID=830) to work on /opt/airflow/dags/dag_extraction.py
[2026-09-18T09:39:54.211+0000] {processor.py:830} INFO - Processing file /opt/airflow/dags/dag_extraction.py for tasks to queue
[2026-09-18T09:39:54.214+0000] {logging_mixin.py:188} INFO - [2026-09-18T09:39:54.214+0000] {dagbag.py:545} INFO - Filling up the DagBag from /opt/airflow/dags/dag_extraction.py
[2026-09-18T09:39:54.361+0000] {processor.py:840} INFO - DAG(s) 'youtube_extraction' retrieved from /opt/airflow/dags/dag_extraction.py
[2026-09-18T09:39:54.402+0000] {logging_mixin.py:188} INFO - [2026-09-18T09:39:54.402+0000] {dag.py:3096} INFO - Sync 1 DAGs
[2026-09-18T09:39:54.441+0000] {logging_mixin.py:188} INFO - [2026-09-18T09:39:54.440+0000] {dag.py:3954} INFO - Setting next_dagrun for youtube_extraction to 2026-09-18 00:00:00+00:00, run_after=2026-09-19 00:00:00+00:00
[2026-09-18T09:39:54.469+0000] {processor.py:183} INFO - Processing /opt/airflow/dags/dag_extraction.py took 0.268 seconds
[2026-09-18T09:40:24.754+0000] {processor.py:161} INFO - Started process (PID=847) to work on /opt/airflow/dags/dag_extraction.py
[2026-09-18T09:40:24.756+0000] {processor.py:830} INFO - Processing file /opt/airflow/dags/dag_extraction.py for tasks to queue
[2026-09-18T09:40:24.759+0000] {logging_mixin.py:188} INFO - [2026-09-18T09:40:24.759+0000] {dagbag.py:545} INFO - Filling up the DagBag from /opt/airflow/dags/dag_extraction.py
[2026-09-18T09:40:24.853+0000] {processor.py:840} INFO - DAG(s) 'youtube_extraction' retrieved from /opt/airflow/dags/dag_extraction.py
[2026-09-18T09:40:24.877+0000] {logging_mixin.py:188} INFO - [2026-09-18T09:40:24.877+0000] {dag.py:3096} INFO - Sync 1 DAGs
[2026-09-18T09:40:24.900+0000] {logging_mixin.py:188} INFO - [2026-09-18T09:40:24.899+0000] {dag.py:3954} INFO - Setting next_dagrun for youtube_extraction to 2026-09-18 00:00:00+00:00, run_after=2026-09-19 00:00:00+00:00
[2026-09-18T09:40:24.922+0000] {processor.py:183} INFO - Processing /opt/airflow/dags/dag_extraction.py took 0.174 seconds
[2026-09-18T09:40:55.301+0000] {processor.py:161} INFO - Started process (PID=860) to work on /opt/airflow/dags/dag_extraction.py
[2026-09-18T09:40:55.304+0000] {processor.py:830} INFO - Processing file /opt/airflow/dags/dag_extraction.py for tasks to queue
[2026-09-18T09:40:55.308+0000] {logging_mixin.py:188} INFO - [2026-09-18T09:40:55.307+0000] {dagbag.py:545} INFO - Filling up the DagBag from /opt/airflow/dags/dag_extraction.py
[2026-09-18T09:40:55.388+0000] {processor.py:840} INFO - DAG(s) 'youtube_extraction' retrieved from /opt/airflow/dags/dag_extraction.py
[2026-09-18T09:40:55.408+0000] {logging_mixin.py:188} INFO - [2026-09-18T09:40:55.408+0000] {dag.py:3096} INFO - Sync 1 DAGs
[2026-09-18T09:40:55.429+0000] {logging_mixin.py:188} INFO - [2026-09-18T09:40:55.429+0000] {dag.py:3954} INFO - Setting next_dagrun for youtube_extraction to 2026-09-18 00:00:00+00:00, run_after=2026-09-19 00:00:00+00:00
[2026-09-18T09:40:55.450+0000] {processor.py:183} INFO - Processing /opt/airflow/dags/dag_extraction.py took 0.155 seconds
[2026-09-18T09:41:25.767+0000] {processor.py:161} INFO - Started process (PID=869) to work on /opt/airflow/dags/dag_extraction.py
[2026-09-18T09:41:25.771+0000] {processor.py:830} INFO - Processing file /opt/airflow/dags/dag_extraction.py for tasks to queue
[2026-09-18T09:41:25.774+0000] {logging_mixin.py:188} INFO - [2026-09-18T09:41:25.774+0000] {dagbag.py:545} INFO - Filling up the DagBag from /opt/airflow/dags/dag_extraction.py
[2026-09-18T09:41:25.885+0000] {processor.py:840} INFO - DAG(s) 'youtube_extraction' retrieved from /opt/airflow/dags/dag_extraction.py
[2026-09-18T09:41:25.909+0000] {logging_mixin.py:188} INFO - [2026-09-18T09:41:25.908+0000] {dag.py:3096} INFO - Sync 1 DAGs
[2026-09-18T09:41:25.980+0000] {logging_mixin.py:188} INFO - [2026-09-18T09:41:25.979+0000] {dag.py:3954} INFO - Setting next_dagrun for youtube_extraction to 2026-09-18 00:00:00+00:00, run_after=2026-09-19 00:00:00+00:00
[2026-09-18T09:41:26.007+0000] {processor.py:183} INFO - Processing /opt/airflow/dags/dag_extraction.py took 0.251 seconds
[2026-09-18T09:41:56.277+0000] {processor.py:161} INFO - Started process (PID=878) to work on /opt/airflow/dags/dag_extraction.py
[2026-09-18T09:41:56.280+0000] {processor.py:830} INFO - Processing file /opt/airflow/dags/dag_extraction.py for tasks to queue
[2026-09-18T09:41:56.283+0000] {logging_mixin.py:188} INFO - [2026-09-18T09:41:56.282+0000] {dagbag.py:545} INFO - Filling up the DagBag from /opt/airflow/dags/dag_extraction.py
[2026-09-18T09:41:56.377+0000] {processor.py:840} INFO - DAG(s) 'youtube_extraction' retrieved from /opt/airflow/dags/dag_extraction.py
[2026-09-18T09:41:56.416+0000] {logging_mixin.py:188} INFO - [2026-09-18T09:41:56.415+0000] {dag.py:3096} INFO - Sync 1 DAGs
[2026-09-18T09:41:56.446+0000] {logging_mixin.py:188} INFO - [2026-09-18T09:41:56.446+0000] {dag.py:3954} INFO - Setting next_dagrun for youtube_extraction to 2026-09-18 00:00:00+00:00, run_after=2026-09-19 00:00:00+00:00
[2026-09-18T09:41:56.476+0000] {processor.py:183} INFO - Processing /opt/airflow/dags/dag_extraction.py took 0.206 seconds
[2026-09-18T09:42:26.809+0000] {processor.py:161} INFO - Started process (PID=887) to work on /opt/airflow/dags/dag_extraction.py
[2026-09-18T09:42:26.812+0000] {processor.py:830} INFO - Processing file /opt/airflow/dags/dag_extraction.py for tasks to queue
[2026-09-18T09:42:26.815+0000] {logging_mixin.py:188} INFO - [2026-09-18T09:42:26.815+0000] {dagbag.py:545} INFO - Filling up the DagBag from /opt/airflow/dags/dag_extraction.py
[2026-09-18T09:42:26.924+0000] {processor.py:840} INFO - DAG(s) 'youtube_extraction' retrieved from /opt/airflow/dags/dag_extraction.py
[2026-09-18T09:42:26.949+0000] {logging_mixin.py:188} INFO - [2026-09-18T09:42:26.948+0000] {dag.py:3096} INFO - Sync 1 DAGs
[2026-09-18T09:42:26.972+0000] {logging_mixin.py:188} INFO - [2026-09-18T09:42:26.972+0000] {dag.py:3954} INFO - Setting next_dagrun for youtube_extraction to 2026-09-18 00:00:00+00:00, run_after=2026-09-19 00:00:00+00:00
[2026-09-18T09:42:26.996+0000] {processor.py:183} INFO - Processing /opt/airflow/dags/dag_extraction.py took 0.194 seconds
[2026-09-18T09:42:57.319+0000] {processor.py:161} INFO - Started process (PID=896) to work on /opt/airflow/dags/dag_extraction.py
[2026-09-18T09:42:57.322+0000] {processor.py:830} INFO - Processing file /opt/airflow/dags/dag_extraction.py for tasks to queue
[2026-09-18T09:42:57.325+0000] {logging_mixin.py:188} INFO - [2026-09-18T09:42:57.324+0000] {dagbag.py:545} INFO - Filling up the DagBag from /opt/airflow/dags/dag_extraction.py
[2026-09-18T09:42:57.423+0000] {processor.py:840} INFO - DAG(s) 'youtube_extraction' retrieved from /opt/airflow/dags/dag_extraction.py
[2026-09-18T09:42:57.447+0000] {logging_mixin.py:188} INFO - [2026-09-18T09:42:57.447+0000] {dag.py:3096} INFO - Sync 1 DAGs
[2026-09-18T09:42:57.470+0000] {logging_mixin.py:188} INFO - [2026-09-18T09:42:57.469+0000] {dag.py:3954} INFO - Setting next_dagrun for youtube_extraction to 2026-09-18 00:00:00+00:00, run_after=2026-09-19 00:00:00+00:00
[2026-09-18T09:42:57.492+0000] {processor.py:183} INFO - Processing /opt/airflow/dags/dag_extraction.py took 0.179 seconds
[2026-09-18T09:43:27.733+0000] {processor.py:161} INFO - Started process (PID=905) to work on /opt/airflow/dags/dag_extraction.py
[2026-09-18T09:43:27.737+0000] {processor.py:830} INFO - Processing file /opt/airflow/dags/dag_extraction.py for tasks to queue
[2026-09-18T09:43:27.739+0000] {logging_mixin.py:188} INFO - [2026-09-18T09:43:27.739+0000] {dagbag.py:545} INFO - Filling up the DagBag from /opt/airflow/dags/dag_extraction.py
[2026-09-18T09:43:27.829+0000] {processor.py:840} INFO - DAG(s) 'youtube_extraction' retrieved from /opt/airflow/dags/dag_extraction.py
[2026-09-18T09:43:27.854+0000] {logging_mixin.py:188} INFO - [2026-09-18T09:43:27.853+0000] {dag.py:3096} INFO - Sync 1 DAGs
[2026-09-18T09:43:27.876+0000] {logging_mixin.py:188} INFO - [2026-09-18T09:43:27.875+0000] {dag.py:3954} INFO - Setting next_dagrun for youtube_extraction to 2026-09-18 00:00:00+00:00, run_after=2026-09-19 00:00:00+00:00
[2026-09-18T09:43:27.899+0000] {processor.py:183} INFO - Processing /opt/airflow/dags/dag_extraction.py took 0.173 seconds
[2026-09-18T09:43:58.198+0000] {processor.py:161} INFO - Started process (PID=914) to work on /opt/airflow/dags/dag_extraction.py
[2026-09-18T09:43:58.202+0000] {processor.py:830} INFO - Processing file /opt/airflow/dags/dag_extraction.py for tasks to queue
[2026-09-18T09:43:58.206+0000] {logging_mixin.py:188} INFO - [2026-09-18T09:43:58.206+0000] {dagbag.py:545} INFO - Filling up the DagBag from /opt/airflow/dags/dag_extraction.py
[2026-09-18T09:43:58.295+0000] {processor.py:840} INFO - DAG(s) 'youtube_extraction' retrieved from /opt/airflow/dags/dag_extraction.py
[2026-09-18T09:43:58.316+0000] {logging_mixin.py:188} INFO - [2026-09-18T09:43:58.316+0000] {dag.py:3096} INFO - Sync 1 DAGs
[2026-09-18T09:43:58.337+0000] {logging_mixin.py:188} INFO - [2026-09-18T09:43:58.336+0000] {dag.py:3954} INFO - Setting next_dagrun for youtube_extraction to 2026-09-18 00:00:00+00:00, run_after=2026-09-19 00:00:00+00:00
[2026-09-18T09:43:58.359+0000] {processor.py:183} INFO - Processing /opt/airflow/dags/dag_extraction.py took 0.168 seconds
[2026-09-18T09:44:28.688+0000] {processor.py:161} INFO - Started process (PID=923) to work on /opt/airflow/dags/dag_extraction.py
[2026-09-18T09:44:28.690+0000] {processor.py:830} INFO - Processing file /opt/airflow/dags/dag_extraction.py for tasks to queue
[2026-09-18T09:44:28.694+0000] {logging_mixin.py:188} INFO - [2026-09-18T09:44:28.693+0000] {dagbag.py:545} INFO - Filling up the DagBag from /opt/airflow/dags/dag_extraction.py
[2026-09-18T09:44:28.781+0000] {processor.py:840} INFO - DAG(s) 'youtube_extraction' retrieved from /opt/airflow/dags/dag_extraction.py
[2026-09-18T09:44:28.803+0000] {logging_mixin.py:188} INFO - [2026-09-18T09:44:28.802+0000] {dag.py:3096} INFO - Sync 1 DAGs
[2026-09-18T09:44:28.824+0000] {logging_mixin.py:188} INFO - [2026-09-18T09:44:28.823+0000] {dag.py:3954} INFO - Setting next_dagrun for youtube_extraction to 2026-09-18 00:00:00+00:00, run_after=2026-09-19 00:00:00+00:00
[2026-09-18T09:44:28.842+0000] {processor.py:183} INFO - Processing /opt/airflow/dags/dag_extraction.py took 0.161 seconds
[2026-09-18T09:44:59.168+0000] {processor.py:161} INFO - Started process (PID=932) to work on /opt/airflow/dags/dag_extraction.py
[2026-09-18T09:44:59.172+0000] {processor.py:830} INFO - Processing file /opt/airflow/dags/dag_extraction.py for tasks to queue
[2026-09-18T09:44:59.175+0000] {logging_mixin.py:188} INFO - [2026-09-18T09:44:59.175+0000] {dagbag.py:545} INFO - Filling up the DagBag from /opt/airflow/dags/dag_extraction.py
[2026-09-18T09:44:59.270+0000] {processor.py:840} INFO - DAG(s) 'youtube_extraction' retrieved from /opt/airflow/dags/dag_extraction.py
[2026-09-18T09:44:59.292+0000] {logging_mixin.py:188} INFO - [2026-09-18T09:44:59.291+0000] {dag.py:3096} INFO - Sync 1 DAGs
[2026-09-18T09:44:59.313+0000] {logging_mixin.py:188} INFO - [2026-09-18T09:44:59.312+0000] {dag.py:3954} INFO - Setting next_dagrun for youtube_extraction to 2026-09-18 00:00:00+00:00, run_after=2026-09-19 00:00:00+00:00
[2026-09-18T09:44:59.334+0000] {processor.py:183} INFO - Processing /opt/airflow/dags/dag_extraction.py took 0.173 seconds
[2026-09-18T09:45:29.645+0000] {processor.py:161} INFO - Started process (PID=941) to work on /opt/airflow/dags/dag_extraction.py
[2026-09-18T09:45:29.647+0000] {processor.py:830} INFO - Processing file /opt/airflow/dags/dag_extraction.py for tasks to queue
[2026-09-18T09:45:29.649+0000] {logging_mixin.py:188} INFO - [2026-09-18T09:45:29.649+0000] {dagbag.py:545} INFO - Filling up the DagBag from /opt/airflow/dags/dag_extraction.py
[2026-09-18T09:45:29.735+0000] {processor.py:840} INFO - DAG(s) 'youtube_extraction' retrieved from /opt/airflow/dags/dag_extraction.py
[2026-09-18T09:45:29.757+0000] {logging_mixin.py:188} INFO - [2026-09-18T09:45:29.757+0000] {dag.py:3096} INFO - Sync 1 DAGs
[2026-09-18T09:45:29.776+0000] {logging_mixin.py:188} INFO - [2026-09-18T09:45:29.776+0000] {dag.py:3954} INFO - Setting next_dagrun for youtube_extraction to 2026-09-18 00:00:00+00:00, run_after=2026-09-19 00:00:00+00:00
[2026-09-18T09:45:29.796+0000] {processor.py:183} INFO - Processing /opt/airflow/dags/dag_extraction.py took 0.158 seconds
[2026-09-18T09:46:00.127+0000] {processor.py:161} INFO - Started process (PID=950) to work on /opt/airflow/dags/dag_extraction.py
[2026-09-18T09:46:00.130+0000] {processor.py:830} INFO - Processing file /opt/airflow/dags/dag_extraction.py for tasks to queue
[2026-09-18T09:46:00.135+0000] {logging_mixin.py:188} INFO - [2026-09-18T09:46:00.134+0000] {dagbag.py:545} INFO - Filling up the DagBag from /opt/airflow/dags/dag_extraction.py
[2026-09-18T09:46:00.239+0000] {processor.py:840} INFO - DAG(s) 'youtube_extraction' retrieved from /opt/airflow/dags/dag_extraction.py
[2026-09-18T09:46:00.262+0000] {logging_mixin.py:188} INFO - [2026-09-18T09:46:00.262+0000] {dag.py:3096} INFO - Sync 1 DAGs
[2026-09-18T09:46:00.284+0000] {logging_mixin.py:188} INFO - [2026-09-18T09:46:00.284+0000] {dag.py:3954} INFO - Setting next_dagrun for youtube_extraction to 2026-09-18 00:00:00+00:00, run_after=2026-09-19 00:00:00+00:00
[2026-09-18T09:46:00.306+0000] {processor.py:183} INFO - Processing /opt/airflow/dags/dag_extraction.py took 0.187 seconds
[2026-09-18T09:46:30.613+0000] {processor.py:161} INFO - Started process (PID=959) to work on /opt/airflow/dags/dag_extraction.py
[2026-09-18T09:46:30.615+0000] {processor.py:830} INFO - Processing file /opt/airflow/dags/dag_extraction.py for tasks to queue
[2026-09-18T09:46:30.618+0000] {logging_mixin.py:188} INFO - [2026-09-18T09:46:30.618+0000] {dagbag.py:545} INFO - Filling up the DagBag from /opt/airflow/dags/dag_extraction.py
[2026-09-18T09:46:30.727+0000] {processor.py:840} INFO - DAG(s) 'youtube_extraction' retrieved from /opt/airflow/dags/dag_extraction.py
[2026-09-18T09:46:30.750+0000] {logging_mixin.py:188} INFO - [2026-09-18T09:46:30.750+0000] {dag.py:3096} INFO - Sync 1 DAGs
[2026-09-18T09:46:30.774+0000] {logging_mixin.py:188} INFO - [2026-09-18T09:46:30.773+0000] {dag.py:3954} INFO - Setting next_dagrun for youtube_extraction to 2026-09-18 00:00:00+00:00, run_after=2026-09-19 00:00:00+00:00
[2026-09-18T09:46:30.798+0000] {processor.py:183} INFO - Processing /opt/airflow/dags/dag_extraction.py took 0.191 seconds
[2026-09-18T09:47:01.143+0000] {processor.py:161} INFO - Started process (PID=968) to work on /opt/airflow/dags/dag_extraction.py
[2026-09-18T09:47:01.145+0000] {processor.py:830} INFO - Processing file /opt/airflow/dags/dag_extraction.py for tasks to queue
[2026-09-18T09:47:01.148+0000] {logging_mixin.py:188} INFO - [2026-09-18T09:47:01.148+0000] {dagbag.py:545} INFO - Filling up the DagBag from /opt/airflow/dags/dag_extraction.py
[2026-09-18T09:47:01.236+0000] {processor.py:840} INFO - DAG(s) 'youtube_extraction' retrieved from /opt/airflow/dags/dag_extraction.py
[2026-09-18T09:47:01.267+0000] {logging_mixin.py:188} INFO - [2026-09-18T09:47:01.266+0000] {dag.py:3096} INFO - Sync 1 DAGs
[2026-09-18T09:47:01.294+0000] {logging_mixin.py:188} INFO - [2026-09-18T09:47:01.294+0000] {dag.py:3954} INFO - Setting next_dagrun for youtube_extraction to 2026-09-18 00:00:00+00:00, run_after=2026-09-19 00:00:00+00:00
[2026-09-18T09:47:01.335+0000] {processor.py:183} INFO - Processing /opt/airflow/dags/dag_extraction.py took 0.198 seconds
[2026-09-18T09:47:59.195+0000] {processor.py:161} INFO - Started process (PID=50) to work on /opt/airflow/dags/dag_extraction.py
[2026-09-18T09:47:59.199+0000] {processor.py:830} INFO - Processing file /opt/airflow/dags/dag_extraction.py for tasks to queue
[2026-09-18T09:47:59.204+0000] {logging_mixin.py:188} INFO - [2026-09-18T09:47:59.203+0000] {dagbag.py:545} INFO - Filling up the DagBag from /opt/airflow/dags/dag_extraction.py
[2026-09-18T09:47:59.445+0000] {processor.py:840} INFO - DAG(s) 'youtube_extraction' retrieved from /opt/airflow/dags/dag_extraction.py
[2026-09-18T09:47:59.680+0000] {logging_mixin.py:188} INFO - [2026-09-18T09:47:59.679+0000] {dag.py:3096} INFO - Sync 1 DAGs
[2026-09-18T09:47:59.718+0000] {logging_mixin.py:188} INFO - [2026-09-18T09:47:59.717+0000] {dag.py:3954} INFO - Setting next_dagrun for youtube_extraction to 2026-09-18 00:00:00+00:00, run_after=2026-09-19 00:00:00+00:00
[2026-09-18T09:47:59.762+0000] {processor.py:183} INFO - Processing /opt/airflow/dags/dag_extraction.py took 0.578 seconds
[2026-09-18T09:48:30.068+0000] {processor.py:161} INFO - Started process (PID=59) to work on /opt/airflow/dags/dag_extraction.py
[2026-09-18T09:48:30.070+0000] {processor.py:830} INFO - Processing file /opt/airflow/dags/dag_extraction.py for tasks to queue
[2026-09-18T09:48:30.072+0000] {logging_mixin.py:188} INFO - [2026-09-18T09:48:30.072+0000] {dagbag.py:545} INFO - Filling up the DagBag from /opt/airflow/dags/dag_extraction.py
[2026-09-18T09:48:30.186+0000] {processor.py:840} INFO - DAG(s) 'youtube_extraction' retrieved from /opt/airflow/dags/dag_extraction.py
[2026-09-18T09:48:30.215+0000] {logging_mixin.py:188} INFO - [2026-09-18T09:48:30.215+0000] {dag.py:3096} INFO - Sync 1 DAGs
[2026-09-18T09:48:30.236+0000] {logging_mixin.py:188} INFO - [2026-09-18T09:48:30.236+0000] {dag.py:3954} INFO - Setting next_dagrun for youtube_extraction to 2026-09-18 00:00:00+00:00, run_after=2026-09-19 00:00:00+00:00
[2026-09-18T09:48:30.266+0000] {processor.py:183} INFO - Processing /opt/airflow/dags/dag_extraction.py took 0.207 seconds
[2026-09-18T09:49:00.566+0000] {processor.py:161} INFO - Started process (PID=67) to work on /opt/airflow/dags/dag_extraction.py
[2026-09-18T09:49:00.568+0000] {processor.py:830} INFO - Processing file /opt/airflow/dags/dag_extraction.py for tasks to queue
[2026-09-18T09:49:00.570+0000] {logging_mixin.py:188} INFO - [2026-09-18T09:49:00.570+0000] {dagbag.py:545} INFO - Filling up the DagBag from /opt/airflow/dags/dag_extraction.py
[2026-09-18T09:49:00.655+0000] {processor.py:840} INFO - DAG(s) 'youtube_extraction' retrieved from /opt/airflow/dags/dag_extraction.py
[2026-09-18T09:49:00.676+0000] {logging_mixin.py:188} INFO - [2026-09-18T09:49:00.676+0000] {dag.py:3096} INFO - Sync 1 DAGs
[2026-09-18T09:49:00.696+0000] {logging_mixin.py:188} INFO - [2026-09-18T09:49:00.696+0000] {dag.py:3954} INFO - Setting next_dagrun for youtube_extraction to 2026-09-18 00:00:00+00:00, run_after=2026-09-19 00:00:00+00:00
[2026-09-18T09:49:00.718+0000] {processor.py:183} INFO - Processing /opt/airflow/dags/dag_extraction.py took 0.159 seconds
[2026-09-18T09:49:31.050+0000] {processor.py:161} INFO - Started process (PID=77) to work on /opt/airflow/dags/dag_extraction.py
[2026-09-18T09:49:31.053+0000] {processor.py:830} INFO - Processing file /opt/airflow/dags/dag_extraction.py for tasks to queue
[2026-09-18T09:49:31.057+0000] {logging_mixin.py:188} INFO - [2026-09-18T09:49:31.056+0000] {dagbag.py:545} INFO - Filling up the DagBag from /opt/airflow/dags/dag_extraction.py
[2026-09-18T09:49:31.147+0000] {processor.py:840} INFO - DAG(s) 'youtube_extraction' retrieved from /opt/airflow/dags/dag_extraction.py
[2026-09-18T09:49:31.168+0000] {logging_mixin.py:188} INFO - [2026-09-18T09:49:31.168+0000] {dag.py:3096} INFO - Sync 1 DAGs
[2026-09-18T09:49:31.188+0000] {logging_mixin.py:188} INFO - [2026-09-18T09:49:31.188+0000] {dag.py:3954} INFO - Setting next_dagrun for youtube_extraction to 2026-09-18 00:00:00+00:00, run_after=2026-09-19 00:00:00+00:00
[2026-09-18T09:49:31.210+0000] {processor.py:183} INFO - Processing /opt/airflow/dags/dag_extraction.py took 0.166 seconds
[2026-09-18T09:50:01.530+0000] {processor.py:161} INFO - Started process (PID=86) to work on /opt/airflow/dags/dag_extraction.py
[2026-09-18T09:50:01.533+0000] {processor.py:830} INFO - Processing file /opt/airflow/dags/dag_extraction.py for tasks to queue
[2026-09-18T09:50:01.536+0000] {logging_mixin.py:188} INFO - [2026-09-18T09:50:01.536+0000] {dagbag.py:545} INFO - Filling up the DagBag from /opt/airflow/dags/dag_extraction.py
[2026-09-18T09:50:01.673+0000] {processor.py:840} INFO - DAG(s) 'youtube_extraction' retrieved from /opt/airflow/dags/dag_extraction.py
[2026-09-18T09:50:01.697+0000] {logging_mixin.py:188} INFO - [2026-09-18T09:50:01.696+0000] {dag.py:3096} INFO - Sync 1 DAGs
[2026-09-18T09:50:01.720+0000] {logging_mixin.py:188} INFO - [2026-09-18T09:50:01.719+0000] {dag.py:3954} INFO - Setting next_dagrun for youtube_extraction to 2026-09-18 00:00:00+00:00, run_after=2026-09-19 00:00:00+00:00
[2026-09-18T09:50:01.745+0000] {processor.py:183} INFO - Processing /opt/airflow/dags/dag_extraction.py took 0.221 seconds
[2026-09-18T09:50:32.020+0000] {processor.py:161} INFO - Started process (PID=95) to work on /opt/airflow/dags/dag_extraction.py
[2026-09-18T09:50:32.022+0000] {processor.py:830} INFO - Processing file /opt/airflow/dags/dag_extraction.py for tasks to queue
[2026-09-18T09:50:32.025+0000] {logging_mixin.py:188} INFO - [2026-09-18T09:50:32.024+0000] {dagbag.py:545} INFO - Filling up the DagBag from /opt/airflow/dags/dag_extraction.py
[2026-09-18T09:50:32.119+0000] {processor.py:840} INFO - DAG(s) 'youtube_extraction' retrieved from /opt/airflow/dags/dag_extraction.py
[2026-09-18T09:50:32.142+0000] {logging_mixin.py:188} INFO - [2026-09-18T09:50:32.142+0000] {dag.py:3096} INFO - Sync 1 DAGs
[2026-09-18T09:50:32.164+0000] {logging_mixin.py:188} INFO - [2026-09-18T09:50:32.163+0000] {dag.py:3954} INFO - Setting next_dagrun for youtube_extraction to 2026-09-18 00:00:00+00:00, run_after=2026-09-19 00:00:00+00:00
[2026-09-18T09:50:32.187+0000] {processor.py:183} INFO - Processing /opt/airflow/dags/dag_extraction.py took 0.173 seconds
[2026-09-18T09:51:02.528+0000] {processor.py:161} INFO - Started process (PID=104) to work on /opt/airflow/dags/dag_extraction.py
[2026-09-18T09:51:02.530+0000] {processor.py:830} INFO - Processing file /opt/airflow/dags/dag_extraction.py for tasks to queue
[2026-09-18T09:51:02.534+0000] {logging_mixin.py:188} INFO - [2026-09-18T09:51:02.533+0000] {dagbag.py:545} INFO - Filling up the DagBag from /opt/airflow/dags/dag_extraction.py
[2026-09-18T09:51:02.626+0000] {processor.py:840} INFO - DAG(s) 'youtube_extraction' retrieved from /opt/airflow/dags/dag_extraction.py
[2026-09-18T09:51:02.652+0000] {logging_mixin.py:188} INFO - [2026-09-18T09:51:02.651+0000] {dag.py:3096} INFO - Sync 1 DAGs
[2026-09-18T09:51:02.674+0000] {logging_mixin.py:188} INFO - [2026-09-18T09:51:02.674+0000] {dag.py:3954} INFO - Setting next_dagrun for youtube_extraction to 2026-09-18 00:00:00+00:00, run_after=2026-09-19 00:00:00+00:00
[2026-09-18T09:51:02.696+0000] {processor.py:183} INFO - Processing /opt/airflow/dags/dag_extraction.py took 0.176 seconds
[2026-09-18T09:51:33.055+0000] {processor.py:161} INFO - Started process (PID=113) to work on /opt/airflow/dags/dag_extraction.py
[2026-09-18T09:51:33.060+0000] {processor.py:830} INFO - Processing file /opt/airflow/dags/dag_extraction.py for tasks to queue
[2026-09-18T09:51:33.066+0000] {logging_mixin.py:188} INFO - [2026-09-18T09:51:33.065+0000] {dagbag.py:545} INFO - Filling up the DagBag from /opt/airflow/dags/dag_extraction.py
[2026-09-18T09:51:33.164+0000] {processor.py:840} INFO - DAG(s) 'youtube_extraction' retrieved from /opt/airflow/dags/dag_extraction.py
[2026-09-18T09:51:33.190+0000] {logging_mixin.py:188} INFO - [2026-09-18T09:51:33.189+0000] {dag.py:3096} INFO - Sync 1 DAGs
[2026-09-18T09:51:33.218+0000] {logging_mixin.py:188} INFO - [2026-09-18T09:51:33.218+0000] {dag.py:3954} INFO - Setting next_dagrun for youtube_extraction to 2026-09-18 00:00:00+00:00, run_after=2026-09-19 00:00:00+00:00
[2026-09-18T09:51:33.247+0000] {processor.py:183} INFO - Processing /opt/airflow/dags/dag_extraction.py took 0.198 seconds
[2026-09-18T09:52:03.554+0000] {processor.py:161} INFO - Started process (PID=122) to work on /opt/airflow/dags/dag_extraction.py
[2026-09-18T09:52:03.556+0000] {processor.py:830} INFO - Processing file /opt/airflow/dags/dag_extraction.py for tasks to queue
[2026-09-18T09:52:03.558+0000] {logging_mixin.py:188} INFO - [2026-09-18T09:52:03.558+0000] {dagbag.py:545} INFO - Filling up the DagBag from /opt/airflow/dags/dag_extraction.py
[2026-09-18T09:52:03.658+0000] {processor.py:840} INFO - DAG(s) 'youtube_extraction' retrieved from /opt/airflow/dags/dag_extraction.py
[2026-09-18T09:52:03.684+0000] {logging_mixin.py:188} INFO - [2026-09-18T09:52:03.683+0000] {dag.py:3096} INFO - Sync 1 DAGs
[2026-09-18T09:52:03.706+0000] {logging_mixin.py:188} INFO - [2026-09-18T09:52:03.706+0000] {dag.py:3954} INFO - Setting next_dagrun for youtube_extraction to 2026-09-18 00:00:00+00:00, run_after=2026-09-19 00:00:00+00:00
[2026-09-18T09:52:03.729+0000] {processor.py:183} INFO - Processing /opt/airflow/dags/dag_extraction.py took 0.181 seconds
[2026-09-18T09:52:34.067+0000] {processor.py:161} INFO - Started process (PID=131) to work on /opt/airflow/dags/dag_extraction.py
[2026-09-18T09:52:34.069+0000] {processor.py:830} INFO - Processing file /opt/airflow/dags/dag_extraction.py for tasks to queue
[2026-09-18T09:52:34.071+0000] {logging_mixin.py:188} INFO - [2026-09-18T09:52:34.071+0000] {dagbag.py:545} INFO - Filling up the DagBag from /opt/airflow/dags/dag_extraction.py
[2026-09-18T09:52:34.150+0000] {processor.py:840} INFO - DAG(s) 'youtube_extraction' retrieved from /opt/airflow/dags/dag_extraction.py
[2026-09-18T09:52:34.171+0000] {logging_mixin.py:188} INFO - [2026-09-18T09:52:34.169+0000] {dag.py:3096} INFO - Sync 1 DAGs
[2026-09-18T09:52:34.192+0000] {logging_mixin.py:188} INFO - [2026-09-18T09:52:34.192+0000] {dag.py:3954} INFO - Setting next_dagrun for youtube_extraction to 2026-09-18 00:00:00+00:00, run_after=2026-09-19 00:00:00+00:00
[2026-09-18T09:52:34.213+0000] {processor.py:183} INFO - Processing /opt/airflow/dags/dag_extraction.py took 0.152 seconds
[2026-09-18T09:53:04.618+0000] {processor.py:161} INFO - Started process (PID=146) to work on /opt/airflow/dags/dag_extraction.py
[2026-09-18T09:53:04.620+0000] {processor.py:830} INFO - Processing file /opt/airflow/dags/dag_extraction.py for tasks to queue
[2026-09-18T09:53:04.623+0000] {logging_mixin.py:188} INFO - [2026-09-18T09:53:04.622+0000] {dagbag.py:545} INFO - Filling up the DagBag from /opt/airflow/dags/dag_extraction.py
[2026-09-18T09:53:04.709+0000] {processor.py:840} INFO - DAG(s) 'youtube_extraction' retrieved from /opt/airflow/dags/dag_extraction.py
[2026-09-18T09:53:04.758+0000] {logging_mixin.py:188} INFO - [2026-09-18T09:53:04.758+0000] {dag.py:3096} INFO - Sync 1 DAGs
[2026-09-18T09:53:04.781+0000] {logging_mixin.py:188} INFO - [2026-09-18T09:53:04.781+0000] {dag.py:3954} INFO - Setting next_dagrun for youtube_extraction to 2026-09-18 00:00:00+00:00, run_after=2026-09-19 00:00:00+00:00
[2026-09-18T09:53:04.801+0000] {processor.py:183} INFO - Processing /opt/airflow/dags/dag_extraction.py took 0.189 seconds
[2026-09-18T09:53:35.118+0000] {processor.py:161} INFO - Started process (PID=155) to work on /opt/airflow/dags/dag_extraction.py
[2026-09-18T09:53:35.119+0000] {processor.py:830} INFO - Processing file /opt/airflow/dags/dag_extraction.py for tasks to queue
[2026-09-18T09:53:35.122+0000] {logging_mixin.py:188} INFO - [2026-09-18T09:53:35.122+0000] {dagbag.py:545} INFO - Filling up the DagBag from /opt/airflow/dags/dag_extraction.py
[2026-09-18T09:53:35.203+0000] {processor.py:840} INFO - DAG(s) 'youtube_extraction' retrieved from /opt/airflow/dags/dag_extraction.py
[2026-09-18T09:53:35.224+0000] {logging_mixin.py:188} INFO - [2026-09-18T09:53:35.223+0000] {dag.py:3096} INFO - Sync 1 DAGs
[2026-09-18T09:53:35.244+0000] {logging_mixin.py:188} INFO - [2026-09-18T09:53:35.243+0000] {dag.py:3954} INFO - Setting next_dagrun for youtube_extraction to 2026-09-18 00:00:00+00:00, run_after=2026-09-19 00:00:00+00:00
[2026-09-18T09:53:35.264+0000] {processor.py:183} INFO - Processing /opt/airflow/dags/dag_extraction.py took 0.152 seconds
[2026-09-18T09:54:05.620+0000] {processor.py:161} INFO - Started process (PID=164) to work on /opt/airflow/dags/dag_extraction.py
[2026-09-18T09:54:05.622+0000] {processor.py:830} INFO - Processing file /opt/airflow/dags/dag_extraction.py for tasks to queue
[2026-09-18T09:54:05.625+0000] {logging_mixin.py:188} INFO - [2026-09-18T09:54:05.625+0000] {dagbag.py:545} INFO - Filling up the DagBag from /opt/airflow/dags/dag_extraction.py
[2026-09-18T09:54:05.707+0000] {processor.py:840} INFO - DAG(s) 'youtube_extraction' retrieved from /opt/airflow/dags/dag_extraction.py
[2026-09-18T09:54:05.730+0000] {logging_mixin.py:188} INFO - [2026-09-18T09:54:05.729+0000] {dag.py:3096} INFO - Sync 1 DAGs
[2026-09-18T09:54:05.749+0000] {logging_mixin.py:188} INFO - [2026-09-18T09:54:05.749+0000] {dag.py:3954} INFO - Setting next_dagrun for youtube_extraction to 2026-09-18 00:00:00+00:00, run_after=2026-09-19 00:00:00+00:00
[2026-09-18T09:54:05.769+0000] {processor.py:183} INFO - Processing /opt/airflow/dags/dag_extraction.py took 0.155 seconds
[2026-09-18T09:54:36.099+0000] {processor.py:161} INFO - Started process (PID=173) to work on /opt/airflow/dags/dag_extraction.py
[2026-09-18T09:54:36.101+0000] {processor.py:830} INFO - Processing file /opt/airflow/dags/dag_extraction.py for tasks to queue
[2026-09-18T09:54:36.105+0000] {logging_mixin.py:188} INFO - [2026-09-18T09:54:36.105+0000] {dagbag.py:545} INFO - Filling up the DagBag from /opt/airflow/dags/dag_extraction.py
[2026-09-18T09:54:36.188+0000] {processor.py:840} INFO - DAG(s) 'youtube_extraction' retrieved from /opt/airflow/dags/dag_extraction.py
[2026-09-18T09:54:36.210+0000] {logging_mixin.py:188} INFO - [2026-09-18T09:54:36.210+0000] {dag.py:3096} INFO - Sync 1 DAGs
[2026-09-18T09:54:36.230+0000] {logging_mixin.py:188} INFO - [2026-09-18T09:54:36.229+0000] {dag.py:3954} INFO - Setting next_dagrun for youtube_extraction to 2026-09-18 00:00:00+00:00, run_after=2026-09-19 00:00:00+00:00
[2026-09-18T09:54:36.251+0000] {processor.py:183} INFO - Processing /opt/airflow/dags/dag_extraction.py took 0.157 seconds
[2026-09-18T09:55:06.576+0000] {processor.py:161} INFO - Started process (PID=182) to work on /opt/airflow/dags/dag_extraction.py
[2026-09-18T09:55:06.578+0000] {processor.py:830} INFO - Processing file /opt/airflow/dags/dag_extraction.py for tasks to queue
[2026-09-18T09:55:06.581+0000] {logging_mixin.py:188} INFO - [2026-09-18T09:55:06.580+0000] {dagbag.py:545} INFO - Filling up the DagBag from /opt/airflow/dags/dag_extraction.py
[2026-09-18T09:55:06.667+0000] {processor.py:840} INFO - DAG(s) 'youtube_extraction' retrieved from /opt/airflow/dags/dag_extraction.py
[2026-09-18T09:55:06.693+0000] {logging_mixin.py:188} INFO - [2026-09-18T09:55:06.693+0000] {dag.py:3096} INFO - Sync 1 DAGs
[2026-09-18T09:55:06.714+0000] {logging_mixin.py:188} INFO - [2026-09-18T09:55:06.713+0000] {dag.py:3954} INFO - Setting next_dagrun for youtube_extraction to 2026-09-18 00:00:00+00:00, run_after=2026-09-19 00:00:00+00:00
[2026-09-18T09:55:06.740+0000] {processor.py:183} INFO - Processing /opt/airflow/dags/dag_extraction.py took 0.171 seconds
[2026-09-18T09:55:37.088+0000] {processor.py:161} INFO - Started process (PID=219) to work on /opt/airflow/dags/dag_extraction.py
[2026-09-18T09:55:37.090+0000] {processor.py:830} INFO - Processing file /opt/airflow/dags/dag_extraction.py for tasks to queue
[2026-09-18T09:55:37.093+0000] {logging_mixin.py:188} INFO - [2026-09-18T09:55:37.093+0000] {dagbag.py:545} INFO - Filling up the DagBag from /opt/airflow/dags/dag_extraction.py
[2026-09-18T09:55:37.174+0000] {processor.py:840} INFO - DAG(s) 'youtube_extraction' retrieved from /opt/airflow/dags/dag_extraction.py
[2026-09-18T09:55:37.196+0000] {logging_mixin.py:188} INFO - [2026-09-18T09:55:37.196+0000] {dag.py:3096} INFO - Sync 1 DAGs
[2026-09-18T09:55:37.219+0000] {logging_mixin.py:188} INFO - [2026-09-18T09:55:37.218+0000] {dag.py:3954} INFO - Setting next_dagrun for youtube_extraction to 2026-09-18 00:00:00+00:00, run_after=2026-09-19 00:00:00+00:00
[2026-09-18T09:55:37.241+0000] {processor.py:183} INFO - Processing /opt/airflow/dags/dag_extraction.py took 0.159 seconds
[2026-09-18T09:56:07.559+0000] {processor.py:161} INFO - Started process (PID=228) to work on /opt/airflow/dags/dag_extraction.py
[2026-09-18T09:56:07.561+0000] {processor.py:830} INFO - Processing file /opt/airflow/dags/dag_extraction.py for tasks to queue
[2026-09-18T09:56:07.564+0000] {logging_mixin.py:188} INFO - [2026-09-18T09:56:07.563+0000] {dagbag.py:545} INFO - Filling up the DagBag from /opt/airflow/dags/dag_extraction.py
[2026-09-18T09:56:07.651+0000] {processor.py:840} INFO - DAG(s) 'youtube_extraction' retrieved from /opt/airflow/dags/dag_extraction.py
[2026-09-18T09:56:07.677+0000] {logging_mixin.py:188} INFO - [2026-09-18T09:56:07.677+0000] {dag.py:3096} INFO - Sync 1 DAGs
[2026-09-18T09:56:07.703+0000] {logging_mixin.py:188} INFO - [2026-09-18T09:56:07.703+0000] {dag.py:3954} INFO - Setting next_dagrun for youtube_extraction to 2026-09-18 00:00:00+00:00, run_after=2026-09-19 00:00:00+00:00
[2026-09-18T09:56:07.728+0000] {processor.py:183} INFO - Processing /opt/airflow/dags/dag_extraction.py took 0.174 seconds
[2026-09-18T09:56:38.009+0000] {processor.py:161} INFO - Started process (PID=237) to work on /opt/airflow/dags/dag_extraction.py
[2026-09-18T09:56:38.011+0000] {processor.py:830} INFO - Processing file /opt/airflow/dags/dag_extraction.py for tasks to queue
[2026-09-18T09:56:38.015+0000] {logging_mixin.py:188} INFO - [2026-09-18T09:56:38.014+0000] {dagbag.py:545} INFO - Filling up the DagBag from /opt/airflow/dags/dag_extraction.py
[2026-09-18T09:56:38.103+0000] {processor.py:840} INFO - DAG(s) 'youtube_extraction' retrieved from /opt/airflow/dags/dag_extraction.py
[2026-09-18T09:56:38.125+0000] {logging_mixin.py:188} INFO - [2026-09-18T09:56:38.124+0000] {dag.py:3096} INFO - Sync 1 DAGs
[2026-09-18T09:56:38.144+0000] {logging_mixin.py:188} INFO - [2026-09-18T09:56:38.144+0000] {dag.py:3954} INFO - Setting next_dagrun for youtube_extraction to 2026-09-18 00:00:00+00:00, run_after=2026-09-19 00:00:00+00:00
[2026-09-18T09:56:38.165+0000] {processor.py:183} INFO - Processing /opt/airflow/dags/dag_extraction.py took 0.163 seconds
[2026-09-18T09:57:08.503+0000] {processor.py:161} INFO - Started process (PID=246) to work on /opt/airflow/dags/dag_extraction.py
[2026-09-18T09:57:08.507+0000] {processor.py:830} INFO - Processing file /opt/airflow/dags/dag_extraction.py for tasks to queue
[2026-09-18T09:57:08.510+0000] {logging_mixin.py:188} INFO - [2026-09-18T09:57:08.510+0000] {dagbag.py:545} INFO - Filling up the DagBag from /opt/airflow/dags/dag_extraction.py
[2026-09-18T09:57:08.595+0000] {processor.py:840} INFO - DAG(s) 'youtube_extraction' retrieved from /opt/airflow/dags/dag_extraction.py
[2026-09-18T09:57:08.620+0000] {logging_mixin.py:188} INFO - [2026-09-18T09:57:08.620+0000] {dag.py:3096} INFO - Sync 1 DAGs
[2026-09-18T09:57:08.645+0000] {logging_mixin.py:188} INFO - [2026-09-18T09:57:08.644+0000] {dag.py:3954} INFO - Setting next_dagrun for youtube_extraction to 2026-09-18 00:00:00+00:00, run_after=2026-09-19 00:00:00+00:00
[2026-09-18T09:57:08.671+0000] {processor.py:183} INFO - Processing /opt/airflow/dags/dag_extraction.py took 0.176 seconds
[2026-09-18T09:57:38.951+0000] {processor.py:161} INFO - Started process (PID=255) to work on /opt/airflow/dags/dag_extraction.py
[2026-09-18T09:57:38.954+0000] {processor.py:830} INFO - Processing file /opt/airflow/dags/dag_extraction.py for tasks to queue
[2026-09-18T09:57:38.958+0000] {logging_mixin.py:188} INFO - [2026-09-18T09:57:38.957+0000] {dagbag.py:545} INFO - Filling up the DagBag from /opt/airflow/dags/dag_extraction.py
[2026-09-18T09:57:39.048+0000] {processor.py:840} INFO - DAG(s) 'youtube_extraction' retrieved from /opt/airflow/dags/dag_extraction.py
[2026-09-18T09:57:39.071+0000] {logging_mixin.py:188} INFO - [2026-09-18T09:57:39.070+0000] {dag.py:3096} INFO - Sync 1 DAGs
[2026-09-18T09:57:39.091+0000] {logging_mixin.py:188} INFO - [2026-09-18T09:57:39.091+0000] {dag.py:3954} INFO - Setting next_dagrun for youtube_extraction to 2026-09-18 00:00:00+00:00, run_after=2026-09-19 00:00:00+00:00
[2026-09-18T09:57:39.115+0000] {processor.py:183} INFO - Processing /opt/airflow/dags/dag_extraction.py took 0.171 seconds
[2026-09-18T09:58:09.466+0000] {processor.py:161} INFO - Started process (PID=278) to work on /opt/airflow/dags/dag_extraction.py
[2026-09-18T09:58:09.470+0000] {processor.py:830} INFO - Processing file /opt/airflow/dags/dag_extraction.py for tasks to queue
[2026-09-18T09:58:09.473+0000] {logging_mixin.py:188} INFO - [2026-09-18T09:58:09.473+0000] {dagbag.py:545} INFO - Filling up the DagBag from /opt/airflow/dags/dag_extraction.py
[2026-09-18T09:58:09.556+0000] {processor.py:840} INFO - DAG(s) 'youtube_extraction' retrieved from /opt/airflow/dags/dag_extraction.py
[2026-09-18T09:58:09.578+0000] {logging_mixin.py:188} INFO - [2026-09-18T09:58:09.578+0000] {dag.py:3096} INFO - Sync 1 DAGs
[2026-09-18T09:58:09.597+0000] {logging_mixin.py:188} INFO - [2026-09-18T09:58:09.597+0000] {dag.py:3954} INFO - Setting next_dagrun for youtube_extraction to 2026-09-18 00:00:00+00:00, run_after=2026-09-19 00:00:00+00:00
[2026-09-18T09:58:09.618+0000] {processor.py:183} INFO - Processing /opt/airflow/dags/dag_extraction.py took 0.159 seconds
[2026-09-18T09:58:39.919+0000] {processor.py:161} INFO - Started process (PID=287) to work on /opt/airflow/dags/dag_extraction.py
[2026-09-18T09:58:39.922+0000] {processor.py:830} INFO - Processing file /opt/airflow/dags/dag_extraction.py for tasks to queue
[2026-09-18T09:58:39.925+0000] {logging_mixin.py:188} INFO - [2026-09-18T09:58:39.924+0000] {dagbag.py:545} INFO - Filling up the DagBag from /opt/airflow/dags/dag_extraction.py
[2026-09-18T09:58:40.012+0000] {processor.py:840} INFO - DAG(s) 'youtube_extraction' retrieved from /opt/airflow/dags/dag_extraction.py
[2026-09-18T09:58:40.042+0000] {logging_mixin.py:188} INFO - [2026-09-18T09:58:40.042+0000] {dag.py:3096} INFO - Sync 1 DAGs
[2026-09-18T09:58:40.074+0000] {logging_mixin.py:188} INFO - [2026-09-18T09:58:40.073+0000] {dag.py:3954} INFO - Setting next_dagrun for youtube_extraction to 2026-09-18 00:00:00+00:00, run_after=2026-09-19 00:00:00+00:00
[2026-09-18T09:58:40.110+0000] {processor.py:183} INFO - Processing /opt/airflow/dags/dag_extraction.py took 0.197 seconds
[2026-09-18T09:59:10.438+0000] {processor.py:161} INFO - Started process (PID=302) to work on /opt/airflow/dags/dag_extraction.py
[2026-09-18T09:59:10.440+0000] {processor.py:830} INFO - Processing file /opt/airflow/dags/dag_extraction.py for tasks to queue
[2026-09-18T09:59:10.444+0000] {logging_mixin.py:188} INFO - [2026-09-18T09:59:10.443+0000] {dagbag.py:545} INFO - Filling up the DagBag from /opt/airflow/dags/dag_extraction.py
[2026-09-18T09:59:10.552+0000] {processor.py:840} INFO - DAG(s) 'youtube_extraction' retrieved from /opt/airflow/dags/dag_extraction.py
[2026-09-18T09:59:10.576+0000] {logging_mixin.py:188} INFO - [2026-09-18T09:59:10.576+0000] {dag.py:3096} INFO - Sync 1 DAGs
[2026-09-18T09:59:10.603+0000] {logging_mixin.py:188} INFO - [2026-09-18T09:59:10.602+0000] {dag.py:3954} INFO - Setting next_dagrun for youtube_extraction to 2026-09-18 00:00:00+00:00, run_after=2026-09-19 00:00:00+00:00
[2026-09-18T09:59:10.626+0000] {processor.py:183} INFO - Processing /opt/airflow/dags/dag_extraction.py took 0.197 seconds
[2026-09-18T09:59:40.932+0000] {processor.py:161} INFO - Started process (PID=311) to work on /opt/airflow/dags/dag_extraction.py
[2026-09-18T09:59:40.937+0000] {processor.py:830} INFO - Processing file /opt/airflow/dags/dag_extraction.py for tasks to queue
[2026-09-18T09:59:40.939+0000] {logging_mixin.py:188} INFO - [2026-09-18T09:59:40.939+0000] {dagbag.py:545} INFO - Filling up the DagBag from /opt/airflow/dags/dag_extraction.py
[2026-09-18T09:59:41.040+0000] {processor.py:840} INFO - DAG(s) 'youtube_extraction' retrieved from /opt/airflow/dags/dag_extraction.py
[2026-09-18T09:59:41.082+0000] {logging_mixin.py:188} INFO - [2026-09-18T09:59:41.081+0000] {dag.py:3096} INFO - Sync 1 DAGs
[2026-09-18T09:59:41.112+0000] {logging_mixin.py:188} INFO - [2026-09-18T09:59:41.112+0000] {dag.py:3954} INFO - Setting next_dagrun for youtube_extraction to 2026-09-18 00:00:00+00:00, run_after=2026-09-19 00:00:00+00:00
[2026-09-18T09:59:41.137+0000] {processor.py:183} INFO - Processing /opt/airflow/dags/dag_extraction.py took 0.211 seconds
[2026-09-18T10:00:11.447+0000] {processor.py:161} INFO - Started process (PID=320) to work on /opt/airflow/dags/dag_extraction.py
[2026-09-18T10:00:11.451+0000] {processor.py:830} INFO - Processing file /opt/airflow/dags/dag_extraction.py for tasks to queue
[2026-09-18T10:00:11.454+0000] {logging_mixin.py:188} INFO - [2026-09-18T10:00:11.453+0000] {dagbag.py:545} INFO - Filling up the DagBag from /opt/airflow/dags/dag_extraction.py
[2026-09-18T10:00:11.543+0000] {processor.py:840} INFO - DAG(s) 'youtube_extraction' retrieved from /opt/airflow/dags/dag_extraction.py
[2026-09-18T10:00:11.565+0000] {logging_mixin.py:188} INFO - [2026-09-18T10:00:11.564+0000] {dag.py:3096} INFO - Sync 1 DAGs
[2026-09-18T10:00:11.584+0000] {logging_mixin.py:188} INFO - [2026-09-18T10:00:11.584+0000] {dag.py:3954} INFO - Setting next_dagrun for youtube_extraction to 2026-09-18 00:00:00+00:00, run_after=2026-09-19 00:00:00+00:00
[2026-09-18T10:00:11.605+0000] {processor.py:183} INFO - Processing /opt/airflow/dags/dag_extraction.py took 0.164 seconds
[2026-09-18T10:00:41.936+0000] {processor.py:161} INFO - Started process (PID=329) to work on /opt/airflow/dags/dag_extraction.py
[2026-09-18T10:00:41.939+0000] {processor.py:830} INFO - Processing file /opt/airflow/dags/dag_extraction.py for tasks to queue
[2026-09-18T10:00:41.942+0000] {logging_mixin.py:188} INFO - [2026-09-18T10:00:41.942+0000] {dagbag.py:545} INFO - Filling up the DagBag from /opt/airflow/dags/dag_extraction.py
[2026-09-18T10:00:42.030+0000] {processor.py:840} INFO - DAG(s) 'youtube_extraction' retrieved from /opt/airflow/dags/dag_extraction.py
[2026-09-18T10:00:42.053+0000] {logging_mixin.py:188} INFO - [2026-09-18T10:00:42.053+0000] {dag.py:3096} INFO - Sync 1 DAGs
[2026-09-18T10:00:42.077+0000] {logging_mixin.py:188} INFO - [2026-09-18T10:00:42.076+0000] {dag.py:3954} INFO - Setting next_dagrun for youtube_extraction to 2026-09-18 00:00:00+00:00, run_after=2026-09-19 00:00:00+00:00
[2026-09-18T10:00:42.098+0000] {processor.py:183} INFO - Processing /opt/airflow/dags/dag_extraction.py took 0.168 seconds
[2026-09-18T10:01:12.404+0000] {processor.py:161} INFO - Started process (PID=338) to work on /opt/airflow/dags/dag_extraction.py
[2026-09-18T10:01:12.406+0000] {processor.py:830} INFO - Processing file /opt/airflow/dags/dag_extraction.py for tasks to queue
[2026-09-18T10:01:12.410+0000] {logging_mixin.py:188} INFO - [2026-09-18T10:01:12.409+0000] {dagbag.py:545} INFO - Filling up the DagBag from /opt/airflow/dags/dag_extraction.py
[2026-09-18T10:01:12.557+0000] {processor.py:840} INFO - DAG(s) 'youtube_extraction' retrieved from /opt/airflow/dags/dag_extraction.py
[2026-09-18T10:01:12.581+0000] {logging_mixin.py:188} INFO - [2026-09-18T10:01:12.581+0000] {dag.py:3096} INFO - Sync 1 DAGs
[2026-09-18T10:01:12.604+0000] {logging_mixin.py:188} INFO - [2026-09-18T10:01:12.604+0000] {dag.py:3954} INFO - Setting next_dagrun for youtube_extraction to 2026-09-18 00:00:00+00:00, run_after=2026-09-19 00:00:00+00:00
[2026-09-18T10:01:12.628+0000] {processor.py:183} INFO - Processing /opt/airflow/dags/dag_extraction.py took 0.233 seconds
[2026-09-18T10:01:42.976+0000] {processor.py:161} INFO - Started process (PID=347) to work on /opt/airflow/dags/dag_extraction.py
[2026-09-18T10:01:42.979+0000] {processor.py:830} INFO - Processing file /opt/airflow/dags/dag_extraction.py for tasks to queue
[2026-09-18T10:01:42.982+0000] {logging_mixin.py:188} INFO - [2026-09-18T10:01:42.982+0000] {dagbag.py:545} INFO - Filling up the DagBag from /opt/airflow/dags/dag_extraction.py
[2026-09-18T10:01:43.062+0000] {processor.py:840} INFO - DAG(s) 'youtube_extraction' retrieved from /opt/airflow/dags/dag_extraction.py
[2026-09-18T10:01:43.083+0000] {logging_mixin.py:188} INFO - [2026-09-18T10:01:43.083+0000] {dag.py:3096} INFO - Sync 1 DAGs
[2026-09-18T10:01:43.105+0000] {logging_mixin.py:188} INFO - [2026-09-18T10:01:43.104+0000] {dag.py:3954} INFO - Setting next_dagrun for youtube_extraction to 2026-09-18 00:00:00+00:00, run_after=2026-09-19 00:00:00+00:00
[2026-09-18T10:01:43.127+0000] {processor.py:183} INFO - Processing /opt/airflow/dags/dag_extraction.py took 0.156 seconds
[2026-09-18T10:02:13.427+0000] {processor.py:161} INFO - Started process (PID=356) to work on /opt/airflow/dags/dag_extraction.py
[2026-09-18T10:02:13.429+0000] {processor.py:830} INFO - Processing file /opt/airflow/dags/dag_extraction.py for tasks to queue
[2026-09-18T10:02:13.432+0000] {logging_mixin.py:188} INFO - [2026-09-18T10:02:13.432+0000] {dagbag.py:545} INFO - Filling up the DagBag from /opt/airflow/dags/dag_extraction.py
[2026-09-18T10:02:13.523+0000] {processor.py:840} INFO - DAG(s) 'youtube_extraction' retrieved from /opt/airflow/dags/dag_extraction.py
[2026-09-18T10:02:13.547+0000] {logging_mixin.py:188} INFO - [2026-09-18T10:02:13.547+0000] {dag.py:3096} INFO - Sync 1 DAGs
[2026-09-18T10:02:13.570+0000] {logging_mixin.py:188} INFO - [2026-09-18T10:02:13.570+0000] {dag.py:3954} INFO - Setting next_dagrun for youtube_extraction to 2026-09-18 00:00:00+00:00, run_after=2026-09-19 00:00:00+00:00
[2026-09-18T10:02:13.590+0000] {processor.py:183} INFO - Processing /opt/airflow/dags/dag_extraction.py took 0.169 seconds
[2026-09-18T10:02:43.925+0000] {processor.py:161} INFO - Started process (PID=365) to work on /opt/airflow/dags/dag_extraction.py
[2026-09-18T10:02:43.927+0000] {processor.py:830} INFO - Processing file /opt/airflow/dags/dag_extraction.py for tasks to queue
[2026-09-18T10:02:43.931+0000] {logging_mixin.py:188} INFO - [2026-09-18T10:02:43.931+0000] {dagbag.py:545} INFO - Filling up the DagBag from /opt/airflow/dags/dag_extraction.py
[2026-09-18T10:02:44.021+0000] {processor.py:840} INFO - DAG(s) 'youtube_extraction' retrieved from /opt/airflow/dags/dag_extraction.py
[2026-09-18T10:02:44.048+0000] {logging_mixin.py:188} INFO - [2026-09-18T10:02:44.047+0000] {dag.py:3096} INFO - Sync 1 DAGs
[2026-09-18T10:02:44.071+0000] {logging_mixin.py:188} INFO - [2026-09-18T10:02:44.070+0000] {dag.py:3954} INFO - Setting next_dagrun for youtube_extraction to 2026-09-18 00:00:00+00:00, run_after=2026-09-19 00:00:00+00:00
[2026-09-18T10:02:44.092+0000] {processor.py:183} INFO - Processing /opt/airflow/dags/dag_extraction.py took 0.173 seconds
[2026-09-18T10:03:14.471+0000] {processor.py:161} INFO - Started process (PID=374) to work on /opt/airflow/dags/dag_extraction.py
[2026-09-18T10:03:14.476+0000] {processor.py:830} INFO - Processing file /opt/airflow/dags/dag_extraction.py for tasks to queue
[2026-09-18T10:03:14.479+0000] {logging_mixin.py:188} INFO - [2026-09-18T10:03:14.478+0000] {dagbag.py:545} INFO - Filling up the DagBag from /opt/airflow/dags/dag_extraction.py
[2026-09-18T10:03:14.576+0000] {processor.py:840} INFO - DAG(s) 'youtube_extraction' retrieved from /opt/airflow/dags/dag_extraction.py
[2026-09-18T10:03:14.600+0000] {logging_mixin.py:188} INFO - [2026-09-18T10:03:14.600+0000] {dag.py:3096} INFO - Sync 1 DAGs
[2026-09-18T10:03:14.626+0000] {logging_mixin.py:188} INFO - [2026-09-18T10:03:14.626+0000] {dag.py:3954} INFO - Setting next_dagrun for youtube_extraction to 2026-09-18 00:00:00+00:00, run_after=2026-09-19 00:00:00+00:00
[2026-09-18T10:03:14.649+0000] {processor.py:183} INFO - Processing /opt/airflow/dags/dag_extraction.py took 0.186 seconds
[2026-09-18T10:03:44.976+0000] {processor.py:161} INFO - Started process (PID=383) to work on /opt/airflow/dags/dag_extraction.py
[2026-09-18T10:03:44.980+0000] {processor.py:830} INFO - Processing file /opt/airflow/dags/dag_extraction.py for tasks to queue
[2026-09-18T10:03:44.983+0000] {logging_mixin.py:188} INFO - [2026-09-18T10:03:44.983+0000] {dagbag.py:545} INFO - Filling up the DagBag from /opt/airflow/dags/dag_extraction.py
[2026-09-18T10:03:45.065+0000] {processor.py:840} INFO - DAG(s) 'youtube_extraction' retrieved from /opt/airflow/dags/dag_extraction.py
[2026-09-18T10:03:45.088+0000] {logging_mixin.py:188} INFO - [2026-09-18T10:03:45.087+0000] {dag.py:3096} INFO - Sync 1 DAGs
[2026-09-18T10:03:45.107+0000] {logging_mixin.py:188} INFO - [2026-09-18T10:03:45.107+0000] {dag.py:3954} INFO - Setting next_dagrun for youtube_extraction to 2026-09-18 00:00:00+00:00, run_after=2026-09-19 00:00:00+00:00
[2026-09-18T10:03:45.128+0000] {processor.py:183} INFO - Processing /opt/airflow/dags/dag_extraction.py took 0.158 seconds
[2026-09-18T10:04:15.501+0000] {processor.py:161} INFO - Started process (PID=392) to work on /opt/airflow/dags/dag_extraction.py
[2026-09-18T10:04:15.503+0000] {processor.py:830} INFO - Processing file /opt/airflow/dags/dag_extraction.py for tasks to queue
[2026-09-18T10:04:15.507+0000] {logging_mixin.py:188} INFO - [2026-09-18T10:04:15.507+0000] {dagbag.py:545} INFO - Filling up the DagBag from /opt/airflow/dags/dag_extraction.py
[2026-09-18T10:04:15.597+0000] {processor.py:840} INFO - DAG(s) 'youtube_extraction' retrieved from /opt/airflow/dags/dag_extraction.py
[2026-09-18T10:04:15.619+0000] {logging_mixin.py:188} INFO - [2026-09-18T10:04:15.619+0000] {dag.py:3096} INFO - Sync 1 DAGs
[2026-09-18T10:04:15.641+0000] {logging_mixin.py:188} INFO - [2026-09-18T10:04:15.640+0000] {dag.py:3954} INFO - Setting next_dagrun for youtube_extraction to 2026-09-18 00:00:00+00:00, run_after=2026-09-19 00:00:00+00:00
[2026-09-18T10:04:15.663+0000] {processor.py:183} INFO - Processing /opt/airflow/dags/dag_extraction.py took 0.171 seconds
[2026-09-18T10:04:46.019+0000] {processor.py:161} INFO - Started process (PID=401) to work on /opt/airflow/dags/dag_extraction.py
[2026-09-18T10:04:46.021+0000] {processor.py:830} INFO - Processing file /opt/airflow/dags/dag_extraction.py for tasks to queue
[2026-09-18T10:04:46.025+0000] {logging_mixin.py:188} INFO - [2026-09-18T10:04:46.024+0000] {dagbag.py:545} INFO - Filling up the DagBag from /opt/airflow/dags/dag_extraction.py
[2026-09-18T10:04:46.110+0000] {processor.py:840} INFO - DAG(s) 'youtube_extraction' retrieved from /opt/airflow/dags/dag_extraction.py
[2026-09-18T10:04:46.131+0000] {logging_mixin.py:188} INFO - [2026-09-18T10:04:46.130+0000] {dag.py:3096} INFO - Sync 1 DAGs
[2026-09-18T10:04:46.152+0000] {logging_mixin.py:188} INFO - [2026-09-18T10:04:46.151+0000] {dag.py:3954} INFO - Setting next_dagrun for youtube_extraction to 2026-09-18 00:00:00+00:00, run_after=2026-09-19 00:00:00+00:00
[2026-09-18T10:04:46.172+0000] {processor.py:183} INFO - Processing /opt/airflow/dags/dag_extraction.py took 0.159 seconds
[2026-09-18T10:05:16.482+0000] {processor.py:161} INFO - Started process (PID=452) to work on /opt/airflow/dags/dag_extraction.py
[2026-09-18T10:05:16.486+0000] {processor.py:830} INFO - Processing file /opt/airflow/dags/dag_extraction.py for tasks to queue
[2026-09-18T10:05:16.489+0000] {logging_mixin.py:188} INFO - [2026-09-18T10:05:16.488+0000] {dagbag.py:545} INFO - Filling up the DagBag from /opt/airflow/dags/dag_extraction.py
[2026-09-18T10:05:16.582+0000] {processor.py:840} INFO - DAG(s) 'youtube_extraction' retrieved from /opt/airflow/dags/dag_extraction.py
[2026-09-18T10:05:16.608+0000] {logging_mixin.py:188} INFO - [2026-09-18T10:05:16.608+0000] {dag.py:3096} INFO - Sync 1 DAGs
[2026-09-18T10:05:16.631+0000] {logging_mixin.py:188} INFO - [2026-09-18T10:05:16.631+0000] {dag.py:3954} INFO - Setting next_dagrun for youtube_extraction to 2026-09-18 00:00:00+00:00, run_after=2026-09-19 00:00:00+00:00
[2026-09-18T10:05:16.655+0000] {processor.py:183} INFO - Processing /opt/airflow/dags/dag_extraction.py took 0.179 seconds
[2026-09-18T10:05:46.966+0000] {processor.py:161} INFO - Started process (PID=461) to work on /opt/airflow/dags/dag_extraction.py
[2026-09-18T10:05:46.969+0000] {processor.py:830} INFO - Processing file /opt/airflow/dags/dag_extraction.py for tasks to queue
[2026-09-18T10:05:46.972+0000] {logging_mixin.py:188} INFO - [2026-09-18T10:05:46.972+0000] {dagbag.py:545} INFO - Filling up the DagBag from /opt/airflow/dags/dag_extraction.py
[2026-09-18T10:05:47.062+0000] {processor.py:840} INFO - DAG(s) 'youtube_extraction' retrieved from /opt/airflow/dags/dag_extraction.py
[2026-09-18T10:05:47.085+0000] {logging_mixin.py:188} INFO - [2026-09-18T10:05:47.084+0000] {dag.py:3096} INFO - Sync 1 DAGs
[2026-09-18T10:05:47.105+0000] {logging_mixin.py:188} INFO - [2026-09-18T10:05:47.105+0000] {dag.py:3954} INFO - Setting next_dagrun for youtube_extraction to 2026-09-18 00:00:00+00:00, run_after=2026-09-19 00:00:00+00:00
[2026-09-18T10:05:47.129+0000] {processor.py:183} INFO - Processing /opt/airflow/dags/dag_extraction.py took 0.169 seconds
[2026-09-18T10:06:17.470+0000] {processor.py:161} INFO - Started process (PID=470) to work on /opt/airflow/dags/dag_extraction.py
[2026-09-18T10:06:17.473+0000] {processor.py:830} INFO - Processing file /opt/airflow/dags/dag_extraction.py for tasks to queue
[2026-09-18T10:06:17.477+0000] {logging_mixin.py:188} INFO - [2026-09-18T10:06:17.477+0000] {dagbag.py:545} INFO - Filling up the DagBag from /opt/airflow/dags/dag_extraction.py
[2026-09-18T10:06:17.572+0000] {processor.py:840} INFO - DAG(s) 'youtube_extraction' retrieved from /opt/airflow/dags/dag_extraction.py
[2026-09-18T10:06:17.595+0000] {logging_mixin.py:188} INFO - [2026-09-18T10:06:17.595+0000] {dag.py:3096} INFO - Sync 1 DAGs
[2026-09-18T10:06:17.615+0000] {logging_mixin.py:188} INFO - [2026-09-18T10:06:17.615+0000] {dag.py:3954} INFO - Setting next_dagrun for youtube_extraction to 2026-09-18 00:00:00+00:00, run_after=2026-09-19 00:00:00+00:00
[2026-09-18T10:06:17.639+0000] {processor.py:183} INFO - Processing /opt/airflow/dags/dag_extraction.py took 0.176 seconds
[2026-09-18T10:07:17.653+0000] {processor.py:161} INFO - Started process (PID=50) to work on /opt/airflow/dags/dag_extraction.py
[2026-09-18T10:07:17.656+0000] {processor.py:830} INFO - Processing file /opt/airflow/dags/dag_extraction.py for tasks to queue
[2026-09-18T10:07:17.661+0000] {logging_mixin.py:188} INFO - [2026-09-18T10:07:17.660+0000] {dagbag.py:545} INFO - Filling up the DagBag from /opt/airflow/dags/dag_extraction.py
[2026-09-18T10:07:17.903+0000] {processor.py:840} INFO - DAG(s) 'youtube_extraction' retrieved from /opt/airflow/dags/dag_extraction.py
[2026-09-18T10:07:18.238+0000] {logging_mixin.py:188} INFO - [2026-09-18T10:07:18.237+0000] {dag.py:3096} INFO - Sync 1 DAGs
[2026-09-18T10:07:18.275+0000] {logging_mixin.py:188} INFO - [2026-09-18T10:07:18.274+0000] {dag.py:3954} INFO - Setting next_dagrun for youtube_extraction to 2026-09-18 00:00:00+00:00, run_after=2026-09-19 00:00:00+00:00
[2026-09-18T10:07:18.317+0000] {processor.py:183} INFO - Processing /opt/airflow/dags/dag_extraction.py took 0.671 seconds
[2026-09-18T10:07:48.643+0000] {processor.py:161} INFO - Started process (PID=59) to work on /opt/airflow/dags/dag_extraction.py
[2026-09-18T10:07:48.644+0000] {processor.py:830} INFO - Processing file /opt/airflow/dags/dag_extraction.py for tasks to queue
[2026-09-18T10:07:48.649+0000] {logging_mixin.py:188} INFO - [2026-09-18T10:07:48.648+0000] {dagbag.py:545} INFO - Filling up the DagBag from /opt/airflow/dags/dag_extraction.py
[2026-09-18T10:07:48.751+0000] {processor.py:840} INFO - DAG(s) 'youtube_extraction' retrieved from /opt/airflow/dags/dag_extraction.py
[2026-09-18T10:07:48.777+0000] {logging_mixin.py:188} INFO - [2026-09-18T10:07:48.776+0000] {dag.py:3096} INFO - Sync 1 DAGs
[2026-09-18T10:07:48.806+0000] {logging_mixin.py:188} INFO - [2026-09-18T10:07:48.806+0000] {dag.py:3954} INFO - Setting next_dagrun for youtube_extraction to 2026-09-18 00:00:00+00:00, run_after=2026-09-19 00:00:00+00:00
[2026-09-18T10:07:48.853+0000] {processor.py:183} INFO - Processing /opt/airflow/dags/dag_extraction.py took 0.217 seconds
[2026-09-18T10:08:19.133+0000] {processor.py:161} INFO - Started process (PID=68) to work on /opt/airflow/dags/dag_extraction.py
[2026-09-18T10:08:19.135+0000] {processor.py:830} INFO - Processing file /opt/airflow/dags/dag_extraction.py for tasks to queue
[2026-09-18T10:08:19.138+0000] {logging_mixin.py:188} INFO - [2026-09-18T10:08:19.138+0000] {dagbag.py:545} INFO - Filling up the DagBag from /opt/airflow/dags/dag_extraction.py
[2026-09-18T10:08:19.236+0000] {processor.py:840} INFO - DAG(s) 'youtube_extraction' retrieved from /opt/airflow/dags/dag_extraction.py
[2026-09-18T10:08:19.265+0000] {logging_mixin.py:188} INFO - [2026-09-18T10:08:19.264+0000] {dag.py:3096} INFO - Sync 1 DAGs
[2026-09-18T10:08:19.292+0000] {logging_mixin.py:188} INFO - [2026-09-18T10:08:19.291+0000] {dag.py:3954} INFO - Setting next_dagrun for youtube_extraction to 2026-09-18 00:00:00+00:00, run_after=2026-09-19 00:00:00+00:00
[2026-09-18T10:08:19.315+0000] {processor.py:183} INFO - Processing /opt/airflow/dags/dag_extraction.py took 0.191 seconds
[2026-09-18T10:08:49.665+0000] {processor.py:161} INFO - Started process (PID=77) to work on /opt/airflow/dags/dag_extraction.py
[2026-09-18T10:08:49.667+0000] {processor.py:830} INFO - Processing file /opt/airflow/dags/dag_extraction.py for tasks to queue
[2026-09-18T10:08:49.671+0000] {logging_mixin.py:188} INFO - [2026-09-18T10:08:49.670+0000] {dagbag.py:545} INFO - Filling up the DagBag from /opt/airflow/dags/dag_extraction.py
[2026-09-18T10:08:49.778+0000] {processor.py:840} INFO - DAG(s) 'youtube_extraction' retrieved from /opt/airflow/dags/dag_extraction.py
[2026-09-18T10:08:49.802+0000] {logging_mixin.py:188} INFO - [2026-09-18T10:08:49.802+0000] {dag.py:3096} INFO - Sync 1 DAGs
[2026-09-18T10:08:49.834+0000] {logging_mixin.py:188} INFO - [2026-09-18T10:08:49.834+0000] {dag.py:3954} INFO - Setting next_dagrun for youtube_extraction to 2026-09-18 00:00:00+00:00, run_after=2026-09-19 00:00:00+00:00
[2026-09-18T10:08:49.859+0000] {processor.py:183} INFO - Processing /opt/airflow/dags/dag_extraction.py took 0.200 seconds
[2026-09-18T10:09:20.114+0000] {processor.py:161} INFO - Started process (PID=98) to work on /opt/airflow/dags/dag_extraction.py
[2026-09-18T10:09:20.118+0000] {processor.py:830} INFO - Processing file /opt/airflow/dags/dag_extraction.py for tasks to queue
[2026-09-18T10:09:20.122+0000] {logging_mixin.py:188} INFO - [2026-09-18T10:09:20.121+0000] {dagbag.py:545} INFO - Filling up the DagBag from /opt/airflow/dags/dag_extraction.py
[2026-09-18T10:09:20.211+0000] {processor.py:840} INFO - DAG(s) 'youtube_extraction' retrieved from /opt/airflow/dags/dag_extraction.py
[2026-09-18T10:09:20.235+0000] {logging_mixin.py:188} INFO - [2026-09-18T10:09:20.234+0000] {dag.py:3096} INFO - Sync 1 DAGs
[2026-09-18T10:09:20.258+0000] {logging_mixin.py:188} INFO - [2026-09-18T10:09:20.258+0000] {dag.py:3954} INFO - Setting next_dagrun for youtube_extraction to 2026-09-18 00:00:00+00:00, run_after=2026-09-19 00:00:00+00:00
[2026-09-18T10:09:20.281+0000] {processor.py:183} INFO - Processing /opt/airflow/dags/dag_extraction.py took 0.175 seconds
[2026-09-18T10:09:50.626+0000] {processor.py:161} INFO - Started process (PID=107) to work on /opt/airflow/dags/dag_extraction.py
[2026-09-18T10:09:50.631+0000] {processor.py:830} INFO - Processing file /opt/airflow/dags/dag_extraction.py for tasks to queue
[2026-09-18T10:09:50.636+0000] {logging_mixin.py:188} INFO - [2026-09-18T10:09:50.636+0000] {dagbag.py:545} INFO - Filling up the DagBag from /opt/airflow/dags/dag_extraction.py
[2026-09-18T10:09:50.727+0000] {processor.py:840} INFO - DAG(s) 'youtube_extraction' retrieved from /opt/airflow/dags/dag_extraction.py
[2026-09-18T10:09:50.751+0000] {logging_mixin.py:188} INFO - [2026-09-18T10:09:50.751+0000] {dag.py:3096} INFO - Sync 1 DAGs
[2026-09-18T10:09:50.773+0000] {logging_mixin.py:188} INFO - [2026-09-18T10:09:50.772+0000] {dag.py:3954} INFO - Setting next_dagrun for youtube_extraction to 2026-09-18 00:00:00+00:00, run_after=2026-09-19 00:00:00+00:00
[2026-09-18T10:09:50.793+0000] {processor.py:183} INFO - Processing /opt/airflow/dags/dag_extraction.py took 0.182 seconds
[2026-09-18T10:10:21.130+0000] {processor.py:161} INFO - Started process (PID=116) to work on /opt/airflow/dags/dag_extraction.py
[2026-09-18T10:10:21.133+0000] {processor.py:830} INFO - Processing file /opt/airflow/dags/dag_extraction.py for tasks to queue
[2026-09-18T10:10:21.135+0000] {logging_mixin.py:188} INFO - [2026-09-18T10:10:21.135+0000] {dagbag.py:545} INFO - Filling up the DagBag from /opt/airflow/dags/dag_extraction.py
[2026-09-18T10:10:21.219+0000] {processor.py:840} INFO - DAG(s) 'youtube_extraction' retrieved from /opt/airflow/dags/dag_extraction.py
[2026-09-18T10:10:21.242+0000] {logging_mixin.py:188} INFO - [2026-09-18T10:10:21.241+0000] {dag.py:3096} INFO - Sync 1 DAGs
[2026-09-18T10:10:21.262+0000] {logging_mixin.py:188} INFO - [2026-09-18T10:10:21.262+0000] {dag.py:3954} INFO - Setting next_dagrun for youtube_extraction to 2026-09-18 00:00:00+00:00, run_after=2026-09-19 00:00:00+00:00
[2026-09-18T10:10:21.284+0000] {processor.py:183} INFO - Processing /opt/airflow/dags/dag_extraction.py took 0.160 seconds
[2026-09-18T10:10:51.615+0000] {processor.py:161} INFO - Started process (PID=125) to work on /opt/airflow/dags/dag_extraction.py
[2026-09-18T10:10:51.617+0000] {processor.py:830} INFO - Processing file /opt/airflow/dags/dag_extraction.py for tasks to queue
[2026-09-18T10:10:51.620+0000] {logging_mixin.py:188} INFO - [2026-09-18T10:10:51.620+0000] {dagbag.py:545} INFO - Filling up the DagBag from /opt/airflow/dags/dag_extraction.py
[2026-09-18T10:10:51.702+0000] {processor.py:840} INFO - DAG(s) 'youtube_extraction' retrieved from /opt/airflow/dags/dag_extraction.py
[2026-09-18T10:10:51.722+0000] {logging_mixin.py:188} INFO - [2026-09-18T10:10:51.722+0000] {dag.py:3096} INFO - Sync 1 DAGs
[2026-09-18T10:10:51.742+0000] {logging_mixin.py:188} INFO - [2026-09-18T10:10:51.741+0000] {dag.py:3954} INFO - Setting next_dagrun for youtube_extraction to 2026-09-18 00:00:00+00:00, run_after=2026-09-19 00:00:00+00:00
[2026-09-18T10:10:51.760+0000] {processor.py:183} INFO - Processing /opt/airflow/dags/dag_extraction.py took 0.151 seconds
[2026-09-18T10:11:22.074+0000] {processor.py:161} INFO - Started process (PID=134) to work on /opt/airflow/dags/dag_extraction.py
[2026-09-18T10:11:22.078+0000] {processor.py:830} INFO - Processing file /opt/airflow/dags/dag_extraction.py for tasks to queue
[2026-09-18T10:11:22.081+0000] {logging_mixin.py:188} INFO - [2026-09-18T10:11:22.081+0000] {dagbag.py:545} INFO - Filling up the DagBag from /opt/airflow/dags/dag_extraction.py
[2026-09-18T10:11:22.171+0000] {processor.py:840} INFO - DAG(s) 'youtube_extraction' retrieved from /opt/airflow/dags/dag_extraction.py
[2026-09-18T10:11:22.192+0000] {logging_mixin.py:188} INFO - [2026-09-18T10:11:22.192+0000] {dag.py:3096} INFO - Sync 1 DAGs
[2026-09-18T10:11:22.211+0000] {logging_mixin.py:188} INFO - [2026-09-18T10:11:22.210+0000] {dag.py:3954} INFO - Setting next_dagrun for youtube_extraction to 2026-09-18 00:00:00+00:00, run_after=2026-09-19 00:00:00+00:00
[2026-09-18T10:11:22.233+0000] {processor.py:183} INFO - Processing /opt/airflow/dags/dag_extraction.py took 0.164 seconds
[2026-09-18T10:11:52.587+0000] {processor.py:161} INFO - Started process (PID=143) to work on /opt/airflow/dags/dag_extraction.py
[2026-09-18T10:11:52.589+0000] {processor.py:830} INFO - Processing file /opt/airflow/dags/dag_extraction.py for tasks to queue
[2026-09-18T10:11:52.592+0000] {logging_mixin.py:188} INFO - [2026-09-18T10:11:52.592+0000] {dagbag.py:545} INFO - Filling up the DagBag from /opt/airflow/dags/dag_extraction.py
[2026-09-18T10:11:52.675+0000] {processor.py:840} INFO - DAG(s) 'youtube_extraction' retrieved from /opt/airflow/dags/dag_extraction.py
[2026-09-18T10:11:52.698+0000] {logging_mixin.py:188} INFO - [2026-09-18T10:11:52.697+0000] {dag.py:3096} INFO - Sync 1 DAGs
[2026-09-18T10:11:52.720+0000] {logging_mixin.py:188} INFO - [2026-09-18T10:11:52.720+0000] {dag.py:3954} INFO - Setting next_dagrun for youtube_extraction to 2026-09-18 00:00:00+00:00, run_after=2026-09-19 00:00:00+00:00
[2026-09-18T10:11:52.746+0000] {processor.py:183} INFO - Processing /opt/airflow/dags/dag_extraction.py took 0.165 seconds
[2026-09-18T10:12:23.116+0000] {processor.py:161} INFO - Started process (PID=158) to work on /opt/airflow/dags/dag_extraction.py
[2026-09-18T10:12:23.119+0000] {processor.py:830} INFO - Processing file /opt/airflow/dags/dag_extraction.py for tasks to queue
[2026-09-18T10:12:23.122+0000] {logging_mixin.py:188} INFO - [2026-09-18T10:12:23.122+0000] {dagbag.py:545} INFO - Filling up the DagBag from /opt/airflow/dags/dag_extraction.py
[2026-09-18T10:12:23.208+0000] {processor.py:840} INFO - DAG(s) 'youtube_extraction' retrieved from /opt/airflow/dags/dag_extraction.py
[2026-09-18T10:12:23.234+0000] {logging_mixin.py:188} INFO - [2026-09-18T10:12:23.234+0000] {dag.py:3096} INFO - Sync 1 DAGs
[2026-09-18T10:12:23.257+0000] {logging_mixin.py:188} INFO - [2026-09-18T10:12:23.257+0000] {dag.py:3954} INFO - Setting next_dagrun for youtube_extraction to 2026-09-18 00:00:00+00:00, run_after=2026-09-19 00:00:00+00:00
[2026-09-18T10:12:23.285+0000] {processor.py:183} INFO - Processing /opt/airflow/dags/dag_extraction.py took 0.174 seconds
[2026-09-18T10:12:53.636+0000] {processor.py:161} INFO - Started process (PID=167) to work on /opt/airflow/dags/dag_extraction.py
[2026-09-18T10:12:53.638+0000] {processor.py:830} INFO - Processing file /opt/airflow/dags/dag_extraction.py for tasks to queue
[2026-09-18T10:12:53.641+0000] {logging_mixin.py:188} INFO - [2026-09-18T10:12:53.640+0000] {dagbag.py:545} INFO - Filling up the DagBag from /opt/airflow/dags/dag_extraction.py
[2026-09-18T10:12:53.732+0000] {processor.py:840} INFO - DAG(s) 'youtube_extraction' retrieved from /opt/airflow/dags/dag_extraction.py
[2026-09-18T10:12:53.754+0000] {logging_mixin.py:188} INFO - [2026-09-18T10:12:53.754+0000] {dag.py:3096} INFO - Sync 1 DAGs
[2026-09-18T10:12:53.777+0000] {logging_mixin.py:188} INFO - [2026-09-18T10:12:53.777+0000] {dag.py:3954} INFO - Setting next_dagrun for youtube_extraction to 2026-09-18 00:00:00+00:00, run_after=2026-09-19 00:00:00+00:00
[2026-09-18T10:12:53.802+0000] {processor.py:183} INFO - Processing /opt/airflow/dags/dag_extraction.py took 0.172 seconds
[2026-09-18T10:13:24.127+0000] {processor.py:161} INFO - Started process (PID=176) to work on /opt/airflow/dags/dag_extraction.py
[2026-09-18T10:13:24.131+0000] {processor.py:830} INFO - Processing file /opt/airflow/dags/dag_extraction.py for tasks to queue
[2026-09-18T10:13:24.135+0000] {logging_mixin.py:188} INFO - [2026-09-18T10:13:24.135+0000] {dagbag.py:545} INFO - Filling up the DagBag from /opt/airflow/dags/dag_extraction.py
[2026-09-18T10:13:24.230+0000] {processor.py:840} INFO - DAG(s) 'youtube_extraction' retrieved from /opt/airflow/dags/dag_extraction.py
[2026-09-18T10:13:24.254+0000] {logging_mixin.py:188} INFO - [2026-09-18T10:13:24.254+0000] {dag.py:3096} INFO - Sync 1 DAGs
[2026-09-18T10:13:24.274+0000] {logging_mixin.py:188} INFO - [2026-09-18T10:13:24.274+0000] {dag.py:3954} INFO - Setting next_dagrun for youtube_extraction to 2026-09-18 00:00:00+00:00, run_after=2026-09-19 00:00:00+00:00
[2026-09-18T10:13:24.295+0000] {processor.py:183} INFO - Processing /opt/airflow/dags/dag_extraction.py took 0.174 seconds
[2026-09-18T10:13:54.590+0000] {processor.py:161} INFO - Started process (PID=185) to work on /opt/airflow/dags/dag_extraction.py
[2026-09-18T10:13:54.594+0000] {processor.py:830} INFO - Processing file /opt/airflow/dags/dag_extraction.py for tasks to queue
[2026-09-18T10:13:54.596+0000] {logging_mixin.py:188} INFO - [2026-09-18T10:13:54.596+0000] {dagbag.py:545} INFO - Filling up the DagBag from /opt/airflow/dags/dag_extraction.py
[2026-09-18T10:13:54.691+0000] {processor.py:840} INFO - DAG(s) 'youtube_extraction' retrieved from /opt/airflow/dags/dag_extraction.py
[2026-09-18T10:13:54.716+0000] {logging_mixin.py:188} INFO - [2026-09-18T10:13:54.716+0000] {dag.py:3096} INFO - Sync 1 DAGs
[2026-09-18T10:13:54.745+0000] {logging_mixin.py:188} INFO - [2026-09-18T10:13:54.744+0000] {dag.py:3954} INFO - Setting next_dagrun for youtube_extraction to 2026-09-18 00:00:00+00:00, run_after=2026-09-19 00:00:00+00:00
[2026-09-18T10:13:54.768+0000] {processor.py:183} INFO - Processing /opt/airflow/dags/dag_extraction.py took 0.187 seconds
[2026-09-18T10:14:25.052+0000] {processor.py:161} INFO - Started process (PID=200) to work on /opt/airflow/dags/dag_extraction.py
[2026-09-18T10:14:25.056+0000] {processor.py:830} INFO - Processing file /opt/airflow/dags/dag_extraction.py for tasks to queue
[2026-09-18T10:14:25.059+0000] {logging_mixin.py:188} INFO - [2026-09-18T10:14:25.059+0000] {dagbag.py:545} INFO - Filling up the DagBag from /opt/airflow/dags/dag_extraction.py
[2026-09-18T10:14:25.155+0000] {processor.py:840} INFO - DAG(s) 'youtube_extraction' retrieved from /opt/airflow/dags/dag_extraction.py
[2026-09-18T10:14:25.183+0000] {logging_mixin.py:188} INFO - [2026-09-18T10:14:25.183+0000] {dag.py:3096} INFO - Sync 1 DAGs
[2026-09-18T10:14:25.204+0000] {logging_mixin.py:188} INFO - [2026-09-18T10:14:25.204+0000] {dag.py:3954} INFO - Setting next_dagrun for youtube_extraction to 2026-09-18 00:00:00+00:00, run_after=2026-09-19 00:00:00+00:00
[2026-09-18T10:14:25.225+0000] {processor.py:183} INFO - Processing /opt/airflow/dags/dag_extraction.py took 0.179 seconds
[2026-09-18T10:14:55.529+0000] {processor.py:161} INFO - Started process (PID=209) to work on /opt/airflow/dags/dag_extraction.py
[2026-09-18T10:14:55.535+0000] {processor.py:830} INFO - Processing file /opt/airflow/dags/dag_extraction.py for tasks to queue
[2026-09-18T10:14:55.538+0000] {logging_mixin.py:188} INFO - [2026-09-18T10:14:55.537+0000] {dagbag.py:545} INFO - Filling up the DagBag from /opt/airflow/dags/dag_extraction.py
[2026-09-18T10:14:55.642+0000] {processor.py:840} INFO - DAG(s) 'youtube_extraction' retrieved from /opt/airflow/dags/dag_extraction.py
[2026-09-18T10:14:55.667+0000] {logging_mixin.py:188} INFO - [2026-09-18T10:14:55.666+0000] {dag.py:3096} INFO - Sync 1 DAGs
[2026-09-18T10:14:55.693+0000] {logging_mixin.py:188} INFO - [2026-09-18T10:14:55.693+0000] {dag.py:3954} INFO - Setting next_dagrun for youtube_extraction to 2026-09-18 00:00:00+00:00, run_after=2026-09-19 00:00:00+00:00
[2026-09-18T10:14:55.716+0000] {processor.py:183} INFO - Processing /opt/airflow/dags/dag_extraction.py took 0.198 seconds
[2026-09-18T10:15:25.982+0000] {processor.py:161} INFO - Started process (PID=231) to work on /opt/airflow/dags/dag_extraction.py
[2026-09-18T10:15:25.985+0000] {processor.py:830} INFO - Processing file /opt/airflow/dags/dag_extraction.py for tasks to queue
[2026-09-18T10:15:25.988+0000] {logging_mixin.py:188} INFO - [2026-09-18T10:15:25.987+0000] {dagbag.py:545} INFO - Filling up the DagBag from /opt/airflow/dags/dag_extraction.py
[2026-09-18T10:15:26.078+0000] {processor.py:840} INFO - DAG(s) 'youtube_extraction' retrieved from /opt/airflow/dags/dag_extraction.py
[2026-09-18T10:15:26.101+0000] {logging_mixin.py:188} INFO - [2026-09-18T10:15:26.101+0000] {dag.py:3096} INFO - Sync 1 DAGs
[2026-09-18T10:15:26.126+0000] {logging_mixin.py:188} INFO - [2026-09-18T10:15:26.126+0000] {dag.py:3954} INFO - Setting next_dagrun for youtube_extraction to 2026-09-18 00:00:00+00:00, run_after=2026-09-19 00:00:00+00:00
[2026-09-18T10:15:26.149+0000] {processor.py:183} INFO - Processing /opt/airflow/dags/dag_extraction.py took 0.173 seconds
[2026-09-18T10:15:56.535+0000] {processor.py:161} INFO - Started process (PID=247) to work on /opt/airflow/dags/dag_extraction.py
[2026-09-18T10:15:56.539+0000] {processor.py:830} INFO - Processing file /opt/airflow/dags/dag_extraction.py for tasks to queue
[2026-09-18T10:15:56.543+0000] {logging_mixin.py:188} INFO - [2026-09-18T10:15:56.542+0000] {dagbag.py:545} INFO - Filling up the DagBag from /opt/airflow/dags/dag_extraction.py
[2026-09-18T10:15:56.629+0000] {processor.py:840} INFO - DAG(s) 'youtube_extraction' retrieved from /opt/airflow/dags/dag_extraction.py
[2026-09-18T10:15:56.654+0000] {logging_mixin.py:188} INFO - [2026-09-18T10:15:56.653+0000] {dag.py:3096} INFO - Sync 1 DAGs
[2026-09-18T10:15:56.677+0000] {logging_mixin.py:188} INFO - [2026-09-18T10:15:56.677+0000] {dag.py:3954} INFO - Setting next_dagrun for youtube_extraction to 2026-09-18 00:00:00+00:00, run_after=2026-09-19 00:00:00+00:00
[2026-09-18T10:15:56.699+0000] {processor.py:183} INFO - Processing /opt/airflow/dags/dag_extraction.py took 0.171 seconds
[2026-09-18T10:16:27.025+0000] {processor.py:161} INFO - Started process (PID=262) to work on /opt/airflow/dags/dag_extraction.py
[2026-09-18T10:16:27.029+0000] {processor.py:830} INFO - Processing file /opt/airflow/dags/dag_extraction.py for tasks to queue
[2026-09-18T10:16:27.033+0000] {logging_mixin.py:188} INFO - [2026-09-18T10:16:27.033+0000] {dagbag.py:545} INFO - Filling up the DagBag from /opt/airflow/dags/dag_extraction.py
[2026-09-18T10:16:27.138+0000] {processor.py:840} INFO - DAG(s) 'youtube_extraction' retrieved from /opt/airflow/dags/dag_extraction.py
[2026-09-18T10:16:27.164+0000] {logging_mixin.py:188} INFO - [2026-09-18T10:16:27.164+0000] {dag.py:3096} INFO - Sync 1 DAGs
[2026-09-18T10:16:27.187+0000] {logging_mixin.py:188} INFO - [2026-09-18T10:16:27.186+0000] {dag.py:3954} INFO - Setting next_dagrun for youtube_extraction to 2026-09-18 00:00:00+00:00, run_after=2026-09-19 00:00:00+00:00
[2026-09-18T10:16:27.212+0000] {processor.py:183} INFO - Processing /opt/airflow/dags/dag_extraction.py took 0.193 seconds
[2026-09-18T10:16:57.487+0000] {processor.py:161} INFO - Started process (PID=271) to work on /opt/airflow/dags/dag_extraction.py
[2026-09-18T10:16:57.490+0000] {processor.py:830} INFO - Processing file /opt/airflow/dags/dag_extraction.py for tasks to queue
[2026-09-18T10:16:57.493+0000] {logging_mixin.py:188} INFO - [2026-09-18T10:16:57.493+0000] {dagbag.py:545} INFO - Filling up the DagBag from /opt/airflow/dags/dag_extraction.py
[2026-09-18T10:16:57.582+0000] {processor.py:840} INFO - DAG(s) 'youtube_extraction' retrieved from /opt/airflow/dags/dag_extraction.py
[2026-09-18T10:16:57.604+0000] {logging_mixin.py:188} INFO - [2026-09-18T10:16:57.604+0000] {dag.py:3096} INFO - Sync 1 DAGs
[2026-09-18T10:16:57.625+0000] {logging_mixin.py:188} INFO - [2026-09-18T10:16:57.625+0000] {dag.py:3954} INFO - Setting next_dagrun for youtube_extraction to 2026-09-18 00:00:00+00:00, run_after=2026-09-19 00:00:00+00:00
[2026-09-18T10:16:57.647+0000] {processor.py:183} INFO - Processing /opt/airflow/dags/dag_extraction.py took 0.166 seconds
[2026-09-18T10:17:27.943+0000] {processor.py:161} INFO - Started process (PID=280) to work on /opt/airflow/dags/dag_extraction.py
[2026-09-18T10:17:27.946+0000] {processor.py:830} INFO - Processing file /opt/airflow/dags/dag_extraction.py for tasks to queue
[2026-09-18T10:17:27.949+0000] {logging_mixin.py:188} INFO - [2026-09-18T10:17:27.949+0000] {dagbag.py:545} INFO - Filling up the DagBag from /opt/airflow/dags/dag_extraction.py
[2026-09-18T10:17:28.046+0000] {processor.py:840} INFO - DAG(s) 'youtube_extraction' retrieved from /opt/airflow/dags/dag_extraction.py
[2026-09-18T10:17:28.073+0000] {logging_mixin.py:188} INFO - [2026-09-18T10:17:28.073+0000] {dag.py:3096} INFO - Sync 1 DAGs
[2026-09-18T10:17:28.098+0000] {logging_mixin.py:188} INFO - [2026-09-18T10:17:28.097+0000] {dag.py:3954} INFO - Setting next_dagrun for youtube_extraction to 2026-09-18 00:00:00+00:00, run_after=2026-09-19 00:00:00+00:00
[2026-09-18T10:17:28.126+0000] {processor.py:183} INFO - Processing /opt/airflow/dags/dag_extraction.py took 0.191 seconds
[2026-09-18T10:17:58.402+0000] {processor.py:161} INFO - Started process (PID=289) to work on /opt/airflow/dags/dag_extraction.py
[2026-09-18T10:17:58.405+0000] {processor.py:830} INFO - Processing file /opt/airflow/dags/dag_extraction.py for tasks to queue
[2026-09-18T10:17:58.408+0000] {logging_mixin.py:188} INFO - [2026-09-18T10:17:58.408+0000] {dagbag.py:545} INFO - Filling up the DagBag from /opt/airflow/dags/dag_extraction.py
[2026-09-18T10:17:58.493+0000] {processor.py:840} INFO - DAG(s) 'youtube_extraction' retrieved from /opt/airflow/dags/dag_extraction.py
[2026-09-18T10:17:58.517+0000] {logging_mixin.py:188} INFO - [2026-09-18T10:17:58.516+0000] {dag.py:3096} INFO - Sync 1 DAGs
[2026-09-18T10:17:58.540+0000] {logging_mixin.py:188} INFO - [2026-09-18T10:17:58.540+0000] {dag.py:3954} INFO - Setting next_dagrun for youtube_extraction to 2026-09-18 00:00:00+00:00, run_after=2026-09-19 00:00:00+00:00
[2026-09-18T10:17:58.564+0000] {processor.py:183} INFO - Processing /opt/airflow/dags/dag_extraction.py took 0.168 seconds
[2026-09-18T10:18:28.840+0000] {processor.py:161} INFO - Started process (PID=298) to work on /opt/airflow/dags/dag_extraction.py
[2026-09-18T10:18:28.844+0000] {processor.py:830} INFO - Processing file /opt/airflow/dags/dag_extraction.py for tasks to queue
[2026-09-18T10:18:28.847+0000] {logging_mixin.py:188} INFO - [2026-09-18T10:18:28.846+0000] {dagbag.py:545} INFO - Filling up the DagBag from /opt/airflow/dags/dag_extraction.py
[2026-09-18T10:18:28.935+0000] {processor.py:840} INFO - DAG(s) 'youtube_extraction' retrieved from /opt/airflow/dags/dag_extraction.py
[2026-09-18T10:18:28.960+0000] {logging_mixin.py:188} INFO - [2026-09-18T10:18:28.960+0000] {dag.py:3096} INFO - Sync 1 DAGs
[2026-09-18T10:18:28.983+0000] {logging_mixin.py:188} INFO - [2026-09-18T10:18:28.983+0000] {dag.py:3954} INFO - Setting next_dagrun for youtube_extraction to 2026-09-18 00:00:00+00:00, run_after=2026-09-19 00:00:00+00:00
[2026-09-18T10:18:29.006+0000] {processor.py:183} INFO - Processing /opt/airflow/dags/dag_extraction.py took 0.173 seconds
[2026-09-18T10:18:59.380+0000] {processor.py:161} INFO - Started process (PID=307) to work on /opt/airflow/dags/dag_extraction.py
[2026-09-18T10:18:59.384+0000] {processor.py:830} INFO - Processing file /opt/airflow/dags/dag_extraction.py for tasks to queue
[2026-09-18T10:18:59.387+0000] {logging_mixin.py:188} INFO - [2026-09-18T10:18:59.386+0000] {dagbag.py:545} INFO - Filling up the DagBag from /opt/airflow/dags/dag_extraction.py
[2026-09-18T10:18:59.473+0000] {processor.py:840} INFO - DAG(s) 'youtube_extraction' retrieved from /opt/airflow/dags/dag_extraction.py
[2026-09-18T10:18:59.493+0000] {logging_mixin.py:188} INFO - [2026-09-18T10:18:59.493+0000] {dag.py:3096} INFO - Sync 1 DAGs
[2026-09-18T10:18:59.513+0000] {logging_mixin.py:188} INFO - [2026-09-18T10:18:59.512+0000] {dag.py:3954} INFO - Setting next_dagrun for youtube_extraction to 2026-09-18 00:00:00+00:00, run_after=2026-09-19 00:00:00+00:00
[2026-09-18T10:18:59.534+0000] {processor.py:183} INFO - Processing /opt/airflow/dags/dag_extraction.py took 0.160 seconds
[2026-09-18T10:19:29.814+0000] {processor.py:161} INFO - Started process (PID=316) to work on /opt/airflow/dags/dag_extraction.py
[2026-09-18T10:19:29.818+0000] {processor.py:830} INFO - Processing file /opt/airflow/dags/dag_extraction.py for tasks to queue
[2026-09-18T10:19:29.821+0000] {logging_mixin.py:188} INFO - [2026-09-18T10:19:29.821+0000] {dagbag.py:545} INFO - Filling up the DagBag from /opt/airflow/dags/dag_extraction.py
[2026-09-18T10:19:29.910+0000] {processor.py:840} INFO - DAG(s) 'youtube_extraction' retrieved from /opt/airflow/dags/dag_extraction.py
[2026-09-18T10:19:29.932+0000] {logging_mixin.py:188} INFO - [2026-09-18T10:19:29.932+0000] {dag.py:3096} INFO - Sync 1 DAGs
[2026-09-18T10:19:29.953+0000] {logging_mixin.py:188} INFO - [2026-09-18T10:19:29.953+0000] {dag.py:3954} INFO - Setting next_dagrun for youtube_extraction to 2026-09-18 00:00:00+00:00, run_after=2026-09-19 00:00:00+00:00
[2026-09-18T10:19:29.973+0000] {processor.py:183} INFO - Processing /opt/airflow/dags/dag_extraction.py took 0.167 seconds
[2026-09-18T10:20:00.280+0000] {processor.py:161} INFO - Started process (PID=325) to work on /opt/airflow/dags/dag_extraction.py
[2026-09-18T10:20:00.283+0000] {processor.py:830} INFO - Processing file /opt/airflow/dags/dag_extraction.py for tasks to queue
[2026-09-18T10:20:00.286+0000] {logging_mixin.py:188} INFO - [2026-09-18T10:20:00.286+0000] {dagbag.py:545} INFO - Filling up the DagBag from /opt/airflow/dags/dag_extraction.py
[2026-09-18T10:20:00.365+0000] {processor.py:840} INFO - DAG(s) 'youtube_extraction' retrieved from /opt/airflow/dags/dag_extraction.py
[2026-09-18T10:20:00.386+0000] {logging_mixin.py:188} INFO - [2026-09-18T10:20:00.385+0000] {dag.py:3096} INFO - Sync 1 DAGs
[2026-09-18T10:20:00.404+0000] {logging_mixin.py:188} INFO - [2026-09-18T10:20:00.404+0000] {dag.py:3954} INFO - Setting next_dagrun for youtube_extraction to 2026-09-18 00:00:00+00:00, run_after=2026-09-19 00:00:00+00:00
[2026-09-18T10:20:00.425+0000] {processor.py:183} INFO - Processing /opt/airflow/dags/dag_extraction.py took 0.152 seconds
[2026-09-18T10:20:30.742+0000] {processor.py:161} INFO - Started process (PID=334) to work on /opt/airflow/dags/dag_extraction.py
[2026-09-18T10:20:30.744+0000] {processor.py:830} INFO - Processing file /opt/airflow/dags/dag_extraction.py for tasks to queue
[2026-09-18T10:20:30.747+0000] {logging_mixin.py:188} INFO - [2026-09-18T10:20:30.747+0000] {dagbag.py:545} INFO - Filling up the DagBag from /opt/airflow/dags/dag_extraction.py
[2026-09-18T10:20:30.838+0000] {processor.py:840} INFO - DAG(s) 'youtube_extraction' retrieved from /opt/airflow/dags/dag_extraction.py
[2026-09-18T10:20:30.865+0000] {logging_mixin.py:188} INFO - [2026-09-18T10:20:30.865+0000] {dag.py:3096} INFO - Sync 1 DAGs
[2026-09-18T10:20:30.895+0000] {logging_mixin.py:188} INFO - [2026-09-18T10:20:30.895+0000] {dag.py:3954} INFO - Setting next_dagrun for youtube_extraction to 2026-09-18 00:00:00+00:00, run_after=2026-09-19 00:00:00+00:00
[2026-09-18T10:20:30.924+0000] {processor.py:183} INFO - Processing /opt/airflow/dags/dag_extraction.py took 0.189 seconds
[2026-09-18T10:21:01.251+0000] {processor.py:161} INFO - Started process (PID=343) to work on /opt/airflow/dags/dag_extraction.py
[2026-09-18T10:21:01.255+0000] {processor.py:830} INFO - Processing file /opt/airflow/dags/dag_extraction.py for tasks to queue
[2026-09-18T10:21:01.258+0000] {logging_mixin.py:188} INFO - [2026-09-18T10:21:01.258+0000] {dagbag.py:545} INFO - Filling up the DagBag from /opt/airflow/dags/dag_extraction.py
[2026-09-18T10:21:01.360+0000] {processor.py:840} INFO - DAG(s) 'youtube_extraction' retrieved from /opt/airflow/dags/dag_extraction.py
[2026-09-18T10:21:01.384+0000] {logging_mixin.py:188} INFO - [2026-09-18T10:21:01.384+0000] {dag.py:3096} INFO - Sync 1 DAGs
[2026-09-18T10:21:01.410+0000] {logging_mixin.py:188} INFO - [2026-09-18T10:21:01.410+0000] {dag.py:3954} INFO - Setting next_dagrun for youtube_extraction to 2026-09-18 00:00:00+00:00, run_after=2026-09-19 00:00:00+00:00
[2026-09-18T10:21:01.434+0000] {processor.py:183} INFO - Processing /opt/airflow/dags/dag_extraction.py took 0.191 seconds
[2026-09-18T10:21:31.755+0000] {processor.py:161} INFO - Started process (PID=352) to work on /opt/airflow/dags/dag_extraction.py
[2026-09-18T10:21:31.757+0000] {processor.py:830} INFO - Processing file /opt/airflow/dags/dag_extraction.py for tasks to queue
[2026-09-18T10:21:31.760+0000] {logging_mixin.py:188} INFO - [2026-09-18T10:21:31.760+0000] {dagbag.py:545} INFO - Filling up the DagBag from /opt/airflow/dags/dag_extraction.py
[2026-09-18T10:21:31.840+0000] {processor.py:840} INFO - DAG(s) 'youtube_extraction' retrieved from /opt/airflow/dags/dag_extraction.py
[2026-09-18T10:21:31.863+0000] {logging_mixin.py:188} INFO - [2026-09-18T10:21:31.863+0000] {dag.py:3096} INFO - Sync 1 DAGs
[2026-09-18T10:21:31.885+0000] {logging_mixin.py:188} INFO - [2026-09-18T10:21:31.884+0000] {dag.py:3954} INFO - Setting next_dagrun for youtube_extraction to 2026-09-18 00:00:00+00:00, run_after=2026-09-19 00:00:00+00:00
[2026-09-18T10:21:31.904+0000] {processor.py:183} INFO - Processing /opt/airflow/dags/dag_extraction.py took 0.154 seconds
[2026-09-18T10:22:02.199+0000] {processor.py:161} INFO - Started process (PID=361) to work on /opt/airflow/dags/dag_extraction.py
[2026-09-18T10:22:02.203+0000] {processor.py:830} INFO - Processing file /opt/airflow/dags/dag_extraction.py for tasks to queue
[2026-09-18T10:22:02.205+0000] {logging_mixin.py:188} INFO - [2026-09-18T10:22:02.205+0000] {dagbag.py:545} INFO - Filling up the DagBag from /opt/airflow/dags/dag_extraction.py
[2026-09-18T10:22:02.288+0000] {processor.py:840} INFO - DAG(s) 'youtube_extraction' retrieved from /opt/airflow/dags/dag_extraction.py
[2026-09-18T10:22:02.310+0000] {logging_mixin.py:188} INFO - [2026-09-18T10:22:02.310+0000] {dag.py:3096} INFO - Sync 1 DAGs
[2026-09-18T10:22:02.331+0000] {logging_mixin.py:188} INFO - [2026-09-18T10:22:02.331+0000] {dag.py:3954} INFO - Setting next_dagrun for youtube_extraction to 2026-09-18 00:00:00+00:00, run_after=2026-09-19 00:00:00+00:00
[2026-09-18T10:22:02.355+0000] {processor.py:183} INFO - Processing /opt/airflow/dags/dag_extraction.py took 0.162 seconds
[2026-09-18T10:22:32.685+0000] {processor.py:161} INFO - Started process (PID=370) to work on /opt/airflow/dags/dag_extraction.py
[2026-09-18T10:22:32.688+0000] {processor.py:830} INFO - Processing file /opt/airflow/dags/dag_extraction.py for tasks to queue
[2026-09-18T10:22:32.691+0000] {logging_mixin.py:188} INFO - [2026-09-18T10:22:32.691+0000] {dagbag.py:545} INFO - Filling up the DagBag from /opt/airflow/dags/dag_extraction.py
[2026-09-18T10:22:32.769+0000] {processor.py:840} INFO - DAG(s) 'youtube_extraction' retrieved from /opt/airflow/dags/dag_extraction.py
[2026-09-18T10:22:32.790+0000] {logging_mixin.py:188} INFO - [2026-09-18T10:22:32.790+0000] {dag.py:3096} INFO - Sync 1 DAGs
[2026-09-18T10:22:32.810+0000] {logging_mixin.py:188} INFO - [2026-09-18T10:22:32.810+0000] {dag.py:3954} INFO - Setting next_dagrun for youtube_extraction to 2026-09-18 00:00:00+00:00, run_after=2026-09-19 00:00:00+00:00
[2026-09-18T10:22:32.832+0000] {processor.py:183} INFO - Processing /opt/airflow/dags/dag_extraction.py took 0.153 seconds
[2026-09-18T10:23:03.147+0000] {processor.py:161} INFO - Started process (PID=379) to work on /opt/airflow/dags/dag_extraction.py
[2026-09-18T10:23:03.149+0000] {processor.py:830} INFO - Processing file /opt/airflow/dags/dag_extraction.py for tasks to queue
[2026-09-18T10:23:03.152+0000] {logging_mixin.py:188} INFO - [2026-09-18T10:23:03.152+0000] {dagbag.py:545} INFO - Filling up the DagBag from /opt/airflow/dags/dag_extraction.py
[2026-09-18T10:23:03.244+0000] {processor.py:840} INFO - DAG(s) 'youtube_extraction' retrieved from /opt/airflow/dags/dag_extraction.py
[2026-09-18T10:23:03.267+0000] {logging_mixin.py:188} INFO - [2026-09-18T10:23:03.267+0000] {dag.py:3096} INFO - Sync 1 DAGs
[2026-09-18T10:23:03.291+0000] {logging_mixin.py:188} INFO - [2026-09-18T10:23:03.290+0000] {dag.py:3954} INFO - Setting next_dagrun for youtube_extraction to 2026-09-18 00:00:00+00:00, run_after=2026-09-19 00:00:00+00:00
[2026-09-18T10:23:03.316+0000] {processor.py:183} INFO - Processing /opt/airflow/dags/dag_extraction.py took 0.174 seconds
[2026-09-18T10:23:33.716+0000] {processor.py:161} INFO - Started process (PID=388) to work on /opt/airflow/dags/dag_extraction.py
[2026-09-18T10:23:33.718+0000] {processor.py:830} INFO - Processing file /opt/airflow/dags/dag_extraction.py for tasks to queue
[2026-09-18T10:23:33.721+0000] {logging_mixin.py:188} INFO - [2026-09-18T10:23:33.720+0000] {dagbag.py:545} INFO - Filling up the DagBag from /opt/airflow/dags/dag_extraction.py
[2026-09-18T10:23:33.804+0000] {processor.py:840} INFO - DAG(s) 'youtube_extraction' retrieved from /opt/airflow/dags/dag_extraction.py
[2026-09-18T10:23:33.825+0000] {logging_mixin.py:188} INFO - [2026-09-18T10:23:33.825+0000] {dag.py:3096} INFO - Sync 1 DAGs
[2026-09-18T10:23:33.846+0000] {logging_mixin.py:188} INFO - [2026-09-18T10:23:33.845+0000] {dag.py:3954} INFO - Setting next_dagrun for youtube_extraction to 2026-09-18 00:00:00+00:00, run_after=2026-09-19 00:00:00+00:00
[2026-09-18T10:23:33.864+0000] {processor.py:183} INFO - Processing /opt/airflow/dags/dag_extraction.py took 0.156 seconds
[2026-09-18T10:24:04.229+0000] {processor.py:161} INFO - Started process (PID=397) to work on /opt/airflow/dags/dag_extraction.py
[2026-09-18T10:24:04.233+0000] {processor.py:830} INFO - Processing file /opt/airflow/dags/dag_extraction.py for tasks to queue
[2026-09-18T10:24:04.235+0000] {logging_mixin.py:188} INFO - [2026-09-18T10:24:04.235+0000] {dagbag.py:545} INFO - Filling up the DagBag from /opt/airflow/dags/dag_extraction.py
[2026-09-18T10:24:04.319+0000] {processor.py:840} INFO - DAG(s) 'youtube_extraction' retrieved from /opt/airflow/dags/dag_extraction.py
[2026-09-18T10:24:04.341+0000] {logging_mixin.py:188} INFO - [2026-09-18T10:24:04.341+0000] {dag.py:3096} INFO - Sync 1 DAGs
[2026-09-18T10:24:04.362+0000] {logging_mixin.py:188} INFO - [2026-09-18T10:24:04.362+0000] {dag.py:3954} INFO - Setting next_dagrun for youtube_extraction to 2026-09-18 00:00:00+00:00, run_after=2026-09-19 00:00:00+00:00
[2026-09-18T10:24:04.383+0000] {processor.py:183} INFO - Processing /opt/airflow/dags/dag_extraction.py took 0.160 seconds
[2026-09-18T10:24:34.727+0000] {processor.py:161} INFO - Started process (PID=406) to work on /opt/airflow/dags/dag_extraction.py
[2026-09-18T10:24:34.729+0000] {processor.py:830} INFO - Processing file /opt/airflow/dags/dag_extraction.py for tasks to queue
[2026-09-18T10:24:34.733+0000] {logging_mixin.py:188} INFO - [2026-09-18T10:24:34.732+0000] {dagbag.py:545} INFO - Filling up the DagBag from /opt/airflow/dags/dag_extraction.py
[2026-09-18T10:24:34.811+0000] {processor.py:840} INFO - DAG(s) 'youtube_extraction' retrieved from /opt/airflow/dags/dag_extraction.py
[2026-09-18T10:24:34.833+0000] {logging_mixin.py:188} INFO - [2026-09-18T10:24:34.832+0000] {dag.py:3096} INFO - Sync 1 DAGs
[2026-09-18T10:24:34.851+0000] {logging_mixin.py:188} INFO - [2026-09-18T10:24:34.851+0000] {dag.py:3954} INFO - Setting next_dagrun for youtube_extraction to 2026-09-18 00:00:00+00:00, run_after=2026-09-19 00:00:00+00:00
[2026-09-18T10:24:34.872+0000] {processor.py:183} INFO - Processing /opt/airflow/dags/dag_extraction.py took 0.151 seconds
[2026-09-18T10:25:05.279+0000] {processor.py:161} INFO - Started process (PID=415) to work on /opt/airflow/dags/dag_extraction.py
[2026-09-18T10:25:05.283+0000] {processor.py:830} INFO - Processing file /opt/airflow/dags/dag_extraction.py for tasks to queue
[2026-09-18T10:25:05.286+0000] {logging_mixin.py:188} INFO - [2026-09-18T10:25:05.285+0000] {dagbag.py:545} INFO - Filling up the DagBag from /opt/airflow/dags/dag_extraction.py
[2026-09-18T10:25:05.384+0000] {processor.py:840} INFO - DAG(s) 'youtube_extraction' retrieved from /opt/airflow/dags/dag_extraction.py
[2026-09-18T10:25:05.411+0000] {logging_mixin.py:188} INFO - [2026-09-18T10:25:05.411+0000] {dag.py:3096} INFO - Sync 1 DAGs
[2026-09-18T10:25:05.435+0000] {logging_mixin.py:188} INFO - [2026-09-18T10:25:05.434+0000] {dag.py:3954} INFO - Setting next_dagrun for youtube_extraction to 2026-09-18 00:00:00+00:00, run_after=2026-09-19 00:00:00+00:00
[2026-09-18T10:25:05.455+0000] {processor.py:183} INFO - Processing /opt/airflow/dags/dag_extraction.py took 0.183 seconds
[2026-09-18T10:25:35.800+0000] {processor.py:161} INFO - Started process (PID=424) to work on /opt/airflow/dags/dag_extraction.py
[2026-09-18T10:25:35.801+0000] {processor.py:830} INFO - Processing file /opt/airflow/dags/dag_extraction.py for tasks to queue
[2026-09-18T10:25:35.804+0000] {logging_mixin.py:188} INFO - [2026-09-18T10:25:35.804+0000] {dagbag.py:545} INFO - Filling up the DagBag from /opt/airflow/dags/dag_extraction.py
[2026-09-18T10:25:35.881+0000] {processor.py:840} INFO - DAG(s) 'youtube_extraction' retrieved from /opt/airflow/dags/dag_extraction.py
[2026-09-18T10:25:35.903+0000] {logging_mixin.py:188} INFO - [2026-09-18T10:25:35.902+0000] {dag.py:3096} INFO - Sync 1 DAGs
[2026-09-18T10:25:35.923+0000] {logging_mixin.py:188} INFO - [2026-09-18T10:25:35.923+0000] {dag.py:3954} INFO - Setting next_dagrun for youtube_extraction to 2026-09-18 00:00:00+00:00, run_after=2026-09-19 00:00:00+00:00
[2026-09-18T10:25:35.946+0000] {processor.py:183} INFO - Processing /opt/airflow/dags/dag_extraction.py took 0.152 seconds
[2026-09-18T10:26:06.317+0000] {processor.py:161} INFO - Started process (PID=433) to work on /opt/airflow/dags/dag_extraction.py
[2026-09-18T10:26:06.319+0000] {processor.py:830} INFO - Processing file /opt/airflow/dags/dag_extraction.py for tasks to queue
[2026-09-18T10:26:06.322+0000] {logging_mixin.py:188} INFO - [2026-09-18T10:26:06.321+0000] {dagbag.py:545} INFO - Filling up the DagBag from /opt/airflow/dags/dag_extraction.py
[2026-09-18T10:26:06.409+0000] {processor.py:840} INFO - DAG(s) 'youtube_extraction' retrieved from /opt/airflow/dags/dag_extraction.py
[2026-09-18T10:26:06.430+0000] {logging_mixin.py:188} INFO - [2026-09-18T10:26:06.429+0000] {dag.py:3096} INFO - Sync 1 DAGs
[2026-09-18T10:26:06.449+0000] {logging_mixin.py:188} INFO - [2026-09-18T10:26:06.449+0000] {dag.py:3954} INFO - Setting next_dagrun for youtube_extraction to 2026-09-18 00:00:00+00:00, run_after=2026-09-19 00:00:00+00:00
[2026-09-18T10:26:06.472+0000] {processor.py:183} INFO - Processing /opt/airflow/dags/dag_extraction.py took 0.161 seconds
[2026-09-18T10:26:36.840+0000] {processor.py:161} INFO - Started process (PID=442) to work on /opt/airflow/dags/dag_extraction.py
[2026-09-18T10:26:36.842+0000] {processor.py:830} INFO - Processing file /opt/airflow/dags/dag_extraction.py for tasks to queue
[2026-09-18T10:26:36.844+0000] {logging_mixin.py:188} INFO - [2026-09-18T10:26:36.844+0000] {dagbag.py:545} INFO - Filling up the DagBag from /opt/airflow/dags/dag_extraction.py
[2026-09-18T10:26:36.929+0000] {processor.py:840} INFO - DAG(s) 'youtube_extraction' retrieved from /opt/airflow/dags/dag_extraction.py
[2026-09-18T10:26:36.950+0000] {logging_mixin.py:188} INFO - [2026-09-18T10:26:36.950+0000] {dag.py:3096} INFO - Sync 1 DAGs
[2026-09-18T10:26:36.973+0000] {logging_mixin.py:188} INFO - [2026-09-18T10:26:36.973+0000] {dag.py:3954} INFO - Setting next_dagrun for youtube_extraction to 2026-09-18 00:00:00+00:00, run_after=2026-09-19 00:00:00+00:00
[2026-09-18T10:26:36.994+0000] {processor.py:183} INFO - Processing /opt/airflow/dags/dag_extraction.py took 0.161 seconds
[2026-09-18T10:27:07.343+0000] {processor.py:161} INFO - Started process (PID=451) to work on /opt/airflow/dags/dag_extraction.py
[2026-09-18T10:27:07.347+0000] {processor.py:830} INFO - Processing file /opt/airflow/dags/dag_extraction.py for tasks to queue
[2026-09-18T10:27:07.350+0000] {logging_mixin.py:188} INFO - [2026-09-18T10:27:07.349+0000] {dagbag.py:545} INFO - Filling up the DagBag from /opt/airflow/dags/dag_extraction.py
[2026-09-18T10:27:07.429+0000] {processor.py:840} INFO - DAG(s) 'youtube_extraction' retrieved from /opt/airflow/dags/dag_extraction.py
[2026-09-18T10:27:07.449+0000] {logging_mixin.py:188} INFO - [2026-09-18T10:27:07.449+0000] {dag.py:3096} INFO - Sync 1 DAGs
[2026-09-18T10:27:07.469+0000] {logging_mixin.py:188} INFO - [2026-09-18T10:27:07.468+0000] {dag.py:3954} INFO - Setting next_dagrun for youtube_extraction to 2026-09-18 00:00:00+00:00, run_after=2026-09-19 00:00:00+00:00
[2026-09-18T10:27:07.490+0000] {processor.py:183} INFO - Processing /opt/airflow/dags/dag_extraction.py took 0.153 seconds
[2026-09-18T10:27:37.890+0000] {processor.py:161} INFO - Started process (PID=460) to work on /opt/airflow/dags/dag_extraction.py
[2026-09-18T10:27:37.893+0000] {processor.py:830} INFO - Processing file /opt/airflow/dags/dag_extraction.py for tasks to queue
[2026-09-18T10:27:37.897+0000] {logging_mixin.py:188} INFO - [2026-09-18T10:27:37.896+0000] {dagbag.py:545} INFO - Filling up the DagBag from /opt/airflow/dags/dag_extraction.py
[2026-09-18T10:27:38.026+0000] {processor.py:840} INFO - DAG(s) 'youtube_extraction' retrieved from /opt/airflow/dags/dag_extraction.py
[2026-09-18T10:27:38.067+0000] {logging_mixin.py:188} INFO - [2026-09-18T10:27:38.066+0000] {dag.py:3096} INFO - Sync 1 DAGs
[2026-09-18T10:27:38.102+0000] {logging_mixin.py:188} INFO - [2026-09-18T10:27:38.101+0000] {dag.py:3954} INFO - Setting next_dagrun for youtube_extraction to 2026-09-18 00:00:00+00:00, run_after=2026-09-19 00:00:00+00:00
[2026-09-18T10:27:38.131+0000] {processor.py:183} INFO - Processing /opt/airflow/dags/dag_extraction.py took 0.253 seconds
[2026-09-18T10:28:08.437+0000] {processor.py:161} INFO - Started process (PID=469) to work on /opt/airflow/dags/dag_extraction.py
[2026-09-18T10:28:08.441+0000] {processor.py:830} INFO - Processing file /opt/airflow/dags/dag_extraction.py for tasks to queue
[2026-09-18T10:28:08.443+0000] {logging_mixin.py:188} INFO - [2026-09-18T10:28:08.443+0000] {dagbag.py:545} INFO - Filling up the DagBag from /opt/airflow/dags/dag_extraction.py
[2026-09-18T10:28:08.527+0000] {processor.py:840} INFO - DAG(s) 'youtube_extraction' retrieved from /opt/airflow/dags/dag_extraction.py
[2026-09-18T10:28:08.549+0000] {logging_mixin.py:188} INFO - [2026-09-18T10:28:08.548+0000] {dag.py:3096} INFO - Sync 1 DAGs
[2026-09-18T10:28:08.570+0000] {logging_mixin.py:188} INFO - [2026-09-18T10:28:08.569+0000] {dag.py:3954} INFO - Setting next_dagrun for youtube_extraction to 2026-09-18 00:00:00+00:00, run_after=2026-09-19 00:00:00+00:00
[2026-09-18T10:28:08.590+0000] {processor.py:183} INFO - Processing /opt/airflow/dags/dag_extraction.py took 0.160 seconds
[2026-09-18T10:28:38.738+0000] {processor.py:161} INFO - Started process (PID=477) to work on /opt/airflow/dags/dag_extraction.py
[2026-09-18T10:28:38.742+0000] {processor.py:830} INFO - Processing file /opt/airflow/dags/dag_extraction.py for tasks to queue
[2026-09-18T10:28:38.746+0000] {logging_mixin.py:188} INFO - [2026-09-18T10:28:38.745+0000] {dagbag.py:545} INFO - Filling up the DagBag from /opt/airflow/dags/dag_extraction.py
[2026-09-18T10:28:38.829+0000] {processor.py:840} INFO - DAG(s) 'youtube_extraction' retrieved from /opt/airflow/dags/dag_extraction.py
[2026-09-18T10:28:38.849+0000] {logging_mixin.py:188} INFO - [2026-09-18T10:28:38.848+0000] {dag.py:3096} INFO - Sync 1 DAGs
[2026-09-18T10:28:38.867+0000] {logging_mixin.py:188} INFO - [2026-09-18T10:28:38.867+0000] {dag.py:3954} INFO - Setting next_dagrun for youtube_extraction to 2026-09-18 00:00:00+00:00, run_after=2026-09-19 00:00:00+00:00
[2026-09-18T10:28:38.887+0000] {processor.py:183} INFO - Processing /opt/airflow/dags/dag_extraction.py took 0.156 seconds
[2026-09-18T10:29:20.020+0000] {processor.py:161} INFO - Started process (PID=50) to work on /opt/airflow/dags/dag_extraction.py
[2026-09-18T10:29:20.024+0000] {processor.py:830} INFO - Processing file /opt/airflow/dags/dag_extraction.py for tasks to queue
[2026-09-18T10:29:20.030+0000] {logging_mixin.py:188} INFO - [2026-09-18T10:29:20.029+0000] {dagbag.py:545} INFO - Filling up the DagBag from /opt/airflow/dags/dag_extraction.py
[2026-09-18T10:29:20.298+0000] {processor.py:840} INFO - DAG(s) 'youtube_extraction' retrieved from /opt/airflow/dags/dag_extraction.py
[2026-09-18T10:29:20.581+0000] {logging_mixin.py:188} INFO - [2026-09-18T10:29:20.580+0000] {dag.py:3096} INFO - Sync 1 DAGs
[2026-09-18T10:29:20.614+0000] {logging_mixin.py:188} INFO - [2026-09-18T10:29:20.613+0000] {dag.py:3954} INFO - Setting next_dagrun for youtube_extraction to 2026-09-18 00:00:00+00:00, run_after=2026-09-19 00:00:00+00:00
[2026-09-18T10:29:20.648+0000] {processor.py:183} INFO - Processing /opt/airflow/dags/dag_extraction.py took 0.645 seconds
[2026-09-18T10:29:51.382+0000] {processor.py:161} INFO - Started process (PID=58) to work on /opt/airflow/dags/dag_extraction.py
[2026-09-18T10:29:51.386+0000] {processor.py:830} INFO - Processing file /opt/airflow/dags/dag_extraction.py for tasks to queue
[2026-09-18T10:29:51.389+0000] {logging_mixin.py:188} INFO - [2026-09-18T10:29:51.389+0000] {dagbag.py:545} INFO - Filling up the DagBag from /opt/airflow/dags/dag_extraction.py
[2026-09-18T10:29:51.521+0000] {processor.py:840} INFO - DAG(s) 'youtube_extraction' retrieved from /opt/airflow/dags/dag_extraction.py
[2026-09-18T10:29:51.553+0000] {logging_mixin.py:188} INFO - [2026-09-18T10:29:51.552+0000] {dag.py:3096} INFO - Sync 1 DAGs
[2026-09-18T10:29:51.582+0000] {logging_mixin.py:188} INFO - [2026-09-18T10:29:51.581+0000] {dag.py:3954} INFO - Setting next_dagrun for youtube_extraction to 2026-09-18 00:00:00+00:00, run_after=2026-09-19 00:00:00+00:00
[2026-09-18T10:29:51.604+0000] {processor.py:183} INFO - Processing /opt/airflow/dags/dag_extraction.py took 0.229 seconds
[2026-09-18T10:30:21.731+0000] {processor.py:161} INFO - Started process (PID=66) to work on /opt/airflow/dags/dag_extraction.py
[2026-09-18T10:30:21.734+0000] {processor.py:830} INFO - Processing file /opt/airflow/dags/dag_extraction.py for tasks to queue
[2026-09-18T10:30:21.736+0000] {logging_mixin.py:188} INFO - [2026-09-18T10:30:21.735+0000] {dagbag.py:545} INFO - Filling up the DagBag from /opt/airflow/dags/dag_extraction.py
[2026-09-18T10:30:21.818+0000] {processor.py:840} INFO - DAG(s) 'youtube_extraction' retrieved from /opt/airflow/dags/dag_extraction.py
[2026-09-18T10:30:21.838+0000] {logging_mixin.py:188} INFO - [2026-09-18T10:30:21.838+0000] {dag.py:3096} INFO - Sync 1 DAGs
[2026-09-18T10:30:21.858+0000] {logging_mixin.py:188} INFO - [2026-09-18T10:30:21.858+0000] {dag.py:3954} INFO - Setting next_dagrun for youtube_extraction to 2026-09-18 00:00:00+00:00, run_after=2026-09-19 00:00:00+00:00
[2026-09-18T10:30:21.880+0000] {processor.py:183} INFO - Processing /opt/airflow/dags/dag_extraction.py took 0.156 seconds
[2026-09-18T10:31:23.633+0000] {processor.py:161} INFO - Started process (PID=51) to work on /opt/airflow/dags/dag_extraction.py
[2026-09-18T10:31:23.637+0000] {processor.py:830} INFO - Processing file /opt/airflow/dags/dag_extraction.py for tasks to queue
[2026-09-18T10:31:23.642+0000] {logging_mixin.py:188} INFO - [2026-09-18T10:31:23.641+0000] {dagbag.py:545} INFO - Filling up the DagBag from /opt/airflow/dags/dag_extraction.py
[2026-09-18T10:31:23.946+0000] {processor.py:840} INFO - DAG(s) 'youtube_extraction' retrieved from /opt/airflow/dags/dag_extraction.py
[2026-09-18T10:31:24.305+0000] {logging_mixin.py:188} INFO - [2026-09-18T10:31:24.305+0000] {dag.py:3096} INFO - Sync 1 DAGs
[2026-09-18T10:31:24.331+0000] {logging_mixin.py:188} INFO - [2026-09-18T10:31:24.331+0000] {dag.py:3954} INFO - Setting next_dagrun for youtube_extraction to 2026-09-18 00:00:00+00:00, run_after=2026-09-19 00:00:00+00:00
[2026-09-18T10:31:24.359+0000] {processor.py:183} INFO - Processing /opt/airflow/dags/dag_extraction.py took 0.738 seconds
[2026-09-18T10:31:54.653+0000] {processor.py:161} INFO - Started process (PID=60) to work on /opt/airflow/dags/dag_extraction.py
[2026-09-18T10:31:54.655+0000] {processor.py:830} INFO - Processing file /opt/airflow/dags/dag_extraction.py for tasks to queue
[2026-09-18T10:31:54.658+0000] {logging_mixin.py:188} INFO - [2026-09-18T10:31:54.658+0000] {dagbag.py:545} INFO - Filling up the DagBag from /opt/airflow/dags/dag_extraction.py
[2026-09-18T10:31:54.751+0000] {processor.py:840} INFO - DAG(s) 'youtube_extraction' retrieved from /opt/airflow/dags/dag_extraction.py
[2026-09-18T10:31:54.773+0000] {logging_mixin.py:188} INFO - [2026-09-18T10:31:54.773+0000] {dag.py:3096} INFO - Sync 1 DAGs
[2026-09-18T10:31:54.796+0000] {logging_mixin.py:188} INFO - [2026-09-18T10:31:54.796+0000] {dag.py:3954} INFO - Setting next_dagrun for youtube_extraction to 2026-09-18 00:00:00+00:00, run_after=2026-09-19 00:00:00+00:00
[2026-09-18T10:31:54.822+0000] {processor.py:183} INFO - Processing /opt/airflow/dags/dag_extraction.py took 0.177 seconds
[2026-09-18T10:32:25.149+0000] {processor.py:161} INFO - Started process (PID=69) to work on /opt/airflow/dags/dag_extraction.py
[2026-09-18T10:32:25.151+0000] {processor.py:830} INFO - Processing file /opt/airflow/dags/dag_extraction.py for tasks to queue
[2026-09-18T10:32:25.153+0000] {logging_mixin.py:188} INFO - [2026-09-18T10:32:25.153+0000] {dagbag.py:545} INFO - Filling up the DagBag from /opt/airflow/dags/dag_extraction.py
[2026-09-18T10:32:25.241+0000] {processor.py:840} INFO - DAG(s) 'youtube_extraction' retrieved from /opt/airflow/dags/dag_extraction.py
[2026-09-18T10:32:25.266+0000] {logging_mixin.py:188} INFO - [2026-09-18T10:32:25.266+0000] {dag.py:3096} INFO - Sync 1 DAGs
[2026-09-18T10:32:25.287+0000] {logging_mixin.py:188} INFO - [2026-09-18T10:32:25.287+0000] {dag.py:3954} INFO - Setting next_dagrun for youtube_extraction to 2026-09-18 00:00:00+00:00, run_after=2026-09-19 00:00:00+00:00
[2026-09-18T10:32:25.311+0000] {processor.py:183} INFO - Processing /opt/airflow/dags/dag_extraction.py took 0.169 seconds
[2026-09-18T10:32:55.630+0000] {processor.py:161} INFO - Started process (PID=78) to work on /opt/airflow/dags/dag_extraction.py
[2026-09-18T10:32:55.632+0000] {processor.py:830} INFO - Processing file /opt/airflow/dags/dag_extraction.py for tasks to queue
[2026-09-18T10:32:55.635+0000] {logging_mixin.py:188} INFO - [2026-09-18T10:32:55.635+0000] {dagbag.py:545} INFO - Filling up the DagBag from /opt/airflow/dags/dag_extraction.py
[2026-09-18T10:32:55.741+0000] {processor.py:840} INFO - DAG(s) 'youtube_extraction' retrieved from /opt/airflow/dags/dag_extraction.py
[2026-09-18T10:32:55.770+0000] {logging_mixin.py:188} INFO - [2026-09-18T10:32:55.769+0000] {dag.py:3096} INFO - Sync 1 DAGs
[2026-09-18T10:32:55.793+0000] {logging_mixin.py:188} INFO - [2026-09-18T10:32:55.793+0000] {dag.py:3954} INFO - Setting next_dagrun for youtube_extraction to 2026-09-18 00:00:00+00:00, run_after=2026-09-19 00:00:00+00:00
[2026-09-18T10:32:55.816+0000] {processor.py:183} INFO - Processing /opt/airflow/dags/dag_extraction.py took 0.192 seconds
[2026-09-18T10:33:26.119+0000] {processor.py:161} INFO - Started process (PID=87) to work on /opt/airflow/dags/dag_extraction.py
[2026-09-18T10:33:26.121+0000] {processor.py:830} INFO - Processing file /opt/airflow/dags/dag_extraction.py for tasks to queue
[2026-09-18T10:33:26.124+0000] {logging_mixin.py:188} INFO - [2026-09-18T10:33:26.124+0000] {dagbag.py:545} INFO - Filling up the DagBag from /opt/airflow/dags/dag_extraction.py
[2026-09-18T10:33:26.214+0000] {processor.py:840} INFO - DAG(s) 'youtube_extraction' retrieved from /opt/airflow/dags/dag_extraction.py
[2026-09-18T10:33:26.243+0000] {logging_mixin.py:188} INFO - [2026-09-18T10:33:26.243+0000] {dag.py:3096} INFO - Sync 1 DAGs
[2026-09-18T10:33:26.271+0000] {logging_mixin.py:188} INFO - [2026-09-18T10:33:26.271+0000] {dag.py:3954} INFO - Setting next_dagrun for youtube_extraction to 2026-09-18 00:00:00+00:00, run_after=2026-09-19 00:00:00+00:00
[2026-09-18T10:33:26.302+0000] {processor.py:183} INFO - Processing /opt/airflow/dags/dag_extraction.py took 0.191 seconds
[2026-09-18T10:33:56.639+0000] {processor.py:161} INFO - Started process (PID=96) to work on /opt/airflow/dags/dag_extraction.py
[2026-09-18T10:33:56.641+0000] {processor.py:830} INFO - Processing file /opt/airflow/dags/dag_extraction.py for tasks to queue
[2026-09-18T10:33:56.644+0000] {logging_mixin.py:188} INFO - [2026-09-18T10:33:56.644+0000] {dagbag.py:545} INFO - Filling up the DagBag from /opt/airflow/dags/dag_extraction.py
[2026-09-18T10:33:56.733+0000] {processor.py:840} INFO - DAG(s) 'youtube_extraction' retrieved from /opt/airflow/dags/dag_extraction.py
[2026-09-18T10:33:56.755+0000] {logging_mixin.py:188} INFO - [2026-09-18T10:33:56.755+0000] {dag.py:3096} INFO - Sync 1 DAGs
[2026-09-18T10:33:56.780+0000] {logging_mixin.py:188} INFO - [2026-09-18T10:33:56.779+0000] {dag.py:3954} INFO - Setting next_dagrun for youtube_extraction to 2026-09-18 00:00:00+00:00, run_after=2026-09-19 00:00:00+00:00
[2026-09-18T10:33:56.803+0000] {processor.py:183} INFO - Processing /opt/airflow/dags/dag_extraction.py took 0.172 seconds
[2026-09-18T10:34:27.144+0000] {processor.py:161} INFO - Started process (PID=105) to work on /opt/airflow/dags/dag_extraction.py
[2026-09-18T10:34:27.145+0000] {processor.py:830} INFO - Processing file /opt/airflow/dags/dag_extraction.py for tasks to queue
[2026-09-18T10:34:27.148+0000] {logging_mixin.py:188} INFO - [2026-09-18T10:34:27.148+0000] {dagbag.py:545} INFO - Filling up the DagBag from /opt/airflow/dags/dag_extraction.py
[2026-09-18T10:34:27.234+0000] {processor.py:840} INFO - DAG(s) 'youtube_extraction' retrieved from /opt/airflow/dags/dag_extraction.py
[2026-09-18T10:34:27.256+0000] {logging_mixin.py:188} INFO - [2026-09-18T10:34:27.256+0000] {dag.py:3096} INFO - Sync 1 DAGs
[2026-09-18T10:34:27.278+0000] {logging_mixin.py:188} INFO - [2026-09-18T10:34:27.278+0000] {dag.py:3954} INFO - Setting next_dagrun for youtube_extraction to 2026-09-18 00:00:00+00:00, run_after=2026-09-19 00:00:00+00:00
[2026-09-18T10:34:27.301+0000] {processor.py:183} INFO - Processing /opt/airflow/dags/dag_extraction.py took 0.164 seconds
[2026-09-18T10:34:57.666+0000] {processor.py:161} INFO - Started process (PID=114) to work on /opt/airflow/dags/dag_extraction.py
[2026-09-18T10:34:57.668+0000] {processor.py:830} INFO - Processing file /opt/airflow/dags/dag_extraction.py for tasks to queue
[2026-09-18T10:34:57.670+0000] {logging_mixin.py:188} INFO - [2026-09-18T10:34:57.670+0000] {dagbag.py:545} INFO - Filling up the DagBag from /opt/airflow/dags/dag_extraction.py
[2026-09-18T10:34:57.760+0000] {processor.py:840} INFO - DAG(s) 'youtube_extraction' retrieved from /opt/airflow/dags/dag_extraction.py
[2026-09-18T10:34:57.782+0000] {logging_mixin.py:188} INFO - [2026-09-18T10:34:57.781+0000] {dag.py:3096} INFO - Sync 1 DAGs
[2026-09-18T10:34:57.800+0000] {logging_mixin.py:188} INFO - [2026-09-18T10:34:57.800+0000] {dag.py:3954} INFO - Setting next_dagrun for youtube_extraction to 2026-09-18 00:00:00+00:00, run_after=2026-09-19 00:00:00+00:00
[2026-09-18T10:34:57.823+0000] {processor.py:183} INFO - Processing /opt/airflow/dags/dag_extraction.py took 0.164 seconds
[2026-09-18T10:35:28.180+0000] {processor.py:161} INFO - Started process (PID=123) to work on /opt/airflow/dags/dag_extraction.py
[2026-09-18T10:35:28.183+0000] {processor.py:830} INFO - Processing file /opt/airflow/dags/dag_extraction.py for tasks to queue
[2026-09-18T10:35:28.185+0000] {logging_mixin.py:188} INFO - [2026-09-18T10:35:28.185+0000] {dagbag.py:545} INFO - Filling up the DagBag from /opt/airflow/dags/dag_extraction.py
[2026-09-18T10:35:28.287+0000] {processor.py:840} INFO - DAG(s) 'youtube_extraction' retrieved from /opt/airflow/dags/dag_extraction.py
[2026-09-18T10:35:28.315+0000] {logging_mixin.py:188} INFO - [2026-09-18T10:35:28.315+0000] {dag.py:3096} INFO - Sync 1 DAGs
[2026-09-18T10:35:28.337+0000] {logging_mixin.py:188} INFO - [2026-09-18T10:35:28.337+0000] {dag.py:3954} INFO - Setting next_dagrun for youtube_extraction to 2026-09-18 00:00:00+00:00, run_after=2026-09-19 00:00:00+00:00
[2026-09-18T10:35:28.360+0000] {processor.py:183} INFO - Processing /opt/airflow/dags/dag_extraction.py took 0.190 seconds
[2026-09-18T10:35:58.706+0000] {processor.py:161} INFO - Started process (PID=138) to work on /opt/airflow/dags/dag_extraction.py
[2026-09-18T10:35:58.709+0000] {processor.py:830} INFO - Processing file /opt/airflow/dags/dag_extraction.py for tasks to queue
[2026-09-18T10:35:58.713+0000] {logging_mixin.py:188} INFO - [2026-09-18T10:35:58.712+0000] {dagbag.py:545} INFO - Filling up the DagBag from /opt/airflow/dags/dag_extraction.py
[2026-09-18T10:35:58.802+0000] {processor.py:840} INFO - DAG(s) 'youtube_extraction' retrieved from /opt/airflow/dags/dag_extraction.py
[2026-09-18T10:35:58.830+0000] {logging_mixin.py:188} INFO - [2026-09-18T10:35:58.829+0000] {dag.py:3096} INFO - Sync 1 DAGs
[2026-09-18T10:35:58.854+0000] {logging_mixin.py:188} INFO - [2026-09-18T10:35:58.854+0000] {dag.py:3954} INFO - Setting next_dagrun for youtube_extraction to 2026-09-18 00:00:00+00:00, run_after=2026-09-19 00:00:00+00:00
[2026-09-18T10:35:58.883+0000] {processor.py:183} INFO - Processing /opt/airflow/dags/dag_extraction.py took 0.185 seconds
