[2026-09-18T07:58:15.652+0000] {processor.py:161} INFO - Started process (PID=50) to work on /opt/airflow/dags/dag_updating.py
[2026-09-18T07:58:15.655+0000] {processor.py:830} INFO - Processing file /opt/airflow/dags/dag_updating.py for tasks to queue
[2026-09-18T07:58:15.666+0000] {logging_mixin.py:188} INFO - [2026-09-18T07:58:15.665+0000] {dagbag.py:545} INFO - Filling up the DagBag from /opt/airflow/dags/dag_updating.py
[2026-09-18T07:58:15.962+0000] {processor.py:840} INFO - DAG(s) 'youtube_data_updating' retrieved from /opt/airflow/dags/dag_updating.py
[2026-09-18T07:58:16.467+0000] {logging_mixin.py:188} INFO - [2026-09-18T07:58:16.467+0000] {dag.py:3096} INFO - Sync 1 DAGs
[2026-09-18T07:58:16.502+0000] {logging_mixin.py:188} INFO - [2026-09-18T07:58:16.502+0000] {dag.py:3954} INFO - Setting next_dagrun for youtube_data_updating to 2026-09-17 00:00:00+00:00, run_after=2026-09-18 00:00:00+00:00
[2026-09-18T07:58:16.545+0000] {processor.py:183} INFO - Processing /opt/airflow/dags/dag_updating.py took 0.911 seconds
[2026-09-18T07:58:46.892+0000] {processor.py:161} INFO - Started process (PID=68) to work on /opt/airflow/dags/dag_updating.py
[2026-09-18T07:58:46.897+0000] {processor.py:830} INFO - Processing file /opt/airflow/dags/dag_updating.py for tasks to queue
[2026-09-18T07:58:46.902+0000] {logging_mixin.py:188} INFO - [2026-09-18T07:58:46.901+0000] {dagbag.py:545} INFO - Filling up the DagBag from /opt/airflow/dags/dag_updating.py
[2026-09-18T07:58:46.980+0000] {processor.py:840} INFO - DAG(s) 'youtube_data_updating' retrieved from /opt/airflow/dags/dag_updating.py
[2026-09-18T07:58:47.016+0000] {logging_mixin.py:188} INFO - [2026-09-18T07:58:47.016+0000] {dag.py:3096} INFO - Sync 1 DAGs
[2026-09-18T07:58:47.050+0000] {logging_mixin.py:188} INFO - [2026-09-18T07:58:47.050+0000] {dag.py:3954} INFO - Setting next_dagrun for youtube_data_updating to 2026-09-18 00:00:00+00:00, run_after=2026-09-19 00:00:00+00:00
[2026-09-18T07:58:47.081+0000] {processor.py:183} INFO - Processing /opt/airflow/dags/dag_updating.py took 0.202 seconds
[2026-09-18T07:59:17.394+0000] {processor.py:161} INFO - Started process (PID=76) to work on /opt/airflow/dags/dag_updating.py
[2026-09-18T07:59:17.395+0000] {processor.py:830} INFO - Processing file /opt/airflow/dags/dag_updating.py for tasks to queue
[2026-09-18T07:59:17.398+0000] {logging_mixin.py:188} INFO - [2026-09-18T07:59:17.398+0000] {dagbag.py:545} INFO - Filling up the DagBag from /opt/airflow/dags/dag_updating.py
[2026-09-18T07:59:17.440+0000] {processor.py:840} INFO - DAG(s) 'youtube_data_updating' retrieved from /opt/airflow/dags/dag_updating.py
[2026-09-18T07:59:17.464+0000] {logging_mixin.py:188} INFO - [2026-09-18T07:59:17.464+0000] {dag.py:3096} INFO - Sync 1 DAGs
[2026-09-18T07:59:17.487+0000] {logging_mixin.py:188} INFO - [2026-09-18T07:59:17.487+0000] {dag.py:3954} INFO - Setting next_dagrun for youtube_data_updating to 2026-09-18 00:00:00+00:00, run_after=2026-09-19 00:00:00+00:00
[2026-09-18T07:59:17.509+0000] {processor.py:183} INFO - Processing /opt/airflow/dags/dag_updating.py took 0.121 seconds
[2026-09-18T07:59:47.842+0000] {processor.py:161} INFO - Started process (PID=84) to work on /opt/airflow/dags/dag_updating.py
[2026-09-18T07:59:47.844+0000] {processor.py:830} INFO - Processing file /opt/airflow/dags/dag_updating.py for tasks to queue
[2026-09-18T07:59:47.848+0000] {logging_mixin.py:188} INFO - [2026-09-18T07:59:47.848+0000] {dagbag.py:545} INFO - Filling up the DagBag from /opt/airflow/dags/dag_updating.py
[2026-09-18T07:59:47.904+0000] {processor.py:840} INFO - DAG(s) 'youtube_data_updating' retrieved from /opt/airflow/dags/dag_updating.py
[2026-09-18T07:59:47.935+0000] {logging_mixin.py:188} INFO - [2026-09-18T07:59:47.934+0000] {dag.py:3096} INFO - Sync 1 DAGs
[2026-09-18T07:59:47.973+0000] {logging_mixin.py:188} INFO - [2026-09-18T07:59:47.973+0000] {dag.py:3954} INFO - Setting next_dagrun for youtube_data_updating to 2026-09-18 00:00:00+00:00, run_after=2026-09-19 00:00:00+00:00
[2026-09-18T07:59:48.000+0000] {processor.py:183} INFO - Processing /opt/airflow/dags/dag_updating.py took 0.167 seconds
[2026-09-18T08:00:18.297+0000] {processor.py:161} INFO - Started process (PID=92) to work on /opt/airflow/dags/dag_updating.py
[2026-09-18T08:00:18.299+0000] {processor.py:830} INFO - Processing file /opt/airflow/dags/dag_updating.py for tasks to queue
[2026-09-18T08:00:18.302+0000] {logging_mixin.py:188} INFO - [2026-09-18T08:00:18.302+0000] {dagbag.py:545} INFO - Filling up the DagBag from /opt/airflow/dags/dag_updating.py
[2026-09-18T08:00:18.351+0000] {processor.py:840} INFO - DAG(s) 'youtube_data_updating' retrieved from /opt/airflow/dags/dag_updating.py
[2026-09-18T08:00:18.380+0000] {logging_mixin.py:188} INFO - [2026-09-18T08:00:18.380+0000] {dag.py:3096} INFO - Sync 1 DAGs
[2026-09-18T08:00:18.406+0000] {logging_mixin.py:188} INFO - [2026-09-18T08:00:18.405+0000] {dag.py:3954} INFO - Setting next_dagrun for youtube_data_updating to 2026-09-18 00:00:00+00:00, run_after=2026-09-19 00:00:00+00:00
[2026-09-18T08:00:18.430+0000] {processor.py:183} INFO - Processing /opt/airflow/dags/dag_updating.py took 0.140 seconds
[2026-09-18T08:00:48.756+0000] {processor.py:161} INFO - Started process (PID=100) to work on /opt/airflow/dags/dag_updating.py
[2026-09-18T08:00:48.758+0000] {processor.py:830} INFO - Processing file /opt/airflow/dags/dag_updating.py for tasks to queue
[2026-09-18T08:00:48.761+0000] {logging_mixin.py:188} INFO - [2026-09-18T08:00:48.760+0000] {dagbag.py:545} INFO - Filling up the DagBag from /opt/airflow/dags/dag_updating.py
[2026-09-18T08:00:48.803+0000] {processor.py:840} INFO - DAG(s) 'youtube_data_updating' retrieved from /opt/airflow/dags/dag_updating.py
[2026-09-18T08:00:48.827+0000] {logging_mixin.py:188} INFO - [2026-09-18T08:00:48.827+0000] {dag.py:3096} INFO - Sync 1 DAGs
[2026-09-18T08:00:48.852+0000] {logging_mixin.py:188} INFO - [2026-09-18T08:00:48.852+0000] {dag.py:3954} INFO - Setting next_dagrun for youtube_data_updating to 2026-09-18 00:00:00+00:00, run_after=2026-09-19 00:00:00+00:00
[2026-09-18T08:00:48.875+0000] {processor.py:183} INFO - Processing /opt/airflow/dags/dag_updating.py took 0.125 seconds
[2026-09-18T08:01:19.206+0000] {processor.py:161} INFO - Started process (PID=107) to work on /opt/airflow/dags/dag_updating.py
[2026-09-18T08:01:19.208+0000] {processor.py:830} INFO - Processing file /opt/airflow/dags/dag_updating.py for tasks to queue
[2026-09-18T08:01:19.211+0000] {logging_mixin.py:188} INFO - [2026-09-18T08:01:19.211+0000] {dagbag.py:545} INFO - Filling up the DagBag from /opt/airflow/dags/dag_updating.py
[2026-09-18T08:01:19.270+0000] {processor.py:840} INFO - DAG(s) 'youtube_data_updating' retrieved from /opt/airflow/dags/dag_updating.py
[2026-09-18T08:01:19.295+0000] {logging_mixin.py:188} INFO - [2026-09-18T08:01:19.295+0000] {dag.py:3096} INFO - Sync 1 DAGs
[2026-09-18T08:01:19.333+0000] {logging_mixin.py:188} INFO - [2026-09-18T08:01:19.332+0000] {dag.py:3954} INFO - Setting next_dagrun for youtube_data_updating to 2026-09-18 00:00:00+00:00, run_after=2026-09-19 00:00:00+00:00
[2026-09-18T08:01:19.380+0000] {processor.py:183} INFO - Processing /opt/airflow/dags/dag_updating.py took 0.185 seconds
[2026-09-18T08:01:49.701+0000] {processor.py:161} INFO - Started process (PID=115) to work on /opt/airflow/dags/dag_updating.py
[2026-09-18T08:01:49.703+0000] {processor.py:830} INFO - Processing file /opt/airflow/dags/dag_updating.py for tasks to queue
[2026-09-18T08:01:49.707+0000] {logging_mixin.py:188} INFO - [2026-09-18T08:01:49.707+0000] {dagbag.py:545} INFO - Filling up the DagBag from /opt/airflow/dags/dag_updating.py
[2026-09-18T08:01:49.754+0000] {processor.py:840} INFO - DAG(s) 'youtube_data_updating' retrieved from /opt/airflow/dags/dag_updating.py
[2026-09-18T08:01:49.776+0000] {logging_mixin.py:188} INFO - [2026-09-18T08:01:49.775+0000] {dag.py:3096} INFO - Sync 1 DAGs
[2026-09-18T08:01:49.798+0000] {logging_mixin.py:188} INFO - [2026-09-18T08:01:49.798+0000] {dag.py:3954} INFO - Setting next_dagrun for youtube_data_updating to 2026-09-18 00:00:00+00:00, run_after=2026-09-19 00:00:00+00:00
[2026-09-18T08:01:49.821+0000] {processor.py:183} INFO - Processing /opt/airflow/dags/dag_updating.py took 0.127 seconds
[2026-09-18T08:02:20.148+0000] {processor.py:161} INFO - Started process (PID=123) to work on /opt/airflow/dags/dag_updating.py
[2026-09-18T08:02:20.151+0000] {processor.py:830} INFO - Processing file /opt/airflow/dags/dag_updating.py for tasks to queue
[2026-09-18T08:02:20.156+0000] {logging_mixin.py:188} INFO - [2026-09-18T08:02:20.155+0000] {dagbag.py:545} INFO - Filling up the DagBag from /opt/airflow/dags/dag_updating.py
[2026-09-18T08:02:20.207+0000] {processor.py:840} INFO - DAG(s) 'youtube_data_updating' retrieved from /opt/airflow/dags/dag_updating.py
[2026-09-18T08:02:20.233+0000] {logging_mixin.py:188} INFO - [2026-09-18T08:02:20.233+0000] {dag.py:3096} INFO - Sync 1 DAGs
[2026-09-18T08:02:20.258+0000] {logging_mixin.py:188} INFO - [2026-09-18T08:02:20.257+0000] {dag.py:3954} INFO - Setting next_dagrun for youtube_data_updating to 2026-09-18 00:00:00+00:00, run_after=2026-09-19 00:00:00+00:00
[2026-09-18T08:02:20.286+0000] {processor.py:183} INFO - Processing /opt/airflow/dags/dag_updating.py took 0.149 seconds
[2026-09-18T08:02:50.620+0000] {processor.py:161} INFO - Started process (PID=131) to work on /opt/airflow/dags/dag_updating.py
[2026-09-18T08:02:50.622+0000] {processor.py:830} INFO - Processing file /opt/airflow/dags/dag_updating.py for tasks to queue
[2026-09-18T08:02:50.625+0000] {logging_mixin.py:188} INFO - [2026-09-18T08:02:50.624+0000] {dagbag.py:545} INFO - Filling up the DagBag from /opt/airflow/dags/dag_updating.py
[2026-09-18T08:02:50.668+0000] {processor.py:840} INFO - DAG(s) 'youtube_data_updating' retrieved from /opt/airflow/dags/dag_updating.py
[2026-09-18T08:02:50.691+0000] {logging_mixin.py:188} INFO - [2026-09-18T08:02:50.691+0000] {dag.py:3096} INFO - Sync 1 DAGs
[2026-09-18T08:02:50.716+0000] {logging_mixin.py:188} INFO - [2026-09-18T08:02:50.716+0000] {dag.py:3954} INFO - Setting next_dagrun for youtube_data_updating to 2026-09-18 00:00:00+00:00, run_after=2026-09-19 00:00:00+00:00
[2026-09-18T08:02:50.742+0000] {processor.py:183} INFO - Processing /opt/airflow/dags/dag_updating.py took 0.131 seconds
[2026-09-18T08:03:21.101+0000] {processor.py:161} INFO - Started process (PID=139) to work on /opt/airflow/dags/dag_updating.py
[2026-09-18T08:03:21.103+0000] {processor.py:830} INFO - Processing file /opt/airflow/dags/dag_updating.py for tasks to queue
[2026-09-18T08:03:21.107+0000] {logging_mixin.py:188} INFO - [2026-09-18T08:03:21.106+0000] {dagbag.py:545} INFO - Filling up the DagBag from /opt/airflow/dags/dag_updating.py
[2026-09-18T08:03:21.149+0000] {processor.py:840} INFO - DAG(s) 'youtube_data_updating' retrieved from /opt/airflow/dags/dag_updating.py
[2026-09-18T08:03:21.171+0000] {logging_mixin.py:188} INFO - [2026-09-18T08:03:21.171+0000] {dag.py:3096} INFO - Sync 1 DAGs
[2026-09-18T08:03:21.194+0000] {logging_mixin.py:188} INFO - [2026-09-18T08:03:21.194+0000] {dag.py:3954} INFO - Setting next_dagrun for youtube_data_updating to 2026-09-18 00:00:00+00:00, run_after=2026-09-19 00:00:00+00:00
[2026-09-18T08:03:21.218+0000] {processor.py:183} INFO - Processing /opt/airflow/dags/dag_updating.py took 0.125 seconds
[2026-09-18T08:03:51.552+0000] {processor.py:161} INFO - Started process (PID=147) to work on /opt/airflow/dags/dag_updating.py
[2026-09-18T08:03:51.553+0000] {processor.py:830} INFO - Processing file /opt/airflow/dags/dag_updating.py for tasks to queue
[2026-09-18T08:03:51.557+0000] {logging_mixin.py:188} INFO - [2026-09-18T08:03:51.557+0000] {dagbag.py:545} INFO - Filling up the DagBag from /opt/airflow/dags/dag_updating.py
[2026-09-18T08:03:51.601+0000] {processor.py:840} INFO - DAG(s) 'youtube_data_updating' retrieved from /opt/airflow/dags/dag_updating.py
[2026-09-18T08:03:51.623+0000] {logging_mixin.py:188} INFO - [2026-09-18T08:03:51.623+0000] {dag.py:3096} INFO - Sync 1 DAGs
[2026-09-18T08:03:51.651+0000] {logging_mixin.py:188} INFO - [2026-09-18T08:03:51.650+0000] {dag.py:3954} INFO - Setting next_dagrun for youtube_data_updating to 2026-09-18 00:00:00+00:00, run_after=2026-09-19 00:00:00+00:00
[2026-09-18T08:03:51.673+0000] {processor.py:183} INFO - Processing /opt/airflow/dags/dag_updating.py took 0.130 seconds
[2026-09-18T08:04:22.018+0000] {processor.py:161} INFO - Started process (PID=155) to work on /opt/airflow/dags/dag_updating.py
[2026-09-18T08:04:22.019+0000] {processor.py:830} INFO - Processing file /opt/airflow/dags/dag_updating.py for tasks to queue
[2026-09-18T08:04:22.023+0000] {logging_mixin.py:188} INFO - [2026-09-18T08:04:22.022+0000] {dagbag.py:545} INFO - Filling up the DagBag from /opt/airflow/dags/dag_updating.py
[2026-09-18T08:04:22.071+0000] {processor.py:840} INFO - DAG(s) 'youtube_data_updating' retrieved from /opt/airflow/dags/dag_updating.py
[2026-09-18T08:04:22.094+0000] {logging_mixin.py:188} INFO - [2026-09-18T08:04:22.094+0000] {dag.py:3096} INFO - Sync 1 DAGs
[2026-09-18T08:04:22.120+0000] {logging_mixin.py:188} INFO - [2026-09-18T08:04:22.120+0000] {dag.py:3954} INFO - Setting next_dagrun for youtube_data_updating to 2026-09-18 00:00:00+00:00, run_after=2026-09-19 00:00:00+00:00
[2026-09-18T08:04:22.148+0000] {processor.py:183} INFO - Processing /opt/airflow/dags/dag_updating.py took 0.140 seconds
[2026-09-18T08:04:52.476+0000] {processor.py:161} INFO - Started process (PID=163) to work on /opt/airflow/dags/dag_updating.py
[2026-09-18T08:04:52.478+0000] {processor.py:830} INFO - Processing file /opt/airflow/dags/dag_updating.py for tasks to queue
[2026-09-18T08:04:52.481+0000] {logging_mixin.py:188} INFO - [2026-09-18T08:04:52.481+0000] {dagbag.py:545} INFO - Filling up the DagBag from /opt/airflow/dags/dag_updating.py
[2026-09-18T08:04:52.521+0000] {processor.py:840} INFO - DAG(s) 'youtube_data_updating' retrieved from /opt/airflow/dags/dag_updating.py
[2026-09-18T08:04:52.541+0000] {logging_mixin.py:188} INFO - [2026-09-18T08:04:52.540+0000] {dag.py:3096} INFO - Sync 1 DAGs
[2026-09-18T08:04:52.563+0000] {logging_mixin.py:188} INFO - [2026-09-18T08:04:52.562+0000] {dag.py:3954} INFO - Setting next_dagrun for youtube_data_updating to 2026-09-18 00:00:00+00:00, run_after=2026-09-19 00:00:00+00:00
[2026-09-18T08:04:52.586+0000] {processor.py:183} INFO - Processing /opt/airflow/dags/dag_updating.py took 0.117 seconds
[2026-09-18T08:05:22.921+0000] {processor.py:161} INFO - Started process (PID=171) to work on /opt/airflow/dags/dag_updating.py
[2026-09-18T08:05:22.923+0000] {processor.py:830} INFO - Processing file /opt/airflow/dags/dag_updating.py for tasks to queue
[2026-09-18T08:05:22.926+0000] {logging_mixin.py:188} INFO - [2026-09-18T08:05:22.926+0000] {dagbag.py:545} INFO - Filling up the DagBag from /opt/airflow/dags/dag_updating.py
[2026-09-18T08:05:22.976+0000] {processor.py:840} INFO - DAG(s) 'youtube_data_updating' retrieved from /opt/airflow/dags/dag_updating.py
[2026-09-18T08:05:23.001+0000] {logging_mixin.py:188} INFO - [2026-09-18T08:05:23.001+0000] {dag.py:3096} INFO - Sync 1 DAGs
[2026-09-18T08:05:23.026+0000] {logging_mixin.py:188} INFO - [2026-09-18T08:05:23.026+0000] {dag.py:3954} INFO - Setting next_dagrun for youtube_data_updating to 2026-09-18 00:00:00+00:00, run_after=2026-09-19 00:00:00+00:00
[2026-09-18T08:05:23.054+0000] {processor.py:183} INFO - Processing /opt/airflow/dags/dag_updating.py took 0.142 seconds
[2026-09-18T08:05:53.404+0000] {processor.py:161} INFO - Started process (PID=179) to work on /opt/airflow/dags/dag_updating.py
[2026-09-18T08:05:53.406+0000] {processor.py:830} INFO - Processing file /opt/airflow/dags/dag_updating.py for tasks to queue
[2026-09-18T08:05:53.410+0000] {logging_mixin.py:188} INFO - [2026-09-18T08:05:53.409+0000] {dagbag.py:545} INFO - Filling up the DagBag from /opt/airflow/dags/dag_updating.py
[2026-09-18T08:05:53.458+0000] {processor.py:840} INFO - DAG(s) 'youtube_data_updating' retrieved from /opt/airflow/dags/dag_updating.py
[2026-09-18T08:05:53.482+0000] {logging_mixin.py:188} INFO - [2026-09-18T08:05:53.482+0000] {dag.py:3096} INFO - Sync 1 DAGs
[2026-09-18T08:05:53.510+0000] {logging_mixin.py:188} INFO - [2026-09-18T08:05:53.509+0000] {dag.py:3954} INFO - Setting next_dagrun for youtube_data_updating to 2026-09-18 00:00:00+00:00, run_after=2026-09-19 00:00:00+00:00
[2026-09-18T08:05:53.534+0000] {processor.py:183} INFO - Processing /opt/airflow/dags/dag_updating.py took 0.141 seconds
[2026-09-18T08:06:23.854+0000] {processor.py:161} INFO - Started process (PID=187) to work on /opt/airflow/dags/dag_updating.py
[2026-09-18T08:06:23.856+0000] {processor.py:830} INFO - Processing file /opt/airflow/dags/dag_updating.py for tasks to queue
[2026-09-18T08:06:23.859+0000] {logging_mixin.py:188} INFO - [2026-09-18T08:06:23.859+0000] {dagbag.py:545} INFO - Filling up the DagBag from /opt/airflow/dags/dag_updating.py
[2026-09-18T08:06:23.903+0000] {processor.py:840} INFO - DAG(s) 'youtube_data_updating' retrieved from /opt/airflow/dags/dag_updating.py
[2026-09-18T08:06:23.926+0000] {logging_mixin.py:188} INFO - [2026-09-18T08:06:23.926+0000] {dag.py:3096} INFO - Sync 1 DAGs
[2026-09-18T08:06:23.952+0000] {logging_mixin.py:188} INFO - [2026-09-18T08:06:23.951+0000] {dag.py:3954} INFO - Setting next_dagrun for youtube_data_updating to 2026-09-18 00:00:00+00:00, run_after=2026-09-19 00:00:00+00:00
[2026-09-18T08:06:23.973+0000] {processor.py:183} INFO - Processing /opt/airflow/dags/dag_updating.py took 0.129 seconds
[2026-09-18T08:06:54.279+0000] {processor.py:161} INFO - Started process (PID=195) to work on /opt/airflow/dags/dag_updating.py
[2026-09-18T08:06:54.281+0000] {processor.py:830} INFO - Processing file /opt/airflow/dags/dag_updating.py for tasks to queue
[2026-09-18T08:06:54.284+0000] {logging_mixin.py:188} INFO - [2026-09-18T08:06:54.283+0000] {dagbag.py:545} INFO - Filling up the DagBag from /opt/airflow/dags/dag_updating.py
[2026-09-18T08:06:54.327+0000] {processor.py:840} INFO - DAG(s) 'youtube_data_updating' retrieved from /opt/airflow/dags/dag_updating.py
[2026-09-18T08:06:54.353+0000] {logging_mixin.py:188} INFO - [2026-09-18T08:06:54.353+0000] {dag.py:3096} INFO - Sync 1 DAGs
[2026-09-18T08:06:54.376+0000] {logging_mixin.py:188} INFO - [2026-09-18T08:06:54.376+0000] {dag.py:3954} INFO - Setting next_dagrun for youtube_data_updating to 2026-09-18 00:00:00+00:00, run_after=2026-09-19 00:00:00+00:00
[2026-09-18T08:06:54.399+0000] {processor.py:183} INFO - Processing /opt/airflow/dags/dag_updating.py took 0.130 seconds
[2026-09-18T08:07:24.709+0000] {processor.py:161} INFO - Started process (PID=203) to work on /opt/airflow/dags/dag_updating.py
[2026-09-18T08:07:24.711+0000] {processor.py:830} INFO - Processing file /opt/airflow/dags/dag_updating.py for tasks to queue
[2026-09-18T08:07:24.714+0000] {logging_mixin.py:188} INFO - [2026-09-18T08:07:24.714+0000] {dagbag.py:545} INFO - Filling up the DagBag from /opt/airflow/dags/dag_updating.py
[2026-09-18T08:07:24.755+0000] {processor.py:840} INFO - DAG(s) 'youtube_data_updating' retrieved from /opt/airflow/dags/dag_updating.py
[2026-09-18T08:07:24.778+0000] {logging_mixin.py:188} INFO - [2026-09-18T08:07:24.777+0000] {dag.py:3096} INFO - Sync 1 DAGs
[2026-09-18T08:07:24.799+0000] {logging_mixin.py:188} INFO - [2026-09-18T08:07:24.799+0000] {dag.py:3954} INFO - Setting next_dagrun for youtube_data_updating to 2026-09-18 00:00:00+00:00, run_after=2026-09-19 00:00:00+00:00
[2026-09-18T08:07:24.821+0000] {processor.py:183} INFO - Processing /opt/airflow/dags/dag_updating.py took 0.120 seconds
[2026-09-18T08:07:55.158+0000] {processor.py:161} INFO - Started process (PID=211) to work on /opt/airflow/dags/dag_updating.py
[2026-09-18T08:07:55.160+0000] {processor.py:830} INFO - Processing file /opt/airflow/dags/dag_updating.py for tasks to queue
[2026-09-18T08:07:55.163+0000] {logging_mixin.py:188} INFO - [2026-09-18T08:07:55.163+0000] {dagbag.py:545} INFO - Filling up the DagBag from /opt/airflow/dags/dag_updating.py
[2026-09-18T08:07:55.211+0000] {processor.py:840} INFO - DAG(s) 'youtube_data_updating' retrieved from /opt/airflow/dags/dag_updating.py
[2026-09-18T08:07:55.234+0000] {logging_mixin.py:188} INFO - [2026-09-18T08:07:55.234+0000] {dag.py:3096} INFO - Sync 1 DAGs
[2026-09-18T08:07:55.256+0000] {logging_mixin.py:188} INFO - [2026-09-18T08:07:55.256+0000] {dag.py:3954} INFO - Setting next_dagrun for youtube_data_updating to 2026-09-18 00:00:00+00:00, run_after=2026-09-19 00:00:00+00:00
[2026-09-18T08:07:55.278+0000] {processor.py:183} INFO - Processing /opt/airflow/dags/dag_updating.py took 0.132 seconds
[2026-09-18T08:08:25.605+0000] {processor.py:161} INFO - Started process (PID=219) to work on /opt/airflow/dags/dag_updating.py
[2026-09-18T08:08:25.607+0000] {processor.py:830} INFO - Processing file /opt/airflow/dags/dag_updating.py for tasks to queue
[2026-09-18T08:08:25.610+0000] {logging_mixin.py:188} INFO - [2026-09-18T08:08:25.609+0000] {dagbag.py:545} INFO - Filling up the DagBag from /opt/airflow/dags/dag_updating.py
[2026-09-18T08:08:25.652+0000] {processor.py:840} INFO - DAG(s) 'youtube_data_updating' retrieved from /opt/airflow/dags/dag_updating.py
[2026-09-18T08:08:25.674+0000] {logging_mixin.py:188} INFO - [2026-09-18T08:08:25.674+0000] {dag.py:3096} INFO - Sync 1 DAGs
[2026-09-18T08:08:25.696+0000] {logging_mixin.py:188} INFO - [2026-09-18T08:08:25.696+0000] {dag.py:3954} INFO - Setting next_dagrun for youtube_data_updating to 2026-09-18 00:00:00+00:00, run_after=2026-09-19 00:00:00+00:00
[2026-09-18T08:08:25.726+0000] {processor.py:183} INFO - Processing /opt/airflow/dags/dag_updating.py took 0.130 seconds
[2026-09-18T08:08:56.099+0000] {processor.py:161} INFO - Started process (PID=227) to work on /opt/airflow/dags/dag_updating.py
[2026-09-18T08:08:56.101+0000] {processor.py:830} INFO - Processing file /opt/airflow/dags/dag_updating.py for tasks to queue
[2026-09-18T08:08:56.104+0000] {logging_mixin.py:188} INFO - [2026-09-18T08:08:56.103+0000] {dagbag.py:545} INFO - Filling up the DagBag from /opt/airflow/dags/dag_updating.py
[2026-09-18T08:08:56.144+0000] {processor.py:840} INFO - DAG(s) 'youtube_data_updating' retrieved from /opt/airflow/dags/dag_updating.py
[2026-09-18T08:08:56.168+0000] {logging_mixin.py:188} INFO - [2026-09-18T08:08:56.168+0000] {dag.py:3096} INFO - Sync 1 DAGs
[2026-09-18T08:08:56.193+0000] {logging_mixin.py:188} INFO - [2026-09-18T08:08:56.193+0000] {dag.py:3954} INFO - Setting next_dagrun for youtube_data_updating to 2026-09-18 00:00:00+00:00, run_after=2026-09-19 00:00:00+00:00
[2026-09-18T08:08:56.214+0000] {processor.py:183} INFO - Processing /opt/airflow/dags/dag_updating.py took 0.123 seconds
[2026-09-18T08:09:26.603+0000] {processor.py:161} INFO - Started process (PID=235) to work on /opt/airflow/dags/dag_updating.py
[2026-09-18T08:09:26.605+0000] {processor.py:830} INFO - Processing file /opt/airflow/dags/dag_updating.py for tasks to queue
[2026-09-18T08:09:26.608+0000] {logging_mixin.py:188} INFO - [2026-09-18T08:09:26.608+0000] {dagbag.py:545} INFO - Filling up the DagBag from /opt/airflow/dags/dag_updating.py
[2026-09-18T08:09:26.649+0000] {processor.py:840} INFO - DAG(s) 'youtube_data_updating' retrieved from /opt/airflow/dags/dag_updating.py
[2026-09-18T08:09:26.673+0000] {logging_mixin.py:188} INFO - [2026-09-18T08:09:26.672+0000] {dag.py:3096} INFO - Sync 1 DAGs
[2026-09-18T08:09:26.697+0000] {logging_mixin.py:188} INFO - [2026-09-18T08:09:26.697+0000] {dag.py:3954} INFO - Setting next_dagrun for youtube_data_updating to 2026-09-18 00:00:00+00:00, run_after=2026-09-19 00:00:00+00:00
[2026-09-18T08:09:26.718+0000] {processor.py:183} INFO - Processing /opt/airflow/dags/dag_updating.py took 0.126 seconds
[2026-09-18T08:09:57.044+0000] {processor.py:161} INFO - Started process (PID=243) to work on /opt/airflow/dags/dag_updating.py
[2026-09-18T08:09:57.046+0000] {processor.py:830} INFO - Processing file /opt/airflow/dags/dag_updating.py for tasks to queue
[2026-09-18T08:09:57.051+0000] {logging_mixin.py:188} INFO - [2026-09-18T08:09:57.051+0000] {dagbag.py:545} INFO - Filling up the DagBag from /opt/airflow/dags/dag_updating.py
[2026-09-18T08:09:57.097+0000] {processor.py:840} INFO - DAG(s) 'youtube_data_updating' retrieved from /opt/airflow/dags/dag_updating.py
[2026-09-18T08:09:57.125+0000] {logging_mixin.py:188} INFO - [2026-09-18T08:09:57.124+0000] {dag.py:3096} INFO - Sync 1 DAGs
[2026-09-18T08:09:57.156+0000] {logging_mixin.py:188} INFO - [2026-09-18T08:09:57.156+0000] {dag.py:3954} INFO - Setting next_dagrun for youtube_data_updating to 2026-09-18 00:00:00+00:00, run_after=2026-09-19 00:00:00+00:00
[2026-09-18T08:09:57.195+0000] {processor.py:183} INFO - Processing /opt/airflow/dags/dag_updating.py took 0.162 seconds
[2026-09-18T08:10:27.591+0000] {processor.py:161} INFO - Started process (PID=251) to work on /opt/airflow/dags/dag_updating.py
[2026-09-18T08:10:27.593+0000] {processor.py:830} INFO - Processing file /opt/airflow/dags/dag_updating.py for tasks to queue
[2026-09-18T08:10:27.595+0000] {logging_mixin.py:188} INFO - [2026-09-18T08:10:27.595+0000] {dagbag.py:545} INFO - Filling up the DagBag from /opt/airflow/dags/dag_updating.py
[2026-09-18T08:10:27.634+0000] {processor.py:840} INFO - DAG(s) 'youtube_data_updating' retrieved from /opt/airflow/dags/dag_updating.py
[2026-09-18T08:10:27.655+0000] {logging_mixin.py:188} INFO - [2026-09-18T08:10:27.655+0000] {dag.py:3096} INFO - Sync 1 DAGs
[2026-09-18T08:10:27.677+0000] {logging_mixin.py:188} INFO - [2026-09-18T08:10:27.676+0000] {dag.py:3954} INFO - Setting next_dagrun for youtube_data_updating to 2026-09-18 00:00:00+00:00, run_after=2026-09-19 00:00:00+00:00
[2026-09-18T08:10:27.699+0000] {processor.py:183} INFO - Processing /opt/airflow/dags/dag_updating.py took 0.117 seconds
[2026-09-18T08:10:58.053+0000] {processor.py:161} INFO - Started process (PID=259) to work on /opt/airflow/dags/dag_updating.py
[2026-09-18T08:10:58.055+0000] {processor.py:830} INFO - Processing file /opt/airflow/dags/dag_updating.py for tasks to queue
[2026-09-18T08:10:58.059+0000] {logging_mixin.py:188} INFO - [2026-09-18T08:10:58.058+0000] {dagbag.py:545} INFO - Filling up the DagBag from /opt/airflow/dags/dag_updating.py
[2026-09-18T08:10:58.098+0000] {processor.py:840} INFO - DAG(s) 'youtube_data_updating' retrieved from /opt/airflow/dags/dag_updating.py
[2026-09-18T08:10:58.121+0000] {logging_mixin.py:188} INFO - [2026-09-18T08:10:58.121+0000] {dag.py:3096} INFO - Sync 1 DAGs
[2026-09-18T08:10:58.144+0000] {logging_mixin.py:188} INFO - [2026-09-18T08:10:58.143+0000] {dag.py:3954} INFO - Setting next_dagrun for youtube_data_updating to 2026-09-18 00:00:00+00:00, run_after=2026-09-19 00:00:00+00:00
[2026-09-18T08:10:58.167+0000] {processor.py:183} INFO - Processing /opt/airflow/dags/dag_updating.py took 0.120 seconds
[2026-09-18T08:11:28.513+0000] {processor.py:161} INFO - Started process (PID=267) to work on /opt/airflow/dags/dag_updating.py
[2026-09-18T08:11:28.515+0000] {processor.py:830} INFO - Processing file /opt/airflow/dags/dag_updating.py for tasks to queue
[2026-09-18T08:11:28.518+0000] {logging_mixin.py:188} INFO - [2026-09-18T08:11:28.518+0000] {dagbag.py:545} INFO - Filling up the DagBag from /opt/airflow/dags/dag_updating.py
[2026-09-18T08:11:28.557+0000] {processor.py:840} INFO - DAG(s) 'youtube_data_updating' retrieved from /opt/airflow/dags/dag_updating.py
[2026-09-18T08:11:28.579+0000] {logging_mixin.py:188} INFO - [2026-09-18T08:11:28.579+0000] {dag.py:3096} INFO - Sync 1 DAGs
[2026-09-18T08:11:28.606+0000] {logging_mixin.py:188} INFO - [2026-09-18T08:11:28.606+0000] {dag.py:3954} INFO - Setting next_dagrun for youtube_data_updating to 2026-09-18 00:00:00+00:00, run_after=2026-09-19 00:00:00+00:00
[2026-09-18T08:11:28.631+0000] {processor.py:183} INFO - Processing /opt/airflow/dags/dag_updating.py took 0.126 seconds
[2026-09-18T08:11:58.950+0000] {processor.py:161} INFO - Started process (PID=275) to work on /opt/airflow/dags/dag_updating.py
[2026-09-18T08:11:58.952+0000] {processor.py:830} INFO - Processing file /opt/airflow/dags/dag_updating.py for tasks to queue
[2026-09-18T08:11:58.955+0000] {logging_mixin.py:188} INFO - [2026-09-18T08:11:58.955+0000] {dagbag.py:545} INFO - Filling up the DagBag from /opt/airflow/dags/dag_updating.py
[2026-09-18T08:11:58.998+0000] {processor.py:840} INFO - DAG(s) 'youtube_data_updating' retrieved from /opt/airflow/dags/dag_updating.py
[2026-09-18T08:11:59.021+0000] {logging_mixin.py:188} INFO - [2026-09-18T08:11:59.021+0000] {dag.py:3096} INFO - Sync 1 DAGs
[2026-09-18T08:11:59.046+0000] {logging_mixin.py:188} INFO - [2026-09-18T08:11:59.046+0000] {dag.py:3954} INFO - Setting next_dagrun for youtube_data_updating to 2026-09-18 00:00:00+00:00, run_after=2026-09-19 00:00:00+00:00
[2026-09-18T08:11:59.069+0000] {processor.py:183} INFO - Processing /opt/airflow/dags/dag_updating.py took 0.127 seconds
[2026-09-18T08:12:29.367+0000] {processor.py:161} INFO - Started process (PID=283) to work on /opt/airflow/dags/dag_updating.py
[2026-09-18T08:12:29.370+0000] {processor.py:830} INFO - Processing file /opt/airflow/dags/dag_updating.py for tasks to queue
[2026-09-18T08:12:29.374+0000] {logging_mixin.py:188} INFO - [2026-09-18T08:12:29.373+0000] {dagbag.py:545} INFO - Filling up the DagBag from /opt/airflow/dags/dag_updating.py
[2026-09-18T08:12:29.427+0000] {processor.py:840} INFO - DAG(s) 'youtube_data_updating' retrieved from /opt/airflow/dags/dag_updating.py
[2026-09-18T08:12:29.458+0000] {logging_mixin.py:188} INFO - [2026-09-18T08:12:29.458+0000] {dag.py:3096} INFO - Sync 1 DAGs
[2026-09-18T08:12:29.487+0000] {logging_mixin.py:188} INFO - [2026-09-18T08:12:29.487+0000] {dag.py:3954} INFO - Setting next_dagrun for youtube_data_updating to 2026-09-18 00:00:00+00:00, run_after=2026-09-19 00:00:00+00:00
[2026-09-18T08:12:29.512+0000] {processor.py:183} INFO - Processing /opt/airflow/dags/dag_updating.py took 0.155 seconds
[2026-09-18T08:12:59.781+0000] {processor.py:161} INFO - Started process (PID=291) to work on /opt/airflow/dags/dag_updating.py
[2026-09-18T08:12:59.784+0000] {processor.py:830} INFO - Processing file /opt/airflow/dags/dag_updating.py for tasks to queue
[2026-09-18T08:12:59.787+0000] {logging_mixin.py:188} INFO - [2026-09-18T08:12:59.786+0000] {dagbag.py:545} INFO - Filling up the DagBag from /opt/airflow/dags/dag_updating.py
[2026-09-18T08:12:59.835+0000] {processor.py:840} INFO - DAG(s) 'youtube_data_updating' retrieved from /opt/airflow/dags/dag_updating.py
[2026-09-18T08:12:59.861+0000] {logging_mixin.py:188} INFO - [2026-09-18T08:12:59.861+0000] {dag.py:3096} INFO - Sync 1 DAGs
[2026-09-18T08:12:59.887+0000] {logging_mixin.py:188} INFO - [2026-09-18T08:12:59.887+0000] {dag.py:3954} INFO - Setting next_dagrun for youtube_data_updating to 2026-09-18 00:00:00+00:00, run_after=2026-09-19 00:00:00+00:00
[2026-09-18T08:12:59.911+0000] {processor.py:183} INFO - Processing /opt/airflow/dags/dag_updating.py took 0.140 seconds
[2026-09-18T08:13:30.314+0000] {processor.py:161} INFO - Started process (PID=299) to work on /opt/airflow/dags/dag_updating.py
[2026-09-18T08:13:30.316+0000] {processor.py:830} INFO - Processing file /opt/airflow/dags/dag_updating.py for tasks to queue
[2026-09-18T08:13:30.320+0000] {logging_mixin.py:188} INFO - [2026-09-18T08:13:30.319+0000] {dagbag.py:545} INFO - Filling up the DagBag from /opt/airflow/dags/dag_updating.py
[2026-09-18T08:13:30.363+0000] {processor.py:840} INFO - DAG(s) 'youtube_data_updating' retrieved from /opt/airflow/dags/dag_updating.py
[2026-09-18T08:13:30.390+0000] {logging_mixin.py:188} INFO - [2026-09-18T08:13:30.390+0000] {dag.py:3096} INFO - Sync 1 DAGs
[2026-09-18T08:13:30.412+0000] {logging_mixin.py:188} INFO - [2026-09-18T08:13:30.412+0000] {dag.py:3954} INFO - Setting next_dagrun for youtube_data_updating to 2026-09-18 00:00:00+00:00, run_after=2026-09-19 00:00:00+00:00
[2026-09-18T08:13:30.435+0000] {processor.py:183} INFO - Processing /opt/airflow/dags/dag_updating.py took 0.133 seconds
[2026-09-18T08:14:00.788+0000] {processor.py:161} INFO - Started process (PID=307) to work on /opt/airflow/dags/dag_updating.py
[2026-09-18T08:14:00.791+0000] {processor.py:830} INFO - Processing file /opt/airflow/dags/dag_updating.py for tasks to queue
[2026-09-18T08:14:00.793+0000] {logging_mixin.py:188} INFO - [2026-09-18T08:14:00.793+0000] {dagbag.py:545} INFO - Filling up the DagBag from /opt/airflow/dags/dag_updating.py
[2026-09-18T08:14:00.832+0000] {processor.py:840} INFO - DAG(s) 'youtube_data_updating' retrieved from /opt/airflow/dags/dag_updating.py
[2026-09-18T08:14:00.852+0000] {logging_mixin.py:188} INFO - [2026-09-18T08:14:00.852+0000] {dag.py:3096} INFO - Sync 1 DAGs
[2026-09-18T08:14:00.879+0000] {logging_mixin.py:188} INFO - [2026-09-18T08:14:00.878+0000] {dag.py:3954} INFO - Setting next_dagrun for youtube_data_updating to 2026-09-18 00:00:00+00:00, run_after=2026-09-19 00:00:00+00:00
[2026-09-18T08:14:00.903+0000] {processor.py:183} INFO - Processing /opt/airflow/dags/dag_updating.py took 0.122 seconds
[2026-09-18T08:14:31.252+0000] {processor.py:161} INFO - Started process (PID=315) to work on /opt/airflow/dags/dag_updating.py
[2026-09-18T08:14:31.255+0000] {processor.py:830} INFO - Processing file /opt/airflow/dags/dag_updating.py for tasks to queue
[2026-09-18T08:14:31.263+0000] {logging_mixin.py:188} INFO - [2026-09-18T08:14:31.260+0000] {dagbag.py:545} INFO - Filling up the DagBag from /opt/airflow/dags/dag_updating.py
[2026-09-18T08:14:31.334+0000] {processor.py:840} INFO - DAG(s) 'youtube_data_updating' retrieved from /opt/airflow/dags/dag_updating.py
[2026-09-18T08:14:31.385+0000] {logging_mixin.py:188} INFO - [2026-09-18T08:14:31.385+0000] {dag.py:3096} INFO - Sync 1 DAGs
[2026-09-18T08:14:31.421+0000] {logging_mixin.py:188} INFO - [2026-09-18T08:14:31.421+0000] {dag.py:3954} INFO - Setting next_dagrun for youtube_data_updating to 2026-09-18 00:00:00+00:00, run_after=2026-09-19 00:00:00+00:00
[2026-09-18T08:14:31.458+0000] {processor.py:183} INFO - Processing /opt/airflow/dags/dag_updating.py took 0.223 seconds
[2026-09-18T08:15:01.716+0000] {processor.py:161} INFO - Started process (PID=323) to work on /opt/airflow/dags/dag_updating.py
[2026-09-18T08:15:01.718+0000] {processor.py:830} INFO - Processing file /opt/airflow/dags/dag_updating.py for tasks to queue
[2026-09-18T08:15:01.722+0000] {logging_mixin.py:188} INFO - [2026-09-18T08:15:01.721+0000] {dagbag.py:545} INFO - Filling up the DagBag from /opt/airflow/dags/dag_updating.py
[2026-09-18T08:15:01.779+0000] {processor.py:840} INFO - DAG(s) 'youtube_data_updating' retrieved from /opt/airflow/dags/dag_updating.py
[2026-09-18T08:15:01.808+0000] {logging_mixin.py:188} INFO - [2026-09-18T08:15:01.808+0000] {dag.py:3096} INFO - Sync 1 DAGs
[2026-09-18T08:15:01.838+0000] {logging_mixin.py:188} INFO - [2026-09-18T08:15:01.837+0000] {dag.py:3954} INFO - Setting next_dagrun for youtube_data_updating to 2026-09-18 00:00:00+00:00, run_after=2026-09-19 00:00:00+00:00
[2026-09-18T08:15:01.864+0000] {processor.py:183} INFO - Processing /opt/airflow/dags/dag_updating.py took 0.157 seconds
[2026-09-18T08:15:32.178+0000] {processor.py:161} INFO - Started process (PID=331) to work on /opt/airflow/dags/dag_updating.py
[2026-09-18T08:15:32.180+0000] {processor.py:830} INFO - Processing file /opt/airflow/dags/dag_updating.py for tasks to queue
[2026-09-18T08:15:32.183+0000] {logging_mixin.py:188} INFO - [2026-09-18T08:15:32.183+0000] {dagbag.py:545} INFO - Filling up the DagBag from /opt/airflow/dags/dag_updating.py
[2026-09-18T08:15:32.225+0000] {processor.py:840} INFO - DAG(s) 'youtube_data_updating' retrieved from /opt/airflow/dags/dag_updating.py
[2026-09-18T08:15:32.248+0000] {logging_mixin.py:188} INFO - [2026-09-18T08:15:32.248+0000] {dag.py:3096} INFO - Sync 1 DAGs
[2026-09-18T08:15:32.276+0000] {logging_mixin.py:188} INFO - [2026-09-18T08:15:32.276+0000] {dag.py:3954} INFO - Setting next_dagrun for youtube_data_updating to 2026-09-18 00:00:00+00:00, run_after=2026-09-19 00:00:00+00:00
[2026-09-18T08:15:32.298+0000] {processor.py:183} INFO - Processing /opt/airflow/dags/dag_updating.py took 0.128 seconds
[2026-09-18T08:16:02.612+0000] {processor.py:161} INFO - Started process (PID=339) to work on /opt/airflow/dags/dag_updating.py
[2026-09-18T08:16:02.614+0000] {processor.py:830} INFO - Processing file /opt/airflow/dags/dag_updating.py for tasks to queue
[2026-09-18T08:16:02.617+0000] {logging_mixin.py:188} INFO - [2026-09-18T08:16:02.616+0000] {dagbag.py:545} INFO - Filling up the DagBag from /opt/airflow/dags/dag_updating.py
[2026-09-18T08:16:02.656+0000] {processor.py:840} INFO - DAG(s) 'youtube_data_updating' retrieved from /opt/airflow/dags/dag_updating.py
[2026-09-18T08:16:02.678+0000] {logging_mixin.py:188} INFO - [2026-09-18T08:16:02.678+0000] {dag.py:3096} INFO - Sync 1 DAGs
[2026-09-18T08:16:02.702+0000] {logging_mixin.py:188} INFO - [2026-09-18T08:16:02.702+0000] {dag.py:3954} INFO - Setting next_dagrun for youtube_data_updating to 2026-09-18 00:00:00+00:00, run_after=2026-09-19 00:00:00+00:00
[2026-09-18T08:16:02.729+0000] {processor.py:183} INFO - Processing /opt/airflow/dags/dag_updating.py took 0.126 seconds
[2026-09-18T08:16:33.045+0000] {processor.py:161} INFO - Started process (PID=347) to work on /opt/airflow/dags/dag_updating.py
[2026-09-18T08:16:33.050+0000] {processor.py:830} INFO - Processing file /opt/airflow/dags/dag_updating.py for tasks to queue
[2026-09-18T08:16:33.056+0000] {logging_mixin.py:188} INFO - [2026-09-18T08:16:33.055+0000] {dagbag.py:545} INFO - Filling up the DagBag from /opt/airflow/dags/dag_updating.py
[2026-09-18T08:16:33.123+0000] {processor.py:840} INFO - DAG(s) 'youtube_data_updating' retrieved from /opt/airflow/dags/dag_updating.py
[2026-09-18T08:16:33.155+0000] {logging_mixin.py:188} INFO - [2026-09-18T08:16:33.155+0000] {dag.py:3096} INFO - Sync 1 DAGs
[2026-09-18T08:16:33.203+0000] {logging_mixin.py:188} INFO - [2026-09-18T08:16:33.203+0000] {dag.py:3954} INFO - Setting next_dagrun for youtube_data_updating to 2026-09-18 00:00:00+00:00, run_after=2026-09-19 00:00:00+00:00
[2026-09-18T08:16:33.234+0000] {processor.py:183} INFO - Processing /opt/airflow/dags/dag_updating.py took 0.199 seconds
[2026-09-18T08:17:03.547+0000] {processor.py:161} INFO - Started process (PID=355) to work on /opt/airflow/dags/dag_updating.py
[2026-09-18T08:17:03.550+0000] {processor.py:830} INFO - Processing file /opt/airflow/dags/dag_updating.py for tasks to queue
[2026-09-18T08:17:03.554+0000] {logging_mixin.py:188} INFO - [2026-09-18T08:17:03.553+0000] {dagbag.py:545} INFO - Filling up the DagBag from /opt/airflow/dags/dag_updating.py
[2026-09-18T08:17:03.619+0000] {processor.py:840} INFO - DAG(s) 'youtube_data_updating' retrieved from /opt/airflow/dags/dag_updating.py
[2026-09-18T08:17:03.650+0000] {logging_mixin.py:188} INFO - [2026-09-18T08:17:03.650+0000] {dag.py:3096} INFO - Sync 1 DAGs
[2026-09-18T08:17:03.675+0000] {logging_mixin.py:188} INFO - [2026-09-18T08:17:03.674+0000] {dag.py:3954} INFO - Setting next_dagrun for youtube_data_updating to 2026-09-18 00:00:00+00:00, run_after=2026-09-19 00:00:00+00:00
[2026-09-18T08:17:03.704+0000] {processor.py:183} INFO - Processing /opt/airflow/dags/dag_updating.py took 0.169 seconds
[2026-09-18T08:17:33.996+0000] {processor.py:161} INFO - Started process (PID=376) to work on /opt/airflow/dags/dag_updating.py
[2026-09-18T08:17:33.998+0000] {processor.py:830} INFO - Processing file /opt/airflow/dags/dag_updating.py for tasks to queue
[2026-09-18T08:17:34.000+0000] {logging_mixin.py:188} INFO - [2026-09-18T08:17:34.000+0000] {dagbag.py:545} INFO - Filling up the DagBag from /opt/airflow/dags/dag_updating.py
[2026-09-18T08:17:34.040+0000] {processor.py:840} INFO - DAG(s) 'youtube_data_updating' retrieved from /opt/airflow/dags/dag_updating.py
[2026-09-18T08:17:34.061+0000] {logging_mixin.py:188} INFO - [2026-09-18T08:17:34.060+0000] {dag.py:3096} INFO - Sync 1 DAGs
[2026-09-18T08:17:34.083+0000] {logging_mixin.py:188} INFO - [2026-09-18T08:17:34.083+0000] {dag.py:3954} INFO - Setting next_dagrun for youtube_data_updating to 2026-09-18 00:00:00+00:00, run_after=2026-09-19 00:00:00+00:00
[2026-09-18T08:17:34.106+0000] {processor.py:183} INFO - Processing /opt/airflow/dags/dag_updating.py took 0.119 seconds
[2026-09-18T08:18:04.403+0000] {processor.py:161} INFO - Started process (PID=384) to work on /opt/airflow/dags/dag_updating.py
[2026-09-18T08:18:04.405+0000] {processor.py:830} INFO - Processing file /opt/airflow/dags/dag_updating.py for tasks to queue
[2026-09-18T08:18:04.407+0000] {logging_mixin.py:188} INFO - [2026-09-18T08:18:04.407+0000] {dagbag.py:545} INFO - Filling up the DagBag from /opt/airflow/dags/dag_updating.py
[2026-09-18T08:18:04.447+0000] {processor.py:840} INFO - DAG(s) 'youtube_data_updating' retrieved from /opt/airflow/dags/dag_updating.py
[2026-09-18T08:18:04.469+0000] {logging_mixin.py:188} INFO - [2026-09-18T08:18:04.469+0000] {dag.py:3096} INFO - Sync 1 DAGs
[2026-09-18T08:18:04.498+0000] {logging_mixin.py:188} INFO - [2026-09-18T08:18:04.498+0000] {dag.py:3954} INFO - Setting next_dagrun for youtube_data_updating to 2026-09-18 00:00:00+00:00, run_after=2026-09-19 00:00:00+00:00
[2026-09-18T08:18:04.521+0000] {processor.py:183} INFO - Processing /opt/airflow/dags/dag_updating.py took 0.126 seconds
[2026-09-18T08:18:34.904+0000] {processor.py:161} INFO - Started process (PID=392) to work on /opt/airflow/dags/dag_updating.py
[2026-09-18T08:18:34.906+0000] {processor.py:830} INFO - Processing file /opt/airflow/dags/dag_updating.py for tasks to queue
[2026-09-18T08:18:34.909+0000] {logging_mixin.py:188} INFO - [2026-09-18T08:18:34.908+0000] {dagbag.py:545} INFO - Filling up the DagBag from /opt/airflow/dags/dag_updating.py
[2026-09-18T08:18:34.951+0000] {processor.py:840} INFO - DAG(s) 'youtube_data_updating' retrieved from /opt/airflow/dags/dag_updating.py
[2026-09-18T08:18:34.977+0000] {logging_mixin.py:188} INFO - [2026-09-18T08:18:34.976+0000] {dag.py:3096} INFO - Sync 1 DAGs
[2026-09-18T08:18:35.004+0000] {logging_mixin.py:188} INFO - [2026-09-18T08:18:35.004+0000] {dag.py:3954} INFO - Setting next_dagrun for youtube_data_updating to 2026-09-18 00:00:00+00:00, run_after=2026-09-19 00:00:00+00:00
[2026-09-18T08:18:35.031+0000] {processor.py:183} INFO - Processing /opt/airflow/dags/dag_updating.py took 0.137 seconds
[2026-09-18T08:19:05.366+0000] {processor.py:161} INFO - Started process (PID=400) to work on /opt/airflow/dags/dag_updating.py
[2026-09-18T08:19:05.368+0000] {processor.py:830} INFO - Processing file /opt/airflow/dags/dag_updating.py for tasks to queue
[2026-09-18T08:19:05.370+0000] {logging_mixin.py:188} INFO - [2026-09-18T08:19:05.370+0000] {dagbag.py:545} INFO - Filling up the DagBag from /opt/airflow/dags/dag_updating.py
[2026-09-18T08:19:05.410+0000] {processor.py:840} INFO - DAG(s) 'youtube_data_updating' retrieved from /opt/airflow/dags/dag_updating.py
[2026-09-18T08:19:05.430+0000] {logging_mixin.py:188} INFO - [2026-09-18T08:19:05.430+0000] {dag.py:3096} INFO - Sync 1 DAGs
[2026-09-18T08:19:05.460+0000] {logging_mixin.py:188} INFO - [2026-09-18T08:19:05.460+0000] {dag.py:3954} INFO - Setting next_dagrun for youtube_data_updating to 2026-09-18 00:00:00+00:00, run_after=2026-09-19 00:00:00+00:00
[2026-09-18T08:19:05.482+0000] {processor.py:183} INFO - Processing /opt/airflow/dags/dag_updating.py took 0.124 seconds
[2026-09-18T08:19:35.861+0000] {processor.py:161} INFO - Started process (PID=408) to work on /opt/airflow/dags/dag_updating.py
[2026-09-18T08:19:35.862+0000] {processor.py:830} INFO - Processing file /opt/airflow/dags/dag_updating.py for tasks to queue
[2026-09-18T08:19:35.866+0000] {logging_mixin.py:188} INFO - [2026-09-18T08:19:35.865+0000] {dagbag.py:545} INFO - Filling up the DagBag from /opt/airflow/dags/dag_updating.py
[2026-09-18T08:19:35.907+0000] {processor.py:840} INFO - DAG(s) 'youtube_data_updating' retrieved from /opt/airflow/dags/dag_updating.py
[2026-09-18T08:19:35.930+0000] {logging_mixin.py:188} INFO - [2026-09-18T08:19:35.930+0000] {dag.py:3096} INFO - Sync 1 DAGs
[2026-09-18T08:19:35.953+0000] {logging_mixin.py:188} INFO - [2026-09-18T08:19:35.953+0000] {dag.py:3954} INFO - Setting next_dagrun for youtube_data_updating to 2026-09-18 00:00:00+00:00, run_after=2026-09-19 00:00:00+00:00
[2026-09-18T08:19:35.975+0000] {processor.py:183} INFO - Processing /opt/airflow/dags/dag_updating.py took 0.123 seconds
[2026-09-18T08:20:06.327+0000] {processor.py:161} INFO - Started process (PID=416) to work on /opt/airflow/dags/dag_updating.py
[2026-09-18T08:20:06.329+0000] {processor.py:830} INFO - Processing file /opt/airflow/dags/dag_updating.py for tasks to queue
[2026-09-18T08:20:06.333+0000] {logging_mixin.py:188} INFO - [2026-09-18T08:20:06.332+0000] {dagbag.py:545} INFO - Filling up the DagBag from /opt/airflow/dags/dag_updating.py
[2026-09-18T08:20:06.370+0000] {processor.py:840} INFO - DAG(s) 'youtube_data_updating' retrieved from /opt/airflow/dags/dag_updating.py
[2026-09-18T08:20:06.391+0000] {logging_mixin.py:188} INFO - [2026-09-18T08:20:06.390+0000] {dag.py:3096} INFO - Sync 1 DAGs
[2026-09-18T08:20:06.415+0000] {logging_mixin.py:188} INFO - [2026-09-18T08:20:06.415+0000] {dag.py:3954} INFO - Setting next_dagrun for youtube_data_updating to 2026-09-18 00:00:00+00:00, run_after=2026-09-19 00:00:00+00:00
[2026-09-18T08:20:06.436+0000] {processor.py:183} INFO - Processing /opt/airflow/dags/dag_updating.py took 0.117 seconds
[2026-09-18T08:20:36.796+0000] {processor.py:161} INFO - Started process (PID=424) to work on /opt/airflow/dags/dag_updating.py
[2026-09-18T08:20:36.798+0000] {processor.py:830} INFO - Processing file /opt/airflow/dags/dag_updating.py for tasks to queue
[2026-09-18T08:20:36.801+0000] {logging_mixin.py:188} INFO - [2026-09-18T08:20:36.800+0000] {dagbag.py:545} INFO - Filling up the DagBag from /opt/airflow/dags/dag_updating.py
[2026-09-18T08:20:36.838+0000] {processor.py:840} INFO - DAG(s) 'youtube_data_updating' retrieved from /opt/airflow/dags/dag_updating.py
[2026-09-18T08:20:36.859+0000] {logging_mixin.py:188} INFO - [2026-09-18T08:20:36.859+0000] {dag.py:3096} INFO - Sync 1 DAGs
[2026-09-18T08:20:36.884+0000] {logging_mixin.py:188} INFO - [2026-09-18T08:20:36.883+0000] {dag.py:3954} INFO - Setting next_dagrun for youtube_data_updating to 2026-09-18 00:00:00+00:00, run_after=2026-09-19 00:00:00+00:00
[2026-09-18T08:20:36.907+0000] {processor.py:183} INFO - Processing /opt/airflow/dags/dag_updating.py took 0.119 seconds
[2026-09-18T08:21:07.262+0000] {processor.py:161} INFO - Started process (PID=432) to work on /opt/airflow/dags/dag_updating.py
[2026-09-18T08:21:07.264+0000] {processor.py:830} INFO - Processing file /opt/airflow/dags/dag_updating.py for tasks to queue
[2026-09-18T08:21:07.267+0000] {logging_mixin.py:188} INFO - [2026-09-18T08:21:07.266+0000] {dagbag.py:545} INFO - Filling up the DagBag from /opt/airflow/dags/dag_updating.py
[2026-09-18T08:21:07.305+0000] {processor.py:840} INFO - DAG(s) 'youtube_data_updating' retrieved from /opt/airflow/dags/dag_updating.py
[2026-09-18T08:21:07.326+0000] {logging_mixin.py:188} INFO - [2026-09-18T08:21:07.326+0000] {dag.py:3096} INFO - Sync 1 DAGs
[2026-09-18T08:21:07.349+0000] {logging_mixin.py:188} INFO - [2026-09-18T08:21:07.348+0000] {dag.py:3954} INFO - Setting next_dagrun for youtube_data_updating to 2026-09-18 00:00:00+00:00, run_after=2026-09-19 00:00:00+00:00
[2026-09-18T08:21:07.372+0000] {processor.py:183} INFO - Processing /opt/airflow/dags/dag_updating.py took 0.118 seconds
[2026-09-18T08:21:37.731+0000] {processor.py:161} INFO - Started process (PID=440) to work on /opt/airflow/dags/dag_updating.py
[2026-09-18T08:21:37.733+0000] {processor.py:830} INFO - Processing file /opt/airflow/dags/dag_updating.py for tasks to queue
[2026-09-18T08:21:37.736+0000] {logging_mixin.py:188} INFO - [2026-09-18T08:21:37.735+0000] {dagbag.py:545} INFO - Filling up the DagBag from /opt/airflow/dags/dag_updating.py
[2026-09-18T08:21:37.780+0000] {processor.py:840} INFO - DAG(s) 'youtube_data_updating' retrieved from /opt/airflow/dags/dag_updating.py
[2026-09-18T08:21:37.804+0000] {logging_mixin.py:188} INFO - [2026-09-18T08:21:37.803+0000] {dag.py:3096} INFO - Sync 1 DAGs
[2026-09-18T08:21:37.827+0000] {logging_mixin.py:188} INFO - [2026-09-18T08:21:37.827+0000] {dag.py:3954} INFO - Setting next_dagrun for youtube_data_updating to 2026-09-18 00:00:00+00:00, run_after=2026-09-19 00:00:00+00:00
[2026-09-18T08:21:37.849+0000] {processor.py:183} INFO - Processing /opt/airflow/dags/dag_updating.py took 0.124 seconds
[2026-09-18T08:22:08.212+0000] {processor.py:161} INFO - Started process (PID=449) to work on /opt/airflow/dags/dag_updating.py
[2026-09-18T08:22:08.214+0000] {processor.py:830} INFO - Processing file /opt/airflow/dags/dag_updating.py for tasks to queue
[2026-09-18T08:22:08.217+0000] {logging_mixin.py:188} INFO - [2026-09-18T08:22:08.217+0000] {dagbag.py:545} INFO - Filling up the DagBag from /opt/airflow/dags/dag_updating.py
[2026-09-18T08:22:08.267+0000] {processor.py:840} INFO - DAG(s) 'youtube_data_updating' retrieved from /opt/airflow/dags/dag_updating.py
[2026-09-18T08:22:08.298+0000] {logging_mixin.py:188} INFO - [2026-09-18T08:22:08.298+0000] {dag.py:3096} INFO - Sync 1 DAGs
[2026-09-18T08:22:08.333+0000] {logging_mixin.py:188} INFO - [2026-09-18T08:22:08.332+0000] {dag.py:3954} INFO - Setting next_dagrun for youtube_data_updating to 2026-09-18 00:00:00+00:00, run_after=2026-09-19 00:00:00+00:00
[2026-09-18T08:22:08.363+0000] {processor.py:183} INFO - Processing /opt/airflow/dags/dag_updating.py took 0.161 seconds
[2026-09-18T08:22:38.735+0000] {processor.py:161} INFO - Started process (PID=457) to work on /opt/airflow/dags/dag_updating.py
[2026-09-18T08:22:38.738+0000] {processor.py:830} INFO - Processing file /opt/airflow/dags/dag_updating.py for tasks to queue
[2026-09-18T08:22:38.742+0000] {logging_mixin.py:188} INFO - [2026-09-18T08:22:38.741+0000] {dagbag.py:545} INFO - Filling up the DagBag from /opt/airflow/dags/dag_updating.py
[2026-09-18T08:22:38.790+0000] {processor.py:840} INFO - DAG(s) 'youtube_data_updating' retrieved from /opt/airflow/dags/dag_updating.py
[2026-09-18T08:22:38.813+0000] {logging_mixin.py:188} INFO - [2026-09-18T08:22:38.813+0000] {dag.py:3096} INFO - Sync 1 DAGs
[2026-09-18T08:22:38.842+0000] {logging_mixin.py:188} INFO - [2026-09-18T08:22:38.842+0000] {dag.py:3954} INFO - Setting next_dagrun for youtube_data_updating to 2026-09-18 00:00:00+00:00, run_after=2026-09-19 00:00:00+00:00
[2026-09-18T08:22:38.873+0000] {processor.py:183} INFO - Processing /opt/airflow/dags/dag_updating.py took 0.146 seconds
[2026-09-18T08:23:09.135+0000] {processor.py:161} INFO - Started process (PID=465) to work on /opt/airflow/dags/dag_updating.py
[2026-09-18T08:23:09.137+0000] {processor.py:830} INFO - Processing file /opt/airflow/dags/dag_updating.py for tasks to queue
[2026-09-18T08:23:09.141+0000] {logging_mixin.py:188} INFO - [2026-09-18T08:23:09.140+0000] {dagbag.py:545} INFO - Filling up the DagBag from /opt/airflow/dags/dag_updating.py
[2026-09-18T08:23:09.195+0000] {processor.py:840} INFO - DAG(s) 'youtube_data_updating' retrieved from /opt/airflow/dags/dag_updating.py
[2026-09-18T08:23:09.224+0000] {logging_mixin.py:188} INFO - [2026-09-18T08:23:09.224+0000] {dag.py:3096} INFO - Sync 1 DAGs
[2026-09-18T08:23:09.251+0000] {logging_mixin.py:188} INFO - [2026-09-18T08:23:09.251+0000] {dag.py:3954} INFO - Setting next_dagrun for youtube_data_updating to 2026-09-18 00:00:00+00:00, run_after=2026-09-19 00:00:00+00:00
[2026-09-18T08:23:09.277+0000] {processor.py:183} INFO - Processing /opt/airflow/dags/dag_updating.py took 0.152 seconds
[2026-09-18T08:23:39.701+0000] {processor.py:161} INFO - Started process (PID=473) to work on /opt/airflow/dags/dag_updating.py
[2026-09-18T08:23:39.703+0000] {processor.py:830} INFO - Processing file /opt/airflow/dags/dag_updating.py for tasks to queue
[2026-09-18T08:23:39.706+0000] {logging_mixin.py:188} INFO - [2026-09-18T08:23:39.705+0000] {dagbag.py:545} INFO - Filling up the DagBag from /opt/airflow/dags/dag_updating.py
[2026-09-18T08:23:39.743+0000] {processor.py:840} INFO - DAG(s) 'youtube_data_updating' retrieved from /opt/airflow/dags/dag_updating.py
[2026-09-18T08:23:39.770+0000] {logging_mixin.py:188} INFO - [2026-09-18T08:23:39.769+0000] {dag.py:3096} INFO - Sync 1 DAGs
[2026-09-18T08:23:39.793+0000] {logging_mixin.py:188} INFO - [2026-09-18T08:23:39.793+0000] {dag.py:3954} INFO - Setting next_dagrun for youtube_data_updating to 2026-09-18 00:00:00+00:00, run_after=2026-09-19 00:00:00+00:00
[2026-09-18T08:23:39.822+0000] {processor.py:183} INFO - Processing /opt/airflow/dags/dag_updating.py took 0.130 seconds
[2026-09-18T08:24:10.184+0000] {processor.py:161} INFO - Started process (PID=481) to work on /opt/airflow/dags/dag_updating.py
[2026-09-18T08:24:10.185+0000] {processor.py:830} INFO - Processing file /opt/airflow/dags/dag_updating.py for tasks to queue
[2026-09-18T08:24:10.188+0000] {logging_mixin.py:188} INFO - [2026-09-18T08:24:10.188+0000] {dagbag.py:545} INFO - Filling up the DagBag from /opt/airflow/dags/dag_updating.py
[2026-09-18T08:24:10.225+0000] {processor.py:840} INFO - DAG(s) 'youtube_data_updating' retrieved from /opt/airflow/dags/dag_updating.py
[2026-09-18T08:24:10.245+0000] {logging_mixin.py:188} INFO - [2026-09-18T08:24:10.245+0000] {dag.py:3096} INFO - Sync 1 DAGs
[2026-09-18T08:24:10.266+0000] {logging_mixin.py:188} INFO - [2026-09-18T08:24:10.266+0000] {dag.py:3954} INFO - Setting next_dagrun for youtube_data_updating to 2026-09-18 00:00:00+00:00, run_after=2026-09-19 00:00:00+00:00
[2026-09-18T08:24:10.287+0000] {processor.py:183} INFO - Processing /opt/airflow/dags/dag_updating.py took 0.112 seconds
[2026-09-18T08:24:40.649+0000] {processor.py:161} INFO - Started process (PID=489) to work on /opt/airflow/dags/dag_updating.py
[2026-09-18T08:24:40.653+0000] {processor.py:830} INFO - Processing file /opt/airflow/dags/dag_updating.py for tasks to queue
[2026-09-18T08:24:40.656+0000] {logging_mixin.py:188} INFO - [2026-09-18T08:24:40.656+0000] {dagbag.py:545} INFO - Filling up the DagBag from /opt/airflow/dags/dag_updating.py
[2026-09-18T08:24:40.709+0000] {processor.py:840} INFO - DAG(s) 'youtube_data_updating' retrieved from /opt/airflow/dags/dag_updating.py
[2026-09-18T08:24:40.736+0000] {logging_mixin.py:188} INFO - [2026-09-18T08:24:40.736+0000] {dag.py:3096} INFO - Sync 1 DAGs
[2026-09-18T08:24:40.763+0000] {logging_mixin.py:188} INFO - [2026-09-18T08:24:40.763+0000] {dag.py:3954} INFO - Setting next_dagrun for youtube_data_updating to 2026-09-18 00:00:00+00:00, run_after=2026-09-19 00:00:00+00:00
[2026-09-18T08:24:40.787+0000] {processor.py:183} INFO - Processing /opt/airflow/dags/dag_updating.py took 0.147 seconds
[2026-09-18T08:25:11.136+0000] {processor.py:161} INFO - Started process (PID=497) to work on /opt/airflow/dags/dag_updating.py
[2026-09-18T08:25:11.138+0000] {processor.py:830} INFO - Processing file /opt/airflow/dags/dag_updating.py for tasks to queue
[2026-09-18T08:25:11.141+0000] {logging_mixin.py:188} INFO - [2026-09-18T08:25:11.140+0000] {dagbag.py:545} INFO - Filling up the DagBag from /opt/airflow/dags/dag_updating.py
[2026-09-18T08:25:11.180+0000] {processor.py:840} INFO - DAG(s) 'youtube_data_updating' retrieved from /opt/airflow/dags/dag_updating.py
[2026-09-18T08:25:11.202+0000] {logging_mixin.py:188} INFO - [2026-09-18T08:25:11.202+0000] {dag.py:3096} INFO - Sync 1 DAGs
[2026-09-18T08:25:11.224+0000] {logging_mixin.py:188} INFO - [2026-09-18T08:25:11.224+0000] {dag.py:3954} INFO - Setting next_dagrun for youtube_data_updating to 2026-09-18 00:00:00+00:00, run_after=2026-09-19 00:00:00+00:00
[2026-09-18T08:25:11.247+0000] {processor.py:183} INFO - Processing /opt/airflow/dags/dag_updating.py took 0.120 seconds
[2026-09-18T08:25:41.578+0000] {processor.py:161} INFO - Started process (PID=505) to work on /opt/airflow/dags/dag_updating.py
[2026-09-18T08:25:41.579+0000] {processor.py:830} INFO - Processing file /opt/airflow/dags/dag_updating.py for tasks to queue
[2026-09-18T08:25:41.582+0000] {logging_mixin.py:188} INFO - [2026-09-18T08:25:41.582+0000] {dagbag.py:545} INFO - Filling up the DagBag from /opt/airflow/dags/dag_updating.py
[2026-09-18T08:25:41.621+0000] {processor.py:840} INFO - DAG(s) 'youtube_data_updating' retrieved from /opt/airflow/dags/dag_updating.py
[2026-09-18T08:25:41.640+0000] {logging_mixin.py:188} INFO - [2026-09-18T08:25:41.640+0000] {dag.py:3096} INFO - Sync 1 DAGs
[2026-09-18T08:25:41.661+0000] {logging_mixin.py:188} INFO - [2026-09-18T08:25:41.661+0000] {dag.py:3954} INFO - Setting next_dagrun for youtube_data_updating to 2026-09-18 00:00:00+00:00, run_after=2026-09-19 00:00:00+00:00
[2026-09-18T08:25:41.685+0000] {processor.py:183} INFO - Processing /opt/airflow/dags/dag_updating.py took 0.116 seconds
[2026-09-18T08:26:12.027+0000] {processor.py:161} INFO - Started process (PID=513) to work on /opt/airflow/dags/dag_updating.py
[2026-09-18T08:26:12.028+0000] {processor.py:830} INFO - Processing file /opt/airflow/dags/dag_updating.py for tasks to queue
[2026-09-18T08:26:12.031+0000] {logging_mixin.py:188} INFO - [2026-09-18T08:26:12.031+0000] {dagbag.py:545} INFO - Filling up the DagBag from /opt/airflow/dags/dag_updating.py
[2026-09-18T08:26:12.071+0000] {processor.py:840} INFO - DAG(s) 'youtube_data_updating' retrieved from /opt/airflow/dags/dag_updating.py
[2026-09-18T08:26:12.093+0000] {logging_mixin.py:188} INFO - [2026-09-18T08:26:12.093+0000] {dag.py:3096} INFO - Sync 1 DAGs
[2026-09-18T08:26:12.117+0000] {logging_mixin.py:188} INFO - [2026-09-18T08:26:12.116+0000] {dag.py:3954} INFO - Setting next_dagrun for youtube_data_updating to 2026-09-18 00:00:00+00:00, run_after=2026-09-19 00:00:00+00:00
[2026-09-18T08:26:12.137+0000] {processor.py:183} INFO - Processing /opt/airflow/dags/dag_updating.py took 0.118 seconds
[2026-09-18T08:26:42.395+0000] {processor.py:161} INFO - Started process (PID=521) to work on /opt/airflow/dags/dag_updating.py
[2026-09-18T08:26:42.397+0000] {processor.py:830} INFO - Processing file /opt/airflow/dags/dag_updating.py for tasks to queue
[2026-09-18T08:26:42.399+0000] {logging_mixin.py:188} INFO - [2026-09-18T08:26:42.399+0000] {dagbag.py:545} INFO - Filling up the DagBag from /opt/airflow/dags/dag_updating.py
[2026-09-18T08:26:42.441+0000] {processor.py:840} INFO - DAG(s) 'youtube_data_updating' retrieved from /opt/airflow/dags/dag_updating.py
[2026-09-18T08:26:42.464+0000] {logging_mixin.py:188} INFO - [2026-09-18T08:26:42.464+0000] {dag.py:3096} INFO - Sync 1 DAGs
[2026-09-18T08:26:42.486+0000] {logging_mixin.py:188} INFO - [2026-09-18T08:26:42.486+0000] {dag.py:3954} INFO - Setting next_dagrun for youtube_data_updating to 2026-09-18 00:00:00+00:00, run_after=2026-09-19 00:00:00+00:00
[2026-09-18T08:26:42.510+0000] {processor.py:183} INFO - Processing /opt/airflow/dags/dag_updating.py took 0.124 seconds
[2026-09-18T08:27:12.773+0000] {processor.py:161} INFO - Started process (PID=529) to work on /opt/airflow/dags/dag_updating.py
[2026-09-18T08:27:12.776+0000] {processor.py:830} INFO - Processing file /opt/airflow/dags/dag_updating.py for tasks to queue
[2026-09-18T08:27:12.779+0000] {logging_mixin.py:188} INFO - [2026-09-18T08:27:12.779+0000] {dagbag.py:545} INFO - Filling up the DagBag from /opt/airflow/dags/dag_updating.py
[2026-09-18T08:27:12.826+0000] {processor.py:840} INFO - DAG(s) 'youtube_data_updating' retrieved from /opt/airflow/dags/dag_updating.py
[2026-09-18T08:27:12.849+0000] {logging_mixin.py:188} INFO - [2026-09-18T08:27:12.849+0000] {dag.py:3096} INFO - Sync 1 DAGs
[2026-09-18T08:27:12.875+0000] {logging_mixin.py:188} INFO - [2026-09-18T08:27:12.875+0000] {dag.py:3954} INFO - Setting next_dagrun for youtube_data_updating to 2026-09-18 00:00:00+00:00, run_after=2026-09-19 00:00:00+00:00
[2026-09-18T08:27:12.901+0000] {processor.py:183} INFO - Processing /opt/airflow/dags/dag_updating.py took 0.135 seconds
[2026-09-18T08:27:43.149+0000] {processor.py:161} INFO - Started process (PID=537) to work on /opt/airflow/dags/dag_updating.py
[2026-09-18T08:27:43.151+0000] {processor.py:830} INFO - Processing file /opt/airflow/dags/dag_updating.py for tasks to queue
[2026-09-18T08:27:43.154+0000] {logging_mixin.py:188} INFO - [2026-09-18T08:27:43.154+0000] {dagbag.py:545} INFO - Filling up the DagBag from /opt/airflow/dags/dag_updating.py
[2026-09-18T08:27:43.206+0000] {processor.py:840} INFO - DAG(s) 'youtube_data_updating' retrieved from /opt/airflow/dags/dag_updating.py
[2026-09-18T08:27:43.234+0000] {logging_mixin.py:188} INFO - [2026-09-18T08:27:43.234+0000] {dag.py:3096} INFO - Sync 1 DAGs
[2026-09-18T08:27:43.261+0000] {logging_mixin.py:188} INFO - [2026-09-18T08:27:43.261+0000] {dag.py:3954} INFO - Setting next_dagrun for youtube_data_updating to 2026-09-18 00:00:00+00:00, run_after=2026-09-19 00:00:00+00:00
[2026-09-18T08:27:43.285+0000] {processor.py:183} INFO - Processing /opt/airflow/dags/dag_updating.py took 0.146 seconds
[2026-09-18T08:28:13.565+0000] {processor.py:161} INFO - Started process (PID=545) to work on /opt/airflow/dags/dag_updating.py
[2026-09-18T08:28:13.568+0000] {processor.py:830} INFO - Processing file /opt/airflow/dags/dag_updating.py for tasks to queue
[2026-09-18T08:28:13.572+0000] {logging_mixin.py:188} INFO - [2026-09-18T08:28:13.572+0000] {dagbag.py:545} INFO - Filling up the DagBag from /opt/airflow/dags/dag_updating.py
[2026-09-18T08:28:13.618+0000] {processor.py:840} INFO - DAG(s) 'youtube_data_updating' retrieved from /opt/airflow/dags/dag_updating.py
[2026-09-18T08:28:13.641+0000] {logging_mixin.py:188} INFO - [2026-09-18T08:28:13.641+0000] {dag.py:3096} INFO - Sync 1 DAGs
[2026-09-18T08:28:13.665+0000] {logging_mixin.py:188} INFO - [2026-09-18T08:28:13.664+0000] {dag.py:3954} INFO - Setting next_dagrun for youtube_data_updating to 2026-09-18 00:00:00+00:00, run_after=2026-09-19 00:00:00+00:00
[2026-09-18T08:28:13.689+0000] {processor.py:183} INFO - Processing /opt/airflow/dags/dag_updating.py took 0.134 seconds
[2026-09-18T08:28:44.032+0000] {processor.py:161} INFO - Started process (PID=553) to work on /opt/airflow/dags/dag_updating.py
[2026-09-18T08:28:44.035+0000] {processor.py:830} INFO - Processing file /opt/airflow/dags/dag_updating.py for tasks to queue
[2026-09-18T08:28:44.039+0000] {logging_mixin.py:188} INFO - [2026-09-18T08:28:44.039+0000] {dagbag.py:545} INFO - Filling up the DagBag from /opt/airflow/dags/dag_updating.py
[2026-09-18T08:28:44.089+0000] {processor.py:840} INFO - DAG(s) 'youtube_data_updating' retrieved from /opt/airflow/dags/dag_updating.py
[2026-09-18T08:28:44.116+0000] {logging_mixin.py:188} INFO - [2026-09-18T08:28:44.116+0000] {dag.py:3096} INFO - Sync 1 DAGs
[2026-09-18T08:28:44.148+0000] {logging_mixin.py:188} INFO - [2026-09-18T08:28:44.148+0000] {dag.py:3954} INFO - Setting next_dagrun for youtube_data_updating to 2026-09-18 00:00:00+00:00, run_after=2026-09-19 00:00:00+00:00
[2026-09-18T08:28:44.176+0000] {processor.py:183} INFO - Processing /opt/airflow/dags/dag_updating.py took 0.156 seconds
[2026-09-18T08:29:14.423+0000] {processor.py:161} INFO - Started process (PID=562) to work on /opt/airflow/dags/dag_updating.py
[2026-09-18T08:29:14.427+0000] {processor.py:830} INFO - Processing file /opt/airflow/dags/dag_updating.py for tasks to queue
[2026-09-18T08:29:14.430+0000] {logging_mixin.py:188} INFO - [2026-09-18T08:29:14.429+0000] {dagbag.py:545} INFO - Filling up the DagBag from /opt/airflow/dags/dag_updating.py
[2026-09-18T08:29:14.475+0000] {processor.py:840} INFO - DAG(s) 'youtube_data_updating' retrieved from /opt/airflow/dags/dag_updating.py
[2026-09-18T08:29:14.499+0000] {logging_mixin.py:188} INFO - [2026-09-18T08:29:14.498+0000] {dag.py:3096} INFO - Sync 1 DAGs
[2026-09-18T08:29:14.525+0000] {logging_mixin.py:188} INFO - [2026-09-18T08:29:14.525+0000] {dag.py:3954} INFO - Setting next_dagrun for youtube_data_updating to 2026-09-18 00:00:00+00:00, run_after=2026-09-19 00:00:00+00:00
[2026-09-18T08:29:14.547+0000] {processor.py:183} INFO - Processing /opt/airflow/dags/dag_updating.py took 0.131 seconds
[2026-09-18T08:29:44.811+0000] {processor.py:161} INFO - Started process (PID=570) to work on /opt/airflow/dags/dag_updating.py
[2026-09-18T08:29:44.814+0000] {processor.py:830} INFO - Processing file /opt/airflow/dags/dag_updating.py for tasks to queue
[2026-09-18T08:29:44.817+0000] {logging_mixin.py:188} INFO - [2026-09-18T08:29:44.817+0000] {dagbag.py:545} INFO - Filling up the DagBag from /opt/airflow/dags/dag_updating.py
[2026-09-18T08:29:44.861+0000] {processor.py:840} INFO - DAG(s) 'youtube_data_updating' retrieved from /opt/airflow/dags/dag_updating.py
[2026-09-18T08:29:44.887+0000] {logging_mixin.py:188} INFO - [2026-09-18T08:29:44.887+0000] {dag.py:3096} INFO - Sync 1 DAGs
[2026-09-18T08:29:44.911+0000] {logging_mixin.py:188} INFO - [2026-09-18T08:29:44.911+0000] {dag.py:3954} INFO - Setting next_dagrun for youtube_data_updating to 2026-09-18 00:00:00+00:00, run_after=2026-09-19 00:00:00+00:00
[2026-09-18T08:29:44.934+0000] {processor.py:183} INFO - Processing /opt/airflow/dags/dag_updating.py took 0.131 seconds
[2026-09-18T08:30:15.204+0000] {processor.py:161} INFO - Started process (PID=578) to work on /opt/airflow/dags/dag_updating.py
[2026-09-18T08:30:15.207+0000] {processor.py:830} INFO - Processing file /opt/airflow/dags/dag_updating.py for tasks to queue
[2026-09-18T08:30:15.210+0000] {logging_mixin.py:188} INFO - [2026-09-18T08:30:15.210+0000] {dagbag.py:545} INFO - Filling up the DagBag from /opt/airflow/dags/dag_updating.py
[2026-09-18T08:30:15.256+0000] {processor.py:840} INFO - DAG(s) 'youtube_data_updating' retrieved from /opt/airflow/dags/dag_updating.py
[2026-09-18T08:30:15.277+0000] {logging_mixin.py:188} INFO - [2026-09-18T08:30:15.277+0000] {dag.py:3096} INFO - Sync 1 DAGs
[2026-09-18T08:30:15.300+0000] {logging_mixin.py:188} INFO - [2026-09-18T08:30:15.300+0000] {dag.py:3954} INFO - Setting next_dagrun for youtube_data_updating to 2026-09-18 00:00:00+00:00, run_after=2026-09-19 00:00:00+00:00
[2026-09-18T08:30:15.324+0000] {processor.py:183} INFO - Processing /opt/airflow/dags/dag_updating.py took 0.128 seconds
[2026-09-18T08:30:45.607+0000] {processor.py:161} INFO - Started process (PID=586) to work on /opt/airflow/dags/dag_updating.py
[2026-09-18T08:30:45.608+0000] {processor.py:830} INFO - Processing file /opt/airflow/dags/dag_updating.py for tasks to queue
[2026-09-18T08:30:45.611+0000] {logging_mixin.py:188} INFO - [2026-09-18T08:30:45.611+0000] {dagbag.py:545} INFO - Filling up the DagBag from /opt/airflow/dags/dag_updating.py
[2026-09-18T08:30:45.651+0000] {processor.py:840} INFO - DAG(s) 'youtube_data_updating' retrieved from /opt/airflow/dags/dag_updating.py
[2026-09-18T08:30:45.672+0000] {logging_mixin.py:188} INFO - [2026-09-18T08:30:45.672+0000] {dag.py:3096} INFO - Sync 1 DAGs
[2026-09-18T08:30:45.696+0000] {logging_mixin.py:188} INFO - [2026-09-18T08:30:45.695+0000] {dag.py:3954} INFO - Setting next_dagrun for youtube_data_updating to 2026-09-18 00:00:00+00:00, run_after=2026-09-19 00:00:00+00:00
[2026-09-18T08:30:45.717+0000] {processor.py:183} INFO - Processing /opt/airflow/dags/dag_updating.py took 0.119 seconds
[2026-09-18T08:31:16.086+0000] {processor.py:161} INFO - Started process (PID=594) to work on /opt/airflow/dags/dag_updating.py
[2026-09-18T08:31:16.088+0000] {processor.py:830} INFO - Processing file /opt/airflow/dags/dag_updating.py for tasks to queue
[2026-09-18T08:31:16.091+0000] {logging_mixin.py:188} INFO - [2026-09-18T08:31:16.090+0000] {dagbag.py:545} INFO - Filling up the DagBag from /opt/airflow/dags/dag_updating.py
[2026-09-18T08:31:16.130+0000] {processor.py:840} INFO - DAG(s) 'youtube_data_updating' retrieved from /opt/airflow/dags/dag_updating.py
[2026-09-18T08:31:16.151+0000] {logging_mixin.py:188} INFO - [2026-09-18T08:31:16.151+0000] {dag.py:3096} INFO - Sync 1 DAGs
[2026-09-18T08:31:16.174+0000] {logging_mixin.py:188} INFO - [2026-09-18T08:31:16.173+0000] {dag.py:3954} INFO - Setting next_dagrun for youtube_data_updating to 2026-09-18 00:00:00+00:00, run_after=2026-09-19 00:00:00+00:00
[2026-09-18T08:31:16.196+0000] {processor.py:183} INFO - Processing /opt/airflow/dags/dag_updating.py took 0.118 seconds
[2026-09-18T08:31:46.564+0000] {processor.py:161} INFO - Started process (PID=602) to work on /opt/airflow/dags/dag_updating.py
[2026-09-18T08:31:46.568+0000] {processor.py:830} INFO - Processing file /opt/airflow/dags/dag_updating.py for tasks to queue
[2026-09-18T08:31:46.571+0000] {logging_mixin.py:188} INFO - [2026-09-18T08:31:46.570+0000] {dagbag.py:545} INFO - Filling up the DagBag from /opt/airflow/dags/dag_updating.py
[2026-09-18T08:31:46.610+0000] {processor.py:840} INFO - DAG(s) 'youtube_data_updating' retrieved from /opt/airflow/dags/dag_updating.py
[2026-09-18T08:31:46.631+0000] {logging_mixin.py:188} INFO - [2026-09-18T08:31:46.631+0000] {dag.py:3096} INFO - Sync 1 DAGs
[2026-09-18T08:31:46.655+0000] {logging_mixin.py:188} INFO - [2026-09-18T08:31:46.655+0000] {dag.py:3954} INFO - Setting next_dagrun for youtube_data_updating to 2026-09-18 00:00:00+00:00, run_after=2026-09-19 00:00:00+00:00
[2026-09-18T08:31:46.680+0000] {processor.py:183} INFO - Processing /opt/airflow/dags/dag_updating.py took 0.124 seconds
[2026-09-18T08:32:16.944+0000] {processor.py:161} INFO - Started process (PID=610) to work on /opt/airflow/dags/dag_updating.py
[2026-09-18T08:32:16.947+0000] {processor.py:830} INFO - Processing file /opt/airflow/dags/dag_updating.py for tasks to queue
[2026-09-18T08:32:16.950+0000] {logging_mixin.py:188} INFO - [2026-09-18T08:32:16.949+0000] {dagbag.py:545} INFO - Filling up the DagBag from /opt/airflow/dags/dag_updating.py
[2026-09-18T08:32:16.991+0000] {processor.py:840} INFO - DAG(s) 'youtube_data_updating' retrieved from /opt/airflow/dags/dag_updating.py
[2026-09-18T08:32:17.012+0000] {logging_mixin.py:188} INFO - [2026-09-18T08:32:17.012+0000] {dag.py:3096} INFO - Sync 1 DAGs
[2026-09-18T08:32:17.036+0000] {logging_mixin.py:188} INFO - [2026-09-18T08:32:17.035+0000] {dag.py:3954} INFO - Setting next_dagrun for youtube_data_updating to 2026-09-18 00:00:00+00:00, run_after=2026-09-19 00:00:00+00:00
[2026-09-18T08:32:17.058+0000] {processor.py:183} INFO - Processing /opt/airflow/dags/dag_updating.py took 0.124 seconds
[2026-09-18T08:32:47.397+0000] {processor.py:161} INFO - Started process (PID=618) to work on /opt/airflow/dags/dag_updating.py
[2026-09-18T08:32:47.400+0000] {processor.py:830} INFO - Processing file /opt/airflow/dags/dag_updating.py for tasks to queue
[2026-09-18T08:32:47.404+0000] {logging_mixin.py:188} INFO - [2026-09-18T08:32:47.403+0000] {dagbag.py:545} INFO - Filling up the DagBag from /opt/airflow/dags/dag_updating.py
[2026-09-18T08:32:47.443+0000] {processor.py:840} INFO - DAG(s) 'youtube_data_updating' retrieved from /opt/airflow/dags/dag_updating.py
[2026-09-18T08:32:47.466+0000] {logging_mixin.py:188} INFO - [2026-09-18T08:32:47.466+0000] {dag.py:3096} INFO - Sync 1 DAGs
[2026-09-18T08:32:47.489+0000] {logging_mixin.py:188} INFO - [2026-09-18T08:32:47.489+0000] {dag.py:3954} INFO - Setting next_dagrun for youtube_data_updating to 2026-09-18 00:00:00+00:00, run_after=2026-09-19 00:00:00+00:00
[2026-09-18T08:32:47.511+0000] {processor.py:183} INFO - Processing /opt/airflow/dags/dag_updating.py took 0.122 seconds
[2026-09-18T08:33:17.884+0000] {processor.py:161} INFO - Started process (PID=626) to work on /opt/airflow/dags/dag_updating.py
[2026-09-18T08:33:17.888+0000] {processor.py:830} INFO - Processing file /opt/airflow/dags/dag_updating.py for tasks to queue
[2026-09-18T08:33:17.892+0000] {logging_mixin.py:188} INFO - [2026-09-18T08:33:17.891+0000] {dagbag.py:545} INFO - Filling up the DagBag from /opt/airflow/dags/dag_updating.py
[2026-09-18T08:33:17.930+0000] {processor.py:840} INFO - DAG(s) 'youtube_data_updating' retrieved from /opt/airflow/dags/dag_updating.py
[2026-09-18T08:33:17.949+0000] {logging_mixin.py:188} INFO - [2026-09-18T08:33:17.949+0000] {dag.py:3096} INFO - Sync 1 DAGs
[2026-09-18T08:33:17.970+0000] {logging_mixin.py:188} INFO - [2026-09-18T08:33:17.970+0000] {dag.py:3954} INFO - Setting next_dagrun for youtube_data_updating to 2026-09-18 00:00:00+00:00, run_after=2026-09-19 00:00:00+00:00
[2026-09-18T08:33:17.991+0000] {processor.py:183} INFO - Processing /opt/airflow/dags/dag_updating.py took 0.117 seconds
[2026-09-18T08:33:48.403+0000] {processor.py:161} INFO - Started process (PID=634) to work on /opt/airflow/dags/dag_updating.py
[2026-09-18T08:33:48.405+0000] {processor.py:830} INFO - Processing file /opt/airflow/dags/dag_updating.py for tasks to queue
[2026-09-18T08:33:48.408+0000] {logging_mixin.py:188} INFO - [2026-09-18T08:33:48.407+0000] {dagbag.py:545} INFO - Filling up the DagBag from /opt/airflow/dags/dag_updating.py
[2026-09-18T08:33:48.457+0000] {processor.py:840} INFO - DAG(s) 'youtube_data_updating' retrieved from /opt/airflow/dags/dag_updating.py
[2026-09-18T08:33:48.482+0000] {logging_mixin.py:188} INFO - [2026-09-18T08:33:48.481+0000] {dag.py:3096} INFO - Sync 1 DAGs
[2026-09-18T08:33:48.508+0000] {logging_mixin.py:188} INFO - [2026-09-18T08:33:48.508+0000] {dag.py:3954} INFO - Setting next_dagrun for youtube_data_updating to 2026-09-18 00:00:00+00:00, run_after=2026-09-19 00:00:00+00:00
[2026-09-18T08:33:48.532+0000] {processor.py:183} INFO - Processing /opt/airflow/dags/dag_updating.py took 0.140 seconds
[2026-09-18T08:34:18.836+0000] {processor.py:161} INFO - Started process (PID=642) to work on /opt/airflow/dags/dag_updating.py
[2026-09-18T08:34:18.839+0000] {processor.py:830} INFO - Processing file /opt/airflow/dags/dag_updating.py for tasks to queue
[2026-09-18T08:34:18.842+0000] {logging_mixin.py:188} INFO - [2026-09-18T08:34:18.842+0000] {dagbag.py:545} INFO - Filling up the DagBag from /opt/airflow/dags/dag_updating.py
[2026-09-18T08:34:18.910+0000] {processor.py:840} INFO - DAG(s) 'youtube_data_updating' retrieved from /opt/airflow/dags/dag_updating.py
[2026-09-18T08:34:18.942+0000] {logging_mixin.py:188} INFO - [2026-09-18T08:34:18.942+0000] {dag.py:3096} INFO - Sync 1 DAGs
[2026-09-18T08:34:18.977+0000] {logging_mixin.py:188} INFO - [2026-09-18T08:34:18.977+0000] {dag.py:3954} INFO - Setting next_dagrun for youtube_data_updating to 2026-09-18 00:00:00+00:00, run_after=2026-09-19 00:00:00+00:00
[2026-09-18T08:34:19.001+0000] {processor.py:183} INFO - Processing /opt/airflow/dags/dag_updating.py took 0.175 seconds
[2026-09-18T08:34:49.347+0000] {processor.py:161} INFO - Started process (PID=656) to work on /opt/airflow/dags/dag_updating.py
[2026-09-18T08:34:49.349+0000] {processor.py:830} INFO - Processing file /opt/airflow/dags/dag_updating.py for tasks to queue
[2026-09-18T08:34:49.352+0000] {logging_mixin.py:188} INFO - [2026-09-18T08:34:49.351+0000] {dagbag.py:545} INFO - Filling up the DagBag from /opt/airflow/dags/dag_updating.py
[2026-09-18T08:34:49.392+0000] {processor.py:840} INFO - DAG(s) 'youtube_data_updating' retrieved from /opt/airflow/dags/dag_updating.py
[2026-09-18T08:34:49.414+0000] {logging_mixin.py:188} INFO - [2026-09-18T08:34:49.414+0000] {dag.py:3096} INFO - Sync 1 DAGs
[2026-09-18T08:34:49.439+0000] {logging_mixin.py:188} INFO - [2026-09-18T08:34:49.439+0000] {dag.py:3954} INFO - Setting next_dagrun for youtube_data_updating to 2026-09-18 00:00:00+00:00, run_after=2026-09-19 00:00:00+00:00
[2026-09-18T08:34:49.462+0000] {processor.py:183} INFO - Processing /opt/airflow/dags/dag_updating.py took 0.124 seconds
[2026-09-18T08:35:19.828+0000] {processor.py:161} INFO - Started process (PID=664) to work on /opt/airflow/dags/dag_updating.py
[2026-09-18T08:35:19.830+0000] {processor.py:830} INFO - Processing file /opt/airflow/dags/dag_updating.py for tasks to queue
[2026-09-18T08:35:19.833+0000] {logging_mixin.py:188} INFO - [2026-09-18T08:35:19.833+0000] {dagbag.py:545} INFO - Filling up the DagBag from /opt/airflow/dags/dag_updating.py
[2026-09-18T08:35:19.875+0000] {processor.py:840} INFO - DAG(s) 'youtube_data_updating' retrieved from /opt/airflow/dags/dag_updating.py
[2026-09-18T08:35:19.899+0000] {logging_mixin.py:188} INFO - [2026-09-18T08:35:19.899+0000] {dag.py:3096} INFO - Sync 1 DAGs
[2026-09-18T08:35:19.922+0000] {logging_mixin.py:188} INFO - [2026-09-18T08:35:19.922+0000] {dag.py:3954} INFO - Setting next_dagrun for youtube_data_updating to 2026-09-18 00:00:00+00:00, run_after=2026-09-19 00:00:00+00:00
[2026-09-18T08:35:19.945+0000] {processor.py:183} INFO - Processing /opt/airflow/dags/dag_updating.py took 0.127 seconds
[2026-09-18T08:35:50.289+0000] {processor.py:161} INFO - Started process (PID=673) to work on /opt/airflow/dags/dag_updating.py
[2026-09-18T08:35:50.291+0000] {processor.py:830} INFO - Processing file /opt/airflow/dags/dag_updating.py for tasks to queue
[2026-09-18T08:35:50.294+0000] {logging_mixin.py:188} INFO - [2026-09-18T08:35:50.293+0000] {dagbag.py:545} INFO - Filling up the DagBag from /opt/airflow/dags/dag_updating.py
[2026-09-18T08:35:50.336+0000] {processor.py:840} INFO - DAG(s) 'youtube_data_updating' retrieved from /opt/airflow/dags/dag_updating.py
[2026-09-18T08:35:50.359+0000] {logging_mixin.py:188} INFO - [2026-09-18T08:35:50.359+0000] {dag.py:3096} INFO - Sync 1 DAGs
[2026-09-18T08:35:50.381+0000] {logging_mixin.py:188} INFO - [2026-09-18T08:35:50.381+0000] {dag.py:3954} INFO - Setting next_dagrun for youtube_data_updating to 2026-09-18 00:00:00+00:00, run_after=2026-09-19 00:00:00+00:00
[2026-09-18T08:35:50.407+0000] {processor.py:183} INFO - Processing /opt/airflow/dags/dag_updating.py took 0.126 seconds
[2026-09-18T08:36:20.719+0000] {processor.py:161} INFO - Started process (PID=681) to work on /opt/airflow/dags/dag_updating.py
[2026-09-18T08:36:20.722+0000] {processor.py:830} INFO - Processing file /opt/airflow/dags/dag_updating.py for tasks to queue
[2026-09-18T08:36:20.726+0000] {logging_mixin.py:188} INFO - [2026-09-18T08:36:20.726+0000] {dagbag.py:545} INFO - Filling up the DagBag from /opt/airflow/dags/dag_updating.py
[2026-09-18T08:36:20.768+0000] {processor.py:840} INFO - DAG(s) 'youtube_data_updating' retrieved from /opt/airflow/dags/dag_updating.py
[2026-09-18T08:36:20.791+0000] {logging_mixin.py:188} INFO - [2026-09-18T08:36:20.790+0000] {dag.py:3096} INFO - Sync 1 DAGs
[2026-09-18T08:36:20.813+0000] {logging_mixin.py:188} INFO - [2026-09-18T08:36:20.813+0000] {dag.py:3954} INFO - Setting next_dagrun for youtube_data_updating to 2026-09-18 00:00:00+00:00, run_after=2026-09-19 00:00:00+00:00
[2026-09-18T08:36:20.835+0000] {processor.py:183} INFO - Processing /opt/airflow/dags/dag_updating.py took 0.123 seconds
[2026-09-18T08:36:51.130+0000] {processor.py:161} INFO - Started process (PID=689) to work on /opt/airflow/dags/dag_updating.py
[2026-09-18T08:36:51.133+0000] {processor.py:830} INFO - Processing file /opt/airflow/dags/dag_updating.py for tasks to queue
[2026-09-18T08:36:51.136+0000] {logging_mixin.py:188} INFO - [2026-09-18T08:36:51.135+0000] {dagbag.py:545} INFO - Filling up the DagBag from /opt/airflow/dags/dag_updating.py
[2026-09-18T08:36:51.179+0000] {processor.py:840} INFO - DAG(s) 'youtube_data_updating' retrieved from /opt/airflow/dags/dag_updating.py
[2026-09-18T08:36:51.201+0000] {logging_mixin.py:188} INFO - [2026-09-18T08:36:51.200+0000] {dag.py:3096} INFO - Sync 1 DAGs
[2026-09-18T08:36:51.224+0000] {logging_mixin.py:188} INFO - [2026-09-18T08:36:51.224+0000] {dag.py:3954} INFO - Setting next_dagrun for youtube_data_updating to 2026-09-18 00:00:00+00:00, run_after=2026-09-19 00:00:00+00:00
[2026-09-18T08:36:51.250+0000] {processor.py:183} INFO - Processing /opt/airflow/dags/dag_updating.py took 0.129 seconds
[2026-09-18T08:37:21.599+0000] {processor.py:161} INFO - Started process (PID=697) to work on /opt/airflow/dags/dag_updating.py
[2026-09-18T08:37:21.601+0000] {processor.py:830} INFO - Processing file /opt/airflow/dags/dag_updating.py for tasks to queue
[2026-09-18T08:37:21.604+0000] {logging_mixin.py:188} INFO - [2026-09-18T08:37:21.604+0000] {dagbag.py:545} INFO - Filling up the DagBag from /opt/airflow/dags/dag_updating.py
[2026-09-18T08:37:21.646+0000] {processor.py:840} INFO - DAG(s) 'youtube_data_updating' retrieved from /opt/airflow/dags/dag_updating.py
[2026-09-18T08:37:21.666+0000] {logging_mixin.py:188} INFO - [2026-09-18T08:37:21.666+0000] {dag.py:3096} INFO - Sync 1 DAGs
[2026-09-18T08:37:21.689+0000] {logging_mixin.py:188} INFO - [2026-09-18T08:37:21.688+0000] {dag.py:3954} INFO - Setting next_dagrun for youtube_data_updating to 2026-09-18 00:00:00+00:00, run_after=2026-09-19 00:00:00+00:00
[2026-09-18T08:37:21.711+0000] {processor.py:183} INFO - Processing /opt/airflow/dags/dag_updating.py took 0.123 seconds
[2026-09-18T08:37:52.045+0000] {processor.py:161} INFO - Started process (PID=705) to work on /opt/airflow/dags/dag_updating.py
[2026-09-18T08:37:52.047+0000] {processor.py:830} INFO - Processing file /opt/airflow/dags/dag_updating.py for tasks to queue
[2026-09-18T08:37:52.050+0000] {logging_mixin.py:188} INFO - [2026-09-18T08:37:52.049+0000] {dagbag.py:545} INFO - Filling up the DagBag from /opt/airflow/dags/dag_updating.py
[2026-09-18T08:37:52.091+0000] {processor.py:840} INFO - DAG(s) 'youtube_data_updating' retrieved from /opt/airflow/dags/dag_updating.py
[2026-09-18T08:37:52.113+0000] {logging_mixin.py:188} INFO - [2026-09-18T08:37:52.113+0000] {dag.py:3096} INFO - Sync 1 DAGs
[2026-09-18T08:37:52.136+0000] {logging_mixin.py:188} INFO - [2026-09-18T08:37:52.136+0000] {dag.py:3954} INFO - Setting next_dagrun for youtube_data_updating to 2026-09-18 00:00:00+00:00, run_after=2026-09-19 00:00:00+00:00
[2026-09-18T08:37:52.159+0000] {processor.py:183} INFO - Processing /opt/airflow/dags/dag_updating.py took 0.123 seconds
[2026-09-18T08:38:22.524+0000] {processor.py:161} INFO - Started process (PID=713) to work on /opt/airflow/dags/dag_updating.py
[2026-09-18T08:38:22.526+0000] {processor.py:830} INFO - Processing file /opt/airflow/dags/dag_updating.py for tasks to queue
[2026-09-18T08:38:22.529+0000] {logging_mixin.py:188} INFO - [2026-09-18T08:38:22.529+0000] {dagbag.py:545} INFO - Filling up the DagBag from /opt/airflow/dags/dag_updating.py
[2026-09-18T08:38:22.575+0000] {processor.py:840} INFO - DAG(s) 'youtube_data_updating' retrieved from /opt/airflow/dags/dag_updating.py
[2026-09-18T08:38:22.597+0000] {logging_mixin.py:188} INFO - [2026-09-18T08:38:22.597+0000] {dag.py:3096} INFO - Sync 1 DAGs
[2026-09-18T08:38:22.621+0000] {logging_mixin.py:188} INFO - [2026-09-18T08:38:22.621+0000] {dag.py:3954} INFO - Setting next_dagrun for youtube_data_updating to 2026-09-18 00:00:00+00:00, run_after=2026-09-19 00:00:00+00:00
[2026-09-18T08:38:22.644+0000] {processor.py:183} INFO - Processing /opt/airflow/dags/dag_updating.py took 0.129 seconds
[2026-09-18T08:38:52.939+0000] {processor.py:161} INFO - Started process (PID=721) to work on /opt/airflow/dags/dag_updating.py
[2026-09-18T08:38:52.941+0000] {processor.py:830} INFO - Processing file /opt/airflow/dags/dag_updating.py for tasks to queue
[2026-09-18T08:38:52.945+0000] {logging_mixin.py:188} INFO - [2026-09-18T08:38:52.944+0000] {dagbag.py:545} INFO - Filling up the DagBag from /opt/airflow/dags/dag_updating.py
[2026-09-18T08:38:52.990+0000] {processor.py:840} INFO - DAG(s) 'youtube_data_updating' retrieved from /opt/airflow/dags/dag_updating.py
[2026-09-18T08:38:53.012+0000] {logging_mixin.py:188} INFO - [2026-09-18T08:38:53.011+0000] {dag.py:3096} INFO - Sync 1 DAGs
[2026-09-18T08:38:53.033+0000] {logging_mixin.py:188} INFO - [2026-09-18T08:38:53.033+0000] {dag.py:3954} INFO - Setting next_dagrun for youtube_data_updating to 2026-09-18 00:00:00+00:00, run_after=2026-09-19 00:00:00+00:00
[2026-09-18T08:38:53.054+0000] {processor.py:183} INFO - Processing /opt/airflow/dags/dag_updating.py took 0.124 seconds
[2026-09-18T08:39:23.360+0000] {processor.py:161} INFO - Started process (PID=729) to work on /opt/airflow/dags/dag_updating.py
[2026-09-18T08:39:23.363+0000] {processor.py:830} INFO - Processing file /opt/airflow/dags/dag_updating.py for tasks to queue
[2026-09-18T08:39:23.366+0000] {logging_mixin.py:188} INFO - [2026-09-18T08:39:23.366+0000] {dagbag.py:545} INFO - Filling up the DagBag from /opt/airflow/dags/dag_updating.py
[2026-09-18T08:39:23.407+0000] {processor.py:840} INFO - DAG(s) 'youtube_data_updating' retrieved from /opt/airflow/dags/dag_updating.py
[2026-09-18T08:39:23.431+0000] {logging_mixin.py:188} INFO - [2026-09-18T08:39:23.431+0000] {dag.py:3096} INFO - Sync 1 DAGs
[2026-09-18T08:39:23.456+0000] {logging_mixin.py:188} INFO - [2026-09-18T08:39:23.456+0000] {dag.py:3954} INFO - Setting next_dagrun for youtube_data_updating to 2026-09-18 00:00:00+00:00, run_after=2026-09-19 00:00:00+00:00
[2026-09-18T08:39:23.480+0000] {processor.py:183} INFO - Processing /opt/airflow/dags/dag_updating.py took 0.126 seconds
[2026-09-18T08:39:53.785+0000] {processor.py:161} INFO - Started process (PID=737) to work on /opt/airflow/dags/dag_updating.py
[2026-09-18T08:39:53.789+0000] {processor.py:830} INFO - Processing file /opt/airflow/dags/dag_updating.py for tasks to queue
[2026-09-18T08:39:53.792+0000] {logging_mixin.py:188} INFO - [2026-09-18T08:39:53.792+0000] {dagbag.py:545} INFO - Filling up the DagBag from /opt/airflow/dags/dag_updating.py
[2026-09-18T08:39:53.837+0000] {processor.py:840} INFO - DAG(s) 'youtube_data_updating' retrieved from /opt/airflow/dags/dag_updating.py
[2026-09-18T08:39:53.859+0000] {logging_mixin.py:188} INFO - [2026-09-18T08:39:53.859+0000] {dag.py:3096} INFO - Sync 1 DAGs
[2026-09-18T08:39:53.882+0000] {logging_mixin.py:188} INFO - [2026-09-18T08:39:53.882+0000] {dag.py:3954} INFO - Setting next_dagrun for youtube_data_updating to 2026-09-18 00:00:00+00:00, run_after=2026-09-19 00:00:00+00:00
[2026-09-18T08:39:53.905+0000] {processor.py:183} INFO - Processing /opt/airflow/dags/dag_updating.py took 0.127 seconds
[2026-09-18T08:40:24.213+0000] {processor.py:161} INFO - Started process (PID=745) to work on /opt/airflow/dags/dag_updating.py
[2026-09-18T08:40:24.217+0000] {processor.py:830} INFO - Processing file /opt/airflow/dags/dag_updating.py for tasks to queue
[2026-09-18T08:40:24.221+0000] {logging_mixin.py:188} INFO - [2026-09-18T08:40:24.220+0000] {dagbag.py:545} INFO - Filling up the DagBag from /opt/airflow/dags/dag_updating.py
[2026-09-18T08:40:24.264+0000] {processor.py:840} INFO - DAG(s) 'youtube_data_updating' retrieved from /opt/airflow/dags/dag_updating.py
[2026-09-18T08:40:24.288+0000] {logging_mixin.py:188} INFO - [2026-09-18T08:40:24.288+0000] {dag.py:3096} INFO - Sync 1 DAGs
[2026-09-18T08:40:24.314+0000] {logging_mixin.py:188} INFO - [2026-09-18T08:40:24.314+0000] {dag.py:3954} INFO - Setting next_dagrun for youtube_data_updating to 2026-09-18 00:00:00+00:00, run_after=2026-09-19 00:00:00+00:00
[2026-09-18T08:40:24.338+0000] {processor.py:183} INFO - Processing /opt/airflow/dags/dag_updating.py took 0.131 seconds
[2026-09-18T08:40:54.690+0000] {processor.py:161} INFO - Started process (PID=753) to work on /opt/airflow/dags/dag_updating.py
[2026-09-18T08:40:54.693+0000] {processor.py:830} INFO - Processing file /opt/airflow/dags/dag_updating.py for tasks to queue
[2026-09-18T08:40:54.696+0000] {logging_mixin.py:188} INFO - [2026-09-18T08:40:54.696+0000] {dagbag.py:545} INFO - Filling up the DagBag from /opt/airflow/dags/dag_updating.py
[2026-09-18T08:40:54.739+0000] {processor.py:840} INFO - DAG(s) 'youtube_data_updating' retrieved from /opt/airflow/dags/dag_updating.py
[2026-09-18T08:40:54.764+0000] {logging_mixin.py:188} INFO - [2026-09-18T08:40:54.764+0000] {dag.py:3096} INFO - Sync 1 DAGs
[2026-09-18T08:40:54.786+0000] {logging_mixin.py:188} INFO - [2026-09-18T08:40:54.786+0000] {dag.py:3954} INFO - Setting next_dagrun for youtube_data_updating to 2026-09-18 00:00:00+00:00, run_after=2026-09-19 00:00:00+00:00
[2026-09-18T08:40:54.810+0000] {processor.py:183} INFO - Processing /opt/airflow/dags/dag_updating.py took 0.130 seconds
[2026-09-18T08:41:25.149+0000] {processor.py:161} INFO - Started process (PID=761) to work on /opt/airflow/dags/dag_updating.py
[2026-09-18T08:41:25.152+0000] {processor.py:830} INFO - Processing file /opt/airflow/dags/dag_updating.py for tasks to queue
[2026-09-18T08:41:25.158+0000] {logging_mixin.py:188} INFO - [2026-09-18T08:41:25.157+0000] {dagbag.py:545} INFO - Filling up the DagBag from /opt/airflow/dags/dag_updating.py
[2026-09-18T08:41:25.235+0000] {processor.py:840} INFO - DAG(s) 'youtube_data_updating' retrieved from /opt/airflow/dags/dag_updating.py
[2026-09-18T08:41:25.272+0000] {logging_mixin.py:188} INFO - [2026-09-18T08:41:25.270+0000] {dag.py:3096} INFO - Sync 1 DAGs
[2026-09-18T08:41:25.309+0000] {logging_mixin.py:188} INFO - [2026-09-18T08:41:25.308+0000] {dag.py:3954} INFO - Setting next_dagrun for youtube_data_updating to 2026-09-18 00:00:00+00:00, run_after=2026-09-19 00:00:00+00:00
[2026-09-18T08:41:25.342+0000] {processor.py:183} INFO - Processing /opt/airflow/dags/dag_updating.py took 0.205 seconds
[2026-09-18T08:42:15.180+0000] {processor.py:161} INFO - Started process (PID=49) to work on /opt/airflow/dags/dag_updating.py
[2026-09-18T08:42:15.185+0000] {processor.py:830} INFO - Processing file /opt/airflow/dags/dag_updating.py for tasks to queue
[2026-09-18T08:42:15.191+0000] {logging_mixin.py:188} INFO - [2026-09-18T08:42:15.190+0000] {dagbag.py:545} INFO - Filling up the DagBag from /opt/airflow/dags/dag_updating.py
[2026-09-18T08:42:15.407+0000] {processor.py:840} INFO - DAG(s) 'youtube_data_updating' retrieved from /opt/airflow/dags/dag_updating.py
[2026-09-18T08:42:15.750+0000] {logging_mixin.py:188} INFO - [2026-09-18T08:42:15.749+0000] {dag.py:3096} INFO - Sync 1 DAGs
[2026-09-18T08:42:15.789+0000] {logging_mixin.py:188} INFO - [2026-09-18T08:42:15.789+0000] {dag.py:3954} INFO - Setting next_dagrun for youtube_data_updating to 2026-09-18 00:00:00+00:00, run_after=2026-09-19 00:00:00+00:00
[2026-09-18T08:42:15.831+0000] {processor.py:183} INFO - Processing /opt/airflow/dags/dag_updating.py took 0.665 seconds
[2026-09-18T08:42:46.098+0000] {processor.py:161} INFO - Started process (PID=57) to work on /opt/airflow/dags/dag_updating.py
[2026-09-18T08:42:46.100+0000] {processor.py:830} INFO - Processing file /opt/airflow/dags/dag_updating.py for tasks to queue
[2026-09-18T08:42:46.103+0000] {logging_mixin.py:188} INFO - [2026-09-18T08:42:46.103+0000] {dagbag.py:545} INFO - Filling up the DagBag from /opt/airflow/dags/dag_updating.py
[2026-09-18T08:42:46.152+0000] {processor.py:840} INFO - DAG(s) 'youtube_data_updating' retrieved from /opt/airflow/dags/dag_updating.py
[2026-09-18T08:42:46.178+0000] {logging_mixin.py:188} INFO - [2026-09-18T08:42:46.178+0000] {dag.py:3096} INFO - Sync 1 DAGs
[2026-09-18T08:42:46.224+0000] {logging_mixin.py:188} INFO - [2026-09-18T08:42:46.224+0000] {dag.py:3954} INFO - Setting next_dagrun for youtube_data_updating to 2026-09-18 00:00:00+00:00, run_after=2026-09-19 00:00:00+00:00
[2026-09-18T08:42:46.251+0000] {processor.py:183} INFO - Processing /opt/airflow/dags/dag_updating.py took 0.161 seconds
[2026-09-18T08:43:16.523+0000] {processor.py:161} INFO - Started process (PID=65) to work on /opt/airflow/dags/dag_updating.py
[2026-09-18T08:43:16.525+0000] {processor.py:830} INFO - Processing file /opt/airflow/dags/dag_updating.py for tasks to queue
[2026-09-18T08:43:16.528+0000] {logging_mixin.py:188} INFO - [2026-09-18T08:43:16.528+0000] {dagbag.py:545} INFO - Filling up the DagBag from /opt/airflow/dags/dag_updating.py
[2026-09-18T08:43:16.575+0000] {processor.py:840} INFO - DAG(s) 'youtube_data_updating' retrieved from /opt/airflow/dags/dag_updating.py
[2026-09-18T08:43:16.605+0000] {logging_mixin.py:188} INFO - [2026-09-18T08:43:16.605+0000] {dag.py:3096} INFO - Sync 1 DAGs
[2026-09-18T08:43:16.639+0000] {logging_mixin.py:188} INFO - [2026-09-18T08:43:16.639+0000] {dag.py:3954} INFO - Setting next_dagrun for youtube_data_updating to 2026-09-18 00:00:00+00:00, run_after=2026-09-19 00:00:00+00:00
[2026-09-18T08:43:16.676+0000] {processor.py:183} INFO - Processing /opt/airflow/dags/dag_updating.py took 0.159 seconds
[2026-09-18T08:43:46.992+0000] {processor.py:161} INFO - Started process (PID=73) to work on /opt/airflow/dags/dag_updating.py
[2026-09-18T08:43:46.995+0000] {processor.py:830} INFO - Processing file /opt/airflow/dags/dag_updating.py for tasks to queue
[2026-09-18T08:43:47.000+0000] {logging_mixin.py:188} INFO - [2026-09-18T08:43:46.999+0000] {dagbag.py:545} INFO - Filling up the DagBag from /opt/airflow/dags/dag_updating.py
[2026-09-18T08:43:47.052+0000] {processor.py:840} INFO - DAG(s) 'youtube_data_updating' retrieved from /opt/airflow/dags/dag_updating.py
[2026-09-18T08:43:47.081+0000] {logging_mixin.py:188} INFO - [2026-09-18T08:43:47.081+0000] {dag.py:3096} INFO - Sync 1 DAGs
[2026-09-18T08:43:47.107+0000] {logging_mixin.py:188} INFO - [2026-09-18T08:43:47.107+0000] {dag.py:3954} INFO - Setting next_dagrun for youtube_data_updating to 2026-09-18 00:00:00+00:00, run_after=2026-09-19 00:00:00+00:00
[2026-09-18T08:43:47.135+0000] {processor.py:183} INFO - Processing /opt/airflow/dags/dag_updating.py took 0.151 seconds
[2026-09-18T08:44:17.467+0000] {processor.py:161} INFO - Started process (PID=81) to work on /opt/airflow/dags/dag_updating.py
[2026-09-18T08:44:17.472+0000] {processor.py:830} INFO - Processing file /opt/airflow/dags/dag_updating.py for tasks to queue
[2026-09-18T08:44:17.476+0000] {logging_mixin.py:188} INFO - [2026-09-18T08:44:17.475+0000] {dagbag.py:545} INFO - Filling up the DagBag from /opt/airflow/dags/dag_updating.py
[2026-09-18T08:44:17.534+0000] {processor.py:840} INFO - DAG(s) 'youtube_data_updating' retrieved from /opt/airflow/dags/dag_updating.py
[2026-09-18T08:44:17.562+0000] {logging_mixin.py:188} INFO - [2026-09-18T08:44:17.561+0000] {dag.py:3096} INFO - Sync 1 DAGs
[2026-09-18T08:44:17.597+0000] {logging_mixin.py:188} INFO - [2026-09-18T08:44:17.597+0000] {dag.py:3954} INFO - Setting next_dagrun for youtube_data_updating to 2026-09-18 00:00:00+00:00, run_after=2026-09-19 00:00:00+00:00
[2026-09-18T08:44:17.639+0000] {processor.py:183} INFO - Processing /opt/airflow/dags/dag_updating.py took 0.182 seconds
[2026-09-18T08:44:47.927+0000] {processor.py:161} INFO - Started process (PID=95) to work on /opt/airflow/dags/dag_updating.py
[2026-09-18T08:44:47.930+0000] {processor.py:830} INFO - Processing file /opt/airflow/dags/dag_updating.py for tasks to queue
[2026-09-18T08:44:47.934+0000] {logging_mixin.py:188} INFO - [2026-09-18T08:44:47.934+0000] {dagbag.py:545} INFO - Filling up the DagBag from /opt/airflow/dags/dag_updating.py
[2026-09-18T08:44:47.978+0000] {processor.py:840} INFO - DAG(s) 'youtube_data_updating' retrieved from /opt/airflow/dags/dag_updating.py
[2026-09-18T08:44:48.002+0000] {logging_mixin.py:188} INFO - [2026-09-18T08:44:48.002+0000] {dag.py:3096} INFO - Sync 1 DAGs
[2026-09-18T08:44:48.026+0000] {logging_mixin.py:188} INFO - [2026-09-18T08:44:48.026+0000] {dag.py:3954} INFO - Setting next_dagrun for youtube_data_updating to 2026-09-18 00:00:00+00:00, run_after=2026-09-19 00:00:00+00:00
[2026-09-18T08:44:48.049+0000] {processor.py:183} INFO - Processing /opt/airflow/dags/dag_updating.py took 0.132 seconds
[2026-09-18T08:45:18.437+0000] {processor.py:161} INFO - Started process (PID=103) to work on /opt/airflow/dags/dag_updating.py
[2026-09-18T08:45:18.441+0000] {processor.py:830} INFO - Processing file /opt/airflow/dags/dag_updating.py for tasks to queue
[2026-09-18T08:45:18.444+0000] {logging_mixin.py:188} INFO - [2026-09-18T08:45:18.444+0000] {dagbag.py:545} INFO - Filling up the DagBag from /opt/airflow/dags/dag_updating.py
[2026-09-18T08:45:18.508+0000] {processor.py:840} INFO - DAG(s) 'youtube_data_updating' retrieved from /opt/airflow/dags/dag_updating.py
[2026-09-18T08:45:18.547+0000] {logging_mixin.py:188} INFO - [2026-09-18T08:45:18.547+0000] {dag.py:3096} INFO - Sync 1 DAGs
[2026-09-18T08:45:18.585+0000] {logging_mixin.py:188} INFO - [2026-09-18T08:45:18.585+0000] {dag.py:3954} INFO - Setting next_dagrun for youtube_data_updating to 2026-09-18 00:00:00+00:00, run_after=2026-09-19 00:00:00+00:00
[2026-09-18T08:45:18.659+0000] {processor.py:183} INFO - Processing /opt/airflow/dags/dag_updating.py took 0.232 seconds
[2026-09-18T08:45:49.019+0000] {processor.py:161} INFO - Started process (PID=111) to work on /opt/airflow/dags/dag_updating.py
[2026-09-18T08:45:49.023+0000] {processor.py:830} INFO - Processing file /opt/airflow/dags/dag_updating.py for tasks to queue
[2026-09-18T08:45:49.027+0000] {logging_mixin.py:188} INFO - [2026-09-18T08:45:49.026+0000] {dagbag.py:545} INFO - Filling up the DagBag from /opt/airflow/dags/dag_updating.py
[2026-09-18T08:45:49.076+0000] {processor.py:840} INFO - DAG(s) 'youtube_data_updating' retrieved from /opt/airflow/dags/dag_updating.py
[2026-09-18T08:45:49.098+0000] {logging_mixin.py:188} INFO - [2026-09-18T08:45:49.098+0000] {dag.py:3096} INFO - Sync 1 DAGs
[2026-09-18T08:45:49.122+0000] {logging_mixin.py:188} INFO - [2026-09-18T08:45:49.122+0000] {dag.py:3954} INFO - Setting next_dagrun for youtube_data_updating to 2026-09-18 00:00:00+00:00, run_after=2026-09-19 00:00:00+00:00
[2026-09-18T08:45:49.145+0000] {processor.py:183} INFO - Processing /opt/airflow/dags/dag_updating.py took 0.134 seconds
[2026-09-18T08:46:19.512+0000] {processor.py:161} INFO - Started process (PID=119) to work on /opt/airflow/dags/dag_updating.py
[2026-09-18T08:46:19.514+0000] {processor.py:830} INFO - Processing file /opt/airflow/dags/dag_updating.py for tasks to queue
[2026-09-18T08:46:19.517+0000] {logging_mixin.py:188} INFO - [2026-09-18T08:46:19.517+0000] {dagbag.py:545} INFO - Filling up the DagBag from /opt/airflow/dags/dag_updating.py
[2026-09-18T08:46:19.557+0000] {processor.py:840} INFO - DAG(s) 'youtube_data_updating' retrieved from /opt/airflow/dags/dag_updating.py
[2026-09-18T08:46:19.577+0000] {logging_mixin.py:188} INFO - [2026-09-18T08:46:19.577+0000] {dag.py:3096} INFO - Sync 1 DAGs
[2026-09-18T08:46:19.600+0000] {logging_mixin.py:188} INFO - [2026-09-18T08:46:19.600+0000] {dag.py:3954} INFO - Setting next_dagrun for youtube_data_updating to 2026-09-18 00:00:00+00:00, run_after=2026-09-19 00:00:00+00:00
[2026-09-18T08:46:19.620+0000] {processor.py:183} INFO - Processing /opt/airflow/dags/dag_updating.py took 0.116 seconds
[2026-09-18T08:46:49.961+0000] {processor.py:161} INFO - Started process (PID=127) to work on /opt/airflow/dags/dag_updating.py
[2026-09-18T08:46:49.964+0000] {processor.py:830} INFO - Processing file /opt/airflow/dags/dag_updating.py for tasks to queue
[2026-09-18T08:46:49.967+0000] {logging_mixin.py:188} INFO - [2026-09-18T08:46:49.967+0000] {dagbag.py:545} INFO - Filling up the DagBag from /opt/airflow/dags/dag_updating.py
[2026-09-18T08:46:50.012+0000] {processor.py:840} INFO - DAG(s) 'youtube_data_updating' retrieved from /opt/airflow/dags/dag_updating.py
[2026-09-18T08:46:50.037+0000] {logging_mixin.py:188} INFO - [2026-09-18T08:46:50.036+0000] {dag.py:3096} INFO - Sync 1 DAGs
[2026-09-18T08:46:50.061+0000] {logging_mixin.py:188} INFO - [2026-09-18T08:46:50.061+0000] {dag.py:3954} INFO - Setting next_dagrun for youtube_data_updating to 2026-09-18 00:00:00+00:00, run_after=2026-09-19 00:00:00+00:00
[2026-09-18T08:46:50.085+0000] {processor.py:183} INFO - Processing /opt/airflow/dags/dag_updating.py took 0.133 seconds
[2026-09-18T08:47:20.472+0000] {processor.py:161} INFO - Started process (PID=135) to work on /opt/airflow/dags/dag_updating.py
[2026-09-18T08:47:20.475+0000] {processor.py:830} INFO - Processing file /opt/airflow/dags/dag_updating.py for tasks to queue
[2026-09-18T08:47:20.479+0000] {logging_mixin.py:188} INFO - [2026-09-18T08:47:20.479+0000] {dagbag.py:545} INFO - Filling up the DagBag from /opt/airflow/dags/dag_updating.py
[2026-09-18T08:47:20.521+0000] {processor.py:840} INFO - DAG(s) 'youtube_data_updating' retrieved from /opt/airflow/dags/dag_updating.py
[2026-09-18T08:47:20.545+0000] {logging_mixin.py:188} INFO - [2026-09-18T08:47:20.545+0000] {dag.py:3096} INFO - Sync 1 DAGs
[2026-09-18T08:47:20.569+0000] {logging_mixin.py:188} INFO - [2026-09-18T08:47:20.569+0000] {dag.py:3954} INFO - Setting next_dagrun for youtube_data_updating to 2026-09-18 00:00:00+00:00, run_after=2026-09-19 00:00:00+00:00
[2026-09-18T08:47:20.595+0000] {processor.py:183} INFO - Processing /opt/airflow/dags/dag_updating.py took 0.132 seconds
[2026-09-18T08:47:50.901+0000] {processor.py:161} INFO - Started process (PID=143) to work on /opt/airflow/dags/dag_updating.py
[2026-09-18T08:47:50.903+0000] {processor.py:830} INFO - Processing file /opt/airflow/dags/dag_updating.py for tasks to queue
[2026-09-18T08:47:50.908+0000] {logging_mixin.py:188} INFO - [2026-09-18T08:47:50.907+0000] {dagbag.py:545} INFO - Filling up the DagBag from /opt/airflow/dags/dag_updating.py
[2026-09-18T08:47:50.953+0000] {processor.py:840} INFO - DAG(s) 'youtube_data_updating' retrieved from /opt/airflow/dags/dag_updating.py
[2026-09-18T08:47:50.978+0000] {logging_mixin.py:188} INFO - [2026-09-18T08:47:50.978+0000] {dag.py:3096} INFO - Sync 1 DAGs
[2026-09-18T08:47:51.004+0000] {logging_mixin.py:188} INFO - [2026-09-18T08:47:51.004+0000] {dag.py:3954} INFO - Setting next_dagrun for youtube_data_updating to 2026-09-18 00:00:00+00:00, run_after=2026-09-19 00:00:00+00:00
[2026-09-18T08:47:51.030+0000] {processor.py:183} INFO - Processing /opt/airflow/dags/dag_updating.py took 0.140 seconds
[2026-09-18T08:48:21.362+0000] {processor.py:161} INFO - Started process (PID=151) to work on /opt/airflow/dags/dag_updating.py
[2026-09-18T08:48:21.364+0000] {processor.py:830} INFO - Processing file /opt/airflow/dags/dag_updating.py for tasks to queue
[2026-09-18T08:48:21.367+0000] {logging_mixin.py:188} INFO - [2026-09-18T08:48:21.367+0000] {dagbag.py:545} INFO - Filling up the DagBag from /opt/airflow/dags/dag_updating.py
[2026-09-18T08:48:21.411+0000] {processor.py:840} INFO - DAG(s) 'youtube_data_updating' retrieved from /opt/airflow/dags/dag_updating.py
[2026-09-18T08:48:21.436+0000] {logging_mixin.py:188} INFO - [2026-09-18T08:48:21.436+0000] {dag.py:3096} INFO - Sync 1 DAGs
[2026-09-18T08:48:21.463+0000] {logging_mixin.py:188} INFO - [2026-09-18T08:48:21.462+0000] {dag.py:3954} INFO - Setting next_dagrun for youtube_data_updating to 2026-09-18 00:00:00+00:00, run_after=2026-09-19 00:00:00+00:00
[2026-09-18T08:48:21.485+0000] {processor.py:183} INFO - Processing /opt/airflow/dags/dag_updating.py took 0.131 seconds
[2026-09-18T08:48:51.797+0000] {processor.py:161} INFO - Started process (PID=159) to work on /opt/airflow/dags/dag_updating.py
[2026-09-18T08:48:51.799+0000] {processor.py:830} INFO - Processing file /opt/airflow/dags/dag_updating.py for tasks to queue
[2026-09-18T08:48:51.801+0000] {logging_mixin.py:188} INFO - [2026-09-18T08:48:51.801+0000] {dagbag.py:545} INFO - Filling up the DagBag from /opt/airflow/dags/dag_updating.py
[2026-09-18T08:48:51.839+0000] {processor.py:840} INFO - DAG(s) 'youtube_data_updating' retrieved from /opt/airflow/dags/dag_updating.py
[2026-09-18T08:48:51.862+0000] {logging_mixin.py:188} INFO - [2026-09-18T08:48:51.861+0000] {dag.py:3096} INFO - Sync 1 DAGs
[2026-09-18T08:48:51.883+0000] {logging_mixin.py:188} INFO - [2026-09-18T08:48:51.883+0000] {dag.py:3954} INFO - Setting next_dagrun for youtube_data_updating to 2026-09-18 00:00:00+00:00, run_after=2026-09-19 00:00:00+00:00
[2026-09-18T08:48:51.905+0000] {processor.py:183} INFO - Processing /opt/airflow/dags/dag_updating.py took 0.117 seconds
[2026-09-18T08:49:22.212+0000] {processor.py:161} INFO - Started process (PID=167) to work on /opt/airflow/dags/dag_updating.py
[2026-09-18T08:49:22.215+0000] {processor.py:830} INFO - Processing file /opt/airflow/dags/dag_updating.py for tasks to queue
[2026-09-18T08:49:22.218+0000] {logging_mixin.py:188} INFO - [2026-09-18T08:49:22.218+0000] {dagbag.py:545} INFO - Filling up the DagBag from /opt/airflow/dags/dag_updating.py
[2026-09-18T08:49:22.271+0000] {processor.py:840} INFO - DAG(s) 'youtube_data_updating' retrieved from /opt/airflow/dags/dag_updating.py
[2026-09-18T08:49:22.294+0000] {logging_mixin.py:188} INFO - [2026-09-18T08:49:22.293+0000] {dag.py:3096} INFO - Sync 1 DAGs
[2026-09-18T08:49:22.317+0000] {logging_mixin.py:188} INFO - [2026-09-18T08:49:22.316+0000] {dag.py:3954} INFO - Setting next_dagrun for youtube_data_updating to 2026-09-18 00:00:00+00:00, run_after=2026-09-19 00:00:00+00:00
[2026-09-18T08:49:22.338+0000] {processor.py:183} INFO - Processing /opt/airflow/dags/dag_updating.py took 0.140 seconds
[2026-09-18T08:49:52.657+0000] {processor.py:161} INFO - Started process (PID=175) to work on /opt/airflow/dags/dag_updating.py
[2026-09-18T08:49:52.660+0000] {processor.py:830} INFO - Processing file /opt/airflow/dags/dag_updating.py for tasks to queue
[2026-09-18T08:49:52.664+0000] {logging_mixin.py:188} INFO - [2026-09-18T08:49:52.663+0000] {dagbag.py:545} INFO - Filling up the DagBag from /opt/airflow/dags/dag_updating.py
[2026-09-18T08:49:52.717+0000] {processor.py:840} INFO - DAG(s) 'youtube_data_updating' retrieved from /opt/airflow/dags/dag_updating.py
[2026-09-18T08:49:52.742+0000] {logging_mixin.py:188} INFO - [2026-09-18T08:49:52.742+0000] {dag.py:3096} INFO - Sync 1 DAGs
[2026-09-18T08:49:52.770+0000] {logging_mixin.py:188} INFO - [2026-09-18T08:49:52.770+0000] {dag.py:3954} INFO - Setting next_dagrun for youtube_data_updating to 2026-09-18 00:00:00+00:00, run_after=2026-09-19 00:00:00+00:00
[2026-09-18T08:49:52.799+0000] {processor.py:183} INFO - Processing /opt/airflow/dags/dag_updating.py took 0.151 seconds
[2026-09-18T08:50:23.118+0000] {processor.py:161} INFO - Started process (PID=183) to work on /opt/airflow/dags/dag_updating.py
[2026-09-18T08:50:23.120+0000] {processor.py:830} INFO - Processing file /opt/airflow/dags/dag_updating.py for tasks to queue
[2026-09-18T08:50:23.123+0000] {logging_mixin.py:188} INFO - [2026-09-18T08:50:23.123+0000] {dagbag.py:545} INFO - Filling up the DagBag from /opt/airflow/dags/dag_updating.py
[2026-09-18T08:50:23.167+0000] {processor.py:840} INFO - DAG(s) 'youtube_data_updating' retrieved from /opt/airflow/dags/dag_updating.py
[2026-09-18T08:50:23.196+0000] {logging_mixin.py:188} INFO - [2026-09-18T08:50:23.196+0000] {dag.py:3096} INFO - Sync 1 DAGs
[2026-09-18T08:50:23.231+0000] {logging_mixin.py:188} INFO - [2026-09-18T08:50:23.231+0000] {dag.py:3954} INFO - Setting next_dagrun for youtube_data_updating to 2026-09-18 00:00:00+00:00, run_after=2026-09-19 00:00:00+00:00
[2026-09-18T08:50:23.257+0000] {processor.py:183} INFO - Processing /opt/airflow/dags/dag_updating.py took 0.147 seconds
[2026-09-18T08:50:53.597+0000] {processor.py:161} INFO - Started process (PID=191) to work on /opt/airflow/dags/dag_updating.py
[2026-09-18T08:50:53.599+0000] {processor.py:830} INFO - Processing file /opt/airflow/dags/dag_updating.py for tasks to queue
[2026-09-18T08:50:53.604+0000] {logging_mixin.py:188} INFO - [2026-09-18T08:50:53.603+0000] {dagbag.py:545} INFO - Filling up the DagBag from /opt/airflow/dags/dag_updating.py
[2026-09-18T08:50:53.669+0000] {processor.py:840} INFO - DAG(s) 'youtube_data_updating' retrieved from /opt/airflow/dags/dag_updating.py
[2026-09-18T08:50:53.704+0000] {logging_mixin.py:188} INFO - [2026-09-18T08:50:53.703+0000] {dag.py:3096} INFO - Sync 1 DAGs
[2026-09-18T08:50:53.745+0000] {logging_mixin.py:188} INFO - [2026-09-18T08:50:53.745+0000] {dag.py:3954} INFO - Setting next_dagrun for youtube_data_updating to 2026-09-18 00:00:00+00:00, run_after=2026-09-19 00:00:00+00:00
[2026-09-18T08:50:53.777+0000] {processor.py:183} INFO - Processing /opt/airflow/dags/dag_updating.py took 0.190 seconds
[2026-09-18T08:51:24.080+0000] {processor.py:161} INFO - Started process (PID=199) to work on /opt/airflow/dags/dag_updating.py
[2026-09-18T08:51:24.083+0000] {processor.py:830} INFO - Processing file /opt/airflow/dags/dag_updating.py for tasks to queue
[2026-09-18T08:51:24.087+0000] {logging_mixin.py:188} INFO - [2026-09-18T08:51:24.087+0000] {dagbag.py:545} INFO - Filling up the DagBag from /opt/airflow/dags/dag_updating.py
[2026-09-18T08:51:24.146+0000] {processor.py:840} INFO - DAG(s) 'youtube_data_updating' retrieved from /opt/airflow/dags/dag_updating.py
[2026-09-18T08:51:24.170+0000] {logging_mixin.py:188} INFO - [2026-09-18T08:51:24.170+0000] {dag.py:3096} INFO - Sync 1 DAGs
[2026-09-18T08:51:24.205+0000] {logging_mixin.py:188} INFO - [2026-09-18T08:51:24.205+0000] {dag.py:3954} INFO - Setting next_dagrun for youtube_data_updating to 2026-09-18 00:00:00+00:00, run_after=2026-09-19 00:00:00+00:00
[2026-09-18T08:51:24.237+0000] {processor.py:183} INFO - Processing /opt/airflow/dags/dag_updating.py took 0.165 seconds
[2026-09-18T08:51:54.563+0000] {processor.py:161} INFO - Started process (PID=207) to work on /opt/airflow/dags/dag_updating.py
[2026-09-18T08:51:54.565+0000] {processor.py:830} INFO - Processing file /opt/airflow/dags/dag_updating.py for tasks to queue
[2026-09-18T08:51:54.570+0000] {logging_mixin.py:188} INFO - [2026-09-18T08:51:54.569+0000] {dagbag.py:545} INFO - Filling up the DagBag from /opt/airflow/dags/dag_updating.py
[2026-09-18T08:51:54.611+0000] {processor.py:840} INFO - DAG(s) 'youtube_data_updating' retrieved from /opt/airflow/dags/dag_updating.py
[2026-09-18T08:51:54.635+0000] {logging_mixin.py:188} INFO - [2026-09-18T08:51:54.634+0000] {dag.py:3096} INFO - Sync 1 DAGs
[2026-09-18T08:51:54.658+0000] {logging_mixin.py:188} INFO - [2026-09-18T08:51:54.658+0000] {dag.py:3954} INFO - Setting next_dagrun for youtube_data_updating to 2026-09-18 00:00:00+00:00, run_after=2026-09-19 00:00:00+00:00
[2026-09-18T08:51:54.683+0000] {processor.py:183} INFO - Processing /opt/airflow/dags/dag_updating.py took 0.129 seconds
[2026-09-18T08:52:25.063+0000] {processor.py:161} INFO - Started process (PID=215) to work on /opt/airflow/dags/dag_updating.py
[2026-09-18T08:52:25.065+0000] {processor.py:830} INFO - Processing file /opt/airflow/dags/dag_updating.py for tasks to queue
[2026-09-18T08:52:25.068+0000] {logging_mixin.py:188} INFO - [2026-09-18T08:52:25.067+0000] {dagbag.py:545} INFO - Filling up the DagBag from /opt/airflow/dags/dag_updating.py
[2026-09-18T08:52:25.114+0000] {processor.py:840} INFO - DAG(s) 'youtube_data_updating' retrieved from /opt/airflow/dags/dag_updating.py
[2026-09-18T08:52:25.141+0000] {logging_mixin.py:188} INFO - [2026-09-18T08:52:25.140+0000] {dag.py:3096} INFO - Sync 1 DAGs
[2026-09-18T08:52:25.168+0000] {logging_mixin.py:188} INFO - [2026-09-18T08:52:25.167+0000] {dag.py:3954} INFO - Setting next_dagrun for youtube_data_updating to 2026-09-18 00:00:00+00:00, run_after=2026-09-19 00:00:00+00:00
[2026-09-18T08:52:25.198+0000] {processor.py:183} INFO - Processing /opt/airflow/dags/dag_updating.py took 0.145 seconds
[2026-09-18T08:52:55.538+0000] {processor.py:161} INFO - Started process (PID=223) to work on /opt/airflow/dags/dag_updating.py
[2026-09-18T08:52:55.540+0000] {processor.py:830} INFO - Processing file /opt/airflow/dags/dag_updating.py for tasks to queue
[2026-09-18T08:52:55.542+0000] {logging_mixin.py:188} INFO - [2026-09-18T08:52:55.542+0000] {dagbag.py:545} INFO - Filling up the DagBag from /opt/airflow/dags/dag_updating.py
[2026-09-18T08:52:55.584+0000] {processor.py:840} INFO - DAG(s) 'youtube_data_updating' retrieved from /opt/airflow/dags/dag_updating.py
[2026-09-18T08:52:55.607+0000] {logging_mixin.py:188} INFO - [2026-09-18T08:52:55.607+0000] {dag.py:3096} INFO - Sync 1 DAGs
[2026-09-18T08:52:55.632+0000] {logging_mixin.py:188} INFO - [2026-09-18T08:52:55.632+0000] {dag.py:3954} INFO - Setting next_dagrun for youtube_data_updating to 2026-09-18 00:00:00+00:00, run_after=2026-09-19 00:00:00+00:00
[2026-09-18T08:52:55.655+0000] {processor.py:183} INFO - Processing /opt/airflow/dags/dag_updating.py took 0.124 seconds
[2026-09-18T08:53:25.988+0000] {processor.py:161} INFO - Started process (PID=231) to work on /opt/airflow/dags/dag_updating.py
[2026-09-18T08:53:25.990+0000] {processor.py:830} INFO - Processing file /opt/airflow/dags/dag_updating.py for tasks to queue
[2026-09-18T08:53:25.994+0000] {logging_mixin.py:188} INFO - [2026-09-18T08:53:25.993+0000] {dagbag.py:545} INFO - Filling up the DagBag from /opt/airflow/dags/dag_updating.py
[2026-09-18T08:53:26.036+0000] {processor.py:840} INFO - DAG(s) 'youtube_data_updating' retrieved from /opt/airflow/dags/dag_updating.py
[2026-09-18T08:53:26.062+0000] {logging_mixin.py:188} INFO - [2026-09-18T08:53:26.062+0000] {dag.py:3096} INFO - Sync 1 DAGs
[2026-09-18T08:53:26.090+0000] {logging_mixin.py:188} INFO - [2026-09-18T08:53:26.090+0000] {dag.py:3954} INFO - Setting next_dagrun for youtube_data_updating to 2026-09-18 00:00:00+00:00, run_after=2026-09-19 00:00:00+00:00
[2026-09-18T08:53:26.116+0000] {processor.py:183} INFO - Processing /opt/airflow/dags/dag_updating.py took 0.137 seconds
[2026-09-18T08:53:56.430+0000] {processor.py:161} INFO - Started process (PID=239) to work on /opt/airflow/dags/dag_updating.py
[2026-09-18T08:53:56.432+0000] {processor.py:830} INFO - Processing file /opt/airflow/dags/dag_updating.py for tasks to queue
[2026-09-18T08:53:56.436+0000] {logging_mixin.py:188} INFO - [2026-09-18T08:53:56.436+0000] {dagbag.py:545} INFO - Filling up the DagBag from /opt/airflow/dags/dag_updating.py
[2026-09-18T08:53:56.475+0000] {processor.py:840} INFO - DAG(s) 'youtube_data_updating' retrieved from /opt/airflow/dags/dag_updating.py
[2026-09-18T08:53:56.497+0000] {logging_mixin.py:188} INFO - [2026-09-18T08:53:56.497+0000] {dag.py:3096} INFO - Sync 1 DAGs
[2026-09-18T08:53:56.522+0000] {logging_mixin.py:188} INFO - [2026-09-18T08:53:56.522+0000] {dag.py:3954} INFO - Setting next_dagrun for youtube_data_updating to 2026-09-18 00:00:00+00:00, run_after=2026-09-19 00:00:00+00:00
[2026-09-18T08:53:56.545+0000] {processor.py:183} INFO - Processing /opt/airflow/dags/dag_updating.py took 0.123 seconds
[2026-09-18T08:54:26.873+0000] {processor.py:161} INFO - Started process (PID=247) to work on /opt/airflow/dags/dag_updating.py
[2026-09-18T08:54:26.875+0000] {processor.py:830} INFO - Processing file /opt/airflow/dags/dag_updating.py for tasks to queue
[2026-09-18T08:54:26.878+0000] {logging_mixin.py:188} INFO - [2026-09-18T08:54:26.878+0000] {dagbag.py:545} INFO - Filling up the DagBag from /opt/airflow/dags/dag_updating.py
[2026-09-18T08:54:26.918+0000] {processor.py:840} INFO - DAG(s) 'youtube_data_updating' retrieved from /opt/airflow/dags/dag_updating.py
[2026-09-18T08:54:26.941+0000] {logging_mixin.py:188} INFO - [2026-09-18T08:54:26.941+0000] {dag.py:3096} INFO - Sync 1 DAGs
[2026-09-18T08:54:26.965+0000] {logging_mixin.py:188} INFO - [2026-09-18T08:54:26.964+0000] {dag.py:3954} INFO - Setting next_dagrun for youtube_data_updating to 2026-09-18 00:00:00+00:00, run_after=2026-09-19 00:00:00+00:00
[2026-09-18T08:54:26.987+0000] {processor.py:183} INFO - Processing /opt/airflow/dags/dag_updating.py took 0.122 seconds
[2026-09-18T08:54:57.301+0000] {processor.py:161} INFO - Started process (PID=255) to work on /opt/airflow/dags/dag_updating.py
[2026-09-18T08:54:57.304+0000] {processor.py:830} INFO - Processing file /opt/airflow/dags/dag_updating.py for tasks to queue
[2026-09-18T08:54:57.307+0000] {logging_mixin.py:188} INFO - [2026-09-18T08:54:57.307+0000] {dagbag.py:545} INFO - Filling up the DagBag from /opt/airflow/dags/dag_updating.py
[2026-09-18T08:54:57.354+0000] {processor.py:840} INFO - DAG(s) 'youtube_data_updating' retrieved from /opt/airflow/dags/dag_updating.py
[2026-09-18T08:54:57.380+0000] {logging_mixin.py:188} INFO - [2026-09-18T08:54:57.379+0000] {dag.py:3096} INFO - Sync 1 DAGs
[2026-09-18T08:54:57.405+0000] {logging_mixin.py:188} INFO - [2026-09-18T08:54:57.405+0000] {dag.py:3954} INFO - Setting next_dagrun for youtube_data_updating to 2026-09-18 00:00:00+00:00, run_after=2026-09-19 00:00:00+00:00
[2026-09-18T08:54:57.430+0000] {processor.py:183} INFO - Processing /opt/airflow/dags/dag_updating.py took 0.141 seconds
[2026-09-18T08:55:27.746+0000] {processor.py:161} INFO - Started process (PID=263) to work on /opt/airflow/dags/dag_updating.py
[2026-09-18T08:55:27.749+0000] {processor.py:830} INFO - Processing file /opt/airflow/dags/dag_updating.py for tasks to queue
[2026-09-18T08:55:27.752+0000] {logging_mixin.py:188} INFO - [2026-09-18T08:55:27.752+0000] {dagbag.py:545} INFO - Filling up the DagBag from /opt/airflow/dags/dag_updating.py
[2026-09-18T08:55:27.811+0000] {processor.py:840} INFO - DAG(s) 'youtube_data_updating' retrieved from /opt/airflow/dags/dag_updating.py
[2026-09-18T08:55:27.856+0000] {logging_mixin.py:188} INFO - [2026-09-18T08:55:27.856+0000] {dag.py:3096} INFO - Sync 1 DAGs
[2026-09-18T08:55:27.918+0000] {logging_mixin.py:188} INFO - [2026-09-18T08:55:27.917+0000] {dag.py:3954} INFO - Setting next_dagrun for youtube_data_updating to 2026-09-18 00:00:00+00:00, run_after=2026-09-19 00:00:00+00:00
[2026-09-18T08:55:27.960+0000] {processor.py:183} INFO - Processing /opt/airflow/dags/dag_updating.py took 0.224 seconds
[2026-09-18T08:55:58.304+0000] {processor.py:161} INFO - Started process (PID=271) to work on /opt/airflow/dags/dag_updating.py
[2026-09-18T08:55:58.306+0000] {processor.py:830} INFO - Processing file /opt/airflow/dags/dag_updating.py for tasks to queue
[2026-09-18T08:55:58.311+0000] {logging_mixin.py:188} INFO - [2026-09-18T08:55:58.311+0000] {dagbag.py:545} INFO - Filling up the DagBag from /opt/airflow/dags/dag_updating.py
[2026-09-18T08:55:58.363+0000] {processor.py:840} INFO - DAG(s) 'youtube_data_updating' retrieved from /opt/airflow/dags/dag_updating.py
[2026-09-18T08:55:58.388+0000] {logging_mixin.py:188} INFO - [2026-09-18T08:55:58.387+0000] {dag.py:3096} INFO - Sync 1 DAGs
[2026-09-18T08:55:58.414+0000] {logging_mixin.py:188} INFO - [2026-09-18T08:55:58.413+0000] {dag.py:3954} INFO - Setting next_dagrun for youtube_data_updating to 2026-09-18 00:00:00+00:00, run_after=2026-09-19 00:00:00+00:00
[2026-09-18T08:55:58.438+0000] {processor.py:183} INFO - Processing /opt/airflow/dags/dag_updating.py took 0.154 seconds
[2026-09-18T08:56:28.676+0000] {processor.py:161} INFO - Started process (PID=279) to work on /opt/airflow/dags/dag_updating.py
[2026-09-18T08:56:28.682+0000] {processor.py:830} INFO - Processing file /opt/airflow/dags/dag_updating.py for tasks to queue
[2026-09-18T08:56:28.686+0000] {logging_mixin.py:188} INFO - [2026-09-18T08:56:28.685+0000] {dagbag.py:545} INFO - Filling up the DagBag from /opt/airflow/dags/dag_updating.py
[2026-09-18T08:56:28.730+0000] {processor.py:840} INFO - DAG(s) 'youtube_data_updating' retrieved from /opt/airflow/dags/dag_updating.py
[2026-09-18T08:56:28.757+0000] {logging_mixin.py:188} INFO - [2026-09-18T08:56:28.756+0000] {dag.py:3096} INFO - Sync 1 DAGs
[2026-09-18T08:56:28.784+0000] {logging_mixin.py:188} INFO - [2026-09-18T08:56:28.784+0000] {dag.py:3954} INFO - Setting next_dagrun for youtube_data_updating to 2026-09-18 00:00:00+00:00, run_after=2026-09-19 00:00:00+00:00
[2026-09-18T08:56:28.807+0000] {processor.py:183} INFO - Processing /opt/airflow/dags/dag_updating.py took 0.141 seconds
[2026-09-18T08:57:15.398+0000] {processor.py:161} INFO - Started process (PID=56) to work on /opt/airflow/dags/dag_updating.py
[2026-09-18T08:57:15.401+0000] {processor.py:830} INFO - Processing file /opt/airflow/dags/dag_updating.py for tasks to queue
[2026-09-18T08:57:15.406+0000] {logging_mixin.py:188} INFO - [2026-09-18T08:57:15.406+0000] {dagbag.py:545} INFO - Filling up the DagBag from /opt/airflow/dags/dag_updating.py
[2026-09-18T08:57:15.633+0000] {processor.py:840} INFO - DAG(s) 'youtube_data_updating' retrieved from /opt/airflow/dags/dag_updating.py
[2026-09-18T08:57:16.260+0000] {logging_mixin.py:188} INFO - [2026-09-18T08:57:16.259+0000] {dag.py:3096} INFO - Sync 1 DAGs
[2026-09-18T08:57:16.347+0000] {logging_mixin.py:188} INFO - [2026-09-18T08:57:16.347+0000] {dag.py:3954} INFO - Setting next_dagrun for youtube_data_updating to 2026-09-18 00:00:00+00:00, run_after=2026-09-19 00:00:00+00:00
[2026-09-18T08:57:16.425+0000] {processor.py:183} INFO - Processing /opt/airflow/dags/dag_updating.py took 1.040 seconds
[2026-09-18T08:57:46.741+0000] {processor.py:161} INFO - Started process (PID=64) to work on /opt/airflow/dags/dag_updating.py
[2026-09-18T08:57:46.744+0000] {processor.py:830} INFO - Processing file /opt/airflow/dags/dag_updating.py for tasks to queue
[2026-09-18T08:57:46.748+0000] {logging_mixin.py:188} INFO - [2026-09-18T08:57:46.748+0000] {dagbag.py:545} INFO - Filling up the DagBag from /opt/airflow/dags/dag_updating.py
[2026-09-18T08:57:46.798+0000] {processor.py:840} INFO - DAG(s) 'youtube_data_updating' retrieved from /opt/airflow/dags/dag_updating.py
[2026-09-18T08:57:46.824+0000] {logging_mixin.py:188} INFO - [2026-09-18T08:57:46.823+0000] {dag.py:3096} INFO - Sync 1 DAGs
[2026-09-18T08:57:46.849+0000] {logging_mixin.py:188} INFO - [2026-09-18T08:57:46.849+0000] {dag.py:3954} INFO - Setting next_dagrun for youtube_data_updating to 2026-09-18 00:00:00+00:00, run_after=2026-09-19 00:00:00+00:00
[2026-09-18T08:57:46.878+0000] {processor.py:183} INFO - Processing /opt/airflow/dags/dag_updating.py took 0.144 seconds
[2026-09-18T08:58:17.199+0000] {processor.py:161} INFO - Started process (PID=78) to work on /opt/airflow/dags/dag_updating.py
[2026-09-18T08:58:17.202+0000] {processor.py:830} INFO - Processing file /opt/airflow/dags/dag_updating.py for tasks to queue
[2026-09-18T08:58:17.204+0000] {logging_mixin.py:188} INFO - [2026-09-18T08:58:17.204+0000] {dagbag.py:545} INFO - Filling up the DagBag from /opt/airflow/dags/dag_updating.py
[2026-09-18T08:58:17.260+0000] {processor.py:840} INFO - DAG(s) 'youtube_data_updating' retrieved from /opt/airflow/dags/dag_updating.py
[2026-09-18T08:58:17.294+0000] {logging_mixin.py:188} INFO - [2026-09-18T08:58:17.293+0000] {dag.py:3096} INFO - Sync 1 DAGs
[2026-09-18T08:58:17.341+0000] {logging_mixin.py:188} INFO - [2026-09-18T08:58:17.340+0000] {dag.py:3954} INFO - Setting next_dagrun for youtube_data_updating to 2026-09-18 00:00:00+00:00, run_after=2026-09-19 00:00:00+00:00
[2026-09-18T08:58:17.383+0000] {processor.py:183} INFO - Processing /opt/airflow/dags/dag_updating.py took 0.192 seconds
[2026-09-18T08:58:47.712+0000] {processor.py:161} INFO - Started process (PID=86) to work on /opt/airflow/dags/dag_updating.py
[2026-09-18T08:58:47.714+0000] {processor.py:830} INFO - Processing file /opt/airflow/dags/dag_updating.py for tasks to queue
[2026-09-18T08:58:47.718+0000] {logging_mixin.py:188} INFO - [2026-09-18T08:58:47.717+0000] {dagbag.py:545} INFO - Filling up the DagBag from /opt/airflow/dags/dag_updating.py
[2026-09-18T08:58:47.759+0000] {processor.py:840} INFO - DAG(s) 'youtube_data_updating' retrieved from /opt/airflow/dags/dag_updating.py
[2026-09-18T08:58:47.784+0000] {logging_mixin.py:188} INFO - [2026-09-18T08:58:47.784+0000] {dag.py:3096} INFO - Sync 1 DAGs
[2026-09-18T08:58:47.809+0000] {logging_mixin.py:188} INFO - [2026-09-18T08:58:47.808+0000] {dag.py:3954} INFO - Setting next_dagrun for youtube_data_updating to 2026-09-18 00:00:00+00:00, run_after=2026-09-19 00:00:00+00:00
[2026-09-18T08:58:47.840+0000] {processor.py:183} INFO - Processing /opt/airflow/dags/dag_updating.py took 0.136 seconds
[2026-09-18T08:59:18.152+0000] {processor.py:161} INFO - Started process (PID=94) to work on /opt/airflow/dags/dag_updating.py
[2026-09-18T08:59:18.155+0000] {processor.py:830} INFO - Processing file /opt/airflow/dags/dag_updating.py for tasks to queue
[2026-09-18T08:59:18.159+0000] {logging_mixin.py:188} INFO - [2026-09-18T08:59:18.158+0000] {dagbag.py:545} INFO - Filling up the DagBag from /opt/airflow/dags/dag_updating.py
[2026-09-18T08:59:18.205+0000] {processor.py:840} INFO - DAG(s) 'youtube_data_updating' retrieved from /opt/airflow/dags/dag_updating.py
[2026-09-18T08:59:18.228+0000] {logging_mixin.py:188} INFO - [2026-09-18T08:59:18.228+0000] {dag.py:3096} INFO - Sync 1 DAGs
[2026-09-18T08:59:18.251+0000] {logging_mixin.py:188} INFO - [2026-09-18T08:59:18.251+0000] {dag.py:3954} INFO - Setting next_dagrun for youtube_data_updating to 2026-09-18 00:00:00+00:00, run_after=2026-09-19 00:00:00+00:00
[2026-09-18T08:59:18.271+0000] {processor.py:183} INFO - Processing /opt/airflow/dags/dag_updating.py took 0.126 seconds
[2026-09-18T08:59:48.579+0000] {processor.py:161} INFO - Started process (PID=102) to work on /opt/airflow/dags/dag_updating.py
[2026-09-18T08:59:48.581+0000] {processor.py:830} INFO - Processing file /opt/airflow/dags/dag_updating.py for tasks to queue
[2026-09-18T08:59:48.583+0000] {logging_mixin.py:188} INFO - [2026-09-18T08:59:48.583+0000] {dagbag.py:545} INFO - Filling up the DagBag from /opt/airflow/dags/dag_updating.py
[2026-09-18T08:59:48.624+0000] {processor.py:840} INFO - DAG(s) 'youtube_data_updating' retrieved from /opt/airflow/dags/dag_updating.py
[2026-09-18T08:59:48.646+0000] {logging_mixin.py:188} INFO - [2026-09-18T08:59:48.646+0000] {dag.py:3096} INFO - Sync 1 DAGs
[2026-09-18T08:59:48.669+0000] {logging_mixin.py:188} INFO - [2026-09-18T08:59:48.669+0000] {dag.py:3954} INFO - Setting next_dagrun for youtube_data_updating to 2026-09-18 00:00:00+00:00, run_after=2026-09-19 00:00:00+00:00
[2026-09-18T08:59:48.690+0000] {processor.py:183} INFO - Processing /opt/airflow/dags/dag_updating.py took 0.122 seconds
[2026-09-18T09:00:19.002+0000] {processor.py:161} INFO - Started process (PID=110) to work on /opt/airflow/dags/dag_updating.py
[2026-09-18T09:00:19.005+0000] {processor.py:830} INFO - Processing file /opt/airflow/dags/dag_updating.py for tasks to queue
[2026-09-18T09:00:19.007+0000] {logging_mixin.py:188} INFO - [2026-09-18T09:00:19.007+0000] {dagbag.py:545} INFO - Filling up the DagBag from /opt/airflow/dags/dag_updating.py
[2026-09-18T09:00:19.051+0000] {processor.py:840} INFO - DAG(s) 'youtube_data_updating' retrieved from /opt/airflow/dags/dag_updating.py
[2026-09-18T09:00:19.076+0000] {logging_mixin.py:188} INFO - [2026-09-18T09:00:19.076+0000] {dag.py:3096} INFO - Sync 1 DAGs
[2026-09-18T09:00:19.101+0000] {logging_mixin.py:188} INFO - [2026-09-18T09:00:19.101+0000] {dag.py:3954} INFO - Setting next_dagrun for youtube_data_updating to 2026-09-18 00:00:00+00:00, run_after=2026-09-19 00:00:00+00:00
[2026-09-18T09:00:19.124+0000] {processor.py:183} INFO - Processing /opt/airflow/dags/dag_updating.py took 0.131 seconds
[2026-09-18T09:00:49.394+0000] {processor.py:161} INFO - Started process (PID=118) to work on /opt/airflow/dags/dag_updating.py
[2026-09-18T09:00:49.396+0000] {processor.py:830} INFO - Processing file /opt/airflow/dags/dag_updating.py for tasks to queue
[2026-09-18T09:00:49.399+0000] {logging_mixin.py:188} INFO - [2026-09-18T09:00:49.399+0000] {dagbag.py:545} INFO - Filling up the DagBag from /opt/airflow/dags/dag_updating.py
[2026-09-18T09:00:49.439+0000] {processor.py:840} INFO - DAG(s) 'youtube_data_updating' retrieved from /opt/airflow/dags/dag_updating.py
[2026-09-18T09:00:49.459+0000] {logging_mixin.py:188} INFO - [2026-09-18T09:00:49.459+0000] {dag.py:3096} INFO - Sync 1 DAGs
[2026-09-18T09:00:49.486+0000] {logging_mixin.py:188} INFO - [2026-09-18T09:00:49.484+0000] {dag.py:3954} INFO - Setting next_dagrun for youtube_data_updating to 2026-09-18 00:00:00+00:00, run_after=2026-09-19 00:00:00+00:00
[2026-09-18T09:00:49.518+0000] {processor.py:183} INFO - Processing /opt/airflow/dags/dag_updating.py took 0.132 seconds
[2026-09-18T09:01:19.825+0000] {processor.py:161} INFO - Started process (PID=126) to work on /opt/airflow/dags/dag_updating.py
[2026-09-18T09:01:19.828+0000] {processor.py:830} INFO - Processing file /opt/airflow/dags/dag_updating.py for tasks to queue
[2026-09-18T09:01:19.832+0000] {logging_mixin.py:188} INFO - [2026-09-18T09:01:19.831+0000] {dagbag.py:545} INFO - Filling up the DagBag from /opt/airflow/dags/dag_updating.py
[2026-09-18T09:01:19.879+0000] {processor.py:840} INFO - DAG(s) 'youtube_data_updating' retrieved from /opt/airflow/dags/dag_updating.py
[2026-09-18T09:01:19.902+0000] {logging_mixin.py:188} INFO - [2026-09-18T09:01:19.902+0000] {dag.py:3096} INFO - Sync 1 DAGs
[2026-09-18T09:01:19.926+0000] {logging_mixin.py:188} INFO - [2026-09-18T09:01:19.925+0000] {dag.py:3954} INFO - Setting next_dagrun for youtube_data_updating to 2026-09-18 00:00:00+00:00, run_after=2026-09-19 00:00:00+00:00
[2026-09-18T09:01:19.951+0000] {processor.py:183} INFO - Processing /opt/airflow/dags/dag_updating.py took 0.135 seconds
[2026-09-18T09:01:50.265+0000] {processor.py:161} INFO - Started process (PID=134) to work on /opt/airflow/dags/dag_updating.py
[2026-09-18T09:01:50.267+0000] {processor.py:830} INFO - Processing file /opt/airflow/dags/dag_updating.py for tasks to queue
[2026-09-18T09:01:50.269+0000] {logging_mixin.py:188} INFO - [2026-09-18T09:01:50.269+0000] {dagbag.py:545} INFO - Filling up the DagBag from /opt/airflow/dags/dag_updating.py
[2026-09-18T09:01:50.307+0000] {processor.py:840} INFO - DAG(s) 'youtube_data_updating' retrieved from /opt/airflow/dags/dag_updating.py
[2026-09-18T09:01:50.329+0000] {logging_mixin.py:188} INFO - [2026-09-18T09:01:50.329+0000] {dag.py:3096} INFO - Sync 1 DAGs
[2026-09-18T09:01:50.351+0000] {logging_mixin.py:188} INFO - [2026-09-18T09:01:50.351+0000] {dag.py:3954} INFO - Setting next_dagrun for youtube_data_updating to 2026-09-18 00:00:00+00:00, run_after=2026-09-19 00:00:00+00:00
[2026-09-18T09:01:50.375+0000] {processor.py:183} INFO - Processing /opt/airflow/dags/dag_updating.py took 0.120 seconds
[2026-09-18T09:02:20.723+0000] {processor.py:161} INFO - Started process (PID=148) to work on /opt/airflow/dags/dag_updating.py
[2026-09-18T09:02:20.725+0000] {processor.py:830} INFO - Processing file /opt/airflow/dags/dag_updating.py for tasks to queue
[2026-09-18T09:02:20.729+0000] {logging_mixin.py:188} INFO - [2026-09-18T09:02:20.729+0000] {dagbag.py:545} INFO - Filling up the DagBag from /opt/airflow/dags/dag_updating.py
[2026-09-18T09:02:20.772+0000] {processor.py:840} INFO - DAG(s) 'youtube_data_updating' retrieved from /opt/airflow/dags/dag_updating.py
[2026-09-18T09:02:20.794+0000] {logging_mixin.py:188} INFO - [2026-09-18T09:02:20.793+0000] {dag.py:3096} INFO - Sync 1 DAGs
[2026-09-18T09:02:20.820+0000] {logging_mixin.py:188} INFO - [2026-09-18T09:02:20.820+0000] {dag.py:3954} INFO - Setting next_dagrun for youtube_data_updating to 2026-09-18 00:00:00+00:00, run_after=2026-09-19 00:00:00+00:00
[2026-09-18T09:02:20.844+0000] {processor.py:183} INFO - Processing /opt/airflow/dags/dag_updating.py took 0.130 seconds
[2026-09-18T09:02:51.139+0000] {processor.py:161} INFO - Started process (PID=156) to work on /opt/airflow/dags/dag_updating.py
[2026-09-18T09:02:51.141+0000] {processor.py:830} INFO - Processing file /opt/airflow/dags/dag_updating.py for tasks to queue
[2026-09-18T09:02:51.143+0000] {logging_mixin.py:188} INFO - [2026-09-18T09:02:51.143+0000] {dagbag.py:545} INFO - Filling up the DagBag from /opt/airflow/dags/dag_updating.py
[2026-09-18T09:02:51.187+0000] {processor.py:840} INFO - DAG(s) 'youtube_data_updating' retrieved from /opt/airflow/dags/dag_updating.py
[2026-09-18T09:02:51.212+0000] {logging_mixin.py:188} INFO - [2026-09-18T09:02:51.212+0000] {dag.py:3096} INFO - Sync 1 DAGs
[2026-09-18T09:02:51.237+0000] {logging_mixin.py:188} INFO - [2026-09-18T09:02:51.237+0000] {dag.py:3954} INFO - Setting next_dagrun for youtube_data_updating to 2026-09-18 00:00:00+00:00, run_after=2026-09-19 00:00:00+00:00
[2026-09-18T09:02:51.260+0000] {processor.py:183} INFO - Processing /opt/airflow/dags/dag_updating.py took 0.130 seconds
[2026-09-18T09:03:21.562+0000] {processor.py:161} INFO - Started process (PID=170) to work on /opt/airflow/dags/dag_updating.py
[2026-09-18T09:03:21.566+0000] {processor.py:830} INFO - Processing file /opt/airflow/dags/dag_updating.py for tasks to queue
[2026-09-18T09:03:21.570+0000] {logging_mixin.py:188} INFO - [2026-09-18T09:03:21.569+0000] {dagbag.py:545} INFO - Filling up the DagBag from /opt/airflow/dags/dag_updating.py
[2026-09-18T09:03:21.614+0000] {processor.py:840} INFO - DAG(s) 'youtube_data_updating' retrieved from /opt/airflow/dags/dag_updating.py
[2026-09-18T09:03:21.636+0000] {logging_mixin.py:188} INFO - [2026-09-18T09:03:21.635+0000] {dag.py:3096} INFO - Sync 1 DAGs
[2026-09-18T09:03:21.657+0000] {logging_mixin.py:188} INFO - [2026-09-18T09:03:21.657+0000] {dag.py:3954} INFO - Setting next_dagrun for youtube_data_updating to 2026-09-18 00:00:00+00:00, run_after=2026-09-19 00:00:00+00:00
[2026-09-18T09:03:21.680+0000] {processor.py:183} INFO - Processing /opt/airflow/dags/dag_updating.py took 0.126 seconds
[2026-09-18T09:03:52.003+0000] {processor.py:161} INFO - Started process (PID=178) to work on /opt/airflow/dags/dag_updating.py
[2026-09-18T09:03:52.008+0000] {processor.py:830} INFO - Processing file /opt/airflow/dags/dag_updating.py for tasks to queue
[2026-09-18T09:03:52.011+0000] {logging_mixin.py:188} INFO - [2026-09-18T09:03:52.010+0000] {dagbag.py:545} INFO - Filling up the DagBag from /opt/airflow/dags/dag_updating.py
[2026-09-18T09:03:52.067+0000] {processor.py:840} INFO - DAG(s) 'youtube_data_updating' retrieved from /opt/airflow/dags/dag_updating.py
[2026-09-18T09:03:52.091+0000] {logging_mixin.py:188} INFO - [2026-09-18T09:03:52.091+0000] {dag.py:3096} INFO - Sync 1 DAGs
[2026-09-18T09:03:52.115+0000] {logging_mixin.py:188} INFO - [2026-09-18T09:03:52.115+0000] {dag.py:3954} INFO - Setting next_dagrun for youtube_data_updating to 2026-09-18 00:00:00+00:00, run_after=2026-09-19 00:00:00+00:00
[2026-09-18T09:03:52.138+0000] {processor.py:183} INFO - Processing /opt/airflow/dags/dag_updating.py took 0.147 seconds
[2026-09-18T09:04:22.435+0000] {processor.py:161} INFO - Started process (PID=186) to work on /opt/airflow/dags/dag_updating.py
[2026-09-18T09:04:22.438+0000] {processor.py:830} INFO - Processing file /opt/airflow/dags/dag_updating.py for tasks to queue
[2026-09-18T09:04:22.441+0000] {logging_mixin.py:188} INFO - [2026-09-18T09:04:22.441+0000] {dagbag.py:545} INFO - Filling up the DagBag from /opt/airflow/dags/dag_updating.py
[2026-09-18T09:04:22.482+0000] {processor.py:840} INFO - DAG(s) 'youtube_data_updating' retrieved from /opt/airflow/dags/dag_updating.py
[2026-09-18T09:04:22.505+0000] {logging_mixin.py:188} INFO - [2026-09-18T09:04:22.505+0000] {dag.py:3096} INFO - Sync 1 DAGs
[2026-09-18T09:04:22.530+0000] {logging_mixin.py:188} INFO - [2026-09-18T09:04:22.530+0000] {dag.py:3954} INFO - Setting next_dagrun for youtube_data_updating to 2026-09-18 00:00:00+00:00, run_after=2026-09-19 00:00:00+00:00
[2026-09-18T09:04:22.554+0000] {processor.py:183} INFO - Processing /opt/airflow/dags/dag_updating.py took 0.127 seconds
[2026-09-18T09:04:52.876+0000] {processor.py:161} INFO - Started process (PID=200) to work on /opt/airflow/dags/dag_updating.py
[2026-09-18T09:04:52.879+0000] {processor.py:830} INFO - Processing file /opt/airflow/dags/dag_updating.py for tasks to queue
[2026-09-18T09:04:52.882+0000] {logging_mixin.py:188} INFO - [2026-09-18T09:04:52.882+0000] {dagbag.py:545} INFO - Filling up the DagBag from /opt/airflow/dags/dag_updating.py
[2026-09-18T09:04:52.922+0000] {processor.py:840} INFO - DAG(s) 'youtube_data_updating' retrieved from /opt/airflow/dags/dag_updating.py
[2026-09-18T09:04:52.943+0000] {logging_mixin.py:188} INFO - [2026-09-18T09:04:52.942+0000] {dag.py:3096} INFO - Sync 1 DAGs
[2026-09-18T09:04:52.968+0000] {logging_mixin.py:188} INFO - [2026-09-18T09:04:52.967+0000] {dag.py:3954} INFO - Setting next_dagrun for youtube_data_updating to 2026-09-18 00:00:00+00:00, run_after=2026-09-19 00:00:00+00:00
[2026-09-18T09:04:52.992+0000] {processor.py:183} INFO - Processing /opt/airflow/dags/dag_updating.py took 0.124 seconds
[2026-09-18T09:05:23.262+0000] {processor.py:161} INFO - Started process (PID=208) to work on /opt/airflow/dags/dag_updating.py
[2026-09-18T09:05:23.264+0000] {processor.py:830} INFO - Processing file /opt/airflow/dags/dag_updating.py for tasks to queue
[2026-09-18T09:05:23.267+0000] {logging_mixin.py:188} INFO - [2026-09-18T09:05:23.267+0000] {dagbag.py:545} INFO - Filling up the DagBag from /opt/airflow/dags/dag_updating.py
[2026-09-18T09:05:23.311+0000] {processor.py:840} INFO - DAG(s) 'youtube_data_updating' retrieved from /opt/airflow/dags/dag_updating.py
[2026-09-18T09:05:23.334+0000] {logging_mixin.py:188} INFO - [2026-09-18T09:05:23.333+0000] {dag.py:3096} INFO - Sync 1 DAGs
[2026-09-18T09:05:23.357+0000] {logging_mixin.py:188} INFO - [2026-09-18T09:05:23.357+0000] {dag.py:3954} INFO - Setting next_dagrun for youtube_data_updating to 2026-09-18 00:00:00+00:00, run_after=2026-09-19 00:00:00+00:00
[2026-09-18T09:05:23.380+0000] {processor.py:183} INFO - Processing /opt/airflow/dags/dag_updating.py took 0.126 seconds
[2026-09-18T09:05:53.715+0000] {processor.py:161} INFO - Started process (PID=216) to work on /opt/airflow/dags/dag_updating.py
[2026-09-18T09:05:53.718+0000] {processor.py:830} INFO - Processing file /opt/airflow/dags/dag_updating.py for tasks to queue
[2026-09-18T09:05:53.722+0000] {logging_mixin.py:188} INFO - [2026-09-18T09:05:53.721+0000] {dagbag.py:545} INFO - Filling up the DagBag from /opt/airflow/dags/dag_updating.py
[2026-09-18T09:05:53.769+0000] {processor.py:840} INFO - DAG(s) 'youtube_data_updating' retrieved from /opt/airflow/dags/dag_updating.py
[2026-09-18T09:05:53.793+0000] {logging_mixin.py:188} INFO - [2026-09-18T09:05:53.793+0000] {dag.py:3096} INFO - Sync 1 DAGs
[2026-09-18T09:05:53.815+0000] {logging_mixin.py:188} INFO - [2026-09-18T09:05:53.815+0000] {dag.py:3954} INFO - Setting next_dagrun for youtube_data_updating to 2026-09-18 00:00:00+00:00, run_after=2026-09-19 00:00:00+00:00
[2026-09-18T09:05:53.839+0000] {processor.py:183} INFO - Processing /opt/airflow/dags/dag_updating.py took 0.136 seconds
[2026-09-18T09:06:24.151+0000] {processor.py:161} INFO - Started process (PID=224) to work on /opt/airflow/dags/dag_updating.py
[2026-09-18T09:06:24.153+0000] {processor.py:830} INFO - Processing file /opt/airflow/dags/dag_updating.py for tasks to queue
[2026-09-18T09:06:24.160+0000] {logging_mixin.py:188} INFO - [2026-09-18T09:06:24.159+0000] {dagbag.py:545} INFO - Filling up the DagBag from /opt/airflow/dags/dag_updating.py
[2026-09-18T09:06:24.205+0000] {processor.py:840} INFO - DAG(s) 'youtube_data_updating' retrieved from /opt/airflow/dags/dag_updating.py
[2026-09-18T09:06:24.240+0000] {logging_mixin.py:188} INFO - [2026-09-18T09:06:24.240+0000] {dag.py:3096} INFO - Sync 1 DAGs
[2026-09-18T09:06:24.282+0000] {logging_mixin.py:188} INFO - [2026-09-18T09:06:24.282+0000] {dag.py:3954} INFO - Setting next_dagrun for youtube_data_updating to 2026-09-18 00:00:00+00:00, run_after=2026-09-19 00:00:00+00:00
[2026-09-18T09:06:24.310+0000] {processor.py:183} INFO - Processing /opt/airflow/dags/dag_updating.py took 0.167 seconds
[2026-09-18T09:06:54.632+0000] {processor.py:161} INFO - Started process (PID=232) to work on /opt/airflow/dags/dag_updating.py
[2026-09-18T09:06:54.634+0000] {processor.py:830} INFO - Processing file /opt/airflow/dags/dag_updating.py for tasks to queue
[2026-09-18T09:06:54.637+0000] {logging_mixin.py:188} INFO - [2026-09-18T09:06:54.636+0000] {dagbag.py:545} INFO - Filling up the DagBag from /opt/airflow/dags/dag_updating.py
[2026-09-18T09:06:54.675+0000] {processor.py:840} INFO - DAG(s) 'youtube_data_updating' retrieved from /opt/airflow/dags/dag_updating.py
[2026-09-18T09:06:54.697+0000] {logging_mixin.py:188} INFO - [2026-09-18T09:06:54.696+0000] {dag.py:3096} INFO - Sync 1 DAGs
[2026-09-18T09:06:54.720+0000] {logging_mixin.py:188} INFO - [2026-09-18T09:06:54.720+0000] {dag.py:3954} INFO - Setting next_dagrun for youtube_data_updating to 2026-09-18 00:00:00+00:00, run_after=2026-09-19 00:00:00+00:00
[2026-09-18T09:06:54.743+0000] {processor.py:183} INFO - Processing /opt/airflow/dags/dag_updating.py took 0.119 seconds
[2026-09-18T09:07:25.072+0000] {processor.py:161} INFO - Started process (PID=240) to work on /opt/airflow/dags/dag_updating.py
[2026-09-18T09:07:25.075+0000] {processor.py:830} INFO - Processing file /opt/airflow/dags/dag_updating.py for tasks to queue
[2026-09-18T09:07:25.078+0000] {logging_mixin.py:188} INFO - [2026-09-18T09:07:25.077+0000] {dagbag.py:545} INFO - Filling up the DagBag from /opt/airflow/dags/dag_updating.py
[2026-09-18T09:07:25.120+0000] {processor.py:840} INFO - DAG(s) 'youtube_data_updating' retrieved from /opt/airflow/dags/dag_updating.py
[2026-09-18T09:07:25.142+0000] {logging_mixin.py:188} INFO - [2026-09-18T09:07:25.141+0000] {dag.py:3096} INFO - Sync 1 DAGs
[2026-09-18T09:07:25.167+0000] {logging_mixin.py:188} INFO - [2026-09-18T09:07:25.167+0000] {dag.py:3954} INFO - Setting next_dagrun for youtube_data_updating to 2026-09-18 00:00:00+00:00, run_after=2026-09-19 00:00:00+00:00
[2026-09-18T09:07:25.191+0000] {processor.py:183} INFO - Processing /opt/airflow/dags/dag_updating.py took 0.126 seconds
[2026-09-18T09:07:55.545+0000] {processor.py:161} INFO - Started process (PID=248) to work on /opt/airflow/dags/dag_updating.py
[2026-09-18T09:07:55.547+0000] {processor.py:830} INFO - Processing file /opt/airflow/dags/dag_updating.py for tasks to queue
[2026-09-18T09:07:55.551+0000] {logging_mixin.py:188} INFO - [2026-09-18T09:07:55.550+0000] {dagbag.py:545} INFO - Filling up the DagBag from /opt/airflow/dags/dag_updating.py
[2026-09-18T09:07:55.596+0000] {processor.py:840} INFO - DAG(s) 'youtube_data_updating' retrieved from /opt/airflow/dags/dag_updating.py
[2026-09-18T09:07:55.624+0000] {logging_mixin.py:188} INFO - [2026-09-18T09:07:55.624+0000] {dag.py:3096} INFO - Sync 1 DAGs
[2026-09-18T09:07:55.653+0000] {logging_mixin.py:188} INFO - [2026-09-18T09:07:55.653+0000] {dag.py:3954} INFO - Setting next_dagrun for youtube_data_updating to 2026-09-18 00:00:00+00:00, run_after=2026-09-19 00:00:00+00:00
[2026-09-18T09:07:55.679+0000] {processor.py:183} INFO - Processing /opt/airflow/dags/dag_updating.py took 0.142 seconds
[2026-09-18T09:08:25.963+0000] {processor.py:161} INFO - Started process (PID=270) to work on /opt/airflow/dags/dag_updating.py
[2026-09-18T09:08:25.966+0000] {processor.py:830} INFO - Processing file /opt/airflow/dags/dag_updating.py for tasks to queue
[2026-09-18T09:08:25.970+0000] {logging_mixin.py:188} INFO - [2026-09-18T09:08:25.969+0000] {dagbag.py:545} INFO - Filling up the DagBag from /opt/airflow/dags/dag_updating.py
[2026-09-18T09:08:26.022+0000] {processor.py:840} INFO - DAG(s) 'youtube_data_updating' retrieved from /opt/airflow/dags/dag_updating.py
[2026-09-18T09:08:26.052+0000] {logging_mixin.py:188} INFO - [2026-09-18T09:08:26.052+0000] {dag.py:3096} INFO - Sync 1 DAGs
[2026-09-18T09:08:26.083+0000] {logging_mixin.py:188} INFO - [2026-09-18T09:08:26.083+0000] {dag.py:3954} INFO - Setting next_dagrun for youtube_data_updating to 2026-09-18 00:00:00+00:00, run_after=2026-09-19 00:00:00+00:00
[2026-09-18T09:08:26.107+0000] {processor.py:183} INFO - Processing /opt/airflow/dags/dag_updating.py took 0.157 seconds
[2026-09-18T09:08:56.419+0000] {processor.py:161} INFO - Started process (PID=278) to work on /opt/airflow/dags/dag_updating.py
[2026-09-18T09:08:56.421+0000] {processor.py:830} INFO - Processing file /opt/airflow/dags/dag_updating.py for tasks to queue
[2026-09-18T09:08:56.425+0000] {logging_mixin.py:188} INFO - [2026-09-18T09:08:56.424+0000] {dagbag.py:545} INFO - Filling up the DagBag from /opt/airflow/dags/dag_updating.py
[2026-09-18T09:08:56.465+0000] {processor.py:840} INFO - DAG(s) 'youtube_data_updating' retrieved from /opt/airflow/dags/dag_updating.py
[2026-09-18T09:08:56.488+0000] {logging_mixin.py:188} INFO - [2026-09-18T09:08:56.488+0000] {dag.py:3096} INFO - Sync 1 DAGs
[2026-09-18T09:08:56.514+0000] {logging_mixin.py:188} INFO - [2026-09-18T09:08:56.514+0000] {dag.py:3954} INFO - Setting next_dagrun for youtube_data_updating to 2026-09-18 00:00:00+00:00, run_after=2026-09-19 00:00:00+00:00
[2026-09-18T09:08:56.535+0000] {processor.py:183} INFO - Processing /opt/airflow/dags/dag_updating.py took 0.124 seconds
[2026-09-18T09:09:26.892+0000] {processor.py:161} INFO - Started process (PID=286) to work on /opt/airflow/dags/dag_updating.py
[2026-09-18T09:09:26.895+0000] {processor.py:830} INFO - Processing file /opt/airflow/dags/dag_updating.py for tasks to queue
[2026-09-18T09:09:26.897+0000] {logging_mixin.py:188} INFO - [2026-09-18T09:09:26.897+0000] {dagbag.py:545} INFO - Filling up the DagBag from /opt/airflow/dags/dag_updating.py
[2026-09-18T09:09:26.937+0000] {processor.py:840} INFO - DAG(s) 'youtube_data_updating' retrieved from /opt/airflow/dags/dag_updating.py
[2026-09-18T09:09:26.959+0000] {logging_mixin.py:188} INFO - [2026-09-18T09:09:26.959+0000] {dag.py:3096} INFO - Sync 1 DAGs
[2026-09-18T09:09:26.982+0000] {logging_mixin.py:188} INFO - [2026-09-18T09:09:26.982+0000] {dag.py:3954} INFO - Setting next_dagrun for youtube_data_updating to 2026-09-18 00:00:00+00:00, run_after=2026-09-19 00:00:00+00:00
[2026-09-18T09:09:27.004+0000] {processor.py:183} INFO - Processing /opt/airflow/dags/dag_updating.py took 0.120 seconds
[2026-09-18T09:09:57.313+0000] {processor.py:161} INFO - Started process (PID=294) to work on /opt/airflow/dags/dag_updating.py
[2026-09-18T09:09:57.316+0000] {processor.py:830} INFO - Processing file /opt/airflow/dags/dag_updating.py for tasks to queue
[2026-09-18T09:09:57.318+0000] {logging_mixin.py:188} INFO - [2026-09-18T09:09:57.318+0000] {dagbag.py:545} INFO - Filling up the DagBag from /opt/airflow/dags/dag_updating.py
[2026-09-18T09:09:57.358+0000] {processor.py:840} INFO - DAG(s) 'youtube_data_updating' retrieved from /opt/airflow/dags/dag_updating.py
[2026-09-18T09:09:57.379+0000] {logging_mixin.py:188} INFO - [2026-09-18T09:09:57.379+0000] {dag.py:3096} INFO - Sync 1 DAGs
[2026-09-18T09:09:57.402+0000] {logging_mixin.py:188} INFO - [2026-09-18T09:09:57.401+0000] {dag.py:3954} INFO - Setting next_dagrun for youtube_data_updating to 2026-09-18 00:00:00+00:00, run_after=2026-09-19 00:00:00+00:00
[2026-09-18T09:09:57.422+0000] {processor.py:183} INFO - Processing /opt/airflow/dags/dag_updating.py took 0.117 seconds
[2026-09-18T09:10:27.740+0000] {processor.py:161} INFO - Started process (PID=302) to work on /opt/airflow/dags/dag_updating.py
[2026-09-18T09:10:27.744+0000] {processor.py:830} INFO - Processing file /opt/airflow/dags/dag_updating.py for tasks to queue
[2026-09-18T09:10:27.748+0000] {logging_mixin.py:188} INFO - [2026-09-18T09:10:27.747+0000] {dagbag.py:545} INFO - Filling up the DagBag from /opt/airflow/dags/dag_updating.py
[2026-09-18T09:10:27.836+0000] {processor.py:840} INFO - DAG(s) 'youtube_data_updating' retrieved from /opt/airflow/dags/dag_updating.py
[2026-09-18T09:10:27.918+0000] {logging_mixin.py:188} INFO - [2026-09-18T09:10:27.917+0000] {dag.py:3096} INFO - Sync 1 DAGs
[2026-09-18T09:10:27.985+0000] {logging_mixin.py:188} INFO - [2026-09-18T09:10:27.984+0000] {dag.py:3954} INFO - Setting next_dagrun for youtube_data_updating to 2026-09-18 00:00:00+00:00, run_after=2026-09-19 00:00:00+00:00
[2026-09-18T09:10:28.033+0000] {processor.py:183} INFO - Processing /opt/airflow/dags/dag_updating.py took 0.306 seconds
[2026-09-18T09:10:58.337+0000] {processor.py:161} INFO - Started process (PID=310) to work on /opt/airflow/dags/dag_updating.py
[2026-09-18T09:10:58.341+0000] {processor.py:830} INFO - Processing file /opt/airflow/dags/dag_updating.py for tasks to queue
[2026-09-18T09:10:58.344+0000] {logging_mixin.py:188} INFO - [2026-09-18T09:10:58.343+0000] {dagbag.py:545} INFO - Filling up the DagBag from /opt/airflow/dags/dag_updating.py
[2026-09-18T09:10:58.397+0000] {processor.py:840} INFO - DAG(s) 'youtube_data_updating' retrieved from /opt/airflow/dags/dag_updating.py
[2026-09-18T09:10:58.423+0000] {logging_mixin.py:188} INFO - [2026-09-18T09:10:58.423+0000] {dag.py:3096} INFO - Sync 1 DAGs
[2026-09-18T09:10:58.449+0000] {logging_mixin.py:188} INFO - [2026-09-18T09:10:58.448+0000] {dag.py:3954} INFO - Setting next_dagrun for youtube_data_updating to 2026-09-18 00:00:00+00:00, run_after=2026-09-19 00:00:00+00:00
[2026-09-18T09:10:58.472+0000] {processor.py:183} INFO - Processing /opt/airflow/dags/dag_updating.py took 0.143 seconds
[2026-09-18T09:11:28.747+0000] {processor.py:161} INFO - Started process (PID=318) to work on /opt/airflow/dags/dag_updating.py
[2026-09-18T09:11:28.749+0000] {processor.py:830} INFO - Processing file /opt/airflow/dags/dag_updating.py for tasks to queue
[2026-09-18T09:11:28.753+0000] {logging_mixin.py:188} INFO - [2026-09-18T09:11:28.752+0000] {dagbag.py:545} INFO - Filling up the DagBag from /opt/airflow/dags/dag_updating.py
[2026-09-18T09:11:28.801+0000] {processor.py:840} INFO - DAG(s) 'youtube_data_updating' retrieved from /opt/airflow/dags/dag_updating.py
[2026-09-18T09:11:28.825+0000] {logging_mixin.py:188} INFO - [2026-09-18T09:11:28.825+0000] {dag.py:3096} INFO - Sync 1 DAGs
[2026-09-18T09:11:28.852+0000] {logging_mixin.py:188} INFO - [2026-09-18T09:11:28.852+0000] {dag.py:3954} INFO - Setting next_dagrun for youtube_data_updating to 2026-09-18 00:00:00+00:00, run_after=2026-09-19 00:00:00+00:00
[2026-09-18T09:11:28.876+0000] {processor.py:183} INFO - Processing /opt/airflow/dags/dag_updating.py took 0.139 seconds
[2026-09-18T09:11:59.164+0000] {processor.py:161} INFO - Started process (PID=326) to work on /opt/airflow/dags/dag_updating.py
[2026-09-18T09:11:59.167+0000] {processor.py:830} INFO - Processing file /opt/airflow/dags/dag_updating.py for tasks to queue
[2026-09-18T09:11:59.170+0000] {logging_mixin.py:188} INFO - [2026-09-18T09:11:59.170+0000] {dagbag.py:545} INFO - Filling up the DagBag from /opt/airflow/dags/dag_updating.py
[2026-09-18T09:11:59.212+0000] {processor.py:840} INFO - DAG(s) 'youtube_data_updating' retrieved from /opt/airflow/dags/dag_updating.py
[2026-09-18T09:11:59.235+0000] {logging_mixin.py:188} INFO - [2026-09-18T09:11:59.235+0000] {dag.py:3096} INFO - Sync 1 DAGs
[2026-09-18T09:11:59.258+0000] {logging_mixin.py:188} INFO - [2026-09-18T09:11:59.258+0000] {dag.py:3954} INFO - Setting next_dagrun for youtube_data_updating to 2026-09-18 00:00:00+00:00, run_after=2026-09-19 00:00:00+00:00
[2026-09-18T09:11:59.281+0000] {processor.py:183} INFO - Processing /opt/airflow/dags/dag_updating.py took 0.123 seconds
[2026-09-18T09:12:29.641+0000] {processor.py:161} INFO - Started process (PID=334) to work on /opt/airflow/dags/dag_updating.py
[2026-09-18T09:12:29.644+0000] {processor.py:830} INFO - Processing file /opt/airflow/dags/dag_updating.py for tasks to queue
[2026-09-18T09:12:29.647+0000] {logging_mixin.py:188} INFO - [2026-09-18T09:12:29.646+0000] {dagbag.py:545} INFO - Filling up the DagBag from /opt/airflow/dags/dag_updating.py
[2026-09-18T09:12:29.691+0000] {processor.py:840} INFO - DAG(s) 'youtube_data_updating' retrieved from /opt/airflow/dags/dag_updating.py
[2026-09-18T09:12:29.716+0000] {logging_mixin.py:188} INFO - [2026-09-18T09:12:29.716+0000] {dag.py:3096} INFO - Sync 1 DAGs
[2026-09-18T09:12:29.739+0000] {logging_mixin.py:188} INFO - [2026-09-18T09:12:29.739+0000] {dag.py:3954} INFO - Setting next_dagrun for youtube_data_updating to 2026-09-18 00:00:00+00:00, run_after=2026-09-19 00:00:00+00:00
[2026-09-18T09:12:29.762+0000] {processor.py:183} INFO - Processing /opt/airflow/dags/dag_updating.py took 0.131 seconds
[2026-09-18T09:13:00.083+0000] {processor.py:161} INFO - Started process (PID=342) to work on /opt/airflow/dags/dag_updating.py
[2026-09-18T09:13:00.087+0000] {processor.py:830} INFO - Processing file /opt/airflow/dags/dag_updating.py for tasks to queue
[2026-09-18T09:13:00.090+0000] {logging_mixin.py:188} INFO - [2026-09-18T09:13:00.090+0000] {dagbag.py:545} INFO - Filling up the DagBag from /opt/airflow/dags/dag_updating.py
[2026-09-18T09:13:00.139+0000] {processor.py:840} INFO - DAG(s) 'youtube_data_updating' retrieved from /opt/airflow/dags/dag_updating.py
[2026-09-18T09:13:00.164+0000] {logging_mixin.py:188} INFO - [2026-09-18T09:13:00.164+0000] {dag.py:3096} INFO - Sync 1 DAGs
[2026-09-18T09:13:00.189+0000] {logging_mixin.py:188} INFO - [2026-09-18T09:13:00.189+0000] {dag.py:3954} INFO - Setting next_dagrun for youtube_data_updating to 2026-09-18 00:00:00+00:00, run_after=2026-09-19 00:00:00+00:00
[2026-09-18T09:13:00.216+0000] {processor.py:183} INFO - Processing /opt/airflow/dags/dag_updating.py took 0.142 seconds
[2026-09-18T09:13:30.520+0000] {processor.py:161} INFO - Started process (PID=350) to work on /opt/airflow/dags/dag_updating.py
[2026-09-18T09:13:30.524+0000] {processor.py:830} INFO - Processing file /opt/airflow/dags/dag_updating.py for tasks to queue
[2026-09-18T09:13:30.527+0000] {logging_mixin.py:188} INFO - [2026-09-18T09:13:30.527+0000] {dagbag.py:545} INFO - Filling up the DagBag from /opt/airflow/dags/dag_updating.py
[2026-09-18T09:13:30.577+0000] {processor.py:840} INFO - DAG(s) 'youtube_data_updating' retrieved from /opt/airflow/dags/dag_updating.py
[2026-09-18T09:13:30.601+0000] {logging_mixin.py:188} INFO - [2026-09-18T09:13:30.601+0000] {dag.py:3096} INFO - Sync 1 DAGs
[2026-09-18T09:13:30.629+0000] {logging_mixin.py:188} INFO - [2026-09-18T09:13:30.629+0000] {dag.py:3954} INFO - Setting next_dagrun for youtube_data_updating to 2026-09-18 00:00:00+00:00, run_after=2026-09-19 00:00:00+00:00
[2026-09-18T09:13:30.653+0000] {processor.py:183} INFO - Processing /opt/airflow/dags/dag_updating.py took 0.142 seconds
[2026-09-18T09:14:00.965+0000] {processor.py:161} INFO - Started process (PID=358) to work on /opt/airflow/dags/dag_updating.py
[2026-09-18T09:14:00.969+0000] {processor.py:830} INFO - Processing file /opt/airflow/dags/dag_updating.py for tasks to queue
[2026-09-18T09:14:00.971+0000] {logging_mixin.py:188} INFO - [2026-09-18T09:14:00.971+0000] {dagbag.py:545} INFO - Filling up the DagBag from /opt/airflow/dags/dag_updating.py
[2026-09-18T09:14:01.026+0000] {processor.py:840} INFO - DAG(s) 'youtube_data_updating' retrieved from /opt/airflow/dags/dag_updating.py
[2026-09-18T09:14:01.054+0000] {logging_mixin.py:188} INFO - [2026-09-18T09:14:01.054+0000] {dag.py:3096} INFO - Sync 1 DAGs
[2026-09-18T09:14:01.079+0000] {logging_mixin.py:188} INFO - [2026-09-18T09:14:01.079+0000] {dag.py:3954} INFO - Setting next_dagrun for youtube_data_updating to 2026-09-18 00:00:00+00:00, run_after=2026-09-19 00:00:00+00:00
[2026-09-18T09:14:01.103+0000] {processor.py:183} INFO - Processing /opt/airflow/dags/dag_updating.py took 0.145 seconds
[2026-09-18T09:14:31.440+0000] {processor.py:161} INFO - Started process (PID=366) to work on /opt/airflow/dags/dag_updating.py
[2026-09-18T09:14:31.444+0000] {processor.py:830} INFO - Processing file /opt/airflow/dags/dag_updating.py for tasks to queue
[2026-09-18T09:14:31.448+0000] {logging_mixin.py:188} INFO - [2026-09-18T09:14:31.448+0000] {dagbag.py:545} INFO - Filling up the DagBag from /opt/airflow/dags/dag_updating.py
[2026-09-18T09:14:31.497+0000] {processor.py:840} INFO - DAG(s) 'youtube_data_updating' retrieved from /opt/airflow/dags/dag_updating.py
[2026-09-18T09:14:31.525+0000] {logging_mixin.py:188} INFO - [2026-09-18T09:14:31.524+0000] {dag.py:3096} INFO - Sync 1 DAGs
[2026-09-18T09:14:31.550+0000] {logging_mixin.py:188} INFO - [2026-09-18T09:14:31.549+0000] {dag.py:3954} INFO - Setting next_dagrun for youtube_data_updating to 2026-09-18 00:00:00+00:00, run_after=2026-09-19 00:00:00+00:00
[2026-09-18T09:14:31.575+0000] {processor.py:183} INFO - Processing /opt/airflow/dags/dag_updating.py took 0.147 seconds
[2026-09-18T09:15:01.873+0000] {processor.py:161} INFO - Started process (PID=374) to work on /opt/airflow/dags/dag_updating.py
[2026-09-18T09:15:01.877+0000] {processor.py:830} INFO - Processing file /opt/airflow/dags/dag_updating.py for tasks to queue
[2026-09-18T09:15:01.880+0000] {logging_mixin.py:188} INFO - [2026-09-18T09:15:01.880+0000] {dagbag.py:545} INFO - Filling up the DagBag from /opt/airflow/dags/dag_updating.py
[2026-09-18T09:15:01.924+0000] {processor.py:840} INFO - DAG(s) 'youtube_data_updating' retrieved from /opt/airflow/dags/dag_updating.py
[2026-09-18T09:15:01.946+0000] {logging_mixin.py:188} INFO - [2026-09-18T09:15:01.946+0000] {dag.py:3096} INFO - Sync 1 DAGs
[2026-09-18T09:15:01.968+0000] {logging_mixin.py:188} INFO - [2026-09-18T09:15:01.968+0000] {dag.py:3954} INFO - Setting next_dagrun for youtube_data_updating to 2026-09-18 00:00:00+00:00, run_after=2026-09-19 00:00:00+00:00
[2026-09-18T09:15:01.990+0000] {processor.py:183} INFO - Processing /opt/airflow/dags/dag_updating.py took 0.126 seconds
[2026-09-18T09:15:32.318+0000] {processor.py:161} INFO - Started process (PID=382) to work on /opt/airflow/dags/dag_updating.py
[2026-09-18T09:15:32.320+0000] {processor.py:830} INFO - Processing file /opt/airflow/dags/dag_updating.py for tasks to queue
[2026-09-18T09:15:32.324+0000] {logging_mixin.py:188} INFO - [2026-09-18T09:15:32.324+0000] {dagbag.py:545} INFO - Filling up the DagBag from /opt/airflow/dags/dag_updating.py
[2026-09-18T09:15:32.375+0000] {processor.py:840} INFO - DAG(s) 'youtube_data_updating' retrieved from /opt/airflow/dags/dag_updating.py
[2026-09-18T09:15:32.400+0000] {logging_mixin.py:188} INFO - [2026-09-18T09:15:32.400+0000] {dag.py:3096} INFO - Sync 1 DAGs
[2026-09-18T09:15:32.426+0000] {logging_mixin.py:188} INFO - [2026-09-18T09:15:32.426+0000] {dag.py:3954} INFO - Setting next_dagrun for youtube_data_updating to 2026-09-18 00:00:00+00:00, run_after=2026-09-19 00:00:00+00:00
[2026-09-18T09:15:32.450+0000] {processor.py:183} INFO - Processing /opt/airflow/dags/dag_updating.py took 0.140 seconds
[2026-09-18T09:16:02.726+0000] {processor.py:161} INFO - Started process (PID=390) to work on /opt/airflow/dags/dag_updating.py
[2026-09-18T09:16:02.730+0000] {processor.py:830} INFO - Processing file /opt/airflow/dags/dag_updating.py for tasks to queue
[2026-09-18T09:16:02.735+0000] {logging_mixin.py:188} INFO - [2026-09-18T09:16:02.734+0000] {dagbag.py:545} INFO - Filling up the DagBag from /opt/airflow/dags/dag_updating.py
[2026-09-18T09:16:02.811+0000] {processor.py:840} INFO - DAG(s) 'youtube_data_updating' retrieved from /opt/airflow/dags/dag_updating.py
[2026-09-18T09:16:02.840+0000] {logging_mixin.py:188} INFO - [2026-09-18T09:16:02.840+0000] {dag.py:3096} INFO - Sync 1 DAGs
[2026-09-18T09:16:02.867+0000] {logging_mixin.py:188} INFO - [2026-09-18T09:16:02.867+0000] {dag.py:3954} INFO - Setting next_dagrun for youtube_data_updating to 2026-09-18 00:00:00+00:00, run_after=2026-09-19 00:00:00+00:00
[2026-09-18T09:16:02.895+0000] {processor.py:183} INFO - Processing /opt/airflow/dags/dag_updating.py took 0.179 seconds
[2026-09-18T09:16:33.175+0000] {processor.py:161} INFO - Started process (PID=398) to work on /opt/airflow/dags/dag_updating.py
[2026-09-18T09:16:33.177+0000] {processor.py:830} INFO - Processing file /opt/airflow/dags/dag_updating.py for tasks to queue
[2026-09-18T09:16:33.180+0000] {logging_mixin.py:188} INFO - [2026-09-18T09:16:33.180+0000] {dagbag.py:545} INFO - Filling up the DagBag from /opt/airflow/dags/dag_updating.py
[2026-09-18T09:16:33.232+0000] {processor.py:840} INFO - DAG(s) 'youtube_data_updating' retrieved from /opt/airflow/dags/dag_updating.py
[2026-09-18T09:16:33.266+0000] {logging_mixin.py:188} INFO - [2026-09-18T09:16:33.266+0000] {dag.py:3096} INFO - Sync 1 DAGs
[2026-09-18T09:16:33.297+0000] {logging_mixin.py:188} INFO - [2026-09-18T09:16:33.297+0000] {dag.py:3954} INFO - Setting next_dagrun for youtube_data_updating to 2026-09-18 00:00:00+00:00, run_after=2026-09-19 00:00:00+00:00
[2026-09-18T09:16:33.327+0000] {processor.py:183} INFO - Processing /opt/airflow/dags/dag_updating.py took 0.163 seconds
[2026-09-18T09:17:03.644+0000] {processor.py:161} INFO - Started process (PID=406) to work on /opt/airflow/dags/dag_updating.py
[2026-09-18T09:17:03.648+0000] {processor.py:830} INFO - Processing file /opt/airflow/dags/dag_updating.py for tasks to queue
[2026-09-18T09:17:03.651+0000] {logging_mixin.py:188} INFO - [2026-09-18T09:17:03.651+0000] {dagbag.py:545} INFO - Filling up the DagBag from /opt/airflow/dags/dag_updating.py
[2026-09-18T09:17:03.702+0000] {processor.py:840} INFO - DAG(s) 'youtube_data_updating' retrieved from /opt/airflow/dags/dag_updating.py
[2026-09-18T09:17:03.730+0000] {logging_mixin.py:188} INFO - [2026-09-18T09:17:03.730+0000] {dag.py:3096} INFO - Sync 1 DAGs
[2026-09-18T09:17:03.757+0000] {logging_mixin.py:188} INFO - [2026-09-18T09:17:03.757+0000] {dag.py:3954} INFO - Setting next_dagrun for youtube_data_updating to 2026-09-18 00:00:00+00:00, run_after=2026-09-19 00:00:00+00:00
[2026-09-18T09:17:03.782+0000] {processor.py:183} INFO - Processing /opt/airflow/dags/dag_updating.py took 0.149 seconds
[2026-09-18T09:17:34.135+0000] {processor.py:161} INFO - Started process (PID=414) to work on /opt/airflow/dags/dag_updating.py
[2026-09-18T09:17:34.138+0000] {processor.py:830} INFO - Processing file /opt/airflow/dags/dag_updating.py for tasks to queue
[2026-09-18T09:17:34.141+0000] {logging_mixin.py:188} INFO - [2026-09-18T09:17:34.141+0000] {dagbag.py:545} INFO - Filling up the DagBag from /opt/airflow/dags/dag_updating.py
[2026-09-18T09:17:34.191+0000] {processor.py:840} INFO - DAG(s) 'youtube_data_updating' retrieved from /opt/airflow/dags/dag_updating.py
[2026-09-18T09:17:34.216+0000] {logging_mixin.py:188} INFO - [2026-09-18T09:17:34.216+0000] {dag.py:3096} INFO - Sync 1 DAGs
[2026-09-18T09:17:34.242+0000] {logging_mixin.py:188} INFO - [2026-09-18T09:17:34.242+0000] {dag.py:3954} INFO - Setting next_dagrun for youtube_data_updating to 2026-09-18 00:00:00+00:00, run_after=2026-09-19 00:00:00+00:00
[2026-09-18T09:17:34.267+0000] {processor.py:183} INFO - Processing /opt/airflow/dags/dag_updating.py took 0.142 seconds
[2026-09-18T09:18:04.545+0000] {processor.py:161} INFO - Started process (PID=422) to work on /opt/airflow/dags/dag_updating.py
[2026-09-18T09:18:04.549+0000] {processor.py:830} INFO - Processing file /opt/airflow/dags/dag_updating.py for tasks to queue
[2026-09-18T09:18:04.553+0000] {logging_mixin.py:188} INFO - [2026-09-18T09:18:04.552+0000] {dagbag.py:545} INFO - Filling up the DagBag from /opt/airflow/dags/dag_updating.py
[2026-09-18T09:18:04.595+0000] {processor.py:840} INFO - DAG(s) 'youtube_data_updating' retrieved from /opt/airflow/dags/dag_updating.py
[2026-09-18T09:18:04.618+0000] {logging_mixin.py:188} INFO - [2026-09-18T09:18:04.618+0000] {dag.py:3096} INFO - Sync 1 DAGs
[2026-09-18T09:18:04.642+0000] {logging_mixin.py:188} INFO - [2026-09-18T09:18:04.642+0000] {dag.py:3954} INFO - Setting next_dagrun for youtube_data_updating to 2026-09-18 00:00:00+00:00, run_after=2026-09-19 00:00:00+00:00
[2026-09-18T09:18:04.665+0000] {processor.py:183} INFO - Processing /opt/airflow/dags/dag_updating.py took 0.127 seconds
[2026-09-18T09:18:34.964+0000] {processor.py:161} INFO - Started process (PID=430) to work on /opt/airflow/dags/dag_updating.py
[2026-09-18T09:18:34.967+0000] {processor.py:830} INFO - Processing file /opt/airflow/dags/dag_updating.py for tasks to queue
[2026-09-18T09:18:34.970+0000] {logging_mixin.py:188} INFO - [2026-09-18T09:18:34.970+0000] {dagbag.py:545} INFO - Filling up the DagBag from /opt/airflow/dags/dag_updating.py
[2026-09-18T09:18:35.009+0000] {processor.py:840} INFO - DAG(s) 'youtube_data_updating' retrieved from /opt/airflow/dags/dag_updating.py
[2026-09-18T09:18:35.030+0000] {logging_mixin.py:188} INFO - [2026-09-18T09:18:35.030+0000] {dag.py:3096} INFO - Sync 1 DAGs
[2026-09-18T09:18:35.052+0000] {logging_mixin.py:188} INFO - [2026-09-18T09:18:35.052+0000] {dag.py:3954} INFO - Setting next_dagrun for youtube_data_updating to 2026-09-18 00:00:00+00:00, run_after=2026-09-19 00:00:00+00:00
[2026-09-18T09:18:35.076+0000] {processor.py:183} INFO - Processing /opt/airflow/dags/dag_updating.py took 0.120 seconds
[2026-09-18T09:19:05.389+0000] {processor.py:161} INFO - Started process (PID=438) to work on /opt/airflow/dags/dag_updating.py
[2026-09-18T09:19:05.391+0000] {processor.py:830} INFO - Processing file /opt/airflow/dags/dag_updating.py for tasks to queue
[2026-09-18T09:19:05.395+0000] {logging_mixin.py:188} INFO - [2026-09-18T09:19:05.395+0000] {dagbag.py:545} INFO - Filling up the DagBag from /opt/airflow/dags/dag_updating.py
[2026-09-18T09:19:05.444+0000] {processor.py:840} INFO - DAG(s) 'youtube_data_updating' retrieved from /opt/airflow/dags/dag_updating.py
[2026-09-18T09:19:05.467+0000] {logging_mixin.py:188} INFO - [2026-09-18T09:19:05.467+0000] {dag.py:3096} INFO - Sync 1 DAGs
[2026-09-18T09:19:05.493+0000] {logging_mixin.py:188} INFO - [2026-09-18T09:19:05.493+0000] {dag.py:3954} INFO - Setting next_dagrun for youtube_data_updating to 2026-09-18 00:00:00+00:00, run_after=2026-09-19 00:00:00+00:00
[2026-09-18T09:19:05.514+0000] {processor.py:183} INFO - Processing /opt/airflow/dags/dag_updating.py took 0.134 seconds
[2026-09-18T09:19:35.839+0000] {processor.py:161} INFO - Started process (PID=446) to work on /opt/airflow/dags/dag_updating.py
[2026-09-18T09:19:35.842+0000] {processor.py:830} INFO - Processing file /opt/airflow/dags/dag_updating.py for tasks to queue
[2026-09-18T09:19:35.844+0000] {logging_mixin.py:188} INFO - [2026-09-18T09:19:35.844+0000] {dagbag.py:545} INFO - Filling up the DagBag from /opt/airflow/dags/dag_updating.py
[2026-09-18T09:19:35.883+0000] {processor.py:840} INFO - DAG(s) 'youtube_data_updating' retrieved from /opt/airflow/dags/dag_updating.py
[2026-09-18T09:19:35.904+0000] {logging_mixin.py:188} INFO - [2026-09-18T09:19:35.903+0000] {dag.py:3096} INFO - Sync 1 DAGs
[2026-09-18T09:19:35.927+0000] {logging_mixin.py:188} INFO - [2026-09-18T09:19:35.927+0000] {dag.py:3954} INFO - Setting next_dagrun for youtube_data_updating to 2026-09-18 00:00:00+00:00, run_after=2026-09-19 00:00:00+00:00
[2026-09-18T09:19:35.951+0000] {processor.py:183} INFO - Processing /opt/airflow/dags/dag_updating.py took 0.120 seconds
[2026-09-18T09:20:06.264+0000] {processor.py:161} INFO - Started process (PID=468) to work on /opt/airflow/dags/dag_updating.py
[2026-09-18T09:20:06.266+0000] {processor.py:830} INFO - Processing file /opt/airflow/dags/dag_updating.py for tasks to queue
[2026-09-18T09:20:06.271+0000] {logging_mixin.py:188} INFO - [2026-09-18T09:20:06.271+0000] {dagbag.py:545} INFO - Filling up the DagBag from /opt/airflow/dags/dag_updating.py
[2026-09-18T09:20:06.316+0000] {processor.py:840} INFO - DAG(s) 'youtube_data_updating' retrieved from /opt/airflow/dags/dag_updating.py
[2026-09-18T09:20:06.343+0000] {logging_mixin.py:188} INFO - [2026-09-18T09:20:06.343+0000] {dag.py:3096} INFO - Sync 1 DAGs
[2026-09-18T09:20:06.366+0000] {logging_mixin.py:188} INFO - [2026-09-18T09:20:06.366+0000] {dag.py:3954} INFO - Setting next_dagrun for youtube_data_updating to 2026-09-18 00:00:00+00:00, run_after=2026-09-19 00:00:00+00:00
[2026-09-18T09:20:06.392+0000] {processor.py:183} INFO - Processing /opt/airflow/dags/dag_updating.py took 0.140 seconds
[2026-09-18T09:20:36.683+0000] {processor.py:161} INFO - Started process (PID=490) to work on /opt/airflow/dags/dag_updating.py
[2026-09-18T09:20:36.685+0000] {processor.py:830} INFO - Processing file /opt/airflow/dags/dag_updating.py for tasks to queue
[2026-09-18T09:20:36.688+0000] {logging_mixin.py:188} INFO - [2026-09-18T09:20:36.688+0000] {dagbag.py:545} INFO - Filling up the DagBag from /opt/airflow/dags/dag_updating.py
[2026-09-18T09:20:36.734+0000] {processor.py:840} INFO - DAG(s) 'youtube_data_updating' retrieved from /opt/airflow/dags/dag_updating.py
[2026-09-18T09:20:36.755+0000] {logging_mixin.py:188} INFO - [2026-09-18T09:20:36.755+0000] {dag.py:3096} INFO - Sync 1 DAGs
[2026-09-18T09:20:36.780+0000] {logging_mixin.py:188} INFO - [2026-09-18T09:20:36.780+0000] {dag.py:3954} INFO - Setting next_dagrun for youtube_data_updating to 2026-09-18 00:00:00+00:00, run_after=2026-09-19 00:00:00+00:00
[2026-09-18T09:20:36.801+0000] {processor.py:183} INFO - Processing /opt/airflow/dags/dag_updating.py took 0.125 seconds
[2026-09-18T09:21:07.114+0000] {processor.py:161} INFO - Started process (PID=498) to work on /opt/airflow/dags/dag_updating.py
[2026-09-18T09:21:07.116+0000] {processor.py:830} INFO - Processing file /opt/airflow/dags/dag_updating.py for tasks to queue
[2026-09-18T09:21:07.119+0000] {logging_mixin.py:188} INFO - [2026-09-18T09:21:07.119+0000] {dagbag.py:545} INFO - Filling up the DagBag from /opt/airflow/dags/dag_updating.py
[2026-09-18T09:21:07.164+0000] {processor.py:840} INFO - DAG(s) 'youtube_data_updating' retrieved from /opt/airflow/dags/dag_updating.py
[2026-09-18T09:21:07.190+0000] {logging_mixin.py:188} INFO - [2026-09-18T09:21:07.190+0000] {dag.py:3096} INFO - Sync 1 DAGs
[2026-09-18T09:21:07.221+0000] {logging_mixin.py:188} INFO - [2026-09-18T09:21:07.220+0000] {dag.py:3954} INFO - Setting next_dagrun for youtube_data_updating to 2026-09-18 00:00:00+00:00, run_after=2026-09-19 00:00:00+00:00
[2026-09-18T09:21:07.245+0000] {processor.py:183} INFO - Processing /opt/airflow/dags/dag_updating.py took 0.142 seconds
[2026-09-18T09:21:37.553+0000] {processor.py:161} INFO - Started process (PID=520) to work on /opt/airflow/dags/dag_updating.py
[2026-09-18T09:21:37.555+0000] {processor.py:830} INFO - Processing file /opt/airflow/dags/dag_updating.py for tasks to queue
[2026-09-18T09:21:37.558+0000] {logging_mixin.py:188} INFO - [2026-09-18T09:21:37.557+0000] {dagbag.py:545} INFO - Filling up the DagBag from /opt/airflow/dags/dag_updating.py
[2026-09-18T09:21:37.596+0000] {processor.py:840} INFO - DAG(s) 'youtube_data_updating' retrieved from /opt/airflow/dags/dag_updating.py
[2026-09-18T09:21:37.623+0000] {logging_mixin.py:188} INFO - [2026-09-18T09:21:37.623+0000] {dag.py:3096} INFO - Sync 1 DAGs
[2026-09-18T09:21:37.646+0000] {logging_mixin.py:188} INFO - [2026-09-18T09:21:37.646+0000] {dag.py:3954} INFO - Setting next_dagrun for youtube_data_updating to 2026-09-18 00:00:00+00:00, run_after=2026-09-19 00:00:00+00:00
[2026-09-18T09:21:37.671+0000] {processor.py:183} INFO - Processing /opt/airflow/dags/dag_updating.py took 0.127 seconds
[2026-09-18T09:22:07.999+0000] {processor.py:161} INFO - Started process (PID=528) to work on /opt/airflow/dags/dag_updating.py
[2026-09-18T09:22:08.001+0000] {processor.py:830} INFO - Processing file /opt/airflow/dags/dag_updating.py for tasks to queue
[2026-09-18T09:22:08.004+0000] {logging_mixin.py:188} INFO - [2026-09-18T09:22:08.004+0000] {dagbag.py:545} INFO - Filling up the DagBag from /opt/airflow/dags/dag_updating.py
[2026-09-18T09:22:08.045+0000] {processor.py:840} INFO - DAG(s) 'youtube_data_updating' retrieved from /opt/airflow/dags/dag_updating.py
[2026-09-18T09:22:08.066+0000] {logging_mixin.py:188} INFO - [2026-09-18T09:22:08.066+0000] {dag.py:3096} INFO - Sync 1 DAGs
[2026-09-18T09:22:08.091+0000] {logging_mixin.py:188} INFO - [2026-09-18T09:22:08.091+0000] {dag.py:3954} INFO - Setting next_dagrun for youtube_data_updating to 2026-09-18 00:00:00+00:00, run_after=2026-09-19 00:00:00+00:00
[2026-09-18T09:22:08.113+0000] {processor.py:183} INFO - Processing /opt/airflow/dags/dag_updating.py took 0.121 seconds
[2026-09-18T09:22:38.478+0000] {processor.py:161} INFO - Started process (PID=536) to work on /opt/airflow/dags/dag_updating.py
[2026-09-18T09:22:38.481+0000] {processor.py:830} INFO - Processing file /opt/airflow/dags/dag_updating.py for tasks to queue
[2026-09-18T09:22:38.486+0000] {logging_mixin.py:188} INFO - [2026-09-18T09:22:38.485+0000] {dagbag.py:545} INFO - Filling up the DagBag from /opt/airflow/dags/dag_updating.py
[2026-09-18T09:22:38.553+0000] {processor.py:840} INFO - DAG(s) 'youtube_data_updating' retrieved from /opt/airflow/dags/dag_updating.py
[2026-09-18T09:22:38.578+0000] {logging_mixin.py:188} INFO - [2026-09-18T09:22:38.578+0000] {dag.py:3096} INFO - Sync 1 DAGs
[2026-09-18T09:22:38.604+0000] {logging_mixin.py:188} INFO - [2026-09-18T09:22:38.604+0000] {dag.py:3954} INFO - Setting next_dagrun for youtube_data_updating to 2026-09-18 00:00:00+00:00, run_after=2026-09-19 00:00:00+00:00
[2026-09-18T09:22:38.627+0000] {processor.py:183} INFO - Processing /opt/airflow/dags/dag_updating.py took 0.164 seconds
[2026-09-18T09:23:08.939+0000] {processor.py:161} INFO - Started process (PID=544) to work on /opt/airflow/dags/dag_updating.py
[2026-09-18T09:23:08.941+0000] {processor.py:830} INFO - Processing file /opt/airflow/dags/dag_updating.py for tasks to queue
[2026-09-18T09:23:08.944+0000] {logging_mixin.py:188} INFO - [2026-09-18T09:23:08.944+0000] {dagbag.py:545} INFO - Filling up the DagBag from /opt/airflow/dags/dag_updating.py
[2026-09-18T09:23:08.983+0000] {processor.py:840} INFO - DAG(s) 'youtube_data_updating' retrieved from /opt/airflow/dags/dag_updating.py
[2026-09-18T09:23:09.007+0000] {logging_mixin.py:188} INFO - [2026-09-18T09:23:09.007+0000] {dag.py:3096} INFO - Sync 1 DAGs
[2026-09-18T09:23:09.032+0000] {logging_mixin.py:188} INFO - [2026-09-18T09:23:09.031+0000] {dag.py:3954} INFO - Setting next_dagrun for youtube_data_updating to 2026-09-18 00:00:00+00:00, run_after=2026-09-19 00:00:00+00:00
[2026-09-18T09:23:09.054+0000] {processor.py:183} INFO - Processing /opt/airflow/dags/dag_updating.py took 0.124 seconds
[2026-09-18T09:23:39.363+0000] {processor.py:161} INFO - Started process (PID=552) to work on /opt/airflow/dags/dag_updating.py
[2026-09-18T09:23:39.365+0000] {processor.py:830} INFO - Processing file /opt/airflow/dags/dag_updating.py for tasks to queue
[2026-09-18T09:23:39.368+0000] {logging_mixin.py:188} INFO - [2026-09-18T09:23:39.368+0000] {dagbag.py:545} INFO - Filling up the DagBag from /opt/airflow/dags/dag_updating.py
[2026-09-18T09:23:39.413+0000] {processor.py:840} INFO - DAG(s) 'youtube_data_updating' retrieved from /opt/airflow/dags/dag_updating.py
[2026-09-18T09:23:39.438+0000] {logging_mixin.py:188} INFO - [2026-09-18T09:23:39.437+0000] {dag.py:3096} INFO - Sync 1 DAGs
[2026-09-18T09:23:39.462+0000] {logging_mixin.py:188} INFO - [2026-09-18T09:23:39.462+0000] {dag.py:3954} INFO - Setting next_dagrun for youtube_data_updating to 2026-09-18 00:00:00+00:00, run_after=2026-09-19 00:00:00+00:00
[2026-09-18T09:23:39.486+0000] {processor.py:183} INFO - Processing /opt/airflow/dags/dag_updating.py took 0.133 seconds
[2026-09-18T09:24:09.807+0000] {processor.py:161} INFO - Started process (PID=560) to work on /opt/airflow/dags/dag_updating.py
[2026-09-18T09:24:09.810+0000] {processor.py:830} INFO - Processing file /opt/airflow/dags/dag_updating.py for tasks to queue
[2026-09-18T09:24:09.813+0000] {logging_mixin.py:188} INFO - [2026-09-18T09:24:09.813+0000] {dagbag.py:545} INFO - Filling up the DagBag from /opt/airflow/dags/dag_updating.py
[2026-09-18T09:24:09.856+0000] {processor.py:840} INFO - DAG(s) 'youtube_data_updating' retrieved from /opt/airflow/dags/dag_updating.py
[2026-09-18T09:24:09.879+0000] {logging_mixin.py:188} INFO - [2026-09-18T09:24:09.879+0000] {dag.py:3096} INFO - Sync 1 DAGs
[2026-09-18T09:24:09.902+0000] {logging_mixin.py:188} INFO - [2026-09-18T09:24:09.902+0000] {dag.py:3954} INFO - Setting next_dagrun for youtube_data_updating to 2026-09-18 00:00:00+00:00, run_after=2026-09-19 00:00:00+00:00
[2026-09-18T09:24:09.924+0000] {processor.py:183} INFO - Processing /opt/airflow/dags/dag_updating.py took 0.126 seconds
[2026-09-18T09:24:40.223+0000] {processor.py:161} INFO - Started process (PID=568) to work on /opt/airflow/dags/dag_updating.py
[2026-09-18T09:24:40.226+0000] {processor.py:830} INFO - Processing file /opt/airflow/dags/dag_updating.py for tasks to queue
[2026-09-18T09:24:40.228+0000] {logging_mixin.py:188} INFO - [2026-09-18T09:24:40.228+0000] {dagbag.py:545} INFO - Filling up the DagBag from /opt/airflow/dags/dag_updating.py
[2026-09-18T09:24:40.268+0000] {processor.py:840} INFO - DAG(s) 'youtube_data_updating' retrieved from /opt/airflow/dags/dag_updating.py
[2026-09-18T09:24:40.287+0000] {logging_mixin.py:188} INFO - [2026-09-18T09:24:40.287+0000] {dag.py:3096} INFO - Sync 1 DAGs
[2026-09-18T09:24:40.309+0000] {logging_mixin.py:188} INFO - [2026-09-18T09:24:40.309+0000] {dag.py:3954} INFO - Setting next_dagrun for youtube_data_updating to 2026-09-18 00:00:00+00:00, run_after=2026-09-19 00:00:00+00:00
[2026-09-18T09:24:40.332+0000] {processor.py:183} INFO - Processing /opt/airflow/dags/dag_updating.py took 0.117 seconds
[2026-09-18T09:25:10.647+0000] {processor.py:161} INFO - Started process (PID=576) to work on /opt/airflow/dags/dag_updating.py
[2026-09-18T09:25:10.650+0000] {processor.py:830} INFO - Processing file /opt/airflow/dags/dag_updating.py for tasks to queue
[2026-09-18T09:25:10.653+0000] {logging_mixin.py:188} INFO - [2026-09-18T09:25:10.652+0000] {dagbag.py:545} INFO - Filling up the DagBag from /opt/airflow/dags/dag_updating.py
[2026-09-18T09:25:10.700+0000] {processor.py:840} INFO - DAG(s) 'youtube_data_updating' retrieved from /opt/airflow/dags/dag_updating.py
[2026-09-18T09:25:10.724+0000] {logging_mixin.py:188} INFO - [2026-09-18T09:25:10.723+0000] {dag.py:3096} INFO - Sync 1 DAGs
[2026-09-18T09:25:10.747+0000] {logging_mixin.py:188} INFO - [2026-09-18T09:25:10.747+0000] {dag.py:3954} INFO - Setting next_dagrun for youtube_data_updating to 2026-09-18 00:00:00+00:00, run_after=2026-09-19 00:00:00+00:00
[2026-09-18T09:25:10.771+0000] {processor.py:183} INFO - Processing /opt/airflow/dags/dag_updating.py took 0.136 seconds
[2026-09-18T09:25:41.127+0000] {processor.py:161} INFO - Started process (PID=584) to work on /opt/airflow/dags/dag_updating.py
[2026-09-18T09:25:41.129+0000] {processor.py:830} INFO - Processing file /opt/airflow/dags/dag_updating.py for tasks to queue
[2026-09-18T09:25:41.131+0000] {logging_mixin.py:188} INFO - [2026-09-18T09:25:41.131+0000] {dagbag.py:545} INFO - Filling up the DagBag from /opt/airflow/dags/dag_updating.py
[2026-09-18T09:25:41.170+0000] {processor.py:840} INFO - DAG(s) 'youtube_data_updating' retrieved from /opt/airflow/dags/dag_updating.py
[2026-09-18T09:25:41.194+0000] {logging_mixin.py:188} INFO - [2026-09-18T09:25:41.193+0000] {dag.py:3096} INFO - Sync 1 DAGs
[2026-09-18T09:25:41.217+0000] {logging_mixin.py:188} INFO - [2026-09-18T09:25:41.216+0000] {dag.py:3954} INFO - Setting next_dagrun for youtube_data_updating to 2026-09-18 00:00:00+00:00, run_after=2026-09-19 00:00:00+00:00
[2026-09-18T09:25:41.239+0000] {processor.py:183} INFO - Processing /opt/airflow/dags/dag_updating.py took 0.120 seconds
[2026-09-18T09:26:11.579+0000] {processor.py:161} INFO - Started process (PID=593) to work on /opt/airflow/dags/dag_updating.py
[2026-09-18T09:26:11.581+0000] {processor.py:830} INFO - Processing file /opt/airflow/dags/dag_updating.py for tasks to queue
[2026-09-18T09:26:11.586+0000] {logging_mixin.py:188} INFO - [2026-09-18T09:26:11.586+0000] {dagbag.py:545} INFO - Filling up the DagBag from /opt/airflow/dags/dag_updating.py
[2026-09-18T09:26:11.632+0000] {processor.py:840} INFO - DAG(s) 'youtube_data_updating' retrieved from /opt/airflow/dags/dag_updating.py
[2026-09-18T09:26:11.657+0000] {logging_mixin.py:188} INFO - [2026-09-18T09:26:11.657+0000] {dag.py:3096} INFO - Sync 1 DAGs
[2026-09-18T09:26:11.682+0000] {logging_mixin.py:188} INFO - [2026-09-18T09:26:11.682+0000] {dag.py:3954} INFO - Setting next_dagrun for youtube_data_updating to 2026-09-18 00:00:00+00:00, run_after=2026-09-19 00:00:00+00:00
[2026-09-18T09:26:11.705+0000] {processor.py:183} INFO - Processing /opt/airflow/dags/dag_updating.py took 0.138 seconds
[2026-09-18T09:26:42.063+0000] {processor.py:161} INFO - Started process (PID=601) to work on /opt/airflow/dags/dag_updating.py
[2026-09-18T09:26:42.065+0000] {processor.py:830} INFO - Processing file /opt/airflow/dags/dag_updating.py for tasks to queue
[2026-09-18T09:26:42.068+0000] {logging_mixin.py:188} INFO - [2026-09-18T09:26:42.068+0000] {dagbag.py:545} INFO - Filling up the DagBag from /opt/airflow/dags/dag_updating.py
[2026-09-18T09:26:42.110+0000] {processor.py:840} INFO - DAG(s) 'youtube_data_updating' retrieved from /opt/airflow/dags/dag_updating.py
[2026-09-18T09:26:42.134+0000] {logging_mixin.py:188} INFO - [2026-09-18T09:26:42.133+0000] {dag.py:3096} INFO - Sync 1 DAGs
[2026-09-18T09:26:42.159+0000] {logging_mixin.py:188} INFO - [2026-09-18T09:26:42.158+0000] {dag.py:3954} INFO - Setting next_dagrun for youtube_data_updating to 2026-09-18 00:00:00+00:00, run_after=2026-09-19 00:00:00+00:00
[2026-09-18T09:26:42.180+0000] {processor.py:183} INFO - Processing /opt/airflow/dags/dag_updating.py took 0.128 seconds
[2026-09-18T09:27:12.546+0000] {processor.py:161} INFO - Started process (PID=609) to work on /opt/airflow/dags/dag_updating.py
[2026-09-18T09:27:12.549+0000] {processor.py:830} INFO - Processing file /opt/airflow/dags/dag_updating.py for tasks to queue
[2026-09-18T09:27:12.552+0000] {logging_mixin.py:188} INFO - [2026-09-18T09:27:12.552+0000] {dagbag.py:545} INFO - Filling up the DagBag from /opt/airflow/dags/dag_updating.py
[2026-09-18T09:27:12.598+0000] {processor.py:840} INFO - DAG(s) 'youtube_data_updating' retrieved from /opt/airflow/dags/dag_updating.py
[2026-09-18T09:27:12.622+0000] {logging_mixin.py:188} INFO - [2026-09-18T09:27:12.622+0000] {dag.py:3096} INFO - Sync 1 DAGs
[2026-09-18T09:27:12.648+0000] {logging_mixin.py:188} INFO - [2026-09-18T09:27:12.648+0000] {dag.py:3954} INFO - Setting next_dagrun for youtube_data_updating to 2026-09-18 00:00:00+00:00, run_after=2026-09-19 00:00:00+00:00
[2026-09-18T09:27:12.674+0000] {processor.py:183} INFO - Processing /opt/airflow/dags/dag_updating.py took 0.135 seconds
[2026-09-18T09:27:43.068+0000] {processor.py:161} INFO - Started process (PID=617) to work on /opt/airflow/dags/dag_updating.py
[2026-09-18T09:27:43.070+0000] {processor.py:830} INFO - Processing file /opt/airflow/dags/dag_updating.py for tasks to queue
[2026-09-18T09:27:43.072+0000] {logging_mixin.py:188} INFO - [2026-09-18T09:27:43.072+0000] {dagbag.py:545} INFO - Filling up the DagBag from /opt/airflow/dags/dag_updating.py
[2026-09-18T09:27:43.113+0000] {processor.py:840} INFO - DAG(s) 'youtube_data_updating' retrieved from /opt/airflow/dags/dag_updating.py
[2026-09-18T09:27:43.134+0000] {logging_mixin.py:188} INFO - [2026-09-18T09:27:43.134+0000] {dag.py:3096} INFO - Sync 1 DAGs
[2026-09-18T09:27:43.159+0000] {logging_mixin.py:188} INFO - [2026-09-18T09:27:43.158+0000] {dag.py:3954} INFO - Setting next_dagrun for youtube_data_updating to 2026-09-18 00:00:00+00:00, run_after=2026-09-19 00:00:00+00:00
[2026-09-18T09:27:43.181+0000] {processor.py:183} INFO - Processing /opt/airflow/dags/dag_updating.py took 0.122 seconds
[2026-09-18T09:28:13.520+0000] {processor.py:161} INFO - Started process (PID=625) to work on /opt/airflow/dags/dag_updating.py
[2026-09-18T09:28:13.523+0000] {processor.py:830} INFO - Processing file /opt/airflow/dags/dag_updating.py for tasks to queue
[2026-09-18T09:28:13.526+0000] {logging_mixin.py:188} INFO - [2026-09-18T09:28:13.526+0000] {dagbag.py:545} INFO - Filling up the DagBag from /opt/airflow/dags/dag_updating.py
[2026-09-18T09:28:13.582+0000] {processor.py:840} INFO - DAG(s) 'youtube_data_updating' retrieved from /opt/airflow/dags/dag_updating.py
[2026-09-18T09:28:13.616+0000] {logging_mixin.py:188} INFO - [2026-09-18T09:28:13.616+0000] {dag.py:3096} INFO - Sync 1 DAGs
[2026-09-18T09:28:13.652+0000] {logging_mixin.py:188} INFO - [2026-09-18T09:28:13.652+0000] {dag.py:3954} INFO - Setting next_dagrun for youtube_data_updating to 2026-09-18 00:00:00+00:00, run_after=2026-09-19 00:00:00+00:00
[2026-09-18T09:28:13.683+0000] {processor.py:183} INFO - Processing /opt/airflow/dags/dag_updating.py took 0.173 seconds
[2026-09-18T09:28:43.986+0000] {processor.py:161} INFO - Started process (PID=633) to work on /opt/airflow/dags/dag_updating.py
[2026-09-18T09:28:43.989+0000] {processor.py:830} INFO - Processing file /opt/airflow/dags/dag_updating.py for tasks to queue
[2026-09-18T09:28:43.993+0000] {logging_mixin.py:188} INFO - [2026-09-18T09:28:43.992+0000] {dagbag.py:545} INFO - Filling up the DagBag from /opt/airflow/dags/dag_updating.py
[2026-09-18T09:28:44.035+0000] {processor.py:840} INFO - DAG(s) 'youtube_data_updating' retrieved from /opt/airflow/dags/dag_updating.py
[2026-09-18T09:28:44.058+0000] {logging_mixin.py:188} INFO - [2026-09-18T09:28:44.058+0000] {dag.py:3096} INFO - Sync 1 DAGs
[2026-09-18T09:28:44.103+0000] {logging_mixin.py:188} INFO - [2026-09-18T09:28:44.095+0000] {dag.py:3954} INFO - Setting next_dagrun for youtube_data_updating to 2026-09-18 00:00:00+00:00, run_after=2026-09-19 00:00:00+00:00
[2026-09-18T09:28:44.148+0000] {processor.py:183} INFO - Processing /opt/airflow/dags/dag_updating.py took 0.170 seconds
[2026-09-18T09:29:14.493+0000] {processor.py:161} INFO - Started process (PID=641) to work on /opt/airflow/dags/dag_updating.py
[2026-09-18T09:29:14.495+0000] {processor.py:830} INFO - Processing file /opt/airflow/dags/dag_updating.py for tasks to queue
[2026-09-18T09:29:14.499+0000] {logging_mixin.py:188} INFO - [2026-09-18T09:29:14.498+0000] {dagbag.py:545} INFO - Filling up the DagBag from /opt/airflow/dags/dag_updating.py
[2026-09-18T09:29:14.553+0000] {processor.py:840} INFO - DAG(s) 'youtube_data_updating' retrieved from /opt/airflow/dags/dag_updating.py
[2026-09-18T09:29:14.581+0000] {logging_mixin.py:188} INFO - [2026-09-18T09:29:14.580+0000] {dag.py:3096} INFO - Sync 1 DAGs
[2026-09-18T09:29:14.604+0000] {logging_mixin.py:188} INFO - [2026-09-18T09:29:14.604+0000] {dag.py:3954} INFO - Setting next_dagrun for youtube_data_updating to 2026-09-18 00:00:00+00:00, run_after=2026-09-19 00:00:00+00:00
[2026-09-18T09:29:14.631+0000] {processor.py:183} INFO - Processing /opt/airflow/dags/dag_updating.py took 0.148 seconds
[2026-09-18T09:29:44.925+0000] {processor.py:161} INFO - Started process (PID=649) to work on /opt/airflow/dags/dag_updating.py
[2026-09-18T09:29:44.928+0000] {processor.py:830} INFO - Processing file /opt/airflow/dags/dag_updating.py for tasks to queue
[2026-09-18T09:29:44.931+0000] {logging_mixin.py:188} INFO - [2026-09-18T09:29:44.931+0000] {dagbag.py:545} INFO - Filling up the DagBag from /opt/airflow/dags/dag_updating.py
[2026-09-18T09:29:44.977+0000] {processor.py:840} INFO - DAG(s) 'youtube_data_updating' retrieved from /opt/airflow/dags/dag_updating.py
[2026-09-18T09:29:45.002+0000] {logging_mixin.py:188} INFO - [2026-09-18T09:29:45.001+0000] {dag.py:3096} INFO - Sync 1 DAGs
[2026-09-18T09:29:45.027+0000] {logging_mixin.py:188} INFO - [2026-09-18T09:29:45.026+0000] {dag.py:3954} INFO - Setting next_dagrun for youtube_data_updating to 2026-09-18 00:00:00+00:00, run_after=2026-09-19 00:00:00+00:00
[2026-09-18T09:29:45.053+0000] {processor.py:183} INFO - Processing /opt/airflow/dags/dag_updating.py took 0.138 seconds
[2026-09-18T09:30:15.327+0000] {processor.py:161} INFO - Started process (PID=657) to work on /opt/airflow/dags/dag_updating.py
[2026-09-18T09:30:15.331+0000] {processor.py:830} INFO - Processing file /opt/airflow/dags/dag_updating.py for tasks to queue
[2026-09-18T09:30:15.333+0000] {logging_mixin.py:188} INFO - [2026-09-18T09:30:15.333+0000] {dagbag.py:545} INFO - Filling up the DagBag from /opt/airflow/dags/dag_updating.py
[2026-09-18T09:30:15.376+0000] {processor.py:840} INFO - DAG(s) 'youtube_data_updating' retrieved from /opt/airflow/dags/dag_updating.py
[2026-09-18T09:30:15.398+0000] {logging_mixin.py:188} INFO - [2026-09-18T09:30:15.398+0000] {dag.py:3096} INFO - Sync 1 DAGs
[2026-09-18T09:30:15.423+0000] {logging_mixin.py:188} INFO - [2026-09-18T09:30:15.423+0000] {dag.py:3954} INFO - Setting next_dagrun for youtube_data_updating to 2026-09-18 00:00:00+00:00, run_after=2026-09-19 00:00:00+00:00
[2026-09-18T09:30:15.448+0000] {processor.py:183} INFO - Processing /opt/airflow/dags/dag_updating.py took 0.129 seconds
[2026-09-18T09:30:45.780+0000] {processor.py:161} INFO - Started process (PID=665) to work on /opt/airflow/dags/dag_updating.py
[2026-09-18T09:30:45.783+0000] {processor.py:830} INFO - Processing file /opt/airflow/dags/dag_updating.py for tasks to queue
[2026-09-18T09:30:45.786+0000] {logging_mixin.py:188} INFO - [2026-09-18T09:30:45.786+0000] {dagbag.py:545} INFO - Filling up the DagBag from /opt/airflow/dags/dag_updating.py
[2026-09-18T09:30:45.829+0000] {processor.py:840} INFO - DAG(s) 'youtube_data_updating' retrieved from /opt/airflow/dags/dag_updating.py
[2026-09-18T09:30:45.852+0000] {logging_mixin.py:188} INFO - [2026-09-18T09:30:45.851+0000] {dag.py:3096} INFO - Sync 1 DAGs
[2026-09-18T09:30:45.876+0000] {logging_mixin.py:188} INFO - [2026-09-18T09:30:45.876+0000] {dag.py:3954} INFO - Setting next_dagrun for youtube_data_updating to 2026-09-18 00:00:00+00:00, run_after=2026-09-19 00:00:00+00:00
[2026-09-18T09:30:45.899+0000] {processor.py:183} INFO - Processing /opt/airflow/dags/dag_updating.py took 0.131 seconds
[2026-09-18T09:31:16.177+0000] {processor.py:161} INFO - Started process (PID=673) to work on /opt/airflow/dags/dag_updating.py
[2026-09-18T09:31:16.179+0000] {processor.py:830} INFO - Processing file /opt/airflow/dags/dag_updating.py for tasks to queue
[2026-09-18T09:31:16.182+0000] {logging_mixin.py:188} INFO - [2026-09-18T09:31:16.182+0000] {dagbag.py:545} INFO - Filling up the DagBag from /opt/airflow/dags/dag_updating.py
[2026-09-18T09:31:16.223+0000] {processor.py:840} INFO - DAG(s) 'youtube_data_updating' retrieved from /opt/airflow/dags/dag_updating.py
[2026-09-18T09:31:16.245+0000] {logging_mixin.py:188} INFO - [2026-09-18T09:31:16.245+0000] {dag.py:3096} INFO - Sync 1 DAGs
[2026-09-18T09:31:16.269+0000] {logging_mixin.py:188} INFO - [2026-09-18T09:31:16.269+0000] {dag.py:3954} INFO - Setting next_dagrun for youtube_data_updating to 2026-09-18 00:00:00+00:00, run_after=2026-09-19 00:00:00+00:00
[2026-09-18T09:31:16.291+0000] {processor.py:183} INFO - Processing /opt/airflow/dags/dag_updating.py took 0.120 seconds
[2026-09-18T09:31:46.609+0000] {processor.py:161} INFO - Started process (PID=681) to work on /opt/airflow/dags/dag_updating.py
[2026-09-18T09:31:46.613+0000] {processor.py:830} INFO - Processing file /opt/airflow/dags/dag_updating.py for tasks to queue
[2026-09-18T09:31:46.616+0000] {logging_mixin.py:188} INFO - [2026-09-18T09:31:46.615+0000] {dagbag.py:545} INFO - Filling up the DagBag from /opt/airflow/dags/dag_updating.py
[2026-09-18T09:31:46.655+0000] {processor.py:840} INFO - DAG(s) 'youtube_data_updating' retrieved from /opt/airflow/dags/dag_updating.py
[2026-09-18T09:31:46.677+0000] {logging_mixin.py:188} INFO - [2026-09-18T09:31:46.677+0000] {dag.py:3096} INFO - Sync 1 DAGs
[2026-09-18T09:31:46.700+0000] {logging_mixin.py:188} INFO - [2026-09-18T09:31:46.699+0000] {dag.py:3954} INFO - Setting next_dagrun for youtube_data_updating to 2026-09-18 00:00:00+00:00, run_after=2026-09-19 00:00:00+00:00
[2026-09-18T09:31:46.723+0000] {processor.py:183} INFO - Processing /opt/airflow/dags/dag_updating.py took 0.122 seconds
[2026-09-18T09:32:17.066+0000] {processor.py:161} INFO - Started process (PID=689) to work on /opt/airflow/dags/dag_updating.py
[2026-09-18T09:32:17.068+0000] {processor.py:830} INFO - Processing file /opt/airflow/dags/dag_updating.py for tasks to queue
[2026-09-18T09:32:17.072+0000] {logging_mixin.py:188} INFO - [2026-09-18T09:32:17.071+0000] {dagbag.py:545} INFO - Filling up the DagBag from /opt/airflow/dags/dag_updating.py
[2026-09-18T09:32:17.114+0000] {processor.py:840} INFO - DAG(s) 'youtube_data_updating' retrieved from /opt/airflow/dags/dag_updating.py
[2026-09-18T09:32:17.140+0000] {logging_mixin.py:188} INFO - [2026-09-18T09:32:17.140+0000] {dag.py:3096} INFO - Sync 1 DAGs
[2026-09-18T09:32:17.162+0000] {logging_mixin.py:188} INFO - [2026-09-18T09:32:17.162+0000] {dag.py:3954} INFO - Setting next_dagrun for youtube_data_updating to 2026-09-18 00:00:00+00:00, run_after=2026-09-19 00:00:00+00:00
[2026-09-18T09:32:17.186+0000] {processor.py:183} INFO - Processing /opt/airflow/dags/dag_updating.py took 0.128 seconds
[2026-09-18T09:32:47.530+0000] {processor.py:161} INFO - Started process (PID=697) to work on /opt/airflow/dags/dag_updating.py
[2026-09-18T09:32:47.532+0000] {processor.py:830} INFO - Processing file /opt/airflow/dags/dag_updating.py for tasks to queue
[2026-09-18T09:32:47.535+0000] {logging_mixin.py:188} INFO - [2026-09-18T09:32:47.534+0000] {dagbag.py:545} INFO - Filling up the DagBag from /opt/airflow/dags/dag_updating.py
[2026-09-18T09:32:47.573+0000] {processor.py:840} INFO - DAG(s) 'youtube_data_updating' retrieved from /opt/airflow/dags/dag_updating.py
[2026-09-18T09:32:47.594+0000] {logging_mixin.py:188} INFO - [2026-09-18T09:32:47.594+0000] {dag.py:3096} INFO - Sync 1 DAGs
[2026-09-18T09:32:47.617+0000] {logging_mixin.py:188} INFO - [2026-09-18T09:32:47.617+0000] {dag.py:3954} INFO - Setting next_dagrun for youtube_data_updating to 2026-09-18 00:00:00+00:00, run_after=2026-09-19 00:00:00+00:00
[2026-09-18T09:32:47.641+0000] {processor.py:183} INFO - Processing /opt/airflow/dags/dag_updating.py took 0.118 seconds
[2026-09-18T09:33:17.947+0000] {processor.py:161} INFO - Started process (PID=705) to work on /opt/airflow/dags/dag_updating.py
[2026-09-18T09:33:17.951+0000] {processor.py:830} INFO - Processing file /opt/airflow/dags/dag_updating.py for tasks to queue
[2026-09-18T09:33:17.955+0000] {logging_mixin.py:188} INFO - [2026-09-18T09:33:17.954+0000] {dagbag.py:545} INFO - Filling up the DagBag from /opt/airflow/dags/dag_updating.py
[2026-09-18T09:33:17.995+0000] {processor.py:840} INFO - DAG(s) 'youtube_data_updating' retrieved from /opt/airflow/dags/dag_updating.py
[2026-09-18T09:33:18.017+0000] {logging_mixin.py:188} INFO - [2026-09-18T09:33:18.017+0000] {dag.py:3096} INFO - Sync 1 DAGs
[2026-09-18T09:33:18.040+0000] {logging_mixin.py:188} INFO - [2026-09-18T09:33:18.040+0000] {dag.py:3954} INFO - Setting next_dagrun for youtube_data_updating to 2026-09-18 00:00:00+00:00, run_after=2026-09-19 00:00:00+00:00
[2026-09-18T09:33:18.065+0000] {processor.py:183} INFO - Processing /opt/airflow/dags/dag_updating.py took 0.126 seconds
[2026-09-18T09:33:48.360+0000] {processor.py:161} INFO - Started process (PID=713) to work on /opt/airflow/dags/dag_updating.py
[2026-09-18T09:33:48.362+0000] {processor.py:830} INFO - Processing file /opt/airflow/dags/dag_updating.py for tasks to queue
[2026-09-18T09:33:48.365+0000] {logging_mixin.py:188} INFO - [2026-09-18T09:33:48.364+0000] {dagbag.py:545} INFO - Filling up the DagBag from /opt/airflow/dags/dag_updating.py
[2026-09-18T09:33:48.404+0000] {processor.py:840} INFO - DAG(s) 'youtube_data_updating' retrieved from /opt/airflow/dags/dag_updating.py
[2026-09-18T09:33:48.427+0000] {logging_mixin.py:188} INFO - [2026-09-18T09:33:48.427+0000] {dag.py:3096} INFO - Sync 1 DAGs
[2026-09-18T09:33:48.452+0000] {logging_mixin.py:188} INFO - [2026-09-18T09:33:48.452+0000] {dag.py:3954} INFO - Setting next_dagrun for youtube_data_updating to 2026-09-18 00:00:00+00:00, run_after=2026-09-19 00:00:00+00:00
[2026-09-18T09:33:48.476+0000] {processor.py:183} INFO - Processing /opt/airflow/dags/dag_updating.py took 0.125 seconds
[2026-09-18T09:34:18.769+0000] {processor.py:161} INFO - Started process (PID=721) to work on /opt/airflow/dags/dag_updating.py
[2026-09-18T09:34:18.772+0000] {processor.py:830} INFO - Processing file /opt/airflow/dags/dag_updating.py for tasks to queue
[2026-09-18T09:34:18.775+0000] {logging_mixin.py:188} INFO - [2026-09-18T09:34:18.775+0000] {dagbag.py:545} INFO - Filling up the DagBag from /opt/airflow/dags/dag_updating.py
[2026-09-18T09:34:18.822+0000] {processor.py:840} INFO - DAG(s) 'youtube_data_updating' retrieved from /opt/airflow/dags/dag_updating.py
[2026-09-18T09:34:18.847+0000] {logging_mixin.py:188} INFO - [2026-09-18T09:34:18.847+0000] {dag.py:3096} INFO - Sync 1 DAGs
[2026-09-18T09:34:18.872+0000] {logging_mixin.py:188} INFO - [2026-09-18T09:34:18.872+0000] {dag.py:3954} INFO - Setting next_dagrun for youtube_data_updating to 2026-09-18 00:00:00+00:00, run_after=2026-09-19 00:00:00+00:00
[2026-09-18T09:34:18.896+0000] {processor.py:183} INFO - Processing /opt/airflow/dags/dag_updating.py took 0.136 seconds
[2026-09-18T09:34:49.303+0000] {processor.py:161} INFO - Started process (PID=729) to work on /opt/airflow/dags/dag_updating.py
[2026-09-18T09:34:49.305+0000] {processor.py:830} INFO - Processing file /opt/airflow/dags/dag_updating.py for tasks to queue
[2026-09-18T09:34:49.308+0000] {logging_mixin.py:188} INFO - [2026-09-18T09:34:49.307+0000] {dagbag.py:545} INFO - Filling up the DagBag from /opt/airflow/dags/dag_updating.py
[2026-09-18T09:34:49.348+0000] {processor.py:840} INFO - DAG(s) 'youtube_data_updating' retrieved from /opt/airflow/dags/dag_updating.py
[2026-09-18T09:34:49.369+0000] {logging_mixin.py:188} INFO - [2026-09-18T09:34:49.368+0000] {dag.py:3096} INFO - Sync 1 DAGs
[2026-09-18T09:34:49.390+0000] {logging_mixin.py:188} INFO - [2026-09-18T09:34:49.390+0000] {dag.py:3954} INFO - Setting next_dagrun for youtube_data_updating to 2026-09-18 00:00:00+00:00, run_after=2026-09-19 00:00:00+00:00
[2026-09-18T09:34:49.414+0000] {processor.py:183} INFO - Processing /opt/airflow/dags/dag_updating.py took 0.119 seconds
[2026-09-18T09:35:19.699+0000] {processor.py:161} INFO - Started process (PID=737) to work on /opt/airflow/dags/dag_updating.py
[2026-09-18T09:35:19.701+0000] {processor.py:830} INFO - Processing file /opt/airflow/dags/dag_updating.py for tasks to queue
[2026-09-18T09:35:19.705+0000] {logging_mixin.py:188} INFO - [2026-09-18T09:35:19.704+0000] {dagbag.py:545} INFO - Filling up the DagBag from /opt/airflow/dags/dag_updating.py
[2026-09-18T09:35:19.745+0000] {processor.py:840} INFO - DAG(s) 'youtube_data_updating' retrieved from /opt/airflow/dags/dag_updating.py
[2026-09-18T09:35:19.768+0000] {logging_mixin.py:188} INFO - [2026-09-18T09:35:19.768+0000] {dag.py:3096} INFO - Sync 1 DAGs
[2026-09-18T09:35:19.792+0000] {logging_mixin.py:188} INFO - [2026-09-18T09:35:19.792+0000] {dag.py:3954} INFO - Setting next_dagrun for youtube_data_updating to 2026-09-18 00:00:00+00:00, run_after=2026-09-19 00:00:00+00:00
[2026-09-18T09:35:19.814+0000] {processor.py:183} INFO - Processing /opt/airflow/dags/dag_updating.py took 0.127 seconds
[2026-09-18T09:35:50.136+0000] {processor.py:161} INFO - Started process (PID=745) to work on /opt/airflow/dags/dag_updating.py
[2026-09-18T09:35:50.139+0000] {processor.py:830} INFO - Processing file /opt/airflow/dags/dag_updating.py for tasks to queue
[2026-09-18T09:35:50.148+0000] {logging_mixin.py:188} INFO - [2026-09-18T09:35:50.148+0000] {dagbag.py:545} INFO - Filling up the DagBag from /opt/airflow/dags/dag_updating.py
[2026-09-18T09:35:50.218+0000] {processor.py:840} INFO - DAG(s) 'youtube_data_updating' retrieved from /opt/airflow/dags/dag_updating.py
[2026-09-18T09:35:50.249+0000] {logging_mixin.py:188} INFO - [2026-09-18T09:35:50.249+0000] {dag.py:3096} INFO - Sync 1 DAGs
[2026-09-18T09:35:50.278+0000] {logging_mixin.py:188} INFO - [2026-09-18T09:35:50.277+0000] {dag.py:3954} INFO - Setting next_dagrun for youtube_data_updating to 2026-09-18 00:00:00+00:00, run_after=2026-09-19 00:00:00+00:00
[2026-09-18T09:35:50.310+0000] {processor.py:183} INFO - Processing /opt/airflow/dags/dag_updating.py took 0.189 seconds
[2026-09-18T09:36:20.610+0000] {processor.py:161} INFO - Started process (PID=753) to work on /opt/airflow/dags/dag_updating.py
[2026-09-18T09:36:20.612+0000] {processor.py:830} INFO - Processing file /opt/airflow/dags/dag_updating.py for tasks to queue
[2026-09-18T09:36:20.615+0000] {logging_mixin.py:188} INFO - [2026-09-18T09:36:20.615+0000] {dagbag.py:545} INFO - Filling up the DagBag from /opt/airflow/dags/dag_updating.py
[2026-09-18T09:36:20.668+0000] {processor.py:840} INFO - DAG(s) 'youtube_data_updating' retrieved from /opt/airflow/dags/dag_updating.py
[2026-09-18T09:36:20.697+0000] {logging_mixin.py:188} INFO - [2026-09-18T09:36:20.697+0000] {dag.py:3096} INFO - Sync 1 DAGs
[2026-09-18T09:36:20.725+0000] {logging_mixin.py:188} INFO - [2026-09-18T09:36:20.725+0000] {dag.py:3954} INFO - Setting next_dagrun for youtube_data_updating to 2026-09-18 00:00:00+00:00, run_after=2026-09-19 00:00:00+00:00
[2026-09-18T09:36:20.749+0000] {processor.py:183} INFO - Processing /opt/airflow/dags/dag_updating.py took 0.152 seconds
[2026-09-18T09:36:51.038+0000] {processor.py:161} INFO - Started process (PID=761) to work on /opt/airflow/dags/dag_updating.py
[2026-09-18T09:36:51.041+0000] {processor.py:830} INFO - Processing file /opt/airflow/dags/dag_updating.py for tasks to queue
[2026-09-18T09:36:51.044+0000] {logging_mixin.py:188} INFO - [2026-09-18T09:36:51.043+0000] {dagbag.py:545} INFO - Filling up the DagBag from /opt/airflow/dags/dag_updating.py
[2026-09-18T09:36:51.087+0000] {processor.py:840} INFO - DAG(s) 'youtube_data_updating' retrieved from /opt/airflow/dags/dag_updating.py
[2026-09-18T09:36:51.109+0000] {logging_mixin.py:188} INFO - [2026-09-18T09:36:51.109+0000] {dag.py:3096} INFO - Sync 1 DAGs
[2026-09-18T09:36:51.134+0000] {logging_mixin.py:188} INFO - [2026-09-18T09:36:51.134+0000] {dag.py:3954} INFO - Setting next_dagrun for youtube_data_updating to 2026-09-18 00:00:00+00:00, run_after=2026-09-19 00:00:00+00:00
[2026-09-18T09:36:51.158+0000] {processor.py:183} INFO - Processing /opt/airflow/dags/dag_updating.py took 0.129 seconds
[2026-09-18T09:37:21.573+0000] {processor.py:161} INFO - Started process (PID=769) to work on /opt/airflow/dags/dag_updating.py
[2026-09-18T09:37:21.576+0000] {processor.py:830} INFO - Processing file /opt/airflow/dags/dag_updating.py for tasks to queue
[2026-09-18T09:37:21.579+0000] {logging_mixin.py:188} INFO - [2026-09-18T09:37:21.579+0000] {dagbag.py:545} INFO - Filling up the DagBag from /opt/airflow/dags/dag_updating.py
[2026-09-18T09:37:21.632+0000] {processor.py:840} INFO - DAG(s) 'youtube_data_updating' retrieved from /opt/airflow/dags/dag_updating.py
[2026-09-18T09:37:21.660+0000] {logging_mixin.py:188} INFO - [2026-09-18T09:37:21.660+0000] {dag.py:3096} INFO - Sync 1 DAGs
[2026-09-18T09:37:21.690+0000] {logging_mixin.py:188} INFO - [2026-09-18T09:37:21.690+0000] {dag.py:3954} INFO - Setting next_dagrun for youtube_data_updating to 2026-09-18 00:00:00+00:00, run_after=2026-09-19 00:00:00+00:00
[2026-09-18T09:37:21.724+0000] {processor.py:183} INFO - Processing /opt/airflow/dags/dag_updating.py took 0.166 seconds
[2026-09-18T09:37:52.059+0000] {processor.py:161} INFO - Started process (PID=777) to work on /opt/airflow/dags/dag_updating.py
[2026-09-18T09:37:52.062+0000] {processor.py:830} INFO - Processing file /opt/airflow/dags/dag_updating.py for tasks to queue
[2026-09-18T09:37:52.067+0000] {logging_mixin.py:188} INFO - [2026-09-18T09:37:52.066+0000] {dagbag.py:545} INFO - Filling up the DagBag from /opt/airflow/dags/dag_updating.py
[2026-09-18T09:37:52.126+0000] {processor.py:840} INFO - DAG(s) 'youtube_data_updating' retrieved from /opt/airflow/dags/dag_updating.py
[2026-09-18T09:37:52.151+0000] {logging_mixin.py:188} INFO - [2026-09-18T09:37:52.150+0000] {dag.py:3096} INFO - Sync 1 DAGs
[2026-09-18T09:37:52.174+0000] {logging_mixin.py:188} INFO - [2026-09-18T09:37:52.174+0000] {dag.py:3954} INFO - Setting next_dagrun for youtube_data_updating to 2026-09-18 00:00:00+00:00, run_after=2026-09-19 00:00:00+00:00
[2026-09-18T09:37:52.201+0000] {processor.py:183} INFO - Processing /opt/airflow/dags/dag_updating.py took 0.151 seconds
[2026-09-18T09:38:09.375+0000] {processor.py:161} INFO - Started process (PID=785) to work on /opt/airflow/dags/dag_updating.py
[2026-09-18T09:38:09.378+0000] {processor.py:830} INFO - Processing file /opt/airflow/dags/dag_updating.py for tasks to queue
[2026-09-18T09:38:09.382+0000] {logging_mixin.py:188} INFO - [2026-09-18T09:38:09.381+0000] {dagbag.py:545} INFO - Filling up the DagBag from /opt/airflow/dags/dag_updating.py
[2026-09-18T09:38:09.411+0000] {logging_mixin.py:188} INFO - [2026-09-18T09:38:09.407+0000] {dagbag.py:355} ERROR - Failed to import: /opt/airflow/dags/dag_updating.py
Traceback (most recent call last):
  File "/home/airflow/.local/lib/python3.10/site-packages/airflow/models/dagbag.py", line 351, in parse
    loader.exec_module(new_module)
  File "<frozen importlib._bootstrap_external>", line 883, in exec_module
  File "<frozen importlib._bootstrap>", line 241, in _call_with_frames_removed
  File "/opt/airflow/dags/dag_updating.py", line 5, in <module>
    fr
NameError: name 'fr' is not defined
[2026-09-18T09:38:09.413+0000] {processor.py:842} WARNING - No viable dags retrieved from /opt/airflow/dags/dag_updating.py
[2026-09-18T09:38:09.448+0000] {processor.py:183} INFO - Processing /opt/airflow/dags/dag_updating.py took 0.082 seconds
[2026-09-18T09:38:12.505+0000] {processor.py:161} INFO - Started process (PID=786) to work on /opt/airflow/dags/dag_updating.py
[2026-09-18T09:38:12.507+0000] {processor.py:830} INFO - Processing file /opt/airflow/dags/dag_updating.py for tasks to queue
[2026-09-18T09:38:12.510+0000] {logging_mixin.py:188} INFO - [2026-09-18T09:38:12.509+0000] {dagbag.py:545} INFO - Filling up the DagBag from /opt/airflow/dags/dag_updating.py
[2026-09-18T09:38:12.533+0000] {logging_mixin.py:188} INFO - [2026-09-18T09:38:12.533+0000] {dagbag.py:355} ERROR - Failed to import: /opt/airflow/dags/dag_updating.py
Traceback (most recent call last):
  File "/home/airflow/.local/lib/python3.10/site-packages/airflow/models/dagbag.py", line 351, in parse
    loader.exec_module(new_module)
  File "<frozen importlib._bootstrap_external>", line 879, in exec_module
  File "<frozen importlib._bootstrap_external>", line 1017, in get_code
  File "<frozen importlib._bootstrap_external>", line 947, in source_to_code
  File "<frozen importlib._bootstrap>", line 241, in _call_with_frames_removed
  File "/opt/airflow/dags/dag_updating.py", line 5
    from scripts.
                 ^
SyntaxError: invalid syntax
[2026-09-18T09:38:12.535+0000] {processor.py:842} WARNING - No viable dags retrieved from /opt/airflow/dags/dag_updating.py
[2026-09-18T09:38:12.557+0000] {processor.py:183} INFO - Processing /opt/airflow/dags/dag_updating.py took 0.059 seconds
[2026-09-18T09:38:26.692+0000] {processor.py:161} INFO - Started process (PID=794) to work on /opt/airflow/dags/dag_updating.py
[2026-09-18T09:38:26.694+0000] {processor.py:830} INFO - Processing file /opt/airflow/dags/dag_updating.py for tasks to queue
[2026-09-18T09:38:26.697+0000] {logging_mixin.py:188} INFO - [2026-09-18T09:38:26.697+0000] {dagbag.py:545} INFO - Filling up the DagBag from /opt/airflow/dags/dag_updating.py
[2026-09-18T09:38:26.712+0000] {logging_mixin.py:188} INFO - [2026-09-18T09:38:26.711+0000] {dagbag.py:355} ERROR - Failed to import: /opt/airflow/dags/dag_updating.py
Traceback (most recent call last):
  File "/home/airflow/.local/lib/python3.10/site-packages/airflow/models/dagbag.py", line 351, in parse
    loader.exec_module(new_module)
  File "<frozen importlib._bootstrap_external>", line 879, in exec_module
  File "<frozen importlib._bootstrap_external>", line 1017, in get_code
  File "<frozen importlib._bootstrap_external>", line 947, in source_to_code
  File "<frozen importlib._bootstrap>", line 241, in _call_with_frames_removed
  File "/opt/airflow/dags/dag_updating.py", line 5
    from scripts.data_transform import 
                                       ^
SyntaxError: invalid syntax
[2026-09-18T09:38:26.713+0000] {processor.py:842} WARNING - No viable dags retrieved from /opt/airflow/dags/dag_updating.py
[2026-09-18T09:38:26.731+0000] {processor.py:183} INFO - Processing /opt/airflow/dags/dag_updating.py took 0.047 seconds
[2026-09-18T09:38:41.836+0000] {processor.py:161} INFO - Started process (PID=795) to work on /opt/airflow/dags/dag_updating.py
[2026-09-18T09:38:41.838+0000] {processor.py:830} INFO - Processing file /opt/airflow/dags/dag_updating.py for tasks to queue
[2026-09-18T09:38:41.841+0000] {logging_mixin.py:188} INFO - [2026-09-18T09:38:41.840+0000] {dagbag.py:545} INFO - Filling up the DagBag from /opt/airflow/dags/dag_updating.py
[2026-09-18T09:38:42.208+0000] {processor.py:840} INFO - DAG(s) 'youtube_data_updating' retrieved from /opt/airflow/dags/dag_updating.py
[2026-09-18T09:38:42.231+0000] {logging_mixin.py:188} INFO - [2026-09-18T09:38:42.230+0000] {dag.py:3096} INFO - Sync 1 DAGs
[2026-09-18T09:38:42.463+0000] {logging_mixin.py:188} INFO - [2026-09-18T09:38:42.462+0000] {dag.py:3954} INFO - Setting next_dagrun for youtube_data_updating to 2026-09-18 00:00:00+00:00, run_after=2026-09-19 00:00:00+00:00
[2026-09-18T09:38:42.489+0000] {processor.py:183} INFO - Processing /opt/airflow/dags/dag_updating.py took 0.659 seconds
[2026-09-18T09:38:44.902+0000] {processor.py:161} INFO - Started process (PID=797) to work on /opt/airflow/dags/dag_updating.py
[2026-09-18T09:38:44.904+0000] {processor.py:830} INFO - Processing file /opt/airflow/dags/dag_updating.py for tasks to queue
[2026-09-18T09:38:44.907+0000] {logging_mixin.py:188} INFO - [2026-09-18T09:38:44.906+0000] {dagbag.py:545} INFO - Filling up the DagBag from /opt/airflow/dags/dag_updating.py
[2026-09-18T09:38:45.199+0000] {logging_mixin.py:188} INFO - [2026-09-18T09:38:45.193+0000] {dagbag.py:355} ERROR - Failed to import: /opt/airflow/dags/dag_updating.py
Traceback (most recent call last):
  File "/home/airflow/.local/lib/python3.10/site-packages/airflow/models/dagbag.py", line 351, in parse
    loader.exec_module(new_module)
  File "<frozen importlib._bootstrap_external>", line 883, in exec_module
  File "<frozen importlib._bootstrap>", line 241, in _call_with_frames_removed
  File "/opt/airflow/dags/dag_updating.py", line 24, in <module>
    staging_task = PythonOperator(
  File "/home/airflow/.local/lib/python3.10/site-packages/airflow/models/baseoperator.py", line 485, in apply_defaults
    result = func(self, **kwargs, default_args=default_args)
  File "/home/airflow/.local/lib/python3.10/site-packages/airflow/operators/python.py", line 220, in __init__
    super().__init__(**kwargs)
  File "/home/airflow/.local/lib/python3.10/site-packages/airflow/models/baseoperator.py", line 485, in apply_defaults
    result = func(self, **kwargs, default_args=default_args)
  File "/home/airflow/.local/lib/python3.10/site-packages/airflow/models/baseoperator.py", line 900, in __init__
    task_group.add(self)
  File "/home/airflow/.local/lib/python3.10/site-packages/airflow/utils/task_group.py", line 232, in add
    raise DuplicateTaskIdFound(f"{node_type} id '{key}' has already been added to the DAG")
airflow.exceptions.DuplicateTaskIdFound: Task id 'load_staging' has already been added to the DAG
[2026-09-18T09:38:45.201+0000] {processor.py:842} WARNING - No viable dags retrieved from /opt/airflow/dags/dag_updating.py
[2026-09-18T09:38:45.223+0000] {processor.py:183} INFO - Processing /opt/airflow/dags/dag_updating.py took 0.328 seconds
[2026-09-18T09:38:59.047+0000] {processor.py:161} INFO - Started process (PID=806) to work on /opt/airflow/dags/dag_updating.py
[2026-09-18T09:38:59.050+0000] {processor.py:830} INFO - Processing file /opt/airflow/dags/dag_updating.py for tasks to queue
[2026-09-18T09:38:59.053+0000] {logging_mixin.py:188} INFO - [2026-09-18T09:38:59.053+0000] {dagbag.py:545} INFO - Filling up the DagBag from /opt/airflow/dags/dag_updating.py
[2026-09-18T09:38:59.496+0000] {logging_mixin.py:188} INFO - [2026-09-18T09:38:59.491+0000] {dagbag.py:355} ERROR - Failed to import: /opt/airflow/dags/dag_updating.py
Traceback (most recent call last):
  File "/home/airflow/.local/lib/python3.10/site-packages/airflow/models/dagbag.py", line 351, in parse
    loader.exec_module(new_module)
  File "<frozen importlib._bootstrap_external>", line 883, in exec_module
  File "<frozen importlib._bootstrap>", line 241, in _call_with_frames_removed
  File "/opt/airflow/dags/dag_updating.py", line 24, in <module>
    transforming_task = PythonOperator(
  File "/home/airflow/.local/lib/python3.10/site-packages/airflow/models/baseoperator.py", line 485, in apply_defaults
    result = func(self, **kwargs, default_args=default_args)
  File "/home/airflow/.local/lib/python3.10/site-packages/airflow/operators/python.py", line 220, in __init__
    super().__init__(**kwargs)
  File "/home/airflow/.local/lib/python3.10/site-packages/airflow/models/baseoperator.py", line 485, in apply_defaults
    result = func(self, **kwargs, default_args=default_args)
  File "/home/airflow/.local/lib/python3.10/site-packages/airflow/models/baseoperator.py", line 900, in __init__
    task_group.add(self)
  File "/home/airflow/.local/lib/python3.10/site-packages/airflow/utils/task_group.py", line 232, in add
    raise DuplicateTaskIdFound(f"{node_type} id '{key}' has already been added to the DAG")
airflow.exceptions.DuplicateTaskIdFound: Task id 'load_staging' has already been added to the DAG
[2026-09-18T09:38:59.498+0000] {processor.py:842} WARNING - No viable dags retrieved from /opt/airflow/dags/dag_updating.py
[2026-09-18T09:38:59.517+0000] {processor.py:183} INFO - Processing /opt/airflow/dags/dag_updating.py took 0.478 seconds
[2026-09-18T09:39:07.382+0000] {processor.py:161} INFO - Started process (PID=808) to work on /opt/airflow/dags/dag_updating.py
[2026-09-18T09:39:07.384+0000] {processor.py:830} INFO - Processing file /opt/airflow/dags/dag_updating.py for tasks to queue
[2026-09-18T09:39:07.386+0000] {logging_mixin.py:188} INFO - [2026-09-18T09:39:07.386+0000] {dagbag.py:545} INFO - Filling up the DagBag from /opt/airflow/dags/dag_updating.py
[2026-09-18T09:39:07.685+0000] {processor.py:840} INFO - DAG(s) 'youtube_data_updating' retrieved from /opt/airflow/dags/dag_updating.py
[2026-09-18T09:39:07.948+0000] {logging_mixin.py:188} INFO - [2026-09-18T09:39:07.948+0000] {dag.py:3096} INFO - Sync 1 DAGs
[2026-09-18T09:39:07.971+0000] {logging_mixin.py:188} INFO - [2026-09-18T09:39:07.971+0000] {dag.py:3954} INFO - Setting next_dagrun for youtube_data_updating to 2026-09-18 00:00:00+00:00, run_after=2026-09-19 00:00:00+00:00
[2026-09-18T09:39:08.010+0000] {processor.py:183} INFO - Processing /opt/airflow/dags/dag_updating.py took 0.637 seconds
[2026-09-18T09:39:14.682+0000] {processor.py:161} INFO - Started process (PID=810) to work on /opt/airflow/dags/dag_updating.py
[2026-09-18T09:39:14.683+0000] {processor.py:830} INFO - Processing file /opt/airflow/dags/dag_updating.py for tasks to queue
[2026-09-18T09:39:14.686+0000] {logging_mixin.py:188} INFO - [2026-09-18T09:39:14.685+0000] {dagbag.py:545} INFO - Filling up the DagBag from /opt/airflow/dags/dag_updating.py
[2026-09-18T09:39:14.992+0000] {processor.py:840} INFO - DAG(s) 'youtube_data_updating' retrieved from /opt/airflow/dags/dag_updating.py
[2026-09-18T09:39:15.006+0000] {logging_mixin.py:188} INFO - [2026-09-18T09:39:15.006+0000] {dag.py:3096} INFO - Sync 1 DAGs
[2026-09-18T09:39:15.037+0000] {logging_mixin.py:188} INFO - [2026-09-18T09:39:15.037+0000] {dag.py:3954} INFO - Setting next_dagrun for youtube_data_updating to 2026-09-18 00:00:00+00:00, run_after=2026-09-19 00:00:00+00:00
[2026-09-18T09:39:15.066+0000] {processor.py:183} INFO - Processing /opt/airflow/dags/dag_updating.py took 0.391 seconds
[2026-09-18T09:39:38.892+0000] {processor.py:161} INFO - Started process (PID=819) to work on /opt/airflow/dags/dag_updating.py
[2026-09-18T09:39:38.895+0000] {processor.py:830} INFO - Processing file /opt/airflow/dags/dag_updating.py for tasks to queue
[2026-09-18T09:39:38.898+0000] {logging_mixin.py:188} INFO - [2026-09-18T09:39:38.897+0000] {dagbag.py:545} INFO - Filling up the DagBag from /opt/airflow/dags/dag_updating.py
[2026-09-18T09:39:38.914+0000] {logging_mixin.py:188} INFO - [2026-09-18T09:39:38.913+0000] {dagbag.py:355} ERROR - Failed to import: /opt/airflow/dags/dag_updating.py
Traceback (most recent call last):
  File "/home/airflow/.local/lib/python3.10/site-packages/airflow/models/dagbag.py", line 351, in parse
    loader.exec_module(new_module)
  File "<frozen importlib._bootstrap_external>", line 879, in exec_module
  File "<frozen importlib._bootstrap_external>", line 1017, in get_code
  File "<frozen importlib._bootstrap_external>", line 947, in source_to_code
  File "<frozen importlib._bootstrap>", line 241, in _call_with_frames_removed
  File "/opt/airflow/dags/dag_updating.py", line 6
    from 
         ^
SyntaxError: invalid syntax
[2026-09-18T09:39:38.915+0000] {processor.py:842} WARNING - No viable dags retrieved from /opt/airflow/dags/dag_updating.py
[2026-09-18T09:39:38.936+0000] {processor.py:183} INFO - Processing /opt/airflow/dags/dag_updating.py took 0.052 seconds
[2026-09-18T09:39:44.996+0000] {processor.py:161} INFO - Started process (PID=820) to work on /opt/airflow/dags/dag_updating.py
[2026-09-18T09:39:44.998+0000] {processor.py:830} INFO - Processing file /opt/airflow/dags/dag_updating.py for tasks to queue
[2026-09-18T09:39:45.001+0000] {logging_mixin.py:188} INFO - [2026-09-18T09:39:45.001+0000] {dagbag.py:545} INFO - Filling up the DagBag from /opt/airflow/dags/dag_updating.py
[2026-09-18T09:39:45.027+0000] {logging_mixin.py:188} INFO - [2026-09-18T09:39:45.026+0000] {dagbag.py:355} ERROR - Failed to import: /opt/airflow/dags/dag_updating.py
Traceback (most recent call last):
  File "/home/airflow/.local/lib/python3.10/site-packages/airflow/models/dagbag.py", line 351, in parse
    loader.exec_module(new_module)
  File "<frozen importlib._bootstrap_external>", line 879, in exec_module
  File "<frozen importlib._bootstrap_external>", line 1017, in get_code
  File "<frozen importlib._bootstrap_external>", line 947, in source_to_code
  File "<frozen importlib._bootstrap>", line 241, in _call_with_frames_removed
  File "/opt/airflow/dags/dag_updating.py", line 6
    from scripts.
                 ^
SyntaxError: invalid syntax
[2026-09-18T09:39:45.028+0000] {processor.py:842} WARNING - No viable dags retrieved from /opt/airflow/dags/dag_updating.py
[2026-09-18T09:39:45.055+0000] {processor.py:183} INFO - Processing /opt/airflow/dags/dag_updating.py took 0.069 seconds
[2026-09-18T09:39:48.072+0000] {processor.py:161} INFO - Started process (PID=821) to work on /opt/airflow/dags/dag_updating.py
[2026-09-18T09:39:48.074+0000] {processor.py:830} INFO - Processing file /opt/airflow/dags/dag_updating.py for tasks to queue
[2026-09-18T09:39:48.076+0000] {logging_mixin.py:188} INFO - [2026-09-18T09:39:48.076+0000] {dagbag.py:545} INFO - Filling up the DagBag from /opt/airflow/dags/dag_updating.py
[2026-09-18T09:39:48.096+0000] {logging_mixin.py:188} INFO - [2026-09-18T09:39:48.095+0000] {dagbag.py:355} ERROR - Failed to import: /opt/airflow/dags/dag_updating.py
Traceback (most recent call last):
  File "/home/airflow/.local/lib/python3.10/site-packages/airflow/models/dagbag.py", line 351, in parse
    loader.exec_module(new_module)
  File "<frozen importlib._bootstrap_external>", line 879, in exec_module
  File "<frozen importlib._bootstrap_external>", line 1017, in get_code
  File "<frozen importlib._bootstrap_external>", line 947, in source_to_code
  File "<frozen importlib._bootstrap>", line 241, in _call_with_frames_removed
  File "/opt/airflow/dags/dag_updating.py", line 6
    from scripts.core_updating imo
                               ^^^
SyntaxError: invalid syntax
[2026-09-18T09:39:48.097+0000] {processor.py:842} WARNING - No viable dags retrieved from /opt/airflow/dags/dag_updating.py
[2026-09-18T09:39:48.120+0000] {processor.py:183} INFO - Processing /opt/airflow/dags/dag_updating.py took 0.058 seconds
[2026-09-18T09:39:50.154+0000] {processor.py:161} INFO - Started process (PID=822) to work on /opt/airflow/dags/dag_updating.py
[2026-09-18T09:39:50.155+0000] {processor.py:830} INFO - Processing file /opt/airflow/dags/dag_updating.py for tasks to queue
[2026-09-18T09:39:50.157+0000] {logging_mixin.py:188} INFO - [2026-09-18T09:39:50.157+0000] {dagbag.py:545} INFO - Filling up the DagBag from /opt/airflow/dags/dag_updating.py
[2026-09-18T09:39:50.171+0000] {logging_mixin.py:188} INFO - [2026-09-18T09:39:50.170+0000] {dagbag.py:355} ERROR - Failed to import: /opt/airflow/dags/dag_updating.py
Traceback (most recent call last):
  File "/home/airflow/.local/lib/python3.10/site-packages/airflow/models/dagbag.py", line 351, in parse
    loader.exec_module(new_module)
  File "<frozen importlib._bootstrap_external>", line 879, in exec_module
  File "<frozen importlib._bootstrap_external>", line 1017, in get_code
  File "<frozen importlib._bootstrap_external>", line 947, in source_to_code
  File "<frozen importlib._bootstrap>", line 241, in _call_with_frames_removed
  File "/opt/airflow/dags/dag_updating.py", line 6
    from scripts.core_updating import 
                                      ^
SyntaxError: invalid syntax
[2026-09-18T09:39:50.172+0000] {processor.py:842} WARNING - No viable dags retrieved from /opt/airflow/dags/dag_updating.py
[2026-09-18T09:39:50.191+0000] {processor.py:183} INFO - Processing /opt/airflow/dags/dag_updating.py took 0.043 seconds
[2026-09-18T09:39:59.332+0000] {processor.py:161} INFO - Started process (PID=831) to work on /opt/airflow/dags/dag_updating.py
[2026-09-18T09:39:59.338+0000] {processor.py:830} INFO - Processing file /opt/airflow/dags/dag_updating.py for tasks to queue
[2026-09-18T09:39:59.348+0000] {logging_mixin.py:188} INFO - [2026-09-18T09:39:59.347+0000] {dagbag.py:545} INFO - Filling up the DagBag from /opt/airflow/dags/dag_updating.py
[2026-09-18T09:39:59.731+0000] {processor.py:840} INFO - DAG(s) 'youtube_data_updating' retrieved from /opt/airflow/dags/dag_updating.py
[2026-09-18T09:39:59.752+0000] {logging_mixin.py:188} INFO - [2026-09-18T09:39:59.752+0000] {dag.py:3096} INFO - Sync 1 DAGs
[2026-09-18T09:39:59.772+0000] {logging_mixin.py:188} INFO - [2026-09-18T09:39:59.771+0000] {dag.py:3954} INFO - Setting next_dagrun for youtube_data_updating to 2026-09-18 00:00:00+00:00, run_after=2026-09-19 00:00:00+00:00
[2026-09-18T09:39:59.799+0000] {processor.py:183} INFO - Processing /opt/airflow/dags/dag_updating.py took 0.484 seconds
[2026-09-18T09:40:03.570+0000] {processor.py:161} INFO - Started process (PID=833) to work on /opt/airflow/dags/dag_updating.py
[2026-09-18T09:40:03.572+0000] {processor.py:830} INFO - Processing file /opt/airflow/dags/dag_updating.py for tasks to queue
[2026-09-18T09:40:03.574+0000] {logging_mixin.py:188} INFO - [2026-09-18T09:40:03.574+0000] {dagbag.py:545} INFO - Filling up the DagBag from /opt/airflow/dags/dag_updating.py
[2026-09-18T09:40:04.052+0000] {logging_mixin.py:188} INFO - [2026-09-18T09:40:04.046+0000] {dagbag.py:355} ERROR - Failed to import: /opt/airflow/dags/dag_updating.py
Traceback (most recent call last):
  File "/home/airflow/.local/lib/python3.10/site-packages/airflow/models/dagbag.py", line 351, in parse
    loader.exec_module(new_module)
  File "<frozen importlib._bootstrap_external>", line 883, in exec_module
  File "<frozen importlib._bootstrap>", line 241, in _call_with_frames_removed
  File "/opt/airflow/dags/dag_updating.py", line 29, in <module>
    transforming_task = PythonOperator(
  File "/home/airflow/.local/lib/python3.10/site-packages/airflow/models/baseoperator.py", line 485, in apply_defaults
    result = func(self, **kwargs, default_args=default_args)
  File "/home/airflow/.local/lib/python3.10/site-packages/airflow/operators/python.py", line 220, in __init__
    super().__init__(**kwargs)
  File "/home/airflow/.local/lib/python3.10/site-packages/airflow/models/baseoperator.py", line 485, in apply_defaults
    result = func(self, **kwargs, default_args=default_args)
  File "/home/airflow/.local/lib/python3.10/site-packages/airflow/models/baseoperator.py", line 900, in __init__
    task_group.add(self)
  File "/home/airflow/.local/lib/python3.10/site-packages/airflow/utils/task_group.py", line 232, in add
    raise DuplicateTaskIdFound(f"{node_type} id '{key}' has already been added to the DAG")
airflow.exceptions.DuplicateTaskIdFound: Task id 'transforming' has already been added to the DAG
[2026-09-18T09:40:04.053+0000] {processor.py:842} WARNING - No viable dags retrieved from /opt/airflow/dags/dag_updating.py
[2026-09-18T09:40:04.076+0000] {processor.py:183} INFO - Processing /opt/airflow/dags/dag_updating.py took 0.512 seconds
[2026-09-18T09:40:08.914+0000] {processor.py:161} INFO - Started process (PID=835) to work on /opt/airflow/dags/dag_updating.py
[2026-09-18T09:40:08.915+0000] {processor.py:830} INFO - Processing file /opt/airflow/dags/dag_updating.py for tasks to queue
[2026-09-18T09:40:08.918+0000] {logging_mixin.py:188} INFO - [2026-09-18T09:40:08.918+0000] {dagbag.py:545} INFO - Filling up the DagBag from /opt/airflow/dags/dag_updating.py
[2026-09-18T09:40:09.249+0000] {logging_mixin.py:188} INFO - [2026-09-18T09:40:09.243+0000] {dagbag.py:355} ERROR - Failed to import: /opt/airflow/dags/dag_updating.py
Traceback (most recent call last):
  File "/home/airflow/.local/lib/python3.10/site-packages/airflow/models/dagbag.py", line 351, in parse
    loader.exec_module(new_module)
  File "<frozen importlib._bootstrap_external>", line 883, in exec_module
  File "<frozen importlib._bootstrap>", line 241, in _call_with_frames_removed
  File "/opt/airflow/dags/dag_updating.py", line 29, in <module>
    tupdating_task = PythonOperator(
  File "/home/airflow/.local/lib/python3.10/site-packages/airflow/models/baseoperator.py", line 485, in apply_defaults
    result = func(self, **kwargs, default_args=default_args)
  File "/home/airflow/.local/lib/python3.10/site-packages/airflow/operators/python.py", line 220, in __init__
    super().__init__(**kwargs)
  File "/home/airflow/.local/lib/python3.10/site-packages/airflow/models/baseoperator.py", line 485, in apply_defaults
    result = func(self, **kwargs, default_args=default_args)
  File "/home/airflow/.local/lib/python3.10/site-packages/airflow/models/baseoperator.py", line 900, in __init__
    task_group.add(self)
  File "/home/airflow/.local/lib/python3.10/site-packages/airflow/utils/task_group.py", line 232, in add
    raise DuplicateTaskIdFound(f"{node_type} id '{key}' has already been added to the DAG")
airflow.exceptions.DuplicateTaskIdFound: Task id 'transforming' has already been added to the DAG
[2026-09-18T09:40:09.250+0000] {processor.py:842} WARNING - No viable dags retrieved from /opt/airflow/dags/dag_updating.py
[2026-09-18T09:40:09.277+0000] {processor.py:183} INFO - Processing /opt/airflow/dags/dag_updating.py took 0.370 seconds
[2026-09-18T09:40:11.183+0000] {processor.py:161} INFO - Started process (PID=837) to work on /opt/airflow/dags/dag_updating.py
[2026-09-18T09:40:11.188+0000] {processor.py:830} INFO - Processing file /opt/airflow/dags/dag_updating.py for tasks to queue
[2026-09-18T09:40:11.195+0000] {logging_mixin.py:188} INFO - [2026-09-18T09:40:11.194+0000] {dagbag.py:545} INFO - Filling up the DagBag from /opt/airflow/dags/dag_updating.py
[2026-09-18T09:40:11.584+0000] {logging_mixin.py:188} INFO - [2026-09-18T09:40:11.578+0000] {dagbag.py:355} ERROR - Failed to import: /opt/airflow/dags/dag_updating.py
Traceback (most recent call last):
  File "/home/airflow/.local/lib/python3.10/site-packages/airflow/models/dagbag.py", line 351, in parse
    loader.exec_module(new_module)
  File "<frozen importlib._bootstrap_external>", line 883, in exec_module
  File "<frozen importlib._bootstrap>", line 241, in _call_with_frames_removed
  File "/opt/airflow/dags/dag_updating.py", line 29, in <module>
    updating_task = PythonOperator(
  File "/home/airflow/.local/lib/python3.10/site-packages/airflow/models/baseoperator.py", line 485, in apply_defaults
    result = func(self, **kwargs, default_args=default_args)
  File "/home/airflow/.local/lib/python3.10/site-packages/airflow/operators/python.py", line 220, in __init__
    super().__init__(**kwargs)
  File "/home/airflow/.local/lib/python3.10/site-packages/airflow/models/baseoperator.py", line 485, in apply_defaults
    result = func(self, **kwargs, default_args=default_args)
  File "/home/airflow/.local/lib/python3.10/site-packages/airflow/models/baseoperator.py", line 900, in __init__
    task_group.add(self)
  File "/home/airflow/.local/lib/python3.10/site-packages/airflow/utils/task_group.py", line 232, in add
    raise DuplicateTaskIdFound(f"{node_type} id '{key}' has already been added to the DAG")
airflow.exceptions.DuplicateTaskIdFound: Task id 'transforming' has already been added to the DAG
[2026-09-18T09:40:11.585+0000] {processor.py:842} WARNING - No viable dags retrieved from /opt/airflow/dags/dag_updating.py
[2026-09-18T09:40:11.611+0000] {processor.py:183} INFO - Processing /opt/airflow/dags/dag_updating.py took 0.437 seconds
[2026-09-18T09:40:16.391+0000] {processor.py:161} INFO - Started process (PID=839) to work on /opt/airflow/dags/dag_updating.py
[2026-09-18T09:40:16.393+0000] {processor.py:830} INFO - Processing file /opt/airflow/dags/dag_updating.py for tasks to queue
[2026-09-18T09:40:16.395+0000] {logging_mixin.py:188} INFO - [2026-09-18T09:40:16.395+0000] {dagbag.py:545} INFO - Filling up the DagBag from /opt/airflow/dags/dag_updating.py
[2026-09-18T09:40:16.734+0000] {processor.py:840} INFO - DAG(s) 'youtube_data_updating' retrieved from /opt/airflow/dags/dag_updating.py
[2026-09-18T09:40:17.023+0000] {logging_mixin.py:188} INFO - [2026-09-18T09:40:17.023+0000] {dag.py:3096} INFO - Sync 1 DAGs
[2026-09-18T09:40:17.044+0000] {logging_mixin.py:188} INFO - [2026-09-18T09:40:17.043+0000] {dag.py:3954} INFO - Setting next_dagrun for youtube_data_updating to 2026-09-18 00:00:00+00:00, run_after=2026-09-19 00:00:00+00:00
[2026-09-18T09:40:17.072+0000] {processor.py:183} INFO - Processing /opt/airflow/dags/dag_updating.py took 0.692 seconds
[2026-09-18T09:40:29.808+0000] {processor.py:161} INFO - Started process (PID=848) to work on /opt/airflow/dags/dag_updating.py
[2026-09-18T09:40:29.844+0000] {processor.py:830} INFO - Processing file /opt/airflow/dags/dag_updating.py for tasks to queue
[2026-09-18T09:40:29.847+0000] {logging_mixin.py:188} INFO - [2026-09-18T09:40:29.846+0000] {dagbag.py:545} INFO - Filling up the DagBag from /opt/airflow/dags/dag_updating.py
[2026-09-18T09:40:30.154+0000] {processor.py:840} INFO - DAG(s) 'youtube_data_updating' retrieved from /opt/airflow/dags/dag_updating.py
[2026-09-18T09:40:30.167+0000] {logging_mixin.py:188} INFO - [2026-09-18T09:40:30.167+0000] {dag.py:3096} INFO - Sync 1 DAGs
[2026-09-18T09:40:30.186+0000] {logging_mixin.py:188} INFO - [2026-09-18T09:40:30.186+0000] {dag.py:3954} INFO - Setting next_dagrun for youtube_data_updating to 2026-09-18 00:00:00+00:00, run_after=2026-09-19 00:00:00+00:00
[2026-09-18T09:40:30.212+0000] {processor.py:183} INFO - Processing /opt/airflow/dags/dag_updating.py took 0.411 seconds
[2026-09-18T09:40:42.084+0000] {processor.py:161} INFO - Started process (PID=850) to work on /opt/airflow/dags/dag_updating.py
[2026-09-18T09:40:42.086+0000] {processor.py:830} INFO - Processing file /opt/airflow/dags/dag_updating.py for tasks to queue
[2026-09-18T09:40:42.089+0000] {logging_mixin.py:188} INFO - [2026-09-18T09:40:42.089+0000] {dagbag.py:545} INFO - Filling up the DagBag from /opt/airflow/dags/dag_updating.py
[2026-09-18T09:40:42.104+0000] {logging_mixin.py:188} INFO - [2026-09-18T09:40:42.103+0000] {dagbag.py:355} ERROR - Failed to import: /opt/airflow/dags/dag_updating.py
Traceback (most recent call last):
  File "/home/airflow/.local/lib/python3.10/site-packages/airflow/models/dagbag.py", line 351, in parse
    loader.exec_module(new_module)
  File "<frozen importlib._bootstrap_external>", line 879, in exec_module
  File "<frozen importlib._bootstrap_external>", line 1017, in get_code
  File "<frozen importlib._bootstrap_external>", line 947, in source_to_code
  File "<frozen importlib._bootstrap>", line 241, in _call_with_frames_removed
  File "/opt/airflow/dags/dag_updating.py", line 34
    staging_task >> 
                    ^
SyntaxError: invalid syntax
[2026-09-18T09:40:42.105+0000] {processor.py:842} WARNING - No viable dags retrieved from /opt/airflow/dags/dag_updating.py
[2026-09-18T09:40:42.128+0000] {processor.py:183} INFO - Processing /opt/airflow/dags/dag_updating.py took 0.050 seconds
[2026-09-18T09:40:48.168+0000] {processor.py:161} INFO - Started process (PID=851) to work on /opt/airflow/dags/dag_updating.py
[2026-09-18T09:40:48.171+0000] {processor.py:830} INFO - Processing file /opt/airflow/dags/dag_updating.py for tasks to queue
[2026-09-18T09:40:48.175+0000] {logging_mixin.py:188} INFO - [2026-09-18T09:40:48.174+0000] {dagbag.py:545} INFO - Filling up the DagBag from /opt/airflow/dags/dag_updating.py
[2026-09-18T09:40:48.652+0000] {processor.py:840} INFO - DAG(s) 'youtube_data_updating' retrieved from /opt/airflow/dags/dag_updating.py
[2026-09-18T09:40:48.908+0000] {logging_mixin.py:188} INFO - [2026-09-18T09:40:48.907+0000] {dag.py:3096} INFO - Sync 1 DAGs
[2026-09-18T09:40:48.933+0000] {logging_mixin.py:188} INFO - [2026-09-18T09:40:48.932+0000] {dag.py:3954} INFO - Setting next_dagrun for youtube_data_updating to 2026-09-18 00:00:00+00:00, run_after=2026-09-19 00:00:00+00:00
[2026-09-18T09:40:48.994+0000] {processor.py:183} INFO - Processing /opt/airflow/dags/dag_updating.py took 0.834 seconds
[2026-09-18T09:40:49.227+0000] {processor.py:161} INFO - Started process (PID=853) to work on /opt/airflow/dags/dag_updating.py
[2026-09-18T09:40:49.230+0000] {processor.py:830} INFO - Processing file /opt/airflow/dags/dag_updating.py for tasks to queue
[2026-09-18T09:40:49.234+0000] {logging_mixin.py:188} INFO - [2026-09-18T09:40:49.233+0000] {dagbag.py:545} INFO - Filling up the DagBag from /opt/airflow/dags/dag_updating.py
[2026-09-18T09:40:49.264+0000] {logging_mixin.py:188} INFO - [2026-09-18T09:40:49.263+0000] {dagbag.py:355} ERROR - Failed to import: /opt/airflow/dags/dag_updating.py
Traceback (most recent call last):
  File "/home/airflow/.local/lib/python3.10/site-packages/airflow/models/dagbag.py", line 351, in parse
    loader.exec_module(new_module)
  File "<frozen importlib._bootstrap_external>", line 879, in exec_module
  File "<frozen importlib._bootstrap_external>", line 1017, in get_code
  File "<frozen importlib._bootstrap_external>", line 947, in source_to_code
  File "<frozen importlib._bootstrap>", line 241, in _call_with_frames_removed
  File "/opt/airflow/dags/dag_updating.py", line 35
    transforming_task >>
                        ^
SyntaxError: invalid syntax
[2026-09-18T09:40:49.266+0000] {processor.py:842} WARNING - No viable dags retrieved from /opt/airflow/dags/dag_updating.py
[2026-09-18T09:40:49.300+0000] {processor.py:183} INFO - Processing /opt/airflow/dags/dag_updating.py took 0.081 seconds
[2026-09-18T09:41:15.564+0000] {processor.py:161} INFO - Started process (PID=861) to work on /opt/airflow/dags/dag_updating.py
[2026-09-18T09:41:15.568+0000] {processor.py:830} INFO - Processing file /opt/airflow/dags/dag_updating.py for tasks to queue
[2026-09-18T09:41:15.571+0000] {logging_mixin.py:188} INFO - [2026-09-18T09:41:15.571+0000] {dagbag.py:545} INFO - Filling up the DagBag from /opt/airflow/dags/dag_updating.py
[2026-09-18T09:41:16.003+0000] {processor.py:840} INFO - DAG(s) 'youtube_data_updating' retrieved from /opt/airflow/dags/dag_updating.py
[2026-09-18T09:41:16.019+0000] {logging_mixin.py:188} INFO - [2026-09-18T09:41:16.018+0000] {dag.py:3096} INFO - Sync 1 DAGs
[2026-09-18T09:41:16.042+0000] {logging_mixin.py:188} INFO - [2026-09-18T09:41:16.041+0000] {dag.py:3954} INFO - Setting next_dagrun for youtube_data_updating to 2026-09-18 00:00:00+00:00, run_after=2026-09-19 00:00:00+00:00
[2026-09-18T09:41:16.245+0000] {processor.py:183} INFO - Processing /opt/airflow/dags/dag_updating.py took 0.688 seconds
[2026-09-18T09:41:46.987+0000] {processor.py:161} INFO - Started process (PID=870) to work on /opt/airflow/dags/dag_updating.py
[2026-09-18T09:41:46.993+0000] {processor.py:830} INFO - Processing file /opt/airflow/dags/dag_updating.py for tasks to queue
[2026-09-18T09:41:46.996+0000] {logging_mixin.py:188} INFO - [2026-09-18T09:41:46.996+0000] {dagbag.py:545} INFO - Filling up the DagBag from /opt/airflow/dags/dag_updating.py
[2026-09-18T09:41:47.323+0000] {processor.py:840} INFO - DAG(s) 'youtube_data_updating' retrieved from /opt/airflow/dags/dag_updating.py
[2026-09-18T09:41:47.577+0000] {logging_mixin.py:188} INFO - [2026-09-18T09:41:47.577+0000] {dag.py:3096} INFO - Sync 1 DAGs
[2026-09-18T09:41:47.594+0000] {logging_mixin.py:188} INFO - [2026-09-18T09:41:47.594+0000] {dag.py:3954} INFO - Setting next_dagrun for youtube_data_updating to 2026-09-18 00:00:00+00:00, run_after=2026-09-19 00:00:00+00:00
[2026-09-18T09:41:47.615+0000] {processor.py:183} INFO - Processing /opt/airflow/dags/dag_updating.py took 0.638 seconds
[2026-09-18T09:42:17.673+0000] {processor.py:161} INFO - Started process (PID=879) to work on /opt/airflow/dags/dag_updating.py
[2026-09-18T09:42:17.675+0000] {processor.py:830} INFO - Processing file /opt/airflow/dags/dag_updating.py for tasks to queue
[2026-09-18T09:42:17.679+0000] {logging_mixin.py:188} INFO - [2026-09-18T09:42:17.678+0000] {dagbag.py:545} INFO - Filling up the DagBag from /opt/airflow/dags/dag_updating.py
[2026-09-18T09:42:17.967+0000] {processor.py:840} INFO - DAG(s) 'youtube_data_updating' retrieved from /opt/airflow/dags/dag_updating.py
[2026-09-18T09:42:17.988+0000] {logging_mixin.py:188} INFO - [2026-09-18T09:42:17.988+0000] {dag.py:3096} INFO - Sync 1 DAGs
[2026-09-18T09:42:18.006+0000] {logging_mixin.py:188} INFO - [2026-09-18T09:42:18.006+0000] {dag.py:3954} INFO - Setting next_dagrun for youtube_data_updating to 2026-09-18 00:00:00+00:00, run_after=2026-09-19 00:00:00+00:00
[2026-09-18T09:42:18.028+0000] {processor.py:183} INFO - Processing /opt/airflow/dags/dag_updating.py took 0.360 seconds
[2026-09-18T09:42:48.228+0000] {processor.py:161} INFO - Started process (PID=888) to work on /opt/airflow/dags/dag_updating.py
[2026-09-18T09:42:48.232+0000] {processor.py:830} INFO - Processing file /opt/airflow/dags/dag_updating.py for tasks to queue
[2026-09-18T09:42:48.236+0000] {logging_mixin.py:188} INFO - [2026-09-18T09:42:48.235+0000] {dagbag.py:545} INFO - Filling up the DagBag from /opt/airflow/dags/dag_updating.py
[2026-09-18T09:42:48.640+0000] {processor.py:840} INFO - DAG(s) 'youtube_data_updating' retrieved from /opt/airflow/dags/dag_updating.py
[2026-09-18T09:42:48.664+0000] {logging_mixin.py:188} INFO - [2026-09-18T09:42:48.663+0000] {dag.py:3096} INFO - Sync 1 DAGs
[2026-09-18T09:42:48.686+0000] {logging_mixin.py:188} INFO - [2026-09-18T09:42:48.685+0000] {dag.py:3954} INFO - Setting next_dagrun for youtube_data_updating to 2026-09-18 00:00:00+00:00, run_after=2026-09-19 00:00:00+00:00
[2026-09-18T09:42:48.711+0000] {processor.py:183} INFO - Processing /opt/airflow/dags/dag_updating.py took 0.489 seconds
[2026-09-18T09:43:19.523+0000] {processor.py:161} INFO - Started process (PID=897) to work on /opt/airflow/dags/dag_updating.py
[2026-09-18T09:43:19.526+0000] {processor.py:830} INFO - Processing file /opt/airflow/dags/dag_updating.py for tasks to queue
[2026-09-18T09:43:19.530+0000] {logging_mixin.py:188} INFO - [2026-09-18T09:43:19.530+0000] {dagbag.py:545} INFO - Filling up the DagBag from /opt/airflow/dags/dag_updating.py
[2026-09-18T09:43:19.828+0000] {processor.py:840} INFO - DAG(s) 'youtube_data_updating' retrieved from /opt/airflow/dags/dag_updating.py
[2026-09-18T09:43:19.850+0000] {logging_mixin.py:188} INFO - [2026-09-18T09:43:19.850+0000] {dag.py:3096} INFO - Sync 1 DAGs
[2026-09-18T09:43:19.871+0000] {logging_mixin.py:188} INFO - [2026-09-18T09:43:19.871+0000] {dag.py:3954} INFO - Setting next_dagrun for youtube_data_updating to 2026-09-18 00:00:00+00:00, run_after=2026-09-19 00:00:00+00:00
[2026-09-18T09:43:19.892+0000] {processor.py:183} INFO - Processing /opt/airflow/dags/dag_updating.py took 0.378 seconds
[2026-09-18T09:43:49.940+0000] {processor.py:161} INFO - Started process (PID=906) to work on /opt/airflow/dags/dag_updating.py
[2026-09-18T09:43:49.942+0000] {processor.py:830} INFO - Processing file /opt/airflow/dags/dag_updating.py for tasks to queue
[2026-09-18T09:43:49.945+0000] {logging_mixin.py:188} INFO - [2026-09-18T09:43:49.945+0000] {dagbag.py:545} INFO - Filling up the DagBag from /opt/airflow/dags/dag_updating.py
[2026-09-18T09:43:50.213+0000] {processor.py:840} INFO - DAG(s) 'youtube_data_updating' retrieved from /opt/airflow/dags/dag_updating.py
[2026-09-18T09:43:50.233+0000] {logging_mixin.py:188} INFO - [2026-09-18T09:43:50.233+0000] {dag.py:3096} INFO - Sync 1 DAGs
[2026-09-18T09:43:50.251+0000] {logging_mixin.py:188} INFO - [2026-09-18T09:43:50.251+0000] {dag.py:3954} INFO - Setting next_dagrun for youtube_data_updating to 2026-09-18 00:00:00+00:00, run_after=2026-09-19 00:00:00+00:00
[2026-09-18T09:43:50.414+0000] {processor.py:183} INFO - Processing /opt/airflow/dags/dag_updating.py took 0.482 seconds
[2026-09-18T09:44:20.603+0000] {processor.py:161} INFO - Started process (PID=915) to work on /opt/airflow/dags/dag_updating.py
[2026-09-18T09:44:20.607+0000] {processor.py:830} INFO - Processing file /opt/airflow/dags/dag_updating.py for tasks to queue
[2026-09-18T09:44:20.610+0000] {logging_mixin.py:188} INFO - [2026-09-18T09:44:20.610+0000] {dagbag.py:545} INFO - Filling up the DagBag from /opt/airflow/dags/dag_updating.py
[2026-09-18T09:44:20.873+0000] {processor.py:840} INFO - DAG(s) 'youtube_data_updating' retrieved from /opt/airflow/dags/dag_updating.py
[2026-09-18T09:44:20.893+0000] {logging_mixin.py:188} INFO - [2026-09-18T09:44:20.893+0000] {dag.py:3096} INFO - Sync 1 DAGs
[2026-09-18T09:44:21.034+0000] {logging_mixin.py:188} INFO - [2026-09-18T09:44:21.033+0000] {dag.py:3954} INFO - Setting next_dagrun for youtube_data_updating to 2026-09-18 00:00:00+00:00, run_after=2026-09-19 00:00:00+00:00
[2026-09-18T09:44:21.053+0000] {processor.py:183} INFO - Processing /opt/airflow/dags/dag_updating.py took 0.456 seconds
[2026-09-18T09:44:51.940+0000] {processor.py:161} INFO - Started process (PID=924) to work on /opt/airflow/dags/dag_updating.py
[2026-09-18T09:44:51.944+0000] {processor.py:830} INFO - Processing file /opt/airflow/dags/dag_updating.py for tasks to queue
[2026-09-18T09:44:51.947+0000] {logging_mixin.py:188} INFO - [2026-09-18T09:44:51.946+0000] {dagbag.py:545} INFO - Filling up the DagBag from /opt/airflow/dags/dag_updating.py
[2026-09-18T09:44:52.237+0000] {processor.py:840} INFO - DAG(s) 'youtube_data_updating' retrieved from /opt/airflow/dags/dag_updating.py
[2026-09-18T09:44:52.257+0000] {logging_mixin.py:188} INFO - [2026-09-18T09:44:52.257+0000] {dag.py:3096} INFO - Sync 1 DAGs
[2026-09-18T09:44:52.276+0000] {logging_mixin.py:188} INFO - [2026-09-18T09:44:52.276+0000] {dag.py:3954} INFO - Setting next_dagrun for youtube_data_updating to 2026-09-18 00:00:00+00:00, run_after=2026-09-19 00:00:00+00:00
[2026-09-18T09:44:52.298+0000] {processor.py:183} INFO - Processing /opt/airflow/dags/dag_updating.py took 0.364 seconds
[2026-09-18T09:45:22.409+0000] {processor.py:161} INFO - Started process (PID=933) to work on /opt/airflow/dags/dag_updating.py
[2026-09-18T09:45:22.413+0000] {processor.py:830} INFO - Processing file /opt/airflow/dags/dag_updating.py for tasks to queue
[2026-09-18T09:45:22.416+0000] {logging_mixin.py:188} INFO - [2026-09-18T09:45:22.416+0000] {dagbag.py:545} INFO - Filling up the DagBag from /opt/airflow/dags/dag_updating.py
[2026-09-18T09:45:22.725+0000] {processor.py:840} INFO - DAG(s) 'youtube_data_updating' retrieved from /opt/airflow/dags/dag_updating.py
[2026-09-18T09:45:22.745+0000] {logging_mixin.py:188} INFO - [2026-09-18T09:45:22.745+0000] {dag.py:3096} INFO - Sync 1 DAGs
[2026-09-18T09:45:22.764+0000] {logging_mixin.py:188} INFO - [2026-09-18T09:45:22.764+0000] {dag.py:3954} INFO - Setting next_dagrun for youtube_data_updating to 2026-09-18 00:00:00+00:00, run_after=2026-09-19 00:00:00+00:00
[2026-09-18T09:45:22.785+0000] {processor.py:183} INFO - Processing /opt/airflow/dags/dag_updating.py took 0.383 seconds
[2026-09-18T09:45:52.898+0000] {processor.py:161} INFO - Started process (PID=942) to work on /opt/airflow/dags/dag_updating.py
[2026-09-18T09:45:52.901+0000] {processor.py:830} INFO - Processing file /opt/airflow/dags/dag_updating.py for tasks to queue
[2026-09-18T09:45:52.903+0000] {logging_mixin.py:188} INFO - [2026-09-18T09:45:52.903+0000] {dagbag.py:545} INFO - Filling up the DagBag from /opt/airflow/dags/dag_updating.py
[2026-09-18T09:45:53.233+0000] {processor.py:840} INFO - DAG(s) 'youtube_data_updating' retrieved from /opt/airflow/dags/dag_updating.py
[2026-09-18T09:45:53.255+0000] {logging_mixin.py:188} INFO - [2026-09-18T09:45:53.255+0000] {dag.py:3096} INFO - Sync 1 DAGs
[2026-09-18T09:45:53.275+0000] {logging_mixin.py:188} INFO - [2026-09-18T09:45:53.274+0000] {dag.py:3954} INFO - Setting next_dagrun for youtube_data_updating to 2026-09-18 00:00:00+00:00, run_after=2026-09-19 00:00:00+00:00
[2026-09-18T09:45:53.296+0000] {processor.py:183} INFO - Processing /opt/airflow/dags/dag_updating.py took 0.404 seconds
[2026-09-18T09:46:23.378+0000] {processor.py:161} INFO - Started process (PID=951) to work on /opt/airflow/dags/dag_updating.py
[2026-09-18T09:46:23.380+0000] {processor.py:830} INFO - Processing file /opt/airflow/dags/dag_updating.py for tasks to queue
[2026-09-18T09:46:23.384+0000] {logging_mixin.py:188} INFO - [2026-09-18T09:46:23.384+0000] {dagbag.py:545} INFO - Filling up the DagBag from /opt/airflow/dags/dag_updating.py
[2026-09-18T09:46:23.652+0000] {processor.py:840} INFO - DAG(s) 'youtube_data_updating' retrieved from /opt/airflow/dags/dag_updating.py
[2026-09-18T09:46:23.671+0000] {logging_mixin.py:188} INFO - [2026-09-18T09:46:23.671+0000] {dag.py:3096} INFO - Sync 1 DAGs
[2026-09-18T09:46:23.690+0000] {logging_mixin.py:188} INFO - [2026-09-18T09:46:23.690+0000] {dag.py:3954} INFO - Setting next_dagrun for youtube_data_updating to 2026-09-18 00:00:00+00:00, run_after=2026-09-19 00:00:00+00:00
[2026-09-18T09:46:23.711+0000] {processor.py:183} INFO - Processing /opt/airflow/dags/dag_updating.py took 0.339 seconds
[2026-09-18T09:46:54.058+0000] {processor.py:161} INFO - Started process (PID=960) to work on /opt/airflow/dags/dag_updating.py
[2026-09-18T09:46:54.063+0000] {processor.py:830} INFO - Processing file /opt/airflow/dags/dag_updating.py for tasks to queue
[2026-09-18T09:46:54.066+0000] {logging_mixin.py:188} INFO - [2026-09-18T09:46:54.066+0000] {dagbag.py:545} INFO - Filling up the DagBag from /opt/airflow/dags/dag_updating.py
[2026-09-18T09:46:54.357+0000] {processor.py:840} INFO - DAG(s) 'youtube_data_updating' retrieved from /opt/airflow/dags/dag_updating.py
[2026-09-18T09:46:54.379+0000] {logging_mixin.py:188} INFO - [2026-09-18T09:46:54.378+0000] {dag.py:3096} INFO - Sync 1 DAGs
[2026-09-18T09:46:54.399+0000] {logging_mixin.py:188} INFO - [2026-09-18T09:46:54.398+0000] {dag.py:3954} INFO - Setting next_dagrun for youtube_data_updating to 2026-09-18 00:00:00+00:00, run_after=2026-09-19 00:00:00+00:00
[2026-09-18T09:46:54.595+0000] {processor.py:183} INFO - Processing /opt/airflow/dags/dag_updating.py took 0.545 seconds
[2026-09-18T09:47:25.407+0000] {processor.py:161} INFO - Started process (PID=975) to work on /opt/airflow/dags/dag_updating.py
[2026-09-18T09:47:25.411+0000] {processor.py:830} INFO - Processing file /opt/airflow/dags/dag_updating.py for tasks to queue
[2026-09-18T09:47:25.416+0000] {logging_mixin.py:188} INFO - [2026-09-18T09:47:25.415+0000] {dagbag.py:545} INFO - Filling up the DagBag from /opt/airflow/dags/dag_updating.py
[2026-09-18T09:47:59.151+0000] {processor.py:161} INFO - Started process (PID=49) to work on /opt/airflow/dags/dag_updating.py
[2026-09-18T09:47:59.153+0000] {processor.py:830} INFO - Processing file /opt/airflow/dags/dag_updating.py for tasks to queue
[2026-09-18T09:47:59.157+0000] {logging_mixin.py:188} INFO - [2026-09-18T09:47:59.156+0000] {dagbag.py:545} INFO - Filling up the DagBag from /opt/airflow/dags/dag_updating.py
[2026-09-18T09:47:59.755+0000] {processor.py:840} INFO - DAG(s) 'youtube_data_updating' retrieved from /opt/airflow/dags/dag_updating.py
[2026-09-18T09:47:59.927+0000] {logging_mixin.py:188} INFO - [2026-09-18T09:47:59.926+0000] {dag.py:3096} INFO - Sync 1 DAGs
[2026-09-18T09:47:59.959+0000] {logging_mixin.py:188} INFO - [2026-09-18T09:47:59.958+0000] {dag.py:3954} INFO - Setting next_dagrun for youtube_data_updating to 2026-09-18 00:00:00+00:00, run_after=2026-09-19 00:00:00+00:00
[2026-09-18T09:47:59.989+0000] {processor.py:183} INFO - Processing /opt/airflow/dags/dag_updating.py took 0.844 seconds
[2026-09-18T09:48:30.058+0000] {processor.py:161} INFO - Started process (PID=58) to work on /opt/airflow/dags/dag_updating.py
[2026-09-18T09:48:30.060+0000] {processor.py:830} INFO - Processing file /opt/airflow/dags/dag_updating.py for tasks to queue
[2026-09-18T09:48:30.063+0000] {logging_mixin.py:188} INFO - [2026-09-18T09:48:30.063+0000] {dagbag.py:545} INFO - Filling up the DagBag from /opt/airflow/dags/dag_updating.py
[2026-09-18T09:48:30.492+0000] {processor.py:840} INFO - DAG(s) 'youtube_data_updating' retrieved from /opt/airflow/dags/dag_updating.py
[2026-09-18T09:48:30.524+0000] {logging_mixin.py:188} INFO - [2026-09-18T09:48:30.523+0000] {dag.py:3096} INFO - Sync 1 DAGs
[2026-09-18T09:48:30.570+0000] {logging_mixin.py:188} INFO - [2026-09-18T09:48:30.570+0000] {dag.py:3954} INFO - Setting next_dagrun for youtube_data_updating to 2026-09-18 00:00:00+00:00, run_after=2026-09-19 00:00:00+00:00
[2026-09-18T09:48:30.603+0000] {processor.py:183} INFO - Processing /opt/airflow/dags/dag_updating.py took 0.552 seconds
[2026-09-18T09:49:00.762+0000] {processor.py:161} INFO - Started process (PID=68) to work on /opt/airflow/dags/dag_updating.py
[2026-09-18T09:49:00.764+0000] {processor.py:830} INFO - Processing file /opt/airflow/dags/dag_updating.py for tasks to queue
[2026-09-18T09:49:00.768+0000] {logging_mixin.py:188} INFO - [2026-09-18T09:49:00.767+0000] {dagbag.py:545} INFO - Filling up the DagBag from /opt/airflow/dags/dag_updating.py
[2026-09-18T09:49:01.067+0000] {processor.py:840} INFO - DAG(s) 'youtube_data_updating' retrieved from /opt/airflow/dags/dag_updating.py
[2026-09-18T09:49:01.088+0000] {logging_mixin.py:188} INFO - [2026-09-18T09:49:01.088+0000] {dag.py:3096} INFO - Sync 1 DAGs
[2026-09-18T09:49:01.107+0000] {logging_mixin.py:188} INFO - [2026-09-18T09:49:01.107+0000] {dag.py:3954} INFO - Setting next_dagrun for youtube_data_updating to 2026-09-18 00:00:00+00:00, run_after=2026-09-19 00:00:00+00:00
[2026-09-18T09:49:01.128+0000] {processor.py:183} INFO - Processing /opt/airflow/dags/dag_updating.py took 0.373 seconds
[2026-09-18T09:49:31.251+0000] {processor.py:161} INFO - Started process (PID=78) to work on /opt/airflow/dags/dag_updating.py
[2026-09-18T09:49:31.253+0000] {processor.py:830} INFO - Processing file /opt/airflow/dags/dag_updating.py for tasks to queue
[2026-09-18T09:49:31.256+0000] {logging_mixin.py:188} INFO - [2026-09-18T09:49:31.256+0000] {dagbag.py:545} INFO - Filling up the DagBag from /opt/airflow/dags/dag_updating.py
[2026-09-18T09:49:31.531+0000] {processor.py:840} INFO - DAG(s) 'youtube_data_updating' retrieved from /opt/airflow/dags/dag_updating.py
[2026-09-18T09:49:31.551+0000] {logging_mixin.py:188} INFO - [2026-09-18T09:49:31.551+0000] {dag.py:3096} INFO - Sync 1 DAGs
[2026-09-18T09:49:31.572+0000] {logging_mixin.py:188} INFO - [2026-09-18T09:49:31.571+0000] {dag.py:3954} INFO - Setting next_dagrun for youtube_data_updating to 2026-09-18 00:00:00+00:00, run_after=2026-09-19 00:00:00+00:00
[2026-09-18T09:49:31.593+0000] {processor.py:183} INFO - Processing /opt/airflow/dags/dag_updating.py took 0.348 seconds
[2026-09-18T09:50:01.784+0000] {processor.py:161} INFO - Started process (PID=87) to work on /opt/airflow/dags/dag_updating.py
[2026-09-18T09:50:01.786+0000] {processor.py:830} INFO - Processing file /opt/airflow/dags/dag_updating.py for tasks to queue
[2026-09-18T09:50:01.789+0000] {logging_mixin.py:188} INFO - [2026-09-18T09:50:01.789+0000] {dagbag.py:545} INFO - Filling up the DagBag from /opt/airflow/dags/dag_updating.py
[2026-09-18T09:50:02.083+0000] {processor.py:840} INFO - DAG(s) 'youtube_data_updating' retrieved from /opt/airflow/dags/dag_updating.py
[2026-09-18T09:50:02.104+0000] {logging_mixin.py:188} INFO - [2026-09-18T09:50:02.104+0000] {dag.py:3096} INFO - Sync 1 DAGs
[2026-09-18T09:50:02.125+0000] {logging_mixin.py:188} INFO - [2026-09-18T09:50:02.125+0000] {dag.py:3954} INFO - Setting next_dagrun for youtube_data_updating to 2026-09-18 00:00:00+00:00, run_after=2026-09-19 00:00:00+00:00
[2026-09-18T09:50:02.148+0000] {processor.py:183} INFO - Processing /opt/airflow/dags/dag_updating.py took 0.370 seconds
[2026-09-18T09:50:32.233+0000] {processor.py:161} INFO - Started process (PID=96) to work on /opt/airflow/dags/dag_updating.py
[2026-09-18T09:50:32.235+0000] {processor.py:830} INFO - Processing file /opt/airflow/dags/dag_updating.py for tasks to queue
[2026-09-18T09:50:32.238+0000] {logging_mixin.py:188} INFO - [2026-09-18T09:50:32.238+0000] {dagbag.py:545} INFO - Filling up the DagBag from /opt/airflow/dags/dag_updating.py
[2026-09-18T09:50:32.562+0000] {processor.py:840} INFO - DAG(s) 'youtube_data_updating' retrieved from /opt/airflow/dags/dag_updating.py
[2026-09-18T09:50:32.590+0000] {logging_mixin.py:188} INFO - [2026-09-18T09:50:32.590+0000] {dag.py:3096} INFO - Sync 1 DAGs
[2026-09-18T09:50:32.612+0000] {logging_mixin.py:188} INFO - [2026-09-18T09:50:32.611+0000] {dag.py:3954} INFO - Setting next_dagrun for youtube_data_updating to 2026-09-18 00:00:00+00:00, run_after=2026-09-19 00:00:00+00:00
[2026-09-18T09:50:32.636+0000] {processor.py:183} INFO - Processing /opt/airflow/dags/dag_updating.py took 0.409 seconds
[2026-09-18T09:51:02.745+0000] {processor.py:161} INFO - Started process (PID=105) to work on /opt/airflow/dags/dag_updating.py
[2026-09-18T09:51:02.747+0000] {processor.py:830} INFO - Processing file /opt/airflow/dags/dag_updating.py for tasks to queue
[2026-09-18T09:51:02.750+0000] {logging_mixin.py:188} INFO - [2026-09-18T09:51:02.749+0000] {dagbag.py:545} INFO - Filling up the DagBag from /opt/airflow/dags/dag_updating.py
[2026-09-18T09:51:03.054+0000] {processor.py:840} INFO - DAG(s) 'youtube_data_updating' retrieved from /opt/airflow/dags/dag_updating.py
[2026-09-18T09:51:03.077+0000] {logging_mixin.py:188} INFO - [2026-09-18T09:51:03.076+0000] {dag.py:3096} INFO - Sync 1 DAGs
[2026-09-18T09:51:03.099+0000] {logging_mixin.py:188} INFO - [2026-09-18T09:51:03.099+0000] {dag.py:3954} INFO - Setting next_dagrun for youtube_data_updating to 2026-09-18 00:00:00+00:00, run_after=2026-09-19 00:00:00+00:00
[2026-09-18T09:51:03.123+0000] {processor.py:183} INFO - Processing /opt/airflow/dags/dag_updating.py took 0.384 seconds
[2026-09-18T09:51:33.290+0000] {processor.py:161} INFO - Started process (PID=114) to work on /opt/airflow/dags/dag_updating.py
[2026-09-18T09:51:33.294+0000] {processor.py:830} INFO - Processing file /opt/airflow/dags/dag_updating.py for tasks to queue
[2026-09-18T09:51:33.296+0000] {logging_mixin.py:188} INFO - [2026-09-18T09:51:33.296+0000] {dagbag.py:545} INFO - Filling up the DagBag from /opt/airflow/dags/dag_updating.py
[2026-09-18T09:51:33.597+0000] {processor.py:840} INFO - DAG(s) 'youtube_data_updating' retrieved from /opt/airflow/dags/dag_updating.py
[2026-09-18T09:51:33.620+0000] {logging_mixin.py:188} INFO - [2026-09-18T09:51:33.620+0000] {dag.py:3096} INFO - Sync 1 DAGs
[2026-09-18T09:51:33.643+0000] {logging_mixin.py:188} INFO - [2026-09-18T09:51:33.642+0000] {dag.py:3954} INFO - Setting next_dagrun for youtube_data_updating to 2026-09-18 00:00:00+00:00, run_after=2026-09-19 00:00:00+00:00
[2026-09-18T09:51:33.666+0000] {processor.py:183} INFO - Processing /opt/airflow/dags/dag_updating.py took 0.382 seconds
[2026-09-18T09:52:03.771+0000] {processor.py:161} INFO - Started process (PID=123) to work on /opt/airflow/dags/dag_updating.py
[2026-09-18T09:52:03.774+0000] {processor.py:830} INFO - Processing file /opt/airflow/dags/dag_updating.py for tasks to queue
[2026-09-18T09:52:03.776+0000] {logging_mixin.py:188} INFO - [2026-09-18T09:52:03.776+0000] {dagbag.py:545} INFO - Filling up the DagBag from /opt/airflow/dags/dag_updating.py
[2026-09-18T09:52:04.061+0000] {processor.py:840} INFO - DAG(s) 'youtube_data_updating' retrieved from /opt/airflow/dags/dag_updating.py
[2026-09-18T09:52:04.081+0000] {logging_mixin.py:188} INFO - [2026-09-18T09:52:04.081+0000] {dag.py:3096} INFO - Sync 1 DAGs
[2026-09-18T09:52:04.100+0000] {logging_mixin.py:188} INFO - [2026-09-18T09:52:04.100+0000] {dag.py:3954} INFO - Setting next_dagrun for youtube_data_updating to 2026-09-18 00:00:00+00:00, run_after=2026-09-19 00:00:00+00:00
[2026-09-18T09:52:04.121+0000] {processor.py:183} INFO - Processing /opt/airflow/dags/dag_updating.py took 0.356 seconds
[2026-09-18T09:52:34.253+0000] {processor.py:161} INFO - Started process (PID=132) to work on /opt/airflow/dags/dag_updating.py
[2026-09-18T09:52:34.255+0000] {processor.py:830} INFO - Processing file /opt/airflow/dags/dag_updating.py for tasks to queue
[2026-09-18T09:52:34.258+0000] {logging_mixin.py:188} INFO - [2026-09-18T09:52:34.257+0000] {dagbag.py:545} INFO - Filling up the DagBag from /opt/airflow/dags/dag_updating.py
[2026-09-18T09:52:34.545+0000] {processor.py:840} INFO - DAG(s) 'youtube_data_updating' retrieved from /opt/airflow/dags/dag_updating.py
[2026-09-18T09:52:34.565+0000] {logging_mixin.py:188} INFO - [2026-09-18T09:52:34.565+0000] {dag.py:3096} INFO - Sync 1 DAGs
[2026-09-18T09:52:34.584+0000] {logging_mixin.py:188} INFO - [2026-09-18T09:52:34.584+0000] {dag.py:3954} INFO - Setting next_dagrun for youtube_data_updating to 2026-09-18 00:00:00+00:00, run_after=2026-09-19 00:00:00+00:00
[2026-09-18T09:52:34.605+0000] {processor.py:183} INFO - Processing /opt/airflow/dags/dag_updating.py took 0.357 seconds
[2026-09-18T09:53:04.838+0000] {processor.py:161} INFO - Started process (PID=147) to work on /opt/airflow/dags/dag_updating.py
[2026-09-18T09:53:04.839+0000] {processor.py:830} INFO - Processing file /opt/airflow/dags/dag_updating.py for tasks to queue
[2026-09-18T09:53:04.842+0000] {logging_mixin.py:188} INFO - [2026-09-18T09:53:04.841+0000] {dagbag.py:545} INFO - Filling up the DagBag from /opt/airflow/dags/dag_updating.py
[2026-09-18T09:53:05.107+0000] {processor.py:840} INFO - DAG(s) 'youtube_data_updating' retrieved from /opt/airflow/dags/dag_updating.py
[2026-09-18T09:53:05.128+0000] {logging_mixin.py:188} INFO - [2026-09-18T09:53:05.127+0000] {dag.py:3096} INFO - Sync 1 DAGs
[2026-09-18T09:53:05.146+0000] {logging_mixin.py:188} INFO - [2026-09-18T09:53:05.146+0000] {dag.py:3954} INFO - Setting next_dagrun for youtube_data_updating to 2026-09-18 00:00:00+00:00, run_after=2026-09-19 00:00:00+00:00
[2026-09-18T09:53:05.167+0000] {processor.py:183} INFO - Processing /opt/airflow/dags/dag_updating.py took 0.336 seconds
[2026-09-18T09:53:35.306+0000] {processor.py:161} INFO - Started process (PID=156) to work on /opt/airflow/dags/dag_updating.py
[2026-09-18T09:53:35.307+0000] {processor.py:830} INFO - Processing file /opt/airflow/dags/dag_updating.py for tasks to queue
[2026-09-18T09:53:35.310+0000] {logging_mixin.py:188} INFO - [2026-09-18T09:53:35.310+0000] {dagbag.py:545} INFO - Filling up the DagBag from /opt/airflow/dags/dag_updating.py
[2026-09-18T09:53:35.580+0000] {processor.py:840} INFO - DAG(s) 'youtube_data_updating' retrieved from /opt/airflow/dags/dag_updating.py
[2026-09-18T09:53:35.601+0000] {logging_mixin.py:188} INFO - [2026-09-18T09:53:35.601+0000] {dag.py:3096} INFO - Sync 1 DAGs
[2026-09-18T09:53:35.619+0000] {logging_mixin.py:188} INFO - [2026-09-18T09:53:35.619+0000] {dag.py:3954} INFO - Setting next_dagrun for youtube_data_updating to 2026-09-18 00:00:00+00:00, run_after=2026-09-19 00:00:00+00:00
[2026-09-18T09:53:35.641+0000] {processor.py:183} INFO - Processing /opt/airflow/dags/dag_updating.py took 0.341 seconds
[2026-09-18T09:54:05.813+0000] {processor.py:161} INFO - Started process (PID=165) to work on /opt/airflow/dags/dag_updating.py
[2026-09-18T09:54:05.815+0000] {processor.py:830} INFO - Processing file /opt/airflow/dags/dag_updating.py for tasks to queue
[2026-09-18T09:54:05.818+0000] {logging_mixin.py:188} INFO - [2026-09-18T09:54:05.818+0000] {dagbag.py:545} INFO - Filling up the DagBag from /opt/airflow/dags/dag_updating.py
[2026-09-18T09:54:06.087+0000] {processor.py:840} INFO - DAG(s) 'youtube_data_updating' retrieved from /opt/airflow/dags/dag_updating.py
[2026-09-18T09:54:06.107+0000] {logging_mixin.py:188} INFO - [2026-09-18T09:54:06.107+0000] {dag.py:3096} INFO - Sync 1 DAGs
[2026-09-18T09:54:06.126+0000] {logging_mixin.py:188} INFO - [2026-09-18T09:54:06.126+0000] {dag.py:3954} INFO - Setting next_dagrun for youtube_data_updating to 2026-09-18 00:00:00+00:00, run_after=2026-09-19 00:00:00+00:00
[2026-09-18T09:54:06.146+0000] {processor.py:183} INFO - Processing /opt/airflow/dags/dag_updating.py took 0.339 seconds
[2026-09-18T09:54:36.297+0000] {processor.py:161} INFO - Started process (PID=174) to work on /opt/airflow/dags/dag_updating.py
[2026-09-18T09:54:36.299+0000] {processor.py:830} INFO - Processing file /opt/airflow/dags/dag_updating.py for tasks to queue
[2026-09-18T09:54:36.302+0000] {logging_mixin.py:188} INFO - [2026-09-18T09:54:36.302+0000] {dagbag.py:545} INFO - Filling up the DagBag from /opt/airflow/dags/dag_updating.py
[2026-09-18T09:54:36.613+0000] {processor.py:840} INFO - DAG(s) 'youtube_data_updating' retrieved from /opt/airflow/dags/dag_updating.py
[2026-09-18T09:54:36.635+0000] {logging_mixin.py:188} INFO - [2026-09-18T09:54:36.635+0000] {dag.py:3096} INFO - Sync 1 DAGs
[2026-09-18T09:54:36.654+0000] {logging_mixin.py:188} INFO - [2026-09-18T09:54:36.653+0000] {dag.py:3954} INFO - Setting next_dagrun for youtube_data_updating to 2026-09-18 00:00:00+00:00, run_after=2026-09-19 00:00:00+00:00
[2026-09-18T09:54:36.674+0000] {processor.py:183} INFO - Processing /opt/airflow/dags/dag_updating.py took 0.386 seconds
[2026-09-18T09:55:06.851+0000] {processor.py:161} INFO - Started process (PID=183) to work on /opt/airflow/dags/dag_updating.py
[2026-09-18T09:55:06.853+0000] {processor.py:830} INFO - Processing file /opt/airflow/dags/dag_updating.py for tasks to queue
[2026-09-18T09:55:06.856+0000] {logging_mixin.py:188} INFO - [2026-09-18T09:55:06.855+0000] {dagbag.py:545} INFO - Filling up the DagBag from /opt/airflow/dags/dag_updating.py
[2026-09-18T09:55:07.211+0000] {processor.py:840} INFO - DAG(s) 'youtube_data_updating' retrieved from /opt/airflow/dags/dag_updating.py
[2026-09-18T09:55:07.238+0000] {logging_mixin.py:188} INFO - [2026-09-18T09:55:07.238+0000] {dag.py:3096} INFO - Sync 1 DAGs
[2026-09-18T09:55:07.270+0000] {logging_mixin.py:188} INFO - [2026-09-18T09:55:07.270+0000] {dag.py:3954} INFO - Setting next_dagrun for youtube_data_updating to 2026-09-18 00:00:00+00:00, run_after=2026-09-19 00:00:00+00:00
[2026-09-18T09:55:07.298+0000] {processor.py:183} INFO - Processing /opt/airflow/dags/dag_updating.py took 0.453 seconds
[2026-09-18T09:55:38.107+0000] {processor.py:161} INFO - Started process (PID=220) to work on /opt/airflow/dags/dag_updating.py
[2026-09-18T09:55:38.110+0000] {processor.py:830} INFO - Processing file /opt/airflow/dags/dag_updating.py for tasks to queue
[2026-09-18T09:55:38.113+0000] {logging_mixin.py:188} INFO - [2026-09-18T09:55:38.113+0000] {dagbag.py:545} INFO - Filling up the DagBag from /opt/airflow/dags/dag_updating.py
[2026-09-18T09:55:38.398+0000] {processor.py:840} INFO - DAG(s) 'youtube_data_updating' retrieved from /opt/airflow/dags/dag_updating.py
[2026-09-18T09:55:38.417+0000] {logging_mixin.py:188} INFO - [2026-09-18T09:55:38.417+0000] {dag.py:3096} INFO - Sync 1 DAGs
[2026-09-18T09:55:38.440+0000] {logging_mixin.py:188} INFO - [2026-09-18T09:55:38.439+0000] {dag.py:3954} INFO - Setting next_dagrun for youtube_data_updating to 2026-09-18 00:00:00+00:00, run_after=2026-09-19 00:00:00+00:00
[2026-09-18T09:55:38.462+0000] {processor.py:183} INFO - Processing /opt/airflow/dags/dag_updating.py took 0.362 seconds
[2026-09-18T09:56:08.769+0000] {processor.py:161} INFO - Started process (PID=229) to work on /opt/airflow/dags/dag_updating.py
[2026-09-18T09:56:08.771+0000] {processor.py:830} INFO - Processing file /opt/airflow/dags/dag_updating.py for tasks to queue
[2026-09-18T09:56:08.773+0000] {logging_mixin.py:188} INFO - [2026-09-18T09:56:08.773+0000] {dagbag.py:545} INFO - Filling up the DagBag from /opt/airflow/dags/dag_updating.py
[2026-09-18T09:56:09.064+0000] {processor.py:840} INFO - DAG(s) 'youtube_data_updating' retrieved from /opt/airflow/dags/dag_updating.py
[2026-09-18T09:56:09.088+0000] {logging_mixin.py:188} INFO - [2026-09-18T09:56:09.088+0000] {dag.py:3096} INFO - Sync 1 DAGs
[2026-09-18T09:56:09.107+0000] {logging_mixin.py:188} INFO - [2026-09-18T09:56:09.107+0000] {dag.py:3954} INFO - Setting next_dagrun for youtube_data_updating to 2026-09-18 00:00:00+00:00, run_after=2026-09-19 00:00:00+00:00
[2026-09-18T09:56:09.128+0000] {processor.py:183} INFO - Processing /opt/airflow/dags/dag_updating.py took 0.366 seconds
[2026-09-18T09:56:39.222+0000] {processor.py:161} INFO - Started process (PID=238) to work on /opt/airflow/dags/dag_updating.py
[2026-09-18T09:56:39.224+0000] {processor.py:830} INFO - Processing file /opt/airflow/dags/dag_updating.py for tasks to queue
[2026-09-18T09:56:39.227+0000] {logging_mixin.py:188} INFO - [2026-09-18T09:56:39.227+0000] {dagbag.py:545} INFO - Filling up the DagBag from /opt/airflow/dags/dag_updating.py
[2026-09-18T09:56:39.502+0000] {processor.py:840} INFO - DAG(s) 'youtube_data_updating' retrieved from /opt/airflow/dags/dag_updating.py
[2026-09-18T09:56:39.525+0000] {logging_mixin.py:188} INFO - [2026-09-18T09:56:39.524+0000] {dag.py:3096} INFO - Sync 1 DAGs
[2026-09-18T09:56:39.544+0000] {logging_mixin.py:188} INFO - [2026-09-18T09:56:39.544+0000] {dag.py:3954} INFO - Setting next_dagrun for youtube_data_updating to 2026-09-18 00:00:00+00:00, run_after=2026-09-19 00:00:00+00:00
[2026-09-18T09:56:39.568+0000] {processor.py:183} INFO - Processing /opt/airflow/dags/dag_updating.py took 0.352 seconds
[2026-09-18T09:57:09.721+0000] {processor.py:161} INFO - Started process (PID=247) to work on /opt/airflow/dags/dag_updating.py
[2026-09-18T09:57:09.725+0000] {processor.py:830} INFO - Processing file /opt/airflow/dags/dag_updating.py for tasks to queue
[2026-09-18T09:57:09.729+0000] {logging_mixin.py:188} INFO - [2026-09-18T09:57:09.728+0000] {dagbag.py:545} INFO - Filling up the DagBag from /opt/airflow/dags/dag_updating.py
[2026-09-18T09:57:10.020+0000] {processor.py:840} INFO - DAG(s) 'youtube_data_updating' retrieved from /opt/airflow/dags/dag_updating.py
[2026-09-18T09:57:10.049+0000] {logging_mixin.py:188} INFO - [2026-09-18T09:57:10.048+0000] {dag.py:3096} INFO - Sync 1 DAGs
[2026-09-18T09:57:10.075+0000] {logging_mixin.py:188} INFO - [2026-09-18T09:57:10.075+0000] {dag.py:3954} INFO - Setting next_dagrun for youtube_data_updating to 2026-09-18 00:00:00+00:00, run_after=2026-09-19 00:00:00+00:00
[2026-09-18T09:57:10.108+0000] {processor.py:183} INFO - Processing /opt/airflow/dags/dag_updating.py took 0.395 seconds
[2026-09-18T09:57:40.240+0000] {processor.py:161} INFO - Started process (PID=256) to work on /opt/airflow/dags/dag_updating.py
[2026-09-18T09:57:40.244+0000] {processor.py:830} INFO - Processing file /opt/airflow/dags/dag_updating.py for tasks to queue
[2026-09-18T09:57:40.255+0000] {logging_mixin.py:188} INFO - [2026-09-18T09:57:40.254+0000] {dagbag.py:545} INFO - Filling up the DagBag from /opt/airflow/dags/dag_updating.py
[2026-09-18T09:57:40.634+0000] {processor.py:840} INFO - DAG(s) 'youtube_data_updating' retrieved from /opt/airflow/dags/dag_updating.py
[2026-09-18T09:57:40.658+0000] {logging_mixin.py:188} INFO - [2026-09-18T09:57:40.657+0000] {dag.py:3096} INFO - Sync 1 DAGs
[2026-09-18T09:57:40.681+0000] {logging_mixin.py:188} INFO - [2026-09-18T09:57:40.681+0000] {dag.py:3954} INFO - Setting next_dagrun for youtube_data_updating to 2026-09-18 00:00:00+00:00, run_after=2026-09-19 00:00:00+00:00
[2026-09-18T09:57:40.705+0000] {processor.py:183} INFO - Processing /opt/airflow/dags/dag_updating.py took 0.480 seconds
[2026-09-18T09:58:11.498+0000] {processor.py:161} INFO - Started process (PID=279) to work on /opt/airflow/dags/dag_updating.py
[2026-09-18T09:58:11.500+0000] {processor.py:830} INFO - Processing file /opt/airflow/dags/dag_updating.py for tasks to queue
[2026-09-18T09:58:11.503+0000] {logging_mixin.py:188} INFO - [2026-09-18T09:58:11.503+0000] {dagbag.py:545} INFO - Filling up the DagBag from /opt/airflow/dags/dag_updating.py
[2026-09-18T09:58:11.792+0000] {processor.py:840} INFO - DAG(s) 'youtube_data_updating' retrieved from /opt/airflow/dags/dag_updating.py
[2026-09-18T09:58:11.811+0000] {logging_mixin.py:188} INFO - [2026-09-18T09:58:11.811+0000] {dag.py:3096} INFO - Sync 1 DAGs
[2026-09-18T09:58:11.831+0000] {logging_mixin.py:188} INFO - [2026-09-18T09:58:11.831+0000] {dag.py:3954} INFO - Setting next_dagrun for youtube_data_updating to 2026-09-18 00:00:00+00:00, run_after=2026-09-19 00:00:00+00:00
[2026-09-18T09:58:11.851+0000] {processor.py:183} INFO - Processing /opt/airflow/dags/dag_updating.py took 0.360 seconds
[2026-09-18T09:58:42.132+0000] {processor.py:161} INFO - Started process (PID=288) to work on /opt/airflow/dags/dag_updating.py
[2026-09-18T09:58:42.134+0000] {processor.py:830} INFO - Processing file /opt/airflow/dags/dag_updating.py for tasks to queue
[2026-09-18T09:58:42.137+0000] {logging_mixin.py:188} INFO - [2026-09-18T09:58:42.136+0000] {dagbag.py:545} INFO - Filling up the DagBag from /opt/airflow/dags/dag_updating.py
[2026-09-18T09:58:42.456+0000] {processor.py:840} INFO - DAG(s) 'youtube_data_updating' retrieved from /opt/airflow/dags/dag_updating.py
[2026-09-18T09:58:42.481+0000] {logging_mixin.py:188} INFO - [2026-09-18T09:58:42.480+0000] {dag.py:3096} INFO - Sync 1 DAGs
[2026-09-18T09:58:42.503+0000] {logging_mixin.py:188} INFO - [2026-09-18T09:58:42.502+0000] {dag.py:3954} INFO - Setting next_dagrun for youtube_data_updating to 2026-09-18 00:00:00+00:00, run_after=2026-09-19 00:00:00+00:00
[2026-09-18T09:58:42.529+0000] {processor.py:183} INFO - Processing /opt/airflow/dags/dag_updating.py took 0.403 seconds
[2026-09-18T09:59:12.695+0000] {processor.py:161} INFO - Started process (PID=303) to work on /opt/airflow/dags/dag_updating.py
[2026-09-18T09:59:12.698+0000] {processor.py:830} INFO - Processing file /opt/airflow/dags/dag_updating.py for tasks to queue
[2026-09-18T09:59:12.700+0000] {logging_mixin.py:188} INFO - [2026-09-18T09:59:12.700+0000] {dagbag.py:545} INFO - Filling up the DagBag from /opt/airflow/dags/dag_updating.py
[2026-09-18T09:59:13.015+0000] {processor.py:840} INFO - DAG(s) 'youtube_data_updating' retrieved from /opt/airflow/dags/dag_updating.py
[2026-09-18T09:59:13.040+0000] {logging_mixin.py:188} INFO - [2026-09-18T09:59:13.039+0000] {dag.py:3096} INFO - Sync 1 DAGs
[2026-09-18T09:59:13.065+0000] {logging_mixin.py:188} INFO - [2026-09-18T09:59:13.065+0000] {dag.py:3954} INFO - Setting next_dagrun for youtube_data_updating to 2026-09-18 00:00:00+00:00, run_after=2026-09-19 00:00:00+00:00
[2026-09-18T09:59:13.087+0000] {processor.py:183} INFO - Processing /opt/airflow/dags/dag_updating.py took 0.399 seconds
[2026-09-18T09:59:43.198+0000] {processor.py:161} INFO - Started process (PID=312) to work on /opt/airflow/dags/dag_updating.py
[2026-09-18T09:59:43.201+0000] {processor.py:830} INFO - Processing file /opt/airflow/dags/dag_updating.py for tasks to queue
[2026-09-18T09:59:43.204+0000] {logging_mixin.py:188} INFO - [2026-09-18T09:59:43.203+0000] {dagbag.py:545} INFO - Filling up the DagBag from /opt/airflow/dags/dag_updating.py
[2026-09-18T09:59:43.473+0000] {processor.py:840} INFO - DAG(s) 'youtube_data_updating' retrieved from /opt/airflow/dags/dag_updating.py
[2026-09-18T09:59:43.494+0000] {logging_mixin.py:188} INFO - [2026-09-18T09:59:43.494+0000] {dag.py:3096} INFO - Sync 1 DAGs
[2026-09-18T09:59:43.514+0000] {logging_mixin.py:188} INFO - [2026-09-18T09:59:43.514+0000] {dag.py:3954} INFO - Setting next_dagrun for youtube_data_updating to 2026-09-18 00:00:00+00:00, run_after=2026-09-19 00:00:00+00:00
[2026-09-18T09:59:43.537+0000] {processor.py:183} INFO - Processing /opt/airflow/dags/dag_updating.py took 0.345 seconds
[2026-09-18T10:00:13.661+0000] {processor.py:161} INFO - Started process (PID=321) to work on /opt/airflow/dags/dag_updating.py
[2026-09-18T10:00:13.664+0000] {processor.py:830} INFO - Processing file /opt/airflow/dags/dag_updating.py for tasks to queue
[2026-09-18T10:00:13.667+0000] {logging_mixin.py:188} INFO - [2026-09-18T10:00:13.666+0000] {dagbag.py:545} INFO - Filling up the DagBag from /opt/airflow/dags/dag_updating.py
[2026-09-18T10:00:13.955+0000] {processor.py:840} INFO - DAG(s) 'youtube_data_updating' retrieved from /opt/airflow/dags/dag_updating.py
[2026-09-18T10:00:13.981+0000] {logging_mixin.py:188} INFO - [2026-09-18T10:00:13.981+0000] {dag.py:3096} INFO - Sync 1 DAGs
[2026-09-18T10:00:14.004+0000] {logging_mixin.py:188} INFO - [2026-09-18T10:00:14.004+0000] {dag.py:3954} INFO - Setting next_dagrun for youtube_data_updating to 2026-09-18 00:00:00+00:00, run_after=2026-09-19 00:00:00+00:00
[2026-09-18T10:00:14.026+0000] {processor.py:183} INFO - Processing /opt/airflow/dags/dag_updating.py took 0.371 seconds
[2026-09-18T10:00:44.152+0000] {processor.py:161} INFO - Started process (PID=330) to work on /opt/airflow/dags/dag_updating.py
[2026-09-18T10:00:44.156+0000] {processor.py:830} INFO - Processing file /opt/airflow/dags/dag_updating.py for tasks to queue
[2026-09-18T10:00:44.159+0000] {logging_mixin.py:188} INFO - [2026-09-18T10:00:44.159+0000] {dagbag.py:545} INFO - Filling up the DagBag from /opt/airflow/dags/dag_updating.py
[2026-09-18T10:00:44.452+0000] {processor.py:840} INFO - DAG(s) 'youtube_data_updating' retrieved from /opt/airflow/dags/dag_updating.py
[2026-09-18T10:00:44.472+0000] {logging_mixin.py:188} INFO - [2026-09-18T10:00:44.472+0000] {dag.py:3096} INFO - Sync 1 DAGs
[2026-09-18T10:00:44.490+0000] {logging_mixin.py:188} INFO - [2026-09-18T10:00:44.490+0000] {dag.py:3954} INFO - Setting next_dagrun for youtube_data_updating to 2026-09-18 00:00:00+00:00, run_after=2026-09-19 00:00:00+00:00
[2026-09-18T10:00:44.510+0000] {processor.py:183} INFO - Processing /opt/airflow/dags/dag_updating.py took 0.364 seconds
[2026-09-18T10:01:14.690+0000] {processor.py:161} INFO - Started process (PID=339) to work on /opt/airflow/dags/dag_updating.py
[2026-09-18T10:01:14.692+0000] {processor.py:830} INFO - Processing file /opt/airflow/dags/dag_updating.py for tasks to queue
[2026-09-18T10:01:14.695+0000] {logging_mixin.py:188} INFO - [2026-09-18T10:01:14.695+0000] {dagbag.py:545} INFO - Filling up the DagBag from /opt/airflow/dags/dag_updating.py
[2026-09-18T10:01:14.971+0000] {processor.py:840} INFO - DAG(s) 'youtube_data_updating' retrieved from /opt/airflow/dags/dag_updating.py
[2026-09-18T10:01:14.991+0000] {logging_mixin.py:188} INFO - [2026-09-18T10:01:14.991+0000] {dag.py:3096} INFO - Sync 1 DAGs
[2026-09-18T10:01:15.012+0000] {logging_mixin.py:188} INFO - [2026-09-18T10:01:15.012+0000] {dag.py:3954} INFO - Setting next_dagrun for youtube_data_updating to 2026-09-18 00:00:00+00:00, run_after=2026-09-19 00:00:00+00:00
[2026-09-18T10:01:15.033+0000] {processor.py:183} INFO - Processing /opt/airflow/dags/dag_updating.py took 0.349 seconds
[2026-09-18T10:01:45.200+0000] {processor.py:161} INFO - Started process (PID=348) to work on /opt/airflow/dags/dag_updating.py
[2026-09-18T10:01:45.202+0000] {processor.py:830} INFO - Processing file /opt/airflow/dags/dag_updating.py for tasks to queue
[2026-09-18T10:01:45.206+0000] {logging_mixin.py:188} INFO - [2026-09-18T10:01:45.206+0000] {dagbag.py:545} INFO - Filling up the DagBag from /opt/airflow/dags/dag_updating.py
[2026-09-18T10:01:45.475+0000] {processor.py:840} INFO - DAG(s) 'youtube_data_updating' retrieved from /opt/airflow/dags/dag_updating.py
[2026-09-18T10:01:45.495+0000] {logging_mixin.py:188} INFO - [2026-09-18T10:01:45.495+0000] {dag.py:3096} INFO - Sync 1 DAGs
[2026-09-18T10:01:45.514+0000] {logging_mixin.py:188} INFO - [2026-09-18T10:01:45.514+0000] {dag.py:3954} INFO - Setting next_dagrun for youtube_data_updating to 2026-09-18 00:00:00+00:00, run_after=2026-09-19 00:00:00+00:00
[2026-09-18T10:01:45.533+0000] {processor.py:183} INFO - Processing /opt/airflow/dags/dag_updating.py took 0.338 seconds
[2026-09-18T10:02:15.644+0000] {processor.py:161} INFO - Started process (PID=357) to work on /opt/airflow/dags/dag_updating.py
[2026-09-18T10:02:15.646+0000] {processor.py:830} INFO - Processing file /opt/airflow/dags/dag_updating.py for tasks to queue
[2026-09-18T10:02:15.649+0000] {logging_mixin.py:188} INFO - [2026-09-18T10:02:15.649+0000] {dagbag.py:545} INFO - Filling up the DagBag from /opt/airflow/dags/dag_updating.py
[2026-09-18T10:02:15.923+0000] {processor.py:840} INFO - DAG(s) 'youtube_data_updating' retrieved from /opt/airflow/dags/dag_updating.py
[2026-09-18T10:02:15.945+0000] {logging_mixin.py:188} INFO - [2026-09-18T10:02:15.944+0000] {dag.py:3096} INFO - Sync 1 DAGs
[2026-09-18T10:02:15.966+0000] {logging_mixin.py:188} INFO - [2026-09-18T10:02:15.966+0000] {dag.py:3954} INFO - Setting next_dagrun for youtube_data_updating to 2026-09-18 00:00:00+00:00, run_after=2026-09-19 00:00:00+00:00
[2026-09-18T10:02:15.986+0000] {processor.py:183} INFO - Processing /opt/airflow/dags/dag_updating.py took 0.348 seconds
[2026-09-18T10:02:46.157+0000] {processor.py:161} INFO - Started process (PID=366) to work on /opt/airflow/dags/dag_updating.py
[2026-09-18T10:02:46.159+0000] {processor.py:830} INFO - Processing file /opt/airflow/dags/dag_updating.py for tasks to queue
[2026-09-18T10:02:46.163+0000] {logging_mixin.py:188} INFO - [2026-09-18T10:02:46.162+0000] {dagbag.py:545} INFO - Filling up the DagBag from /opt/airflow/dags/dag_updating.py
[2026-09-18T10:02:46.493+0000] {processor.py:840} INFO - DAG(s) 'youtube_data_updating' retrieved from /opt/airflow/dags/dag_updating.py
[2026-09-18T10:02:46.529+0000] {logging_mixin.py:188} INFO - [2026-09-18T10:02:46.528+0000] {dag.py:3096} INFO - Sync 1 DAGs
[2026-09-18T10:02:46.558+0000] {logging_mixin.py:188} INFO - [2026-09-18T10:02:46.558+0000] {dag.py:3954} INFO - Setting next_dagrun for youtube_data_updating to 2026-09-18 00:00:00+00:00, run_after=2026-09-19 00:00:00+00:00
[2026-09-18T10:02:46.587+0000] {processor.py:183} INFO - Processing /opt/airflow/dags/dag_updating.py took 0.437 seconds
[2026-09-18T10:03:16.712+0000] {processor.py:161} INFO - Started process (PID=375) to work on /opt/airflow/dags/dag_updating.py
[2026-09-18T10:03:16.715+0000] {processor.py:830} INFO - Processing file /opt/airflow/dags/dag_updating.py for tasks to queue
[2026-09-18T10:03:16.719+0000] {logging_mixin.py:188} INFO - [2026-09-18T10:03:16.718+0000] {dagbag.py:545} INFO - Filling up the DagBag from /opt/airflow/dags/dag_updating.py
[2026-09-18T10:03:17.044+0000] {processor.py:840} INFO - DAG(s) 'youtube_data_updating' retrieved from /opt/airflow/dags/dag_updating.py
[2026-09-18T10:03:17.068+0000] {logging_mixin.py:188} INFO - [2026-09-18T10:03:17.067+0000] {dag.py:3096} INFO - Sync 1 DAGs
[2026-09-18T10:03:17.089+0000] {logging_mixin.py:188} INFO - [2026-09-18T10:03:17.089+0000] {dag.py:3954} INFO - Setting next_dagrun for youtube_data_updating to 2026-09-18 00:00:00+00:00, run_after=2026-09-19 00:00:00+00:00
[2026-09-18T10:03:17.113+0000] {processor.py:183} INFO - Processing /opt/airflow/dags/dag_updating.py took 0.407 seconds
[2026-09-18T10:03:47.196+0000] {processor.py:161} INFO - Started process (PID=384) to work on /opt/airflow/dags/dag_updating.py
[2026-09-18T10:03:47.200+0000] {processor.py:830} INFO - Processing file /opt/airflow/dags/dag_updating.py for tasks to queue
[2026-09-18T10:03:47.202+0000] {logging_mixin.py:188} INFO - [2026-09-18T10:03:47.202+0000] {dagbag.py:545} INFO - Filling up the DagBag from /opt/airflow/dags/dag_updating.py
[2026-09-18T10:03:47.463+0000] {processor.py:840} INFO - DAG(s) 'youtube_data_updating' retrieved from /opt/airflow/dags/dag_updating.py
[2026-09-18T10:03:47.483+0000] {logging_mixin.py:188} INFO - [2026-09-18T10:03:47.483+0000] {dag.py:3096} INFO - Sync 1 DAGs
[2026-09-18T10:03:47.502+0000] {logging_mixin.py:188} INFO - [2026-09-18T10:03:47.501+0000] {dag.py:3954} INFO - Setting next_dagrun for youtube_data_updating to 2026-09-18 00:00:00+00:00, run_after=2026-09-19 00:00:00+00:00
[2026-09-18T10:03:47.524+0000] {processor.py:183} INFO - Processing /opt/airflow/dags/dag_updating.py took 0.334 seconds
[2026-09-18T10:04:17.726+0000] {processor.py:161} INFO - Started process (PID=393) to work on /opt/airflow/dags/dag_updating.py
[2026-09-18T10:04:17.727+0000] {processor.py:830} INFO - Processing file /opt/airflow/dags/dag_updating.py for tasks to queue
[2026-09-18T10:04:17.730+0000] {logging_mixin.py:188} INFO - [2026-09-18T10:04:17.730+0000] {dagbag.py:545} INFO - Filling up the DagBag from /opt/airflow/dags/dag_updating.py
[2026-09-18T10:04:18.045+0000] {processor.py:840} INFO - DAG(s) 'youtube_data_updating' retrieved from /opt/airflow/dags/dag_updating.py
[2026-09-18T10:04:18.067+0000] {logging_mixin.py:188} INFO - [2026-09-18T10:04:18.066+0000] {dag.py:3096} INFO - Sync 1 DAGs
[2026-09-18T10:04:18.085+0000] {logging_mixin.py:188} INFO - [2026-09-18T10:04:18.085+0000] {dag.py:3954} INFO - Setting next_dagrun for youtube_data_updating to 2026-09-18 00:00:00+00:00, run_after=2026-09-19 00:00:00+00:00
[2026-09-18T10:04:18.106+0000] {processor.py:183} INFO - Processing /opt/airflow/dags/dag_updating.py took 0.387 seconds
[2026-09-18T10:04:48.236+0000] {processor.py:161} INFO - Started process (PID=402) to work on /opt/airflow/dags/dag_updating.py
[2026-09-18T10:04:48.238+0000] {processor.py:830} INFO - Processing file /opt/airflow/dags/dag_updating.py for tasks to queue
[2026-09-18T10:04:48.241+0000] {logging_mixin.py:188} INFO - [2026-09-18T10:04:48.241+0000] {dagbag.py:545} INFO - Filling up the DagBag from /opt/airflow/dags/dag_updating.py
[2026-09-18T10:04:48.537+0000] {processor.py:840} INFO - DAG(s) 'youtube_data_updating' retrieved from /opt/airflow/dags/dag_updating.py
[2026-09-18T10:04:48.562+0000] {logging_mixin.py:188} INFO - [2026-09-18T10:04:48.562+0000] {dag.py:3096} INFO - Sync 1 DAGs
[2026-09-18T10:04:48.585+0000] {logging_mixin.py:188} INFO - [2026-09-18T10:04:48.585+0000] {dag.py:3954} INFO - Setting next_dagrun for youtube_data_updating to 2026-09-18 00:00:00+00:00, run_after=2026-09-19 00:00:00+00:00
[2026-09-18T10:04:48.611+0000] {processor.py:183} INFO - Processing /opt/airflow/dags/dag_updating.py took 0.381 seconds
[2026-09-18T10:05:18.720+0000] {processor.py:161} INFO - Started process (PID=453) to work on /opt/airflow/dags/dag_updating.py
[2026-09-18T10:05:18.725+0000] {processor.py:830} INFO - Processing file /opt/airflow/dags/dag_updating.py for tasks to queue
[2026-09-18T10:05:18.728+0000] {logging_mixin.py:188} INFO - [2026-09-18T10:05:18.728+0000] {dagbag.py:545} INFO - Filling up the DagBag from /opt/airflow/dags/dag_updating.py
[2026-09-18T10:05:19.041+0000] {processor.py:840} INFO - DAG(s) 'youtube_data_updating' retrieved from /opt/airflow/dags/dag_updating.py
[2026-09-18T10:05:19.069+0000] {logging_mixin.py:188} INFO - [2026-09-18T10:05:19.068+0000] {dag.py:3096} INFO - Sync 1 DAGs
[2026-09-18T10:05:19.092+0000] {logging_mixin.py:188} INFO - [2026-09-18T10:05:19.092+0000] {dag.py:3954} INFO - Setting next_dagrun for youtube_data_updating to 2026-09-18 00:00:00+00:00, run_after=2026-09-19 00:00:00+00:00
[2026-09-18T10:05:19.117+0000] {processor.py:183} INFO - Processing /opt/airflow/dags/dag_updating.py took 0.403 seconds
[2026-09-18T10:05:49.199+0000] {processor.py:161} INFO - Started process (PID=462) to work on /opt/airflow/dags/dag_updating.py
[2026-09-18T10:05:49.203+0000] {processor.py:830} INFO - Processing file /opt/airflow/dags/dag_updating.py for tasks to queue
[2026-09-18T10:05:49.206+0000] {logging_mixin.py:188} INFO - [2026-09-18T10:05:49.205+0000] {dagbag.py:545} INFO - Filling up the DagBag from /opt/airflow/dags/dag_updating.py
[2026-09-18T10:05:49.531+0000] {processor.py:840} INFO - DAG(s) 'youtube_data_updating' retrieved from /opt/airflow/dags/dag_updating.py
[2026-09-18T10:05:49.551+0000] {logging_mixin.py:188} INFO - [2026-09-18T10:05:49.551+0000] {dag.py:3096} INFO - Sync 1 DAGs
[2026-09-18T10:05:49.570+0000] {logging_mixin.py:188} INFO - [2026-09-18T10:05:49.570+0000] {dag.py:3954} INFO - Setting next_dagrun for youtube_data_updating to 2026-09-18 00:00:00+00:00, run_after=2026-09-19 00:00:00+00:00
[2026-09-18T10:05:49.592+0000] {processor.py:183} INFO - Processing /opt/airflow/dags/dag_updating.py took 0.398 seconds
[2026-09-18T10:06:19.703+0000] {processor.py:161} INFO - Started process (PID=471) to work on /opt/airflow/dags/dag_updating.py
[2026-09-18T10:06:19.707+0000] {processor.py:830} INFO - Processing file /opt/airflow/dags/dag_updating.py for tasks to queue
[2026-09-18T10:06:19.709+0000] {logging_mixin.py:188} INFO - [2026-09-18T10:06:19.709+0000] {dagbag.py:545} INFO - Filling up the DagBag from /opt/airflow/dags/dag_updating.py
[2026-09-18T10:06:19.979+0000] {processor.py:840} INFO - DAG(s) 'youtube_data_updating' retrieved from /opt/airflow/dags/dag_updating.py
[2026-09-18T10:06:20.000+0000] {logging_mixin.py:188} INFO - [2026-09-18T10:06:19.999+0000] {dag.py:3096} INFO - Sync 1 DAGs
[2026-09-18T10:06:20.018+0000] {logging_mixin.py:188} INFO - [2026-09-18T10:06:20.017+0000] {dag.py:3954} INFO - Setting next_dagrun for youtube_data_updating to 2026-09-18 00:00:00+00:00, run_after=2026-09-19 00:00:00+00:00
[2026-09-18T10:06:20.040+0000] {processor.py:183} INFO - Processing /opt/airflow/dags/dag_updating.py took 0.343 seconds
[2026-09-18T10:07:17.617+0000] {processor.py:161} INFO - Started process (PID=49) to work on /opt/airflow/dags/dag_updating.py
[2026-09-18T10:07:17.619+0000] {processor.py:830} INFO - Processing file /opt/airflow/dags/dag_updating.py for tasks to queue
[2026-09-18T10:07:17.623+0000] {logging_mixin.py:188} INFO - [2026-09-18T10:07:17.623+0000] {dagbag.py:545} INFO - Filling up the DagBag from /opt/airflow/dags/dag_updating.py
[2026-09-18T10:07:18.250+0000] {processor.py:840} INFO - DAG(s) 'youtube_data_updating' retrieved from /opt/airflow/dags/dag_updating.py
[2026-09-18T10:07:18.440+0000] {logging_mixin.py:188} INFO - [2026-09-18T10:07:18.440+0000] {dag.py:3096} INFO - Sync 1 DAGs
[2026-09-18T10:07:18.485+0000] {logging_mixin.py:188} INFO - [2026-09-18T10:07:18.484+0000] {dag.py:3954} INFO - Setting next_dagrun for youtube_data_updating to 2026-09-18 00:00:00+00:00, run_after=2026-09-19 00:00:00+00:00
[2026-09-18T10:07:18.528+0000] {processor.py:183} INFO - Processing /opt/airflow/dags/dag_updating.py took 0.919 seconds
[2026-09-18T10:07:48.634+0000] {processor.py:161} INFO - Started process (PID=58) to work on /opt/airflow/dags/dag_updating.py
[2026-09-18T10:07:48.636+0000] {processor.py:830} INFO - Processing file /opt/airflow/dags/dag_updating.py for tasks to queue
[2026-09-18T10:07:48.639+0000] {logging_mixin.py:188} INFO - [2026-09-18T10:07:48.638+0000] {dagbag.py:545} INFO - Filling up the DagBag from /opt/airflow/dags/dag_updating.py
[2026-09-18T10:07:49.011+0000] {processor.py:840} INFO - DAG(s) 'youtube_data_updating' retrieved from /opt/airflow/dags/dag_updating.py
[2026-09-18T10:07:49.033+0000] {logging_mixin.py:188} INFO - [2026-09-18T10:07:49.032+0000] {dag.py:3096} INFO - Sync 1 DAGs
[2026-09-18T10:07:49.051+0000] {logging_mixin.py:188} INFO - [2026-09-18T10:07:49.050+0000] {dag.py:3954} INFO - Setting next_dagrun for youtube_data_updating to 2026-09-18 00:00:00+00:00, run_after=2026-09-19 00:00:00+00:00
[2026-09-18T10:07:49.070+0000] {processor.py:183} INFO - Processing /opt/airflow/dags/dag_updating.py took 0.445 seconds
[2026-09-18T10:08:19.123+0000] {processor.py:161} INFO - Started process (PID=67) to work on /opt/airflow/dags/dag_updating.py
[2026-09-18T10:08:19.125+0000] {processor.py:830} INFO - Processing file /opt/airflow/dags/dag_updating.py for tasks to queue
[2026-09-18T10:08:19.128+0000] {logging_mixin.py:188} INFO - [2026-09-18T10:08:19.128+0000] {dagbag.py:545} INFO - Filling up the DagBag from /opt/airflow/dags/dag_updating.py
[2026-09-18T10:08:19.450+0000] {processor.py:840} INFO - DAG(s) 'youtube_data_updating' retrieved from /opt/airflow/dags/dag_updating.py
[2026-09-18T10:08:19.470+0000] {logging_mixin.py:188} INFO - [2026-09-18T10:08:19.470+0000] {dag.py:3096} INFO - Sync 1 DAGs
[2026-09-18T10:08:19.489+0000] {logging_mixin.py:188} INFO - [2026-09-18T10:08:19.488+0000] {dag.py:3954} INFO - Setting next_dagrun for youtube_data_updating to 2026-09-18 00:00:00+00:00, run_after=2026-09-19 00:00:00+00:00
[2026-09-18T10:08:19.510+0000] {processor.py:183} INFO - Processing /opt/airflow/dags/dag_updating.py took 0.393 seconds
[2026-09-18T10:08:49.656+0000] {processor.py:161} INFO - Started process (PID=76) to work on /opt/airflow/dags/dag_updating.py
[2026-09-18T10:08:49.664+0000] {processor.py:830} INFO - Processing file /opt/airflow/dags/dag_updating.py for tasks to queue
[2026-09-18T10:08:49.668+0000] {logging_mixin.py:188} INFO - [2026-09-18T10:08:49.667+0000] {dagbag.py:545} INFO - Filling up the DagBag from /opt/airflow/dags/dag_updating.py
[2026-09-18T10:08:50.002+0000] {processor.py:840} INFO - DAG(s) 'youtube_data_updating' retrieved from /opt/airflow/dags/dag_updating.py
[2026-09-18T10:08:50.025+0000] {logging_mixin.py:188} INFO - [2026-09-18T10:08:50.025+0000] {dag.py:3096} INFO - Sync 1 DAGs
[2026-09-18T10:08:50.046+0000] {logging_mixin.py:188} INFO - [2026-09-18T10:08:50.046+0000] {dag.py:3954} INFO - Setting next_dagrun for youtube_data_updating to 2026-09-18 00:00:00+00:00, run_after=2026-09-19 00:00:00+00:00
[2026-09-18T10:08:50.069+0000] {processor.py:183} INFO - Processing /opt/airflow/dags/dag_updating.py took 0.419 seconds
[2026-09-18T10:09:20.316+0000] {processor.py:161} INFO - Started process (PID=99) to work on /opt/airflow/dags/dag_updating.py
[2026-09-18T10:09:20.318+0000] {processor.py:830} INFO - Processing file /opt/airflow/dags/dag_updating.py for tasks to queue
[2026-09-18T10:09:20.321+0000] {logging_mixin.py:188} INFO - [2026-09-18T10:09:20.321+0000] {dagbag.py:545} INFO - Filling up the DagBag from /opt/airflow/dags/dag_updating.py
[2026-09-18T10:09:20.713+0000] {processor.py:840} INFO - DAG(s) 'youtube_data_updating' retrieved from /opt/airflow/dags/dag_updating.py
[2026-09-18T10:09:20.735+0000] {logging_mixin.py:188} INFO - [2026-09-18T10:09:20.735+0000] {dag.py:3096} INFO - Sync 1 DAGs
[2026-09-18T10:09:20.758+0000] {logging_mixin.py:188} INFO - [2026-09-18T10:09:20.758+0000] {dag.py:3954} INFO - Setting next_dagrun for youtube_data_updating to 2026-09-18 00:00:00+00:00, run_after=2026-09-19 00:00:00+00:00
[2026-09-18T10:09:20.779+0000] {processor.py:183} INFO - Processing /opt/airflow/dags/dag_updating.py took 0.471 seconds
[2026-09-18T10:09:50.831+0000] {processor.py:161} INFO - Started process (PID=108) to work on /opt/airflow/dags/dag_updating.py
[2026-09-18T10:09:50.834+0000] {processor.py:830} INFO - Processing file /opt/airflow/dags/dag_updating.py for tasks to queue
[2026-09-18T10:09:50.836+0000] {logging_mixin.py:188} INFO - [2026-09-18T10:09:50.836+0000] {dagbag.py:545} INFO - Filling up the DagBag from /opt/airflow/dags/dag_updating.py
[2026-09-18T10:09:51.110+0000] {processor.py:840} INFO - DAG(s) 'youtube_data_updating' retrieved from /opt/airflow/dags/dag_updating.py
[2026-09-18T10:09:51.132+0000] {logging_mixin.py:188} INFO - [2026-09-18T10:09:51.131+0000] {dag.py:3096} INFO - Sync 1 DAGs
[2026-09-18T10:09:51.155+0000] {logging_mixin.py:188} INFO - [2026-09-18T10:09:51.154+0000] {dag.py:3954} INFO - Setting next_dagrun for youtube_data_updating to 2026-09-18 00:00:00+00:00, run_after=2026-09-19 00:00:00+00:00
[2026-09-18T10:09:51.176+0000] {processor.py:183} INFO - Processing /opt/airflow/dags/dag_updating.py took 0.351 seconds
[2026-09-18T10:10:21.327+0000] {processor.py:161} INFO - Started process (PID=117) to work on /opt/airflow/dags/dag_updating.py
[2026-09-18T10:10:21.329+0000] {processor.py:830} INFO - Processing file /opt/airflow/dags/dag_updating.py for tasks to queue
[2026-09-18T10:10:21.332+0000] {logging_mixin.py:188} INFO - [2026-09-18T10:10:21.331+0000] {dagbag.py:545} INFO - Filling up the DagBag from /opt/airflow/dags/dag_updating.py
[2026-09-18T10:10:21.611+0000] {processor.py:840} INFO - DAG(s) 'youtube_data_updating' retrieved from /opt/airflow/dags/dag_updating.py
[2026-09-18T10:10:21.633+0000] {logging_mixin.py:188} INFO - [2026-09-18T10:10:21.632+0000] {dag.py:3096} INFO - Sync 1 DAGs
[2026-09-18T10:10:21.656+0000] {logging_mixin.py:188} INFO - [2026-09-18T10:10:21.655+0000] {dag.py:3954} INFO - Setting next_dagrun for youtube_data_updating to 2026-09-18 00:00:00+00:00, run_after=2026-09-19 00:00:00+00:00
[2026-09-18T10:10:21.675+0000] {processor.py:183} INFO - Processing /opt/airflow/dags/dag_updating.py took 0.354 seconds
[2026-09-18T10:10:51.802+0000] {processor.py:161} INFO - Started process (PID=126) to work on /opt/airflow/dags/dag_updating.py
[2026-09-18T10:10:51.804+0000] {processor.py:830} INFO - Processing file /opt/airflow/dags/dag_updating.py for tasks to queue
[2026-09-18T10:10:51.807+0000] {logging_mixin.py:188} INFO - [2026-09-18T10:10:51.807+0000] {dagbag.py:545} INFO - Filling up the DagBag from /opt/airflow/dags/dag_updating.py
[2026-09-18T10:10:52.119+0000] {processor.py:840} INFO - DAG(s) 'youtube_data_updating' retrieved from /opt/airflow/dags/dag_updating.py
[2026-09-18T10:10:52.141+0000] {logging_mixin.py:188} INFO - [2026-09-18T10:10:52.141+0000] {dag.py:3096} INFO - Sync 1 DAGs
[2026-09-18T10:10:52.159+0000] {logging_mixin.py:188} INFO - [2026-09-18T10:10:52.159+0000] {dag.py:3954} INFO - Setting next_dagrun for youtube_data_updating to 2026-09-18 00:00:00+00:00, run_after=2026-09-19 00:00:00+00:00
[2026-09-18T10:10:52.180+0000] {processor.py:183} INFO - Processing /opt/airflow/dags/dag_updating.py took 0.384 seconds
[2026-09-18T10:11:22.274+0000] {processor.py:161} INFO - Started process (PID=135) to work on /opt/airflow/dags/dag_updating.py
[2026-09-18T10:11:22.277+0000] {processor.py:830} INFO - Processing file /opt/airflow/dags/dag_updating.py for tasks to queue
[2026-09-18T10:11:22.279+0000] {logging_mixin.py:188} INFO - [2026-09-18T10:11:22.279+0000] {dagbag.py:545} INFO - Filling up the DagBag from /opt/airflow/dags/dag_updating.py
[2026-09-18T10:11:22.549+0000] {processor.py:840} INFO - DAG(s) 'youtube_data_updating' retrieved from /opt/airflow/dags/dag_updating.py
[2026-09-18T10:11:22.570+0000] {logging_mixin.py:188} INFO - [2026-09-18T10:11:22.570+0000] {dag.py:3096} INFO - Sync 1 DAGs
[2026-09-18T10:11:22.589+0000] {logging_mixin.py:188} INFO - [2026-09-18T10:11:22.589+0000] {dag.py:3954} INFO - Setting next_dagrun for youtube_data_updating to 2026-09-18 00:00:00+00:00, run_after=2026-09-19 00:00:00+00:00
[2026-09-18T10:11:22.611+0000] {processor.py:183} INFO - Processing /opt/airflow/dags/dag_updating.py took 0.343 seconds
[2026-09-18T10:11:52.790+0000] {processor.py:161} INFO - Started process (PID=144) to work on /opt/airflow/dags/dag_updating.py
[2026-09-18T10:11:52.792+0000] {processor.py:830} INFO - Processing file /opt/airflow/dags/dag_updating.py for tasks to queue
[2026-09-18T10:11:52.795+0000] {logging_mixin.py:188} INFO - [2026-09-18T10:11:52.795+0000] {dagbag.py:545} INFO - Filling up the DagBag from /opt/airflow/dags/dag_updating.py
[2026-09-18T10:11:53.095+0000] {processor.py:840} INFO - DAG(s) 'youtube_data_updating' retrieved from /opt/airflow/dags/dag_updating.py
[2026-09-18T10:11:53.117+0000] {logging_mixin.py:188} INFO - [2026-09-18T10:11:53.116+0000] {dag.py:3096} INFO - Sync 1 DAGs
[2026-09-18T10:11:53.137+0000] {logging_mixin.py:188} INFO - [2026-09-18T10:11:53.137+0000] {dag.py:3954} INFO - Setting next_dagrun for youtube_data_updating to 2026-09-18 00:00:00+00:00, run_after=2026-09-19 00:00:00+00:00
[2026-09-18T10:11:53.158+0000] {processor.py:183} INFO - Processing /opt/airflow/dags/dag_updating.py took 0.374 seconds
[2026-09-18T10:12:23.339+0000] {processor.py:161} INFO - Started process (PID=159) to work on /opt/airflow/dags/dag_updating.py
[2026-09-18T10:12:23.341+0000] {processor.py:830} INFO - Processing file /opt/airflow/dags/dag_updating.py for tasks to queue
[2026-09-18T10:12:23.344+0000] {logging_mixin.py:188} INFO - [2026-09-18T10:12:23.344+0000] {dagbag.py:545} INFO - Filling up the DagBag from /opt/airflow/dags/dag_updating.py
[2026-09-18T10:12:23.618+0000] {processor.py:840} INFO - DAG(s) 'youtube_data_updating' retrieved from /opt/airflow/dags/dag_updating.py
[2026-09-18T10:12:23.638+0000] {logging_mixin.py:188} INFO - [2026-09-18T10:12:23.638+0000] {dag.py:3096} INFO - Sync 1 DAGs
[2026-09-18T10:12:23.658+0000] {logging_mixin.py:188} INFO - [2026-09-18T10:12:23.657+0000] {dag.py:3954} INFO - Setting next_dagrun for youtube_data_updating to 2026-09-18 00:00:00+00:00, run_after=2026-09-19 00:00:00+00:00
[2026-09-18T10:12:23.678+0000] {processor.py:183} INFO - Processing /opt/airflow/dags/dag_updating.py took 0.349 seconds
[2026-09-18T10:12:53.847+0000] {processor.py:161} INFO - Started process (PID=168) to work on /opt/airflow/dags/dag_updating.py
[2026-09-18T10:12:53.849+0000] {processor.py:830} INFO - Processing file /opt/airflow/dags/dag_updating.py for tasks to queue
[2026-09-18T10:12:53.851+0000] {logging_mixin.py:188} INFO - [2026-09-18T10:12:53.851+0000] {dagbag.py:545} INFO - Filling up the DagBag from /opt/airflow/dags/dag_updating.py
[2026-09-18T10:12:54.222+0000] {processor.py:840} INFO - DAG(s) 'youtube_data_updating' retrieved from /opt/airflow/dags/dag_updating.py
[2026-09-18T10:12:54.255+0000] {logging_mixin.py:188} INFO - [2026-09-18T10:12:54.255+0000] {dag.py:3096} INFO - Sync 1 DAGs
[2026-09-18T10:12:54.287+0000] {logging_mixin.py:188} INFO - [2026-09-18T10:12:54.287+0000] {dag.py:3954} INFO - Setting next_dagrun for youtube_data_updating to 2026-09-18 00:00:00+00:00, run_after=2026-09-19 00:00:00+00:00
[2026-09-18T10:12:54.319+0000] {processor.py:183} INFO - Processing /opt/airflow/dags/dag_updating.py took 0.480 seconds
[2026-09-18T10:13:25.143+0000] {processor.py:161} INFO - Started process (PID=177) to work on /opt/airflow/dags/dag_updating.py
[2026-09-18T10:13:25.147+0000] {processor.py:830} INFO - Processing file /opt/airflow/dags/dag_updating.py for tasks to queue
[2026-09-18T10:13:25.151+0000] {logging_mixin.py:188} INFO - [2026-09-18T10:13:25.151+0000] {dagbag.py:545} INFO - Filling up the DagBag from /opt/airflow/dags/dag_updating.py
[2026-09-18T10:13:25.450+0000] {processor.py:840} INFO - DAG(s) 'youtube_data_updating' retrieved from /opt/airflow/dags/dag_updating.py
[2026-09-18T10:13:25.470+0000] {logging_mixin.py:188} INFO - [2026-09-18T10:13:25.469+0000] {dag.py:3096} INFO - Sync 1 DAGs
[2026-09-18T10:13:25.489+0000] {logging_mixin.py:188} INFO - [2026-09-18T10:13:25.489+0000] {dag.py:3954} INFO - Setting next_dagrun for youtube_data_updating to 2026-09-18 00:00:00+00:00, run_after=2026-09-19 00:00:00+00:00
[2026-09-18T10:13:25.511+0000] {processor.py:183} INFO - Processing /opt/airflow/dags/dag_updating.py took 0.373 seconds
[2026-09-18T10:13:55.792+0000] {processor.py:161} INFO - Started process (PID=186) to work on /opt/airflow/dags/dag_updating.py
[2026-09-18T10:13:55.796+0000] {processor.py:830} INFO - Processing file /opt/airflow/dags/dag_updating.py for tasks to queue
[2026-09-18T10:13:55.798+0000] {logging_mixin.py:188} INFO - [2026-09-18T10:13:55.798+0000] {dagbag.py:545} INFO - Filling up the DagBag from /opt/airflow/dags/dag_updating.py
[2026-09-18T10:13:56.074+0000] {processor.py:840} INFO - DAG(s) 'youtube_data_updating' retrieved from /opt/airflow/dags/dag_updating.py
[2026-09-18T10:13:56.093+0000] {logging_mixin.py:188} INFO - [2026-09-18T10:13:56.093+0000] {dag.py:3096} INFO - Sync 1 DAGs
[2026-09-18T10:13:56.112+0000] {logging_mixin.py:188} INFO - [2026-09-18T10:13:56.111+0000] {dag.py:3954} INFO - Setting next_dagrun for youtube_data_updating to 2026-09-18 00:00:00+00:00, run_after=2026-09-19 00:00:00+00:00
[2026-09-18T10:13:56.134+0000] {processor.py:183} INFO - Processing /opt/airflow/dags/dag_updating.py took 0.349 seconds
[2026-09-18T10:14:26.275+0000] {processor.py:161} INFO - Started process (PID=201) to work on /opt/airflow/dags/dag_updating.py
[2026-09-18T10:14:26.278+0000] {processor.py:830} INFO - Processing file /opt/airflow/dags/dag_updating.py for tasks to queue
[2026-09-18T10:14:26.281+0000] {logging_mixin.py:188} INFO - [2026-09-18T10:14:26.280+0000] {dagbag.py:545} INFO - Filling up the DagBag from /opt/airflow/dags/dag_updating.py
[2026-09-18T10:14:26.564+0000] {processor.py:840} INFO - DAG(s) 'youtube_data_updating' retrieved from /opt/airflow/dags/dag_updating.py
[2026-09-18T10:14:26.584+0000] {logging_mixin.py:188} INFO - [2026-09-18T10:14:26.583+0000] {dag.py:3096} INFO - Sync 1 DAGs
[2026-09-18T10:14:26.604+0000] {logging_mixin.py:188} INFO - [2026-09-18T10:14:26.604+0000] {dag.py:3954} INFO - Setting next_dagrun for youtube_data_updating to 2026-09-18 00:00:00+00:00, run_after=2026-09-19 00:00:00+00:00
[2026-09-18T10:14:26.625+0000] {processor.py:183} INFO - Processing /opt/airflow/dags/dag_updating.py took 0.356 seconds
[2026-09-18T10:14:56.768+0000] {processor.py:161} INFO - Started process (PID=210) to work on /opt/airflow/dags/dag_updating.py
[2026-09-18T10:14:56.771+0000] {processor.py:830} INFO - Processing file /opt/airflow/dags/dag_updating.py for tasks to queue
[2026-09-18T10:14:56.774+0000] {logging_mixin.py:188} INFO - [2026-09-18T10:14:56.773+0000] {dagbag.py:545} INFO - Filling up the DagBag from /opt/airflow/dags/dag_updating.py
[2026-09-18T10:14:57.067+0000] {processor.py:840} INFO - DAG(s) 'youtube_data_updating' retrieved from /opt/airflow/dags/dag_updating.py
[2026-09-18T10:14:57.089+0000] {logging_mixin.py:188} INFO - [2026-09-18T10:14:57.088+0000] {dag.py:3096} INFO - Sync 1 DAGs
[2026-09-18T10:14:57.111+0000] {logging_mixin.py:188} INFO - [2026-09-18T10:14:57.111+0000] {dag.py:3954} INFO - Setting next_dagrun for youtube_data_updating to 2026-09-18 00:00:00+00:00, run_after=2026-09-19 00:00:00+00:00
[2026-09-18T10:14:57.131+0000] {processor.py:183} INFO - Processing /opt/airflow/dags/dag_updating.py took 0.369 seconds
[2026-09-18T10:15:27.196+0000] {processor.py:161} INFO - Started process (PID=232) to work on /opt/airflow/dags/dag_updating.py
[2026-09-18T10:15:27.200+0000] {processor.py:830} INFO - Processing file /opt/airflow/dags/dag_updating.py for tasks to queue
[2026-09-18T10:15:27.205+0000] {logging_mixin.py:188} INFO - [2026-09-18T10:15:27.205+0000] {dagbag.py:545} INFO - Filling up the DagBag from /opt/airflow/dags/dag_updating.py
[2026-09-18T10:15:27.533+0000] {processor.py:840} INFO - DAG(s) 'youtube_data_updating' retrieved from /opt/airflow/dags/dag_updating.py
[2026-09-18T10:15:27.558+0000] {logging_mixin.py:188} INFO - [2026-09-18T10:15:27.557+0000] {dag.py:3096} INFO - Sync 1 DAGs
[2026-09-18T10:15:27.579+0000] {logging_mixin.py:188} INFO - [2026-09-18T10:15:27.579+0000] {dag.py:3954} INFO - Setting next_dagrun for youtube_data_updating to 2026-09-18 00:00:00+00:00, run_after=2026-09-19 00:00:00+00:00
[2026-09-18T10:15:27.607+0000] {processor.py:183} INFO - Processing /opt/airflow/dags/dag_updating.py took 0.417 seconds
[2026-09-18T10:15:57.750+0000] {processor.py:161} INFO - Started process (PID=248) to work on /opt/airflow/dags/dag_updating.py
[2026-09-18T10:15:57.754+0000] {processor.py:830} INFO - Processing file /opt/airflow/dags/dag_updating.py for tasks to queue
[2026-09-18T10:15:57.757+0000] {logging_mixin.py:188} INFO - [2026-09-18T10:15:57.756+0000] {dagbag.py:545} INFO - Filling up the DagBag from /opt/airflow/dags/dag_updating.py
[2026-09-18T10:15:58.059+0000] {processor.py:840} INFO - DAG(s) 'youtube_data_updating' retrieved from /opt/airflow/dags/dag_updating.py
[2026-09-18T10:15:58.084+0000] {logging_mixin.py:188} INFO - [2026-09-18T10:15:58.083+0000] {dag.py:3096} INFO - Sync 1 DAGs
[2026-09-18T10:15:58.107+0000] {logging_mixin.py:188} INFO - [2026-09-18T10:15:58.107+0000] {dag.py:3954} INFO - Setting next_dagrun for youtube_data_updating to 2026-09-18 00:00:00+00:00, run_after=2026-09-19 00:00:00+00:00
[2026-09-18T10:15:58.133+0000] {processor.py:183} INFO - Processing /opt/airflow/dags/dag_updating.py took 0.389 seconds
[2026-09-18T10:16:28.273+0000] {processor.py:161} INFO - Started process (PID=263) to work on /opt/airflow/dags/dag_updating.py
[2026-09-18T10:16:28.277+0000] {processor.py:830} INFO - Processing file /opt/airflow/dags/dag_updating.py for tasks to queue
[2026-09-18T10:16:28.280+0000] {logging_mixin.py:188} INFO - [2026-09-18T10:16:28.280+0000] {dagbag.py:545} INFO - Filling up the DagBag from /opt/airflow/dags/dag_updating.py
[2026-09-18T10:16:28.604+0000] {processor.py:840} INFO - DAG(s) 'youtube_data_updating' retrieved from /opt/airflow/dags/dag_updating.py
[2026-09-18T10:16:28.633+0000] {logging_mixin.py:188} INFO - [2026-09-18T10:16:28.633+0000] {dag.py:3096} INFO - Sync 1 DAGs
[2026-09-18T10:16:28.656+0000] {logging_mixin.py:188} INFO - [2026-09-18T10:16:28.656+0000] {dag.py:3954} INFO - Setting next_dagrun for youtube_data_updating to 2026-09-18 00:00:00+00:00, run_after=2026-09-19 00:00:00+00:00
[2026-09-18T10:16:28.683+0000] {processor.py:183} INFO - Processing /opt/airflow/dags/dag_updating.py took 0.416 seconds
[2026-09-18T10:16:59.516+0000] {processor.py:161} INFO - Started process (PID=272) to work on /opt/airflow/dags/dag_updating.py
[2026-09-18T10:16:59.518+0000] {processor.py:830} INFO - Processing file /opt/airflow/dags/dag_updating.py for tasks to queue
[2026-09-18T10:16:59.521+0000] {logging_mixin.py:188} INFO - [2026-09-18T10:16:59.521+0000] {dagbag.py:545} INFO - Filling up the DagBag from /opt/airflow/dags/dag_updating.py
[2026-09-18T10:16:59.851+0000] {processor.py:840} INFO - DAG(s) 'youtube_data_updating' retrieved from /opt/airflow/dags/dag_updating.py
[2026-09-18T10:16:59.877+0000] {logging_mixin.py:188} INFO - [2026-09-18T10:16:59.876+0000] {dag.py:3096} INFO - Sync 1 DAGs
[2026-09-18T10:16:59.904+0000] {logging_mixin.py:188} INFO - [2026-09-18T10:16:59.904+0000] {dag.py:3954} INFO - Setting next_dagrun for youtube_data_updating to 2026-09-18 00:00:00+00:00, run_after=2026-09-19 00:00:00+00:00
[2026-09-18T10:16:59.933+0000] {processor.py:183} INFO - Processing /opt/airflow/dags/dag_updating.py took 0.424 seconds
[2026-09-18T10:17:30.180+0000] {processor.py:161} INFO - Started process (PID=281) to work on /opt/airflow/dags/dag_updating.py
[2026-09-18T10:17:30.183+0000] {processor.py:830} INFO - Processing file /opt/airflow/dags/dag_updating.py for tasks to queue
[2026-09-18T10:17:30.186+0000] {logging_mixin.py:188} INFO - [2026-09-18T10:17:30.186+0000] {dagbag.py:545} INFO - Filling up the DagBag from /opt/airflow/dags/dag_updating.py
[2026-09-18T10:17:30.509+0000] {processor.py:840} INFO - DAG(s) 'youtube_data_updating' retrieved from /opt/airflow/dags/dag_updating.py
[2026-09-18T10:17:30.534+0000] {logging_mixin.py:188} INFO - [2026-09-18T10:17:30.533+0000] {dag.py:3096} INFO - Sync 1 DAGs
[2026-09-18T10:17:30.556+0000] {logging_mixin.py:188} INFO - [2026-09-18T10:17:30.556+0000] {dag.py:3954} INFO - Setting next_dagrun for youtube_data_updating to 2026-09-18 00:00:00+00:00, run_after=2026-09-19 00:00:00+00:00
[2026-09-18T10:17:30.576+0000] {processor.py:183} INFO - Processing /opt/airflow/dags/dag_updating.py took 0.404 seconds
[2026-09-18T10:18:01.454+0000] {processor.py:161} INFO - Started process (PID=290) to work on /opt/airflow/dags/dag_updating.py
[2026-09-18T10:18:01.461+0000] {processor.py:830} INFO - Processing file /opt/airflow/dags/dag_updating.py for tasks to queue
[2026-09-18T10:18:01.466+0000] {logging_mixin.py:188} INFO - [2026-09-18T10:18:01.466+0000] {dagbag.py:545} INFO - Filling up the DagBag from /opt/airflow/dags/dag_updating.py
[2026-09-18T10:18:02.001+0000] {processor.py:840} INFO - DAG(s) 'youtube_data_updating' retrieved from /opt/airflow/dags/dag_updating.py
[2026-09-18T10:18:02.046+0000] {logging_mixin.py:188} INFO - [2026-09-18T10:18:02.045+0000] {dag.py:3096} INFO - Sync 1 DAGs
[2026-09-18T10:18:02.080+0000] {logging_mixin.py:188} INFO - [2026-09-18T10:18:02.080+0000] {dag.py:3954} INFO - Setting next_dagrun for youtube_data_updating to 2026-09-18 00:00:00+00:00, run_after=2026-09-19 00:00:00+00:00
[2026-09-18T10:18:02.110+0000] {processor.py:183} INFO - Processing /opt/airflow/dags/dag_updating.py took 0.668 seconds
[2026-09-18T10:18:32.887+0000] {processor.py:161} INFO - Started process (PID=299) to work on /opt/airflow/dags/dag_updating.py
[2026-09-18T10:18:32.892+0000] {processor.py:830} INFO - Processing file /opt/airflow/dags/dag_updating.py for tasks to queue
[2026-09-18T10:18:32.896+0000] {logging_mixin.py:188} INFO - [2026-09-18T10:18:32.896+0000] {dagbag.py:545} INFO - Filling up the DagBag from /opt/airflow/dags/dag_updating.py
[2026-09-18T10:18:33.208+0000] {processor.py:840} INFO - DAG(s) 'youtube_data_updating' retrieved from /opt/airflow/dags/dag_updating.py
[2026-09-18T10:18:33.230+0000] {logging_mixin.py:188} INFO - [2026-09-18T10:18:33.229+0000] {dag.py:3096} INFO - Sync 1 DAGs
[2026-09-18T10:18:33.251+0000] {logging_mixin.py:188} INFO - [2026-09-18T10:18:33.250+0000] {dag.py:3954} INFO - Setting next_dagrun for youtube_data_updating to 2026-09-18 00:00:00+00:00, run_after=2026-09-19 00:00:00+00:00
[2026-09-18T10:18:33.272+0000] {processor.py:183} INFO - Processing /opt/airflow/dags/dag_updating.py took 0.392 seconds
[2026-09-18T10:19:03.583+0000] {processor.py:161} INFO - Started process (PID=308) to work on /opt/airflow/dags/dag_updating.py
[2026-09-18T10:19:03.585+0000] {processor.py:830} INFO - Processing file /opt/airflow/dags/dag_updating.py for tasks to queue
[2026-09-18T10:19:03.588+0000] {logging_mixin.py:188} INFO - [2026-09-18T10:19:03.588+0000] {dagbag.py:545} INFO - Filling up the DagBag from /opt/airflow/dags/dag_updating.py
[2026-09-18T10:19:03.900+0000] {processor.py:840} INFO - DAG(s) 'youtube_data_updating' retrieved from /opt/airflow/dags/dag_updating.py
[2026-09-18T10:19:03.923+0000] {logging_mixin.py:188} INFO - [2026-09-18T10:19:03.922+0000] {dag.py:3096} INFO - Sync 1 DAGs
[2026-09-18T10:19:03.944+0000] {logging_mixin.py:188} INFO - [2026-09-18T10:19:03.944+0000] {dag.py:3954} INFO - Setting next_dagrun for youtube_data_updating to 2026-09-18 00:00:00+00:00, run_after=2026-09-19 00:00:00+00:00
[2026-09-18T10:19:03.965+0000] {processor.py:183} INFO - Processing /opt/airflow/dags/dag_updating.py took 0.387 seconds
[2026-09-18T10:19:34.044+0000] {processor.py:161} INFO - Started process (PID=317) to work on /opt/airflow/dags/dag_updating.py
[2026-09-18T10:19:34.047+0000] {processor.py:830} INFO - Processing file /opt/airflow/dags/dag_updating.py for tasks to queue
[2026-09-18T10:19:34.051+0000] {logging_mixin.py:188} INFO - [2026-09-18T10:19:34.050+0000] {dagbag.py:545} INFO - Filling up the DagBag from /opt/airflow/dags/dag_updating.py
[2026-09-18T10:19:34.334+0000] {processor.py:840} INFO - DAG(s) 'youtube_data_updating' retrieved from /opt/airflow/dags/dag_updating.py
[2026-09-18T10:19:34.358+0000] {logging_mixin.py:188} INFO - [2026-09-18T10:19:34.357+0000] {dag.py:3096} INFO - Sync 1 DAGs
[2026-09-18T10:19:34.381+0000] {logging_mixin.py:188} INFO - [2026-09-18T10:19:34.381+0000] {dag.py:3954} INFO - Setting next_dagrun for youtube_data_updating to 2026-09-18 00:00:00+00:00, run_after=2026-09-19 00:00:00+00:00
[2026-09-18T10:19:34.407+0000] {processor.py:183} INFO - Processing /opt/airflow/dags/dag_updating.py took 0.369 seconds
[2026-09-18T10:20:04.500+0000] {processor.py:161} INFO - Started process (PID=326) to work on /opt/airflow/dags/dag_updating.py
[2026-09-18T10:20:04.503+0000] {processor.py:830} INFO - Processing file /opt/airflow/dags/dag_updating.py for tasks to queue
[2026-09-18T10:20:04.507+0000] {logging_mixin.py:188} INFO - [2026-09-18T10:20:04.506+0000] {dagbag.py:545} INFO - Filling up the DagBag from /opt/airflow/dags/dag_updating.py
[2026-09-18T10:20:04.803+0000] {processor.py:840} INFO - DAG(s) 'youtube_data_updating' retrieved from /opt/airflow/dags/dag_updating.py
[2026-09-18T10:20:04.824+0000] {logging_mixin.py:188} INFO - [2026-09-18T10:20:04.824+0000] {dag.py:3096} INFO - Sync 1 DAGs
[2026-09-18T10:20:04.844+0000] {logging_mixin.py:188} INFO - [2026-09-18T10:20:04.844+0000] {dag.py:3954} INFO - Setting next_dagrun for youtube_data_updating to 2026-09-18 00:00:00+00:00, run_after=2026-09-19 00:00:00+00:00
[2026-09-18T10:20:04.866+0000] {processor.py:183} INFO - Processing /opt/airflow/dags/dag_updating.py took 0.373 seconds
[2026-09-18T10:20:34.996+0000] {processor.py:161} INFO - Started process (PID=335) to work on /opt/airflow/dags/dag_updating.py
[2026-09-18T10:20:34.999+0000] {processor.py:830} INFO - Processing file /opt/airflow/dags/dag_updating.py for tasks to queue
[2026-09-18T10:20:35.002+0000] {logging_mixin.py:188} INFO - [2026-09-18T10:20:35.002+0000] {dagbag.py:545} INFO - Filling up the DagBag from /opt/airflow/dags/dag_updating.py
[2026-09-18T10:20:35.284+0000] {processor.py:840} INFO - DAG(s) 'youtube_data_updating' retrieved from /opt/airflow/dags/dag_updating.py
[2026-09-18T10:20:35.305+0000] {logging_mixin.py:188} INFO - [2026-09-18T10:20:35.305+0000] {dag.py:3096} INFO - Sync 1 DAGs
[2026-09-18T10:20:35.325+0000] {logging_mixin.py:188} INFO - [2026-09-18T10:20:35.325+0000] {dag.py:3954} INFO - Setting next_dagrun for youtube_data_updating to 2026-09-18 00:00:00+00:00, run_after=2026-09-19 00:00:00+00:00
[2026-09-18T10:20:35.344+0000] {processor.py:183} INFO - Processing /opt/airflow/dags/dag_updating.py took 0.358 seconds
[2026-09-18T10:21:05.513+0000] {processor.py:161} INFO - Started process (PID=344) to work on /opt/airflow/dags/dag_updating.py
[2026-09-18T10:21:05.515+0000] {processor.py:830} INFO - Processing file /opt/airflow/dags/dag_updating.py for tasks to queue
[2026-09-18T10:21:05.518+0000] {logging_mixin.py:188} INFO - [2026-09-18T10:21:05.517+0000] {dagbag.py:545} INFO - Filling up the DagBag from /opt/airflow/dags/dag_updating.py
[2026-09-18T10:21:05.872+0000] {processor.py:840} INFO - DAG(s) 'youtube_data_updating' retrieved from /opt/airflow/dags/dag_updating.py
[2026-09-18T10:21:05.898+0000] {logging_mixin.py:188} INFO - [2026-09-18T10:21:05.897+0000] {dag.py:3096} INFO - Sync 1 DAGs
[2026-09-18T10:21:05.921+0000] {logging_mixin.py:188} INFO - [2026-09-18T10:21:05.921+0000] {dag.py:3954} INFO - Setting next_dagrun for youtube_data_updating to 2026-09-18 00:00:00+00:00, run_after=2026-09-19 00:00:00+00:00
[2026-09-18T10:21:05.940+0000] {processor.py:183} INFO - Processing /opt/airflow/dags/dag_updating.py took 0.434 seconds
[2026-09-18T10:21:36.825+0000] {processor.py:161} INFO - Started process (PID=353) to work on /opt/airflow/dags/dag_updating.py
[2026-09-18T10:21:36.827+0000] {processor.py:830} INFO - Processing file /opt/airflow/dags/dag_updating.py for tasks to queue
[2026-09-18T10:21:36.831+0000] {logging_mixin.py:188} INFO - [2026-09-18T10:21:36.830+0000] {dagbag.py:545} INFO - Filling up the DagBag from /opt/airflow/dags/dag_updating.py
[2026-09-18T10:21:37.169+0000] {processor.py:840} INFO - DAG(s) 'youtube_data_updating' retrieved from /opt/airflow/dags/dag_updating.py
[2026-09-18T10:21:37.193+0000] {logging_mixin.py:188} INFO - [2026-09-18T10:21:37.192+0000] {dag.py:3096} INFO - Sync 1 DAGs
[2026-09-18T10:21:37.211+0000] {logging_mixin.py:188} INFO - [2026-09-18T10:21:37.211+0000] {dag.py:3954} INFO - Setting next_dagrun for youtube_data_updating to 2026-09-18 00:00:00+00:00, run_after=2026-09-19 00:00:00+00:00
[2026-09-18T10:21:37.232+0000] {processor.py:183} INFO - Processing /opt/airflow/dags/dag_updating.py took 0.416 seconds
[2026-09-18T10:22:07.441+0000] {processor.py:161} INFO - Started process (PID=362) to work on /opt/airflow/dags/dag_updating.py
[2026-09-18T10:22:07.445+0000] {processor.py:830} INFO - Processing file /opt/airflow/dags/dag_updating.py for tasks to queue
[2026-09-18T10:22:07.447+0000] {logging_mixin.py:188} INFO - [2026-09-18T10:22:07.447+0000] {dagbag.py:545} INFO - Filling up the DagBag from /opt/airflow/dags/dag_updating.py
[2026-09-18T10:22:07.720+0000] {processor.py:840} INFO - DAG(s) 'youtube_data_updating' retrieved from /opt/airflow/dags/dag_updating.py
[2026-09-18T10:22:07.740+0000] {logging_mixin.py:188} INFO - [2026-09-18T10:22:07.740+0000] {dag.py:3096} INFO - Sync 1 DAGs
[2026-09-18T10:22:07.760+0000] {logging_mixin.py:188} INFO - [2026-09-18T10:22:07.760+0000] {dag.py:3954} INFO - Setting next_dagrun for youtube_data_updating to 2026-09-18 00:00:00+00:00, run_after=2026-09-19 00:00:00+00:00
[2026-09-18T10:22:07.781+0000] {processor.py:183} INFO - Processing /opt/airflow/dags/dag_updating.py took 0.346 seconds
[2026-09-18T10:22:37.916+0000] {processor.py:161} INFO - Started process (PID=371) to work on /opt/airflow/dags/dag_updating.py
[2026-09-18T10:22:37.920+0000] {processor.py:830} INFO - Processing file /opt/airflow/dags/dag_updating.py for tasks to queue
[2026-09-18T10:22:37.922+0000] {logging_mixin.py:188} INFO - [2026-09-18T10:22:37.922+0000] {dagbag.py:545} INFO - Filling up the DagBag from /opt/airflow/dags/dag_updating.py
[2026-09-18T10:22:38.219+0000] {processor.py:840} INFO - DAG(s) 'youtube_data_updating' retrieved from /opt/airflow/dags/dag_updating.py
[2026-09-18T10:22:38.241+0000] {logging_mixin.py:188} INFO - [2026-09-18T10:22:38.240+0000] {dag.py:3096} INFO - Sync 1 DAGs
[2026-09-18T10:22:38.259+0000] {logging_mixin.py:188} INFO - [2026-09-18T10:22:38.259+0000] {dag.py:3954} INFO - Setting next_dagrun for youtube_data_updating to 2026-09-18 00:00:00+00:00, run_after=2026-09-19 00:00:00+00:00
[2026-09-18T10:22:38.283+0000] {processor.py:183} INFO - Processing /opt/airflow/dags/dag_updating.py took 0.372 seconds
[2026-09-18T10:23:08.422+0000] {processor.py:161} INFO - Started process (PID=380) to work on /opt/airflow/dags/dag_updating.py
[2026-09-18T10:23:08.424+0000] {processor.py:830} INFO - Processing file /opt/airflow/dags/dag_updating.py for tasks to queue
[2026-09-18T10:23:08.427+0000] {logging_mixin.py:188} INFO - [2026-09-18T10:23:08.427+0000] {dagbag.py:545} INFO - Filling up the DagBag from /opt/airflow/dags/dag_updating.py
[2026-09-18T10:23:08.700+0000] {processor.py:840} INFO - DAG(s) 'youtube_data_updating' retrieved from /opt/airflow/dags/dag_updating.py
[2026-09-18T10:23:08.721+0000] {logging_mixin.py:188} INFO - [2026-09-18T10:23:08.721+0000] {dag.py:3096} INFO - Sync 1 DAGs
[2026-09-18T10:23:08.740+0000] {logging_mixin.py:188} INFO - [2026-09-18T10:23:08.739+0000] {dag.py:3954} INFO - Setting next_dagrun for youtube_data_updating to 2026-09-18 00:00:00+00:00, run_after=2026-09-19 00:00:00+00:00
[2026-09-18T10:23:08.761+0000] {processor.py:183} INFO - Processing /opt/airflow/dags/dag_updating.py took 0.345 seconds
[2026-09-18T10:23:38.957+0000] {processor.py:161} INFO - Started process (PID=389) to work on /opt/airflow/dags/dag_updating.py
[2026-09-18T10:23:38.959+0000] {processor.py:830} INFO - Processing file /opt/airflow/dags/dag_updating.py for tasks to queue
[2026-09-18T10:23:38.962+0000] {logging_mixin.py:188} INFO - [2026-09-18T10:23:38.962+0000] {dagbag.py:545} INFO - Filling up the DagBag from /opt/airflow/dags/dag_updating.py
[2026-09-18T10:23:39.230+0000] {processor.py:840} INFO - DAG(s) 'youtube_data_updating' retrieved from /opt/airflow/dags/dag_updating.py
[2026-09-18T10:23:39.250+0000] {logging_mixin.py:188} INFO - [2026-09-18T10:23:39.250+0000] {dag.py:3096} INFO - Sync 1 DAGs
[2026-09-18T10:23:39.269+0000] {logging_mixin.py:188} INFO - [2026-09-18T10:23:39.269+0000] {dag.py:3954} INFO - Setting next_dagrun for youtube_data_updating to 2026-09-18 00:00:00+00:00, run_after=2026-09-19 00:00:00+00:00
[2026-09-18T10:23:39.292+0000] {processor.py:183} INFO - Processing /opt/airflow/dags/dag_updating.py took 0.341 seconds
[2026-09-18T10:24:09.465+0000] {processor.py:161} INFO - Started process (PID=398) to work on /opt/airflow/dags/dag_updating.py
[2026-09-18T10:24:09.469+0000] {processor.py:830} INFO - Processing file /opt/airflow/dags/dag_updating.py for tasks to queue
[2026-09-18T10:24:09.473+0000] {logging_mixin.py:188} INFO - [2026-09-18T10:24:09.472+0000] {dagbag.py:545} INFO - Filling up the DagBag from /opt/airflow/dags/dag_updating.py
[2026-09-18T10:24:09.743+0000] {processor.py:840} INFO - DAG(s) 'youtube_data_updating' retrieved from /opt/airflow/dags/dag_updating.py
[2026-09-18T10:24:09.766+0000] {logging_mixin.py:188} INFO - [2026-09-18T10:24:09.765+0000] {dag.py:3096} INFO - Sync 1 DAGs
[2026-09-18T10:24:09.785+0000] {logging_mixin.py:188} INFO - [2026-09-18T10:24:09.785+0000] {dag.py:3954} INFO - Setting next_dagrun for youtube_data_updating to 2026-09-18 00:00:00+00:00, run_after=2026-09-19 00:00:00+00:00
[2026-09-18T10:24:09.809+0000] {processor.py:183} INFO - Processing /opt/airflow/dags/dag_updating.py took 0.351 seconds
[2026-09-18T10:24:39.972+0000] {processor.py:161} INFO - Started process (PID=407) to work on /opt/airflow/dags/dag_updating.py
[2026-09-18T10:24:39.974+0000] {processor.py:830} INFO - Processing file /opt/airflow/dags/dag_updating.py for tasks to queue
[2026-09-18T10:24:39.978+0000] {logging_mixin.py:188} INFO - [2026-09-18T10:24:39.977+0000] {dagbag.py:545} INFO - Filling up the DagBag from /opt/airflow/dags/dag_updating.py
[2026-09-18T10:24:40.244+0000] {processor.py:840} INFO - DAG(s) 'youtube_data_updating' retrieved from /opt/airflow/dags/dag_updating.py
[2026-09-18T10:24:40.265+0000] {logging_mixin.py:188} INFO - [2026-09-18T10:24:40.264+0000] {dag.py:3096} INFO - Sync 1 DAGs
[2026-09-18T10:24:40.283+0000] {logging_mixin.py:188} INFO - [2026-09-18T10:24:40.283+0000] {dag.py:3954} INFO - Setting next_dagrun for youtube_data_updating to 2026-09-18 00:00:00+00:00, run_after=2026-09-19 00:00:00+00:00
[2026-09-18T10:24:40.303+0000] {processor.py:183} INFO - Processing /opt/airflow/dags/dag_updating.py took 0.337 seconds
[2026-09-18T10:25:10.551+0000] {processor.py:161} INFO - Started process (PID=416) to work on /opt/airflow/dags/dag_updating.py
[2026-09-18T10:25:10.553+0000] {processor.py:830} INFO - Processing file /opt/airflow/dags/dag_updating.py for tasks to queue
[2026-09-18T10:25:10.556+0000] {logging_mixin.py:188} INFO - [2026-09-18T10:25:10.556+0000] {dagbag.py:545} INFO - Filling up the DagBag from /opt/airflow/dags/dag_updating.py
[2026-09-18T10:25:10.823+0000] {processor.py:840} INFO - DAG(s) 'youtube_data_updating' retrieved from /opt/airflow/dags/dag_updating.py
[2026-09-18T10:25:10.843+0000] {logging_mixin.py:188} INFO - [2026-09-18T10:25:10.843+0000] {dag.py:3096} INFO - Sync 1 DAGs
[2026-09-18T10:25:10.861+0000] {logging_mixin.py:188} INFO - [2026-09-18T10:25:10.861+0000] {dag.py:3954} INFO - Setting next_dagrun for youtube_data_updating to 2026-09-18 00:00:00+00:00, run_after=2026-09-19 00:00:00+00:00
[2026-09-18T10:25:10.881+0000] {processor.py:183} INFO - Processing /opt/airflow/dags/dag_updating.py took 0.336 seconds
[2026-09-18T10:25:41.051+0000] {processor.py:161} INFO - Started process (PID=425) to work on /opt/airflow/dags/dag_updating.py
[2026-09-18T10:25:41.053+0000] {processor.py:830} INFO - Processing file /opt/airflow/dags/dag_updating.py for tasks to queue
[2026-09-18T10:25:41.055+0000] {logging_mixin.py:188} INFO - [2026-09-18T10:25:41.055+0000] {dagbag.py:545} INFO - Filling up the DagBag from /opt/airflow/dags/dag_updating.py
[2026-09-18T10:25:41.382+0000] {processor.py:840} INFO - DAG(s) 'youtube_data_updating' retrieved from /opt/airflow/dags/dag_updating.py
[2026-09-18T10:25:41.408+0000] {logging_mixin.py:188} INFO - [2026-09-18T10:25:41.407+0000] {dag.py:3096} INFO - Sync 1 DAGs
[2026-09-18T10:25:41.427+0000] {logging_mixin.py:188} INFO - [2026-09-18T10:25:41.427+0000] {dag.py:3954} INFO - Setting next_dagrun for youtube_data_updating to 2026-09-18 00:00:00+00:00, run_after=2026-09-19 00:00:00+00:00
[2026-09-18T10:25:41.454+0000] {processor.py:183} INFO - Processing /opt/airflow/dags/dag_updating.py took 0.410 seconds
[2026-09-18T10:26:11.582+0000] {processor.py:161} INFO - Started process (PID=434) to work on /opt/airflow/dags/dag_updating.py
[2026-09-18T10:26:11.584+0000] {processor.py:830} INFO - Processing file /opt/airflow/dags/dag_updating.py for tasks to queue
[2026-09-18T10:26:11.587+0000] {logging_mixin.py:188} INFO - [2026-09-18T10:26:11.586+0000] {dagbag.py:545} INFO - Filling up the DagBag from /opt/airflow/dags/dag_updating.py
[2026-09-18T10:26:11.853+0000] {processor.py:840} INFO - DAG(s) 'youtube_data_updating' retrieved from /opt/airflow/dags/dag_updating.py
[2026-09-18T10:26:11.876+0000] {logging_mixin.py:188} INFO - [2026-09-18T10:26:11.875+0000] {dag.py:3096} INFO - Sync 1 DAGs
[2026-09-18T10:26:11.895+0000] {logging_mixin.py:188} INFO - [2026-09-18T10:26:11.895+0000] {dag.py:3954} INFO - Setting next_dagrun for youtube_data_updating to 2026-09-18 00:00:00+00:00, run_after=2026-09-19 00:00:00+00:00
[2026-09-18T10:26:11.916+0000] {processor.py:183} INFO - Processing /opt/airflow/dags/dag_updating.py took 0.340 seconds
[2026-09-18T10:26:42.086+0000] {processor.py:161} INFO - Started process (PID=443) to work on /opt/airflow/dags/dag_updating.py
[2026-09-18T10:26:42.088+0000] {processor.py:830} INFO - Processing file /opt/airflow/dags/dag_updating.py for tasks to queue
[2026-09-18T10:26:42.091+0000] {logging_mixin.py:188} INFO - [2026-09-18T10:26:42.090+0000] {dagbag.py:545} INFO - Filling up the DagBag from /opt/airflow/dags/dag_updating.py
[2026-09-18T10:26:42.358+0000] {processor.py:840} INFO - DAG(s) 'youtube_data_updating' retrieved from /opt/airflow/dags/dag_updating.py
[2026-09-18T10:26:42.383+0000] {logging_mixin.py:188} INFO - [2026-09-18T10:26:42.382+0000] {dag.py:3096} INFO - Sync 1 DAGs
[2026-09-18T10:26:42.409+0000] {logging_mixin.py:188} INFO - [2026-09-18T10:26:42.409+0000] {dag.py:3954} INFO - Setting next_dagrun for youtube_data_updating to 2026-09-18 00:00:00+00:00, run_after=2026-09-19 00:00:00+00:00
[2026-09-18T10:26:42.429+0000] {processor.py:183} INFO - Processing /opt/airflow/dags/dag_updating.py took 0.349 seconds
[2026-09-18T10:27:12.584+0000] {processor.py:161} INFO - Started process (PID=452) to work on /opt/airflow/dags/dag_updating.py
[2026-09-18T10:27:12.587+0000] {processor.py:830} INFO - Processing file /opt/airflow/dags/dag_updating.py for tasks to queue
[2026-09-18T10:27:12.591+0000] {logging_mixin.py:188} INFO - [2026-09-18T10:27:12.590+0000] {dagbag.py:545} INFO - Filling up the DagBag from /opt/airflow/dags/dag_updating.py
[2026-09-18T10:27:12.934+0000] {processor.py:840} INFO - DAG(s) 'youtube_data_updating' retrieved from /opt/airflow/dags/dag_updating.py
[2026-09-18T10:27:12.956+0000] {logging_mixin.py:188} INFO - [2026-09-18T10:27:12.955+0000] {dag.py:3096} INFO - Sync 1 DAGs
[2026-09-18T10:27:12.974+0000] {logging_mixin.py:188} INFO - [2026-09-18T10:27:12.974+0000] {dag.py:3954} INFO - Setting next_dagrun for youtube_data_updating to 2026-09-18 00:00:00+00:00, run_after=2026-09-19 00:00:00+00:00
[2026-09-18T10:27:12.994+0000] {processor.py:183} INFO - Processing /opt/airflow/dags/dag_updating.py took 0.416 seconds
[2026-09-18T10:27:43.228+0000] {processor.py:161} INFO - Started process (PID=461) to work on /opt/airflow/dags/dag_updating.py
[2026-09-18T10:27:43.232+0000] {processor.py:830} INFO - Processing file /opt/airflow/dags/dag_updating.py for tasks to queue
[2026-09-18T10:27:43.235+0000] {logging_mixin.py:188} INFO - [2026-09-18T10:27:43.235+0000] {dagbag.py:545} INFO - Filling up the DagBag from /opt/airflow/dags/dag_updating.py
[2026-09-18T10:27:43.621+0000] {processor.py:840} INFO - DAG(s) 'youtube_data_updating' retrieved from /opt/airflow/dags/dag_updating.py
[2026-09-18T10:27:43.662+0000] {logging_mixin.py:188} INFO - [2026-09-18T10:27:43.662+0000] {dag.py:3096} INFO - Sync 1 DAGs
[2026-09-18T10:27:43.690+0000] {logging_mixin.py:188} INFO - [2026-09-18T10:27:43.690+0000] {dag.py:3954} INFO - Setting next_dagrun for youtube_data_updating to 2026-09-18 00:00:00+00:00, run_after=2026-09-19 00:00:00+00:00
[2026-09-18T10:27:43.719+0000] {processor.py:183} INFO - Processing /opt/airflow/dags/dag_updating.py took 0.500 seconds
[2026-09-18T10:28:14.501+0000] {processor.py:161} INFO - Started process (PID=470) to work on /opt/airflow/dags/dag_updating.py
[2026-09-18T10:28:14.504+0000] {processor.py:830} INFO - Processing file /opt/airflow/dags/dag_updating.py for tasks to queue
[2026-09-18T10:28:14.508+0000] {logging_mixin.py:188} INFO - [2026-09-18T10:28:14.507+0000] {dagbag.py:545} INFO - Filling up the DagBag from /opt/airflow/dags/dag_updating.py
[2026-09-18T10:28:14.527+0000] {logging_mixin.py:188} INFO - [2026-09-18T10:28:14.524+0000] {dagbag.py:355} ERROR - Failed to import: /opt/airflow/dags/dag_updating.py
Traceback (most recent call last):
  File "/home/airflow/.local/lib/python3.10/site-packages/airflow/models/dagbag.py", line 351, in parse
    loader.exec_module(new_module)
  File "<frozen importlib._bootstrap_external>", line 883, in exec_module
  File "<frozen importlib._bootstrap>", line 241, in _call_with_frames_removed
  File "/opt/airflow/dags/dag_updating.py", line 5, in <module>
    from scripts.data_transform import transform_staging
ModuleNotFoundError: No module named 'scripts.data_transform'
[2026-09-18T10:28:14.529+0000] {processor.py:842} WARNING - No viable dags retrieved from /opt/airflow/dags/dag_updating.py
[2026-09-18T10:28:14.549+0000] {processor.py:183} INFO - Processing /opt/airflow/dags/dag_updating.py took 0.054 seconds
[2026-09-18T10:28:44.835+0000] {processor.py:161} INFO - Started process (PID=478) to work on /opt/airflow/dags/dag_updating.py
[2026-09-18T10:28:44.839+0000] {processor.py:830} INFO - Processing file /opt/airflow/dags/dag_updating.py for tasks to queue
[2026-09-18T10:28:44.843+0000] {logging_mixin.py:188} INFO - [2026-09-18T10:28:44.843+0000] {dagbag.py:545} INFO - Filling up the DagBag from /opt/airflow/dags/dag_updating.py
[2026-09-18T10:28:44.862+0000] {logging_mixin.py:188} INFO - [2026-09-18T10:28:44.860+0000] {dagbag.py:355} ERROR - Failed to import: /opt/airflow/dags/dag_updating.py
Traceback (most recent call last):
  File "/home/airflow/.local/lib/python3.10/site-packages/airflow/models/dagbag.py", line 351, in parse
    loader.exec_module(new_module)
  File "<frozen importlib._bootstrap_external>", line 883, in exec_module
  File "<frozen importlib._bootstrap>", line 241, in _call_with_frames_removed
  File "/opt/airflow/dags/dag_updating.py", line 5, in <module>
    from scripts.data_transform import transform_staging
ModuleNotFoundError: No module named 'scripts.data_transform'
[2026-09-18T10:28:44.864+0000] {processor.py:842} WARNING - No viable dags retrieved from /opt/airflow/dags/dag_updating.py
[2026-09-18T10:28:44.883+0000] {processor.py:183} INFO - Processing /opt/airflow/dags/dag_updating.py took 0.054 seconds
[2026-09-18T10:29:19.969+0000] {processor.py:161} INFO - Started process (PID=49) to work on /opt/airflow/dags/dag_updating.py
[2026-09-18T10:29:19.973+0000] {processor.py:830} INFO - Processing file /opt/airflow/dags/dag_updating.py for tasks to queue
[2026-09-18T10:29:19.981+0000] {logging_mixin.py:188} INFO - [2026-09-18T10:29:19.981+0000] {dagbag.py:545} INFO - Filling up the DagBag from /opt/airflow/dags/dag_updating.py
[2026-09-18T10:29:20.014+0000] {logging_mixin.py:188} INFO - [2026-09-18T10:29:20.009+0000] {dagbag.py:355} ERROR - Failed to import: /opt/airflow/dags/dag_updating.py
Traceback (most recent call last):
  File "/home/airflow/.local/lib/python3.10/site-packages/airflow/models/dagbag.py", line 351, in parse
    loader.exec_module(new_module)
  File "<frozen importlib._bootstrap_external>", line 883, in exec_module
  File "<frozen importlib._bootstrap>", line 241, in _call_with_frames_removed
  File "/opt/airflow/dags/dag_updating.py", line 5, in <module>
    from scripts.data_transform import transform_staging
ModuleNotFoundError: No module named 'scripts.data_transform'
[2026-09-18T10:29:20.016+0000] {processor.py:842} WARNING - No viable dags retrieved from /opt/airflow/dags/dag_updating.py
[2026-09-18T10:29:20.056+0000] {processor.py:183} INFO - Processing /opt/airflow/dags/dag_updating.py took 0.101 seconds
[2026-09-18T10:29:50.354+0000] {processor.py:161} INFO - Started process (PID=57) to work on /opt/airflow/dags/dag_updating.py
[2026-09-18T10:29:50.357+0000] {processor.py:830} INFO - Processing file /opt/airflow/dags/dag_updating.py for tasks to queue
[2026-09-18T10:29:50.360+0000] {logging_mixin.py:188} INFO - [2026-09-18T10:29:50.359+0000] {dagbag.py:545} INFO - Filling up the DagBag from /opt/airflow/dags/dag_updating.py
[2026-09-18T10:29:50.381+0000] {logging_mixin.py:188} INFO - [2026-09-18T10:29:50.378+0000] {dagbag.py:355} ERROR - Failed to import: /opt/airflow/dags/dag_updating.py
Traceback (most recent call last):
  File "/home/airflow/.local/lib/python3.10/site-packages/airflow/models/dagbag.py", line 351, in parse
    loader.exec_module(new_module)
  File "<frozen importlib._bootstrap_external>", line 883, in exec_module
  File "<frozen importlib._bootstrap>", line 241, in _call_with_frames_removed
  File "/opt/airflow/dags/dag_updating.py", line 5, in <module>
    from scripts.data_transform import transform_staging
ModuleNotFoundError: No module named 'scripts.data_transform'
[2026-09-18T10:29:50.383+0000] {processor.py:842} WARNING - No viable dags retrieved from /opt/airflow/dags/dag_updating.py
[2026-09-18T10:29:50.406+0000] {processor.py:183} INFO - Processing /opt/airflow/dags/dag_updating.py took 0.060 seconds
[2026-09-18T10:30:20.713+0000] {processor.py:161} INFO - Started process (PID=65) to work on /opt/airflow/dags/dag_updating.py
[2026-09-18T10:30:20.723+0000] {processor.py:830} INFO - Processing file /opt/airflow/dags/dag_updating.py for tasks to queue
[2026-09-18T10:30:20.751+0000] {logging_mixin.py:188} INFO - [2026-09-18T10:30:20.751+0000] {dagbag.py:545} INFO - Filling up the DagBag from /opt/airflow/dags/dag_updating.py
[2026-09-18T10:30:20.782+0000] {logging_mixin.py:188} INFO - [2026-09-18T10:30:20.776+0000] {dagbag.py:355} ERROR - Failed to import: /opt/airflow/dags/dag_updating.py
Traceback (most recent call last):
  File "/home/airflow/.local/lib/python3.10/site-packages/airflow/models/dagbag.py", line 351, in parse
    loader.exec_module(new_module)
  File "<frozen importlib._bootstrap_external>", line 883, in exec_module
  File "<frozen importlib._bootstrap>", line 241, in _call_with_frames_removed
  File "/opt/airflow/dags/dag_updating.py", line 5, in <module>
    from scripts.data_transform import transform_staging
ModuleNotFoundError: No module named 'scripts.data_transform'
[2026-09-18T10:30:20.785+0000] {processor.py:842} WARNING - No viable dags retrieved from /opt/airflow/dags/dag_updating.py
[2026-09-18T10:30:20.805+0000] {processor.py:183} INFO - Processing /opt/airflow/dags/dag_updating.py took 0.098 seconds
[2026-09-18T10:31:23.588+0000] {processor.py:161} INFO - Started process (PID=50) to work on /opt/airflow/dags/dag_updating.py
[2026-09-18T10:31:23.591+0000] {processor.py:830} INFO - Processing file /opt/airflow/dags/dag_updating.py for tasks to queue
[2026-09-18T10:31:23.595+0000] {logging_mixin.py:188} INFO - [2026-09-18T10:31:23.594+0000] {dagbag.py:545} INFO - Filling up the DagBag from /opt/airflow/dags/dag_updating.py
[2026-09-18T10:31:24.239+0000] {processor.py:840} INFO - DAG(s) 'youtube_data_updating' retrieved from /opt/airflow/dags/dag_updating.py
[2026-09-18T10:31:24.398+0000] {logging_mixin.py:188} INFO - [2026-09-18T10:31:24.397+0000] {dag.py:3096} INFO - Sync 1 DAGs
[2026-09-18T10:31:24.419+0000] {logging_mixin.py:188} INFO - [2026-09-18T10:31:24.419+0000] {dag.py:3954} INFO - Setting next_dagrun for youtube_data_updating to 2026-09-18 00:00:00+00:00, run_after=2026-09-19 00:00:00+00:00
[2026-09-18T10:31:24.451+0000] {processor.py:183} INFO - Processing /opt/airflow/dags/dag_updating.py took 0.870 seconds
[2026-09-18T10:31:54.642+0000] {processor.py:161} INFO - Started process (PID=59) to work on /opt/airflow/dags/dag_updating.py
[2026-09-18T10:31:54.644+0000] {processor.py:830} INFO - Processing file /opt/airflow/dags/dag_updating.py for tasks to queue
[2026-09-18T10:31:54.647+0000] {logging_mixin.py:188} INFO - [2026-09-18T10:31:54.646+0000] {dagbag.py:545} INFO - Filling up the DagBag from /opt/airflow/dags/dag_updating.py
[2026-09-18T10:31:54.935+0000] {processor.py:840} INFO - DAG(s) 'youtube_data_updating' retrieved from /opt/airflow/dags/dag_updating.py
[2026-09-18T10:31:54.954+0000] {logging_mixin.py:188} INFO - [2026-09-18T10:31:54.953+0000] {dag.py:3096} INFO - Sync 1 DAGs
[2026-09-18T10:31:54.972+0000] {logging_mixin.py:188} INFO - [2026-09-18T10:31:54.972+0000] {dag.py:3954} INFO - Setting next_dagrun for youtube_data_updating to 2026-09-18 00:00:00+00:00, run_after=2026-09-19 00:00:00+00:00
[2026-09-18T10:31:54.990+0000] {processor.py:183} INFO - Processing /opt/airflow/dags/dag_updating.py took 0.354 seconds
[2026-09-18T10:32:25.138+0000] {processor.py:161} INFO - Started process (PID=68) to work on /opt/airflow/dags/dag_updating.py
[2026-09-18T10:32:25.141+0000] {processor.py:830} INFO - Processing file /opt/airflow/dags/dag_updating.py for tasks to queue
[2026-09-18T10:32:25.143+0000] {logging_mixin.py:188} INFO - [2026-09-18T10:32:25.143+0000] {dagbag.py:545} INFO - Filling up the DagBag from /opt/airflow/dags/dag_updating.py
[2026-09-18T10:32:25.464+0000] {processor.py:840} INFO - DAG(s) 'youtube_data_updating' retrieved from /opt/airflow/dags/dag_updating.py
[2026-09-18T10:32:25.484+0000] {logging_mixin.py:188} INFO - [2026-09-18T10:32:25.484+0000] {dag.py:3096} INFO - Sync 1 DAGs
[2026-09-18T10:32:25.501+0000] {logging_mixin.py:188} INFO - [2026-09-18T10:32:25.501+0000] {dag.py:3954} INFO - Setting next_dagrun for youtube_data_updating to 2026-09-18 00:00:00+00:00, run_after=2026-09-19 00:00:00+00:00
[2026-09-18T10:32:25.521+0000] {processor.py:183} INFO - Processing /opt/airflow/dags/dag_updating.py took 0.390 seconds
[2026-09-18T10:32:55.624+0000] {processor.py:161} INFO - Started process (PID=77) to work on /opt/airflow/dags/dag_updating.py
[2026-09-18T10:32:55.626+0000] {processor.py:830} INFO - Processing file /opt/airflow/dags/dag_updating.py for tasks to queue
[2026-09-18T10:32:55.630+0000] {logging_mixin.py:188} INFO - [2026-09-18T10:32:55.629+0000] {dagbag.py:545} INFO - Filling up the DagBag from /opt/airflow/dags/dag_updating.py
[2026-09-18T10:32:55.963+0000] {processor.py:840} INFO - DAG(s) 'youtube_data_updating' retrieved from /opt/airflow/dags/dag_updating.py
[2026-09-18T10:32:55.991+0000] {logging_mixin.py:188} INFO - [2026-09-18T10:32:55.991+0000] {dag.py:3096} INFO - Sync 1 DAGs
[2026-09-18T10:32:56.012+0000] {logging_mixin.py:188} INFO - [2026-09-18T10:32:56.012+0000] {dag.py:3954} INFO - Setting next_dagrun for youtube_data_updating to 2026-09-18 00:00:00+00:00, run_after=2026-09-19 00:00:00+00:00
[2026-09-18T10:32:56.033+0000] {processor.py:183} INFO - Processing /opt/airflow/dags/dag_updating.py took 0.418 seconds
[2026-09-18T10:33:26.107+0000] {processor.py:161} INFO - Started process (PID=86) to work on /opt/airflow/dags/dag_updating.py
[2026-09-18T10:33:26.109+0000] {processor.py:830} INFO - Processing file /opt/airflow/dags/dag_updating.py for tasks to queue
[2026-09-18T10:33:26.113+0000] {logging_mixin.py:188} INFO - [2026-09-18T10:33:26.113+0000] {dagbag.py:545} INFO - Filling up the DagBag from /opt/airflow/dags/dag_updating.py
[2026-09-18T10:33:26.432+0000] {processor.py:840} INFO - DAG(s) 'youtube_data_updating' retrieved from /opt/airflow/dags/dag_updating.py
[2026-09-18T10:33:26.451+0000] {logging_mixin.py:188} INFO - [2026-09-18T10:33:26.450+0000] {dag.py:3096} INFO - Sync 1 DAGs
[2026-09-18T10:33:26.501+0000] {logging_mixin.py:188} INFO - [2026-09-18T10:33:26.501+0000] {dag.py:3954} INFO - Setting next_dagrun for youtube_data_updating to 2026-09-18 00:00:00+00:00, run_after=2026-09-19 00:00:00+00:00
[2026-09-18T10:33:26.527+0000] {processor.py:183} INFO - Processing /opt/airflow/dags/dag_updating.py took 0.426 seconds
[2026-09-18T10:33:56.628+0000] {processor.py:161} INFO - Started process (PID=95) to work on /opt/airflow/dags/dag_updating.py
[2026-09-18T10:33:56.630+0000] {processor.py:830} INFO - Processing file /opt/airflow/dags/dag_updating.py for tasks to queue
[2026-09-18T10:33:56.632+0000] {logging_mixin.py:188} INFO - [2026-09-18T10:33:56.632+0000] {dagbag.py:545} INFO - Filling up the DagBag from /opt/airflow/dags/dag_updating.py
[2026-09-18T10:33:56.920+0000] {processor.py:840} INFO - DAG(s) 'youtube_data_updating' retrieved from /opt/airflow/dags/dag_updating.py
[2026-09-18T10:33:56.941+0000] {logging_mixin.py:188} INFO - [2026-09-18T10:33:56.940+0000] {dag.py:3096} INFO - Sync 1 DAGs
[2026-09-18T10:33:56.960+0000] {logging_mixin.py:188} INFO - [2026-09-18T10:33:56.959+0000] {dag.py:3954} INFO - Setting next_dagrun for youtube_data_updating to 2026-09-18 00:00:00+00:00, run_after=2026-09-19 00:00:00+00:00
[2026-09-18T10:33:56.979+0000] {processor.py:183} INFO - Processing /opt/airflow/dags/dag_updating.py took 0.359 seconds
[2026-09-18T10:34:27.134+0000] {processor.py:161} INFO - Started process (PID=104) to work on /opt/airflow/dags/dag_updating.py
[2026-09-18T10:34:27.136+0000] {processor.py:830} INFO - Processing file /opt/airflow/dags/dag_updating.py for tasks to queue
[2026-09-18T10:34:27.139+0000] {logging_mixin.py:188} INFO - [2026-09-18T10:34:27.139+0000] {dagbag.py:545} INFO - Filling up the DagBag from /opt/airflow/dags/dag_updating.py
[2026-09-18T10:34:27.424+0000] {processor.py:840} INFO - DAG(s) 'youtube_data_updating' retrieved from /opt/airflow/dags/dag_updating.py
[2026-09-18T10:34:27.443+0000] {logging_mixin.py:188} INFO - [2026-09-18T10:34:27.443+0000] {dag.py:3096} INFO - Sync 1 DAGs
[2026-09-18T10:34:27.462+0000] {logging_mixin.py:188} INFO - [2026-09-18T10:34:27.462+0000] {dag.py:3954} INFO - Setting next_dagrun for youtube_data_updating to 2026-09-18 00:00:00+00:00, run_after=2026-09-19 00:00:00+00:00
[2026-09-18T10:34:27.483+0000] {processor.py:183} INFO - Processing /opt/airflow/dags/dag_updating.py took 0.356 seconds
[2026-09-18T10:34:57.659+0000] {processor.py:161} INFO - Started process (PID=113) to work on /opt/airflow/dags/dag_updating.py
[2026-09-18T10:34:57.660+0000] {processor.py:830} INFO - Processing file /opt/airflow/dags/dag_updating.py for tasks to queue
[2026-09-18T10:34:57.663+0000] {logging_mixin.py:188} INFO - [2026-09-18T10:34:57.663+0000] {dagbag.py:545} INFO - Filling up the DagBag from /opt/airflow/dags/dag_updating.py
[2026-09-18T10:34:57.947+0000] {processor.py:840} INFO - DAG(s) 'youtube_data_updating' retrieved from /opt/airflow/dags/dag_updating.py
[2026-09-18T10:34:57.966+0000] {logging_mixin.py:188} INFO - [2026-09-18T10:34:57.965+0000] {dag.py:3096} INFO - Sync 1 DAGs
[2026-09-18T10:34:57.984+0000] {logging_mixin.py:188} INFO - [2026-09-18T10:34:57.984+0000] {dag.py:3954} INFO - Setting next_dagrun for youtube_data_updating to 2026-09-18 00:00:00+00:00, run_after=2026-09-19 00:00:00+00:00
[2026-09-18T10:34:58.004+0000] {processor.py:183} INFO - Processing /opt/airflow/dags/dag_updating.py took 0.353 seconds
[2026-09-18T10:35:28.166+0000] {processor.py:161} INFO - Started process (PID=122) to work on /opt/airflow/dags/dag_updating.py
[2026-09-18T10:35:28.168+0000] {processor.py:830} INFO - Processing file /opt/airflow/dags/dag_updating.py for tasks to queue
[2026-09-18T10:35:28.172+0000] {logging_mixin.py:188} INFO - [2026-09-18T10:35:28.171+0000] {dagbag.py:545} INFO - Filling up the DagBag from /opt/airflow/dags/dag_updating.py
[2026-09-18T10:35:28.477+0000] {processor.py:840} INFO - DAG(s) 'youtube_data_updating' retrieved from /opt/airflow/dags/dag_updating.py
[2026-09-18T10:35:28.497+0000] {logging_mixin.py:188} INFO - [2026-09-18T10:35:28.496+0000] {dag.py:3096} INFO - Sync 1 DAGs
[2026-09-18T10:35:28.518+0000] {logging_mixin.py:188} INFO - [2026-09-18T10:35:28.518+0000] {dag.py:3954} INFO - Setting next_dagrun for youtube_data_updating to 2026-09-18 00:00:00+00:00, run_after=2026-09-19 00:00:00+00:00
[2026-09-18T10:35:28.538+0000] {processor.py:183} INFO - Processing /opt/airflow/dags/dag_updating.py took 0.380 seconds
[2026-09-18T10:35:58.697+0000] {processor.py:161} INFO - Started process (PID=137) to work on /opt/airflow/dags/dag_updating.py
[2026-09-18T10:35:58.700+0000] {processor.py:830} INFO - Processing file /opt/airflow/dags/dag_updating.py for tasks to queue
[2026-09-18T10:35:58.702+0000] {logging_mixin.py:188} INFO - [2026-09-18T10:35:58.702+0000] {dagbag.py:545} INFO - Filling up the DagBag from /opt/airflow/dags/dag_updating.py
[2026-09-18T10:35:59.034+0000] {processor.py:840} INFO - DAG(s) 'youtube_data_updating' retrieved from /opt/airflow/dags/dag_updating.py
[2026-09-18T10:35:59.079+0000] {logging_mixin.py:188} INFO - [2026-09-18T10:35:59.079+0000] {dag.py:3096} INFO - Sync 1 DAGs
[2026-09-18T10:35:59.103+0000] {logging_mixin.py:188} INFO - [2026-09-18T10:35:59.103+0000] {dag.py:3954} INFO - Setting next_dagrun for youtube_data_updating to 2026-09-18 00:00:00+00:00, run_after=2026-09-19 00:00:00+00:00
[2026-09-18T10:35:59.125+0000] {processor.py:183} INFO - Processing /opt/airflow/dags/dag_updating.py took 0.435 seconds
