[2026-09-17T13:08:19.609+0000] {processor.py:161} INFO - Started process (PID=42) to work on /opt/airflow/dags/dag_updating.py
[2026-09-17T13:08:19.611+0000] {processor.py:830} INFO - Processing file /opt/airflow/dags/dag_updating.py for tasks to queue
[2026-09-17T13:08:19.615+0000] {logging_mixin.py:188} INFO - [2026-09-17T13:08:19.614+0000] {dagbag.py:545} INFO - Filling up the DagBag from /opt/airflow/dags/dag_updating.py
[2026-09-17T13:08:19.670+0000] {processor.py:840} INFO - DAG(s) 'youtube_data_updating' retrieved from /opt/airflow/dags/dag_updating.py
[2026-09-17T13:08:19.844+0000] {logging_mixin.py:188} INFO - [2026-09-17T13:08:19.843+0000] {override.py:1829} INFO - Created Permission View: can edit on DAG:youtube_data_updating
[2026-09-17T13:08:19.859+0000] {logging_mixin.py:188} INFO - [2026-09-17T13:08:19.858+0000] {override.py:1829} INFO - Created Permission View: can delete on DAG:youtube_data_updating
[2026-09-17T13:08:19.869+0000] {logging_mixin.py:188} INFO - [2026-09-17T13:08:19.869+0000] {override.py:1829} INFO - Created Permission View: can read on DAG:youtube_data_updating
[2026-09-17T13:08:19.870+0000] {logging_mixin.py:188} INFO - [2026-09-17T13:08:19.870+0000] {dag.py:3096} INFO - Sync 1 DAGs
[2026-09-17T13:08:19.887+0000] {logging_mixin.py:188} INFO - [2026-09-17T13:08:19.887+0000] {dag.py:3118} INFO - Creating ORM DAG for youtube_data_updating
[2026-09-17T13:08:19.903+0000] {logging_mixin.py:188} INFO - [2026-09-17T13:08:19.903+0000] {dag.py:3954} INFO - Setting next_dagrun for youtube_data_updating to 2026-09-16 00:00:00+00:00, run_after=2026-09-17 00:00:00+00:00
[2026-09-17T13:08:19.927+0000] {processor.py:183} INFO - Processing /opt/airflow/dags/dag_updating.py took 0.334 seconds
[2026-09-17T13:08:50.256+0000] {processor.py:161} INFO - Started process (PID=57) to work on /opt/airflow/dags/dag_updating.py
[2026-09-17T13:08:50.258+0000] {processor.py:830} INFO - Processing file /opt/airflow/dags/dag_updating.py for tasks to queue
[2026-09-17T13:08:50.262+0000] {logging_mixin.py:188} INFO - [2026-09-17T13:08:50.261+0000] {dagbag.py:545} INFO - Filling up the DagBag from /opt/airflow/dags/dag_updating.py
[2026-09-17T13:08:50.314+0000] {processor.py:840} INFO - DAG(s) 'youtube_data_updating' retrieved from /opt/airflow/dags/dag_updating.py
[2026-09-17T13:08:50.419+0000] {logging_mixin.py:188} INFO - [2026-09-17T13:08:50.419+0000] {dag.py:3096} INFO - Sync 1 DAGs
[2026-09-17T13:08:50.439+0000] {logging_mixin.py:188} INFO - [2026-09-17T13:08:50.438+0000] {dag.py:3954} INFO - Setting next_dagrun for youtube_data_updating to 2026-09-16 00:00:00+00:00, run_after=2026-09-17 00:00:00+00:00
[2026-09-17T13:08:50.462+0000] {processor.py:183} INFO - Processing /opt/airflow/dags/dag_updating.py took 0.215 seconds
[2026-09-17T13:09:20.837+0000] {processor.py:161} INFO - Started process (PID=65) to work on /opt/airflow/dags/dag_updating.py
[2026-09-17T13:09:20.839+0000] {processor.py:830} INFO - Processing file /opt/airflow/dags/dag_updating.py for tasks to queue
[2026-09-17T13:09:20.842+0000] {logging_mixin.py:188} INFO - [2026-09-17T13:09:20.842+0000] {dagbag.py:545} INFO - Filling up the DagBag from /opt/airflow/dags/dag_updating.py
[2026-09-17T13:09:20.876+0000] {processor.py:840} INFO - DAG(s) 'youtube_data_updating' retrieved from /opt/airflow/dags/dag_updating.py
[2026-09-17T13:09:20.900+0000] {logging_mixin.py:188} INFO - [2026-09-17T13:09:20.900+0000] {dag.py:3096} INFO - Sync 1 DAGs
[2026-09-17T13:09:20.925+0000] {logging_mixin.py:188} INFO - [2026-09-17T13:09:20.925+0000] {dag.py:3954} INFO - Setting next_dagrun for youtube_data_updating to 2026-09-16 00:00:00+00:00, run_after=2026-09-17 00:00:00+00:00
[2026-09-17T13:09:20.952+0000] {processor.py:183} INFO - Processing /opt/airflow/dags/dag_updating.py took 0.124 seconds
[2026-09-17T13:09:51.257+0000] {processor.py:161} INFO - Started process (PID=73) to work on /opt/airflow/dags/dag_updating.py
[2026-09-17T13:09:51.258+0000] {processor.py:830} INFO - Processing file /opt/airflow/dags/dag_updating.py for tasks to queue
[2026-09-17T13:09:51.261+0000] {logging_mixin.py:188} INFO - [2026-09-17T13:09:51.260+0000] {dagbag.py:545} INFO - Filling up the DagBag from /opt/airflow/dags/dag_updating.py
[2026-09-17T13:09:51.293+0000] {processor.py:840} INFO - DAG(s) 'youtube_data_updating' retrieved from /opt/airflow/dags/dag_updating.py
[2026-09-17T13:09:51.319+0000] {logging_mixin.py:188} INFO - [2026-09-17T13:09:51.319+0000] {dag.py:3096} INFO - Sync 1 DAGs
[2026-09-17T13:09:51.378+0000] {logging_mixin.py:188} INFO - [2026-09-17T13:09:51.378+0000] {dag.py:3954} INFO - Setting next_dagrun for youtube_data_updating to 2026-09-16 00:00:00+00:00, run_after=2026-09-17 00:00:00+00:00
[2026-09-17T13:09:51.407+0000] {processor.py:183} INFO - Processing /opt/airflow/dags/dag_updating.py took 0.157 seconds
[2026-09-17T13:10:21.722+0000] {processor.py:161} INFO - Started process (PID=81) to work on /opt/airflow/dags/dag_updating.py
[2026-09-17T13:10:21.724+0000] {processor.py:830} INFO - Processing file /opt/airflow/dags/dag_updating.py for tasks to queue
[2026-09-17T13:10:21.727+0000] {logging_mixin.py:188} INFO - [2026-09-17T13:10:21.726+0000] {dagbag.py:545} INFO - Filling up the DagBag from /opt/airflow/dags/dag_updating.py
[2026-09-17T13:10:21.758+0000] {processor.py:840} INFO - DAG(s) 'youtube_data_updating' retrieved from /opt/airflow/dags/dag_updating.py
[2026-09-17T13:10:21.781+0000] {logging_mixin.py:188} INFO - [2026-09-17T13:10:21.781+0000] {dag.py:3096} INFO - Sync 1 DAGs
[2026-09-17T13:10:21.810+0000] {logging_mixin.py:188} INFO - [2026-09-17T13:10:21.810+0000] {dag.py:3954} INFO - Setting next_dagrun for youtube_data_updating to 2026-09-16 00:00:00+00:00, run_after=2026-09-17 00:00:00+00:00
[2026-09-17T13:10:21.834+0000] {processor.py:183} INFO - Processing /opt/airflow/dags/dag_updating.py took 0.120 seconds
[2026-09-17T13:10:52.179+0000] {processor.py:161} INFO - Started process (PID=89) to work on /opt/airflow/dags/dag_updating.py
[2026-09-17T13:10:52.181+0000] {processor.py:830} INFO - Processing file /opt/airflow/dags/dag_updating.py for tasks to queue
[2026-09-17T13:10:52.183+0000] {logging_mixin.py:188} INFO - [2026-09-17T13:10:52.183+0000] {dagbag.py:545} INFO - Filling up the DagBag from /opt/airflow/dags/dag_updating.py
[2026-09-17T13:10:52.217+0000] {processor.py:840} INFO - DAG(s) 'youtube_data_updating' retrieved from /opt/airflow/dags/dag_updating.py
[2026-09-17T13:10:52.242+0000] {logging_mixin.py:188} INFO - [2026-09-17T13:10:52.242+0000] {dag.py:3096} INFO - Sync 1 DAGs
[2026-09-17T13:10:52.268+0000] {logging_mixin.py:188} INFO - [2026-09-17T13:10:52.268+0000] {dag.py:3954} INFO - Setting next_dagrun for youtube_data_updating to 2026-09-16 00:00:00+00:00, run_after=2026-09-17 00:00:00+00:00
[2026-09-17T13:10:52.293+0000] {processor.py:183} INFO - Processing /opt/airflow/dags/dag_updating.py took 0.120 seconds
[2026-09-17T13:11:22.675+0000] {processor.py:161} INFO - Started process (PID=97) to work on /opt/airflow/dags/dag_updating.py
[2026-09-17T13:11:22.677+0000] {processor.py:830} INFO - Processing file /opt/airflow/dags/dag_updating.py for tasks to queue
[2026-09-17T13:11:22.680+0000] {logging_mixin.py:188} INFO - [2026-09-17T13:11:22.679+0000] {dagbag.py:545} INFO - Filling up the DagBag from /opt/airflow/dags/dag_updating.py
[2026-09-17T13:11:22.712+0000] {processor.py:840} INFO - DAG(s) 'youtube_data_updating' retrieved from /opt/airflow/dags/dag_updating.py
[2026-09-17T13:11:22.737+0000] {logging_mixin.py:188} INFO - [2026-09-17T13:11:22.737+0000] {dag.py:3096} INFO - Sync 1 DAGs
[2026-09-17T13:11:22.761+0000] {logging_mixin.py:188} INFO - [2026-09-17T13:11:22.760+0000] {dag.py:3954} INFO - Setting next_dagrun for youtube_data_updating to 2026-09-16 00:00:00+00:00, run_after=2026-09-17 00:00:00+00:00
[2026-09-17T13:11:22.783+0000] {processor.py:183} INFO - Processing /opt/airflow/dags/dag_updating.py took 0.116 seconds
[2026-09-17T13:12:30.017+0000] {processor.py:161} INFO - Started process (PID=43) to work on /opt/airflow/dags/dag_updating.py
[2026-09-17T13:12:30.019+0000] {processor.py:830} INFO - Processing file /opt/airflow/dags/dag_updating.py for tasks to queue
[2026-09-17T13:12:30.023+0000] {logging_mixin.py:188} INFO - [2026-09-17T13:12:30.022+0000] {dagbag.py:545} INFO - Filling up the DagBag from /opt/airflow/dags/dag_updating.py
[2026-09-17T13:12:30.081+0000] {processor.py:840} INFO - DAG(s) 'youtube_data_updating' retrieved from /opt/airflow/dags/dag_updating.py
[2026-09-17T13:12:30.350+0000] {logging_mixin.py:188} INFO - [2026-09-17T13:12:30.350+0000] {dag.py:3096} INFO - Sync 1 DAGs
[2026-09-17T13:12:30.377+0000] {logging_mixin.py:188} INFO - [2026-09-17T13:12:30.376+0000] {dag.py:3954} INFO - Setting next_dagrun for youtube_data_updating to 2026-09-16 00:00:00+00:00, run_after=2026-09-17 00:00:00+00:00
[2026-09-17T13:12:30.407+0000] {processor.py:183} INFO - Processing /opt/airflow/dags/dag_updating.py took 0.396 seconds
[2026-09-17T13:13:00.722+0000] {processor.py:161} INFO - Started process (PID=58) to work on /opt/airflow/dags/dag_updating.py
[2026-09-17T13:13:00.724+0000] {processor.py:830} INFO - Processing file /opt/airflow/dags/dag_updating.py for tasks to queue
[2026-09-17T13:13:00.727+0000] {logging_mixin.py:188} INFO - [2026-09-17T13:13:00.726+0000] {dagbag.py:545} INFO - Filling up the DagBag from /opt/airflow/dags/dag_updating.py
[2026-09-17T13:13:00.767+0000] {processor.py:840} INFO - DAG(s) 'youtube_data_updating' retrieved from /opt/airflow/dags/dag_updating.py
[2026-09-17T13:13:00.794+0000] {logging_mixin.py:188} INFO - [2026-09-17T13:13:00.794+0000] {dag.py:3096} INFO - Sync 1 DAGs
[2026-09-17T13:13:00.822+0000] {logging_mixin.py:188} INFO - [2026-09-17T13:13:00.821+0000] {dag.py:3954} INFO - Setting next_dagrun for youtube_data_updating to 2026-09-16 00:00:00+00:00, run_after=2026-09-17 00:00:00+00:00
[2026-09-17T13:13:00.846+0000] {processor.py:183} INFO - Processing /opt/airflow/dags/dag_updating.py took 0.134 seconds
[2026-09-17T13:13:31.152+0000] {processor.py:161} INFO - Started process (PID=66) to work on /opt/airflow/dags/dag_updating.py
[2026-09-17T13:13:31.153+0000] {processor.py:830} INFO - Processing file /opt/airflow/dags/dag_updating.py for tasks to queue
[2026-09-17T13:13:31.156+0000] {logging_mixin.py:188} INFO - [2026-09-17T13:13:31.156+0000] {dagbag.py:545} INFO - Filling up the DagBag from /opt/airflow/dags/dag_updating.py
[2026-09-17T13:13:31.190+0000] {processor.py:840} INFO - DAG(s) 'youtube_data_updating' retrieved from /opt/airflow/dags/dag_updating.py
[2026-09-17T13:13:31.218+0000] {logging_mixin.py:188} INFO - [2026-09-17T13:13:31.217+0000] {dag.py:3096} INFO - Sync 1 DAGs
[2026-09-17T13:13:31.240+0000] {logging_mixin.py:188} INFO - [2026-09-17T13:13:31.239+0000] {dag.py:3954} INFO - Setting next_dagrun for youtube_data_updating to 2026-09-16 00:00:00+00:00, run_after=2026-09-17 00:00:00+00:00
[2026-09-17T13:13:31.262+0000] {processor.py:183} INFO - Processing /opt/airflow/dags/dag_updating.py took 0.119 seconds
[2026-09-17T13:14:01.571+0000] {processor.py:161} INFO - Started process (PID=74) to work on /opt/airflow/dags/dag_updating.py
[2026-09-17T13:14:01.573+0000] {processor.py:830} INFO - Processing file /opt/airflow/dags/dag_updating.py for tasks to queue
[2026-09-17T13:14:01.578+0000] {logging_mixin.py:188} INFO - [2026-09-17T13:14:01.578+0000] {dagbag.py:545} INFO - Filling up the DagBag from /opt/airflow/dags/dag_updating.py
[2026-09-17T13:14:01.637+0000] {processor.py:840} INFO - DAG(s) 'youtube_data_updating' retrieved from /opt/airflow/dags/dag_updating.py
[2026-09-17T13:14:01.681+0000] {logging_mixin.py:188} INFO - [2026-09-17T13:14:01.680+0000] {dag.py:3096} INFO - Sync 1 DAGs
[2026-09-17T13:14:01.711+0000] {logging_mixin.py:188} INFO - [2026-09-17T13:14:01.711+0000] {dag.py:3954} INFO - Setting next_dagrun for youtube_data_updating to 2026-09-16 00:00:00+00:00, run_after=2026-09-17 00:00:00+00:00
[2026-09-17T13:14:01.734+0000] {processor.py:183} INFO - Processing /opt/airflow/dags/dag_updating.py took 0.173 seconds
[2026-09-17T13:14:32.073+0000] {processor.py:161} INFO - Started process (PID=82) to work on /opt/airflow/dags/dag_updating.py
[2026-09-17T13:14:32.076+0000] {processor.py:830} INFO - Processing file /opt/airflow/dags/dag_updating.py for tasks to queue
[2026-09-17T13:14:32.080+0000] {logging_mixin.py:188} INFO - [2026-09-17T13:14:32.080+0000] {dagbag.py:545} INFO - Filling up the DagBag from /opt/airflow/dags/dag_updating.py
[2026-09-17T13:14:32.117+0000] {processor.py:840} INFO - DAG(s) 'youtube_data_updating' retrieved from /opt/airflow/dags/dag_updating.py
[2026-09-17T13:14:32.140+0000] {logging_mixin.py:188} INFO - [2026-09-17T13:14:32.140+0000] {dag.py:3096} INFO - Sync 1 DAGs
[2026-09-17T13:14:32.166+0000] {logging_mixin.py:188} INFO - [2026-09-17T13:14:32.165+0000] {dag.py:3954} INFO - Setting next_dagrun for youtube_data_updating to 2026-09-16 00:00:00+00:00, run_after=2026-09-17 00:00:00+00:00
[2026-09-17T13:14:32.187+0000] {processor.py:183} INFO - Processing /opt/airflow/dags/dag_updating.py took 0.123 seconds
[2026-09-17T13:15:02.541+0000] {processor.py:161} INFO - Started process (PID=90) to work on /opt/airflow/dags/dag_updating.py
[2026-09-17T13:15:02.542+0000] {processor.py:830} INFO - Processing file /opt/airflow/dags/dag_updating.py for tasks to queue
[2026-09-17T13:15:02.545+0000] {logging_mixin.py:188} INFO - [2026-09-17T13:15:02.545+0000] {dagbag.py:545} INFO - Filling up the DagBag from /opt/airflow/dags/dag_updating.py
[2026-09-17T13:15:02.574+0000] {processor.py:840} INFO - DAG(s) 'youtube_data_updating' retrieved from /opt/airflow/dags/dag_updating.py
[2026-09-17T13:15:02.597+0000] {logging_mixin.py:188} INFO - [2026-09-17T13:15:02.597+0000] {dag.py:3096} INFO - Sync 1 DAGs
[2026-09-17T13:15:02.619+0000] {logging_mixin.py:188} INFO - [2026-09-17T13:15:02.619+0000] {dag.py:3954} INFO - Setting next_dagrun for youtube_data_updating to 2026-09-16 00:00:00+00:00, run_after=2026-09-17 00:00:00+00:00
[2026-09-17T13:15:02.643+0000] {processor.py:183} INFO - Processing /opt/airflow/dags/dag_updating.py took 0.109 seconds
[2026-09-17T13:15:32.991+0000] {processor.py:161} INFO - Started process (PID=98) to work on /opt/airflow/dags/dag_updating.py
[2026-09-17T13:15:32.993+0000] {processor.py:830} INFO - Processing file /opt/airflow/dags/dag_updating.py for tasks to queue
[2026-09-17T13:15:32.995+0000] {logging_mixin.py:188} INFO - [2026-09-17T13:15:32.995+0000] {dagbag.py:545} INFO - Filling up the DagBag from /opt/airflow/dags/dag_updating.py
[2026-09-17T13:15:33.025+0000] {processor.py:840} INFO - DAG(s) 'youtube_data_updating' retrieved from /opt/airflow/dags/dag_updating.py
[2026-09-17T13:15:33.046+0000] {logging_mixin.py:188} INFO - [2026-09-17T13:15:33.046+0000] {dag.py:3096} INFO - Sync 1 DAGs
[2026-09-17T13:15:33.069+0000] {logging_mixin.py:188} INFO - [2026-09-17T13:15:33.069+0000] {dag.py:3954} INFO - Setting next_dagrun for youtube_data_updating to 2026-09-16 00:00:00+00:00, run_after=2026-09-17 00:00:00+00:00
[2026-09-17T13:15:33.094+0000] {processor.py:183} INFO - Processing /opt/airflow/dags/dag_updating.py took 0.110 seconds
[2026-09-17T13:16:03.441+0000] {processor.py:161} INFO - Started process (PID=106) to work on /opt/airflow/dags/dag_updating.py
[2026-09-17T13:16:03.443+0000] {processor.py:830} INFO - Processing file /opt/airflow/dags/dag_updating.py for tasks to queue
[2026-09-17T13:16:03.446+0000] {logging_mixin.py:188} INFO - [2026-09-17T13:16:03.445+0000] {dagbag.py:545} INFO - Filling up the DagBag from /opt/airflow/dags/dag_updating.py
[2026-09-17T13:16:03.479+0000] {processor.py:840} INFO - DAG(s) 'youtube_data_updating' retrieved from /opt/airflow/dags/dag_updating.py
[2026-09-17T13:16:03.503+0000] {logging_mixin.py:188} INFO - [2026-09-17T13:16:03.503+0000] {dag.py:3096} INFO - Sync 1 DAGs
[2026-09-17T13:16:03.527+0000] {logging_mixin.py:188} INFO - [2026-09-17T13:16:03.526+0000] {dag.py:3954} INFO - Setting next_dagrun for youtube_data_updating to 2026-09-16 00:00:00+00:00, run_after=2026-09-17 00:00:00+00:00
[2026-09-17T13:16:03.551+0000] {processor.py:183} INFO - Processing /opt/airflow/dags/dag_updating.py took 0.116 seconds
[2026-09-17T13:16:33.872+0000] {processor.py:161} INFO - Started process (PID=114) to work on /opt/airflow/dags/dag_updating.py
[2026-09-17T13:16:33.874+0000] {processor.py:830} INFO - Processing file /opt/airflow/dags/dag_updating.py for tasks to queue
[2026-09-17T13:16:33.880+0000] {logging_mixin.py:188} INFO - [2026-09-17T13:16:33.879+0000] {dagbag.py:545} INFO - Filling up the DagBag from /opt/airflow/dags/dag_updating.py
[2026-09-17T13:16:33.941+0000] {processor.py:840} INFO - DAG(s) 'youtube_data_updating' retrieved from /opt/airflow/dags/dag_updating.py
[2026-09-17T13:16:33.982+0000] {logging_mixin.py:188} INFO - [2026-09-17T13:16:33.982+0000] {dag.py:3096} INFO - Sync 1 DAGs
[2026-09-17T13:16:34.024+0000] {logging_mixin.py:188} INFO - [2026-09-17T13:16:34.023+0000] {dag.py:3954} INFO - Setting next_dagrun for youtube_data_updating to 2026-09-16 00:00:00+00:00, run_after=2026-09-17 00:00:00+00:00
[2026-09-17T13:16:34.050+0000] {processor.py:183} INFO - Processing /opt/airflow/dags/dag_updating.py took 0.191 seconds
[2026-09-17T13:17:04.363+0000] {processor.py:161} INFO - Started process (PID=122) to work on /opt/airflow/dags/dag_updating.py
[2026-09-17T13:17:04.364+0000] {processor.py:830} INFO - Processing file /opt/airflow/dags/dag_updating.py for tasks to queue
[2026-09-17T13:17:04.367+0000] {logging_mixin.py:188} INFO - [2026-09-17T13:17:04.366+0000] {dagbag.py:545} INFO - Filling up the DagBag from /opt/airflow/dags/dag_updating.py
[2026-09-17T13:17:04.401+0000] {processor.py:840} INFO - DAG(s) 'youtube_data_updating' retrieved from /opt/airflow/dags/dag_updating.py
[2026-09-17T13:17:04.421+0000] {logging_mixin.py:188} INFO - [2026-09-17T13:17:04.421+0000] {dag.py:3096} INFO - Sync 1 DAGs
[2026-09-17T13:17:04.450+0000] {logging_mixin.py:188} INFO - [2026-09-17T13:17:04.450+0000] {dag.py:3954} INFO - Setting next_dagrun for youtube_data_updating to 2026-09-16 00:00:00+00:00, run_after=2026-09-17 00:00:00+00:00
[2026-09-17T13:17:04.473+0000] {processor.py:183} INFO - Processing /opt/airflow/dags/dag_updating.py took 0.121 seconds
[2026-09-17T13:17:34.811+0000] {processor.py:161} INFO - Started process (PID=130) to work on /opt/airflow/dags/dag_updating.py
[2026-09-17T13:17:34.814+0000] {processor.py:830} INFO - Processing file /opt/airflow/dags/dag_updating.py for tasks to queue
[2026-09-17T13:17:34.817+0000] {logging_mixin.py:188} INFO - [2026-09-17T13:17:34.817+0000] {dagbag.py:545} INFO - Filling up the DagBag from /opt/airflow/dags/dag_updating.py
[2026-09-17T13:17:34.860+0000] {processor.py:840} INFO - DAG(s) 'youtube_data_updating' retrieved from /opt/airflow/dags/dag_updating.py
[2026-09-17T13:17:34.886+0000] {logging_mixin.py:188} INFO - [2026-09-17T13:17:34.886+0000] {dag.py:3096} INFO - Sync 1 DAGs
[2026-09-17T13:17:34.910+0000] {logging_mixin.py:188} INFO - [2026-09-17T13:17:34.910+0000] {dag.py:3954} INFO - Setting next_dagrun for youtube_data_updating to 2026-09-16 00:00:00+00:00, run_after=2026-09-17 00:00:00+00:00
[2026-09-17T13:17:34.933+0000] {processor.py:183} INFO - Processing /opt/airflow/dags/dag_updating.py took 0.131 seconds
[2026-09-17T13:18:05.277+0000] {processor.py:161} INFO - Started process (PID=138) to work on /opt/airflow/dags/dag_updating.py
[2026-09-17T13:18:05.278+0000] {processor.py:830} INFO - Processing file /opt/airflow/dags/dag_updating.py for tasks to queue
[2026-09-17T13:18:05.282+0000] {logging_mixin.py:188} INFO - [2026-09-17T13:18:05.282+0000] {dagbag.py:545} INFO - Filling up the DagBag from /opt/airflow/dags/dag_updating.py
[2026-09-17T13:18:05.314+0000] {processor.py:840} INFO - DAG(s) 'youtube_data_updating' retrieved from /opt/airflow/dags/dag_updating.py
[2026-09-17T13:18:05.337+0000] {logging_mixin.py:188} INFO - [2026-09-17T13:18:05.337+0000] {dag.py:3096} INFO - Sync 1 DAGs
[2026-09-17T13:18:05.363+0000] {logging_mixin.py:188} INFO - [2026-09-17T13:18:05.363+0000] {dag.py:3954} INFO - Setting next_dagrun for youtube_data_updating to 2026-09-16 00:00:00+00:00, run_after=2026-09-17 00:00:00+00:00
[2026-09-17T13:18:05.387+0000] {processor.py:183} INFO - Processing /opt/airflow/dags/dag_updating.py took 0.119 seconds
[2026-09-17T13:18:35.740+0000] {processor.py:161} INFO - Started process (PID=146) to work on /opt/airflow/dags/dag_updating.py
[2026-09-17T13:18:35.742+0000] {processor.py:830} INFO - Processing file /opt/airflow/dags/dag_updating.py for tasks to queue
[2026-09-17T13:18:35.745+0000] {logging_mixin.py:188} INFO - [2026-09-17T13:18:35.744+0000] {dagbag.py:545} INFO - Filling up the DagBag from /opt/airflow/dags/dag_updating.py
[2026-09-17T13:18:35.776+0000] {processor.py:840} INFO - DAG(s) 'youtube_data_updating' retrieved from /opt/airflow/dags/dag_updating.py
[2026-09-17T13:18:35.797+0000] {logging_mixin.py:188} INFO - [2026-09-17T13:18:35.797+0000] {dag.py:3096} INFO - Sync 1 DAGs
[2026-09-17T13:18:35.820+0000] {logging_mixin.py:188} INFO - [2026-09-17T13:18:35.819+0000] {dag.py:3954} INFO - Setting next_dagrun for youtube_data_updating to 2026-09-16 00:00:00+00:00, run_after=2026-09-17 00:00:00+00:00
[2026-09-17T13:18:35.841+0000] {processor.py:183} INFO - Processing /opt/airflow/dags/dag_updating.py took 0.110 seconds
[2026-09-17T13:19:06.167+0000] {processor.py:161} INFO - Started process (PID=154) to work on /opt/airflow/dags/dag_updating.py
[2026-09-17T13:19:06.169+0000] {processor.py:830} INFO - Processing file /opt/airflow/dags/dag_updating.py for tasks to queue
[2026-09-17T13:19:06.172+0000] {logging_mixin.py:188} INFO - [2026-09-17T13:19:06.172+0000] {dagbag.py:545} INFO - Filling up the DagBag from /opt/airflow/dags/dag_updating.py
[2026-09-17T13:19:06.203+0000] {processor.py:840} INFO - DAG(s) 'youtube_data_updating' retrieved from /opt/airflow/dags/dag_updating.py
[2026-09-17T13:19:06.229+0000] {logging_mixin.py:188} INFO - [2026-09-17T13:19:06.229+0000] {dag.py:3096} INFO - Sync 1 DAGs
[2026-09-17T13:19:06.253+0000] {logging_mixin.py:188} INFO - [2026-09-17T13:19:06.253+0000] {dag.py:3954} INFO - Setting next_dagrun for youtube_data_updating to 2026-09-16 00:00:00+00:00, run_after=2026-09-17 00:00:00+00:00
[2026-09-17T13:19:06.276+0000] {processor.py:183} INFO - Processing /opt/airflow/dags/dag_updating.py took 0.116 seconds
[2026-09-17T13:19:36.613+0000] {processor.py:161} INFO - Started process (PID=162) to work on /opt/airflow/dags/dag_updating.py
[2026-09-17T13:19:36.615+0000] {processor.py:830} INFO - Processing file /opt/airflow/dags/dag_updating.py for tasks to queue
[2026-09-17T13:19:36.618+0000] {logging_mixin.py:188} INFO - [2026-09-17T13:19:36.618+0000] {dagbag.py:545} INFO - Filling up the DagBag from /opt/airflow/dags/dag_updating.py
[2026-09-17T13:19:36.653+0000] {processor.py:840} INFO - DAG(s) 'youtube_data_updating' retrieved from /opt/airflow/dags/dag_updating.py
[2026-09-17T13:19:36.677+0000] {logging_mixin.py:188} INFO - [2026-09-17T13:19:36.677+0000] {dag.py:3096} INFO - Sync 1 DAGs
[2026-09-17T13:19:36.700+0000] {logging_mixin.py:188} INFO - [2026-09-17T13:19:36.700+0000] {dag.py:3954} INFO - Setting next_dagrun for youtube_data_updating to 2026-09-16 00:00:00+00:00, run_after=2026-09-17 00:00:00+00:00
[2026-09-17T13:19:36.722+0000] {processor.py:183} INFO - Processing /opt/airflow/dags/dag_updating.py took 0.117 seconds
[2026-09-17T13:20:07.111+0000] {processor.py:161} INFO - Started process (PID=170) to work on /opt/airflow/dags/dag_updating.py
[2026-09-17T13:20:07.113+0000] {processor.py:830} INFO - Processing file /opt/airflow/dags/dag_updating.py for tasks to queue
[2026-09-17T13:20:07.116+0000] {logging_mixin.py:188} INFO - [2026-09-17T13:20:07.116+0000] {dagbag.py:545} INFO - Filling up the DagBag from /opt/airflow/dags/dag_updating.py
[2026-09-17T13:20:07.152+0000] {processor.py:840} INFO - DAG(s) 'youtube_data_updating' retrieved from /opt/airflow/dags/dag_updating.py
[2026-09-17T13:20:07.175+0000] {logging_mixin.py:188} INFO - [2026-09-17T13:20:07.174+0000] {dag.py:3096} INFO - Sync 1 DAGs
[2026-09-17T13:20:07.198+0000] {logging_mixin.py:188} INFO - [2026-09-17T13:20:07.197+0000] {dag.py:3954} INFO - Setting next_dagrun for youtube_data_updating to 2026-09-16 00:00:00+00:00, run_after=2026-09-17 00:00:00+00:00
[2026-09-17T13:20:07.222+0000] {processor.py:183} INFO - Processing /opt/airflow/dags/dag_updating.py took 0.120 seconds
[2026-09-17T13:20:37.587+0000] {processor.py:161} INFO - Started process (PID=178) to work on /opt/airflow/dags/dag_updating.py
[2026-09-17T13:20:37.589+0000] {processor.py:830} INFO - Processing file /opt/airflow/dags/dag_updating.py for tasks to queue
[2026-09-17T13:20:37.592+0000] {logging_mixin.py:188} INFO - [2026-09-17T13:20:37.592+0000] {dagbag.py:545} INFO - Filling up the DagBag from /opt/airflow/dags/dag_updating.py
[2026-09-17T13:20:37.627+0000] {processor.py:840} INFO - DAG(s) 'youtube_data_updating' retrieved from /opt/airflow/dags/dag_updating.py
[2026-09-17T13:20:37.650+0000] {logging_mixin.py:188} INFO - [2026-09-17T13:20:37.650+0000] {dag.py:3096} INFO - Sync 1 DAGs
[2026-09-17T13:20:37.674+0000] {logging_mixin.py:188} INFO - [2026-09-17T13:20:37.674+0000] {dag.py:3954} INFO - Setting next_dagrun for youtube_data_updating to 2026-09-16 00:00:00+00:00, run_after=2026-09-17 00:00:00+00:00
[2026-09-17T13:20:37.699+0000] {processor.py:183} INFO - Processing /opt/airflow/dags/dag_updating.py took 0.121 seconds
[2026-09-17T13:21:08.021+0000] {processor.py:161} INFO - Started process (PID=186) to work on /opt/airflow/dags/dag_updating.py
[2026-09-17T13:21:08.023+0000] {processor.py:830} INFO - Processing file /opt/airflow/dags/dag_updating.py for tasks to queue
[2026-09-17T13:21:08.026+0000] {logging_mixin.py:188} INFO - [2026-09-17T13:21:08.025+0000] {dagbag.py:545} INFO - Filling up the DagBag from /opt/airflow/dags/dag_updating.py
[2026-09-17T13:21:08.055+0000] {processor.py:840} INFO - DAG(s) 'youtube_data_updating' retrieved from /opt/airflow/dags/dag_updating.py
[2026-09-17T13:21:08.076+0000] {logging_mixin.py:188} INFO - [2026-09-17T13:21:08.076+0000] {dag.py:3096} INFO - Sync 1 DAGs
[2026-09-17T13:21:08.101+0000] {logging_mixin.py:188} INFO - [2026-09-17T13:21:08.101+0000] {dag.py:3954} INFO - Setting next_dagrun for youtube_data_updating to 2026-09-16 00:00:00+00:00, run_after=2026-09-17 00:00:00+00:00
[2026-09-17T13:21:08.124+0000] {processor.py:183} INFO - Processing /opt/airflow/dags/dag_updating.py took 0.111 seconds
[2026-09-17T13:21:38.453+0000] {processor.py:161} INFO - Started process (PID=194) to work on /opt/airflow/dags/dag_updating.py
[2026-09-17T13:21:38.455+0000] {processor.py:830} INFO - Processing file /opt/airflow/dags/dag_updating.py for tasks to queue
[2026-09-17T13:21:38.459+0000] {logging_mixin.py:188} INFO - [2026-09-17T13:21:38.458+0000] {dagbag.py:545} INFO - Filling up the DagBag from /opt/airflow/dags/dag_updating.py
[2026-09-17T13:21:38.496+0000] {processor.py:840} INFO - DAG(s) 'youtube_data_updating' retrieved from /opt/airflow/dags/dag_updating.py
[2026-09-17T13:21:38.522+0000] {logging_mixin.py:188} INFO - [2026-09-17T13:21:38.522+0000] {dag.py:3096} INFO - Sync 1 DAGs
[2026-09-17T13:21:38.555+0000] {logging_mixin.py:188} INFO - [2026-09-17T13:21:38.555+0000] {dag.py:3954} INFO - Setting next_dagrun for youtube_data_updating to 2026-09-16 00:00:00+00:00, run_after=2026-09-17 00:00:00+00:00
[2026-09-17T13:21:38.585+0000] {processor.py:183} INFO - Processing /opt/airflow/dags/dag_updating.py took 0.140 seconds
[2026-09-17T13:22:08.926+0000] {processor.py:161} INFO - Started process (PID=202) to work on /opt/airflow/dags/dag_updating.py
[2026-09-17T13:22:08.928+0000] {processor.py:830} INFO - Processing file /opt/airflow/dags/dag_updating.py for tasks to queue
[2026-09-17T13:22:08.931+0000] {logging_mixin.py:188} INFO - [2026-09-17T13:22:08.930+0000] {dagbag.py:545} INFO - Filling up the DagBag from /opt/airflow/dags/dag_updating.py
[2026-09-17T13:22:08.961+0000] {processor.py:840} INFO - DAG(s) 'youtube_data_updating' retrieved from /opt/airflow/dags/dag_updating.py
[2026-09-17T13:22:08.982+0000] {logging_mixin.py:188} INFO - [2026-09-17T13:22:08.981+0000] {dag.py:3096} INFO - Sync 1 DAGs
[2026-09-17T13:22:09.003+0000] {logging_mixin.py:188} INFO - [2026-09-17T13:22:09.002+0000] {dag.py:3954} INFO - Setting next_dagrun for youtube_data_updating to 2026-09-16 00:00:00+00:00, run_after=2026-09-17 00:00:00+00:00
[2026-09-17T13:22:09.027+0000] {processor.py:183} INFO - Processing /opt/airflow/dags/dag_updating.py took 0.109 seconds
[2026-09-17T13:22:39.398+0000] {processor.py:161} INFO - Started process (PID=210) to work on /opt/airflow/dags/dag_updating.py
[2026-09-17T13:22:39.399+0000] {processor.py:830} INFO - Processing file /opt/airflow/dags/dag_updating.py for tasks to queue
[2026-09-17T13:22:39.402+0000] {logging_mixin.py:188} INFO - [2026-09-17T13:22:39.401+0000] {dagbag.py:545} INFO - Filling up the DagBag from /opt/airflow/dags/dag_updating.py
[2026-09-17T13:22:39.431+0000] {processor.py:840} INFO - DAG(s) 'youtube_data_updating' retrieved from /opt/airflow/dags/dag_updating.py
[2026-09-17T13:22:39.453+0000] {logging_mixin.py:188} INFO - [2026-09-17T13:22:39.452+0000] {dag.py:3096} INFO - Sync 1 DAGs
[2026-09-17T13:22:39.475+0000] {logging_mixin.py:188} INFO - [2026-09-17T13:22:39.475+0000] {dag.py:3954} INFO - Setting next_dagrun for youtube_data_updating to 2026-09-16 00:00:00+00:00, run_after=2026-09-17 00:00:00+00:00
[2026-09-17T13:22:39.496+0000] {processor.py:183} INFO - Processing /opt/airflow/dags/dag_updating.py took 0.107 seconds
[2026-09-17T13:23:09.826+0000] {processor.py:161} INFO - Started process (PID=218) to work on /opt/airflow/dags/dag_updating.py
[2026-09-17T13:23:09.827+0000] {processor.py:830} INFO - Processing file /opt/airflow/dags/dag_updating.py for tasks to queue
[2026-09-17T13:23:09.831+0000] {logging_mixin.py:188} INFO - [2026-09-17T13:23:09.830+0000] {dagbag.py:545} INFO - Filling up the DagBag from /opt/airflow/dags/dag_updating.py
[2026-09-17T13:23:09.865+0000] {processor.py:840} INFO - DAG(s) 'youtube_data_updating' retrieved from /opt/airflow/dags/dag_updating.py
[2026-09-17T13:23:09.892+0000] {logging_mixin.py:188} INFO - [2026-09-17T13:23:09.891+0000] {dag.py:3096} INFO - Sync 1 DAGs
[2026-09-17T13:23:09.914+0000] {logging_mixin.py:188} INFO - [2026-09-17T13:23:09.914+0000] {dag.py:3954} INFO - Setting next_dagrun for youtube_data_updating to 2026-09-16 00:00:00+00:00, run_after=2026-09-17 00:00:00+00:00
[2026-09-17T13:23:09.939+0000] {processor.py:183} INFO - Processing /opt/airflow/dags/dag_updating.py took 0.121 seconds
[2026-09-17T13:23:40.240+0000] {processor.py:161} INFO - Started process (PID=226) to work on /opt/airflow/dags/dag_updating.py
[2026-09-17T13:23:40.242+0000] {processor.py:830} INFO - Processing file /opt/airflow/dags/dag_updating.py for tasks to queue
[2026-09-17T13:23:40.245+0000] {logging_mixin.py:188} INFO - [2026-09-17T13:23:40.245+0000] {dagbag.py:545} INFO - Filling up the DagBag from /opt/airflow/dags/dag_updating.py
[2026-09-17T13:23:40.274+0000] {processor.py:840} INFO - DAG(s) 'youtube_data_updating' retrieved from /opt/airflow/dags/dag_updating.py
[2026-09-17T13:23:40.298+0000] {logging_mixin.py:188} INFO - [2026-09-17T13:23:40.297+0000] {dag.py:3096} INFO - Sync 1 DAGs
[2026-09-17T13:23:40.320+0000] {logging_mixin.py:188} INFO - [2026-09-17T13:23:40.319+0000] {dag.py:3954} INFO - Setting next_dagrun for youtube_data_updating to 2026-09-16 00:00:00+00:00, run_after=2026-09-17 00:00:00+00:00
[2026-09-17T13:23:40.346+0000] {processor.py:183} INFO - Processing /opt/airflow/dags/dag_updating.py took 0.113 seconds
[2026-09-17T13:24:10.652+0000] {processor.py:161} INFO - Started process (PID=234) to work on /opt/airflow/dags/dag_updating.py
[2026-09-17T13:24:10.653+0000] {processor.py:830} INFO - Processing file /opt/airflow/dags/dag_updating.py for tasks to queue
[2026-09-17T13:24:10.656+0000] {logging_mixin.py:188} INFO - [2026-09-17T13:24:10.655+0000] {dagbag.py:545} INFO - Filling up the DagBag from /opt/airflow/dags/dag_updating.py
[2026-09-17T13:24:10.685+0000] {processor.py:840} INFO - DAG(s) 'youtube_data_updating' retrieved from /opt/airflow/dags/dag_updating.py
[2026-09-17T13:24:10.705+0000] {logging_mixin.py:188} INFO - [2026-09-17T13:24:10.705+0000] {dag.py:3096} INFO - Sync 1 DAGs
[2026-09-17T13:24:10.727+0000] {logging_mixin.py:188} INFO - [2026-09-17T13:24:10.727+0000] {dag.py:3954} INFO - Setting next_dagrun for youtube_data_updating to 2026-09-16 00:00:00+00:00, run_after=2026-09-17 00:00:00+00:00
[2026-09-17T13:24:10.749+0000] {processor.py:183} INFO - Processing /opt/airflow/dags/dag_updating.py took 0.104 seconds
[2026-09-17T13:24:41.060+0000] {processor.py:161} INFO - Started process (PID=242) to work on /opt/airflow/dags/dag_updating.py
[2026-09-17T13:24:41.061+0000] {processor.py:830} INFO - Processing file /opt/airflow/dags/dag_updating.py for tasks to queue
[2026-09-17T13:24:41.064+0000] {logging_mixin.py:188} INFO - [2026-09-17T13:24:41.064+0000] {dagbag.py:545} INFO - Filling up the DagBag from /opt/airflow/dags/dag_updating.py
[2026-09-17T13:24:41.103+0000] {processor.py:840} INFO - DAG(s) 'youtube_data_updating' retrieved from /opt/airflow/dags/dag_updating.py
[2026-09-17T13:24:41.127+0000] {logging_mixin.py:188} INFO - [2026-09-17T13:24:41.127+0000] {dag.py:3096} INFO - Sync 1 DAGs
[2026-09-17T13:24:41.153+0000] {logging_mixin.py:188} INFO - [2026-09-17T13:24:41.153+0000] {dag.py:3954} INFO - Setting next_dagrun for youtube_data_updating to 2026-09-16 00:00:00+00:00, run_after=2026-09-17 00:00:00+00:00
[2026-09-17T13:24:41.177+0000] {processor.py:183} INFO - Processing /opt/airflow/dags/dag_updating.py took 0.125 seconds
[2026-09-17T13:25:11.518+0000] {processor.py:161} INFO - Started process (PID=250) to work on /opt/airflow/dags/dag_updating.py
[2026-09-17T13:25:11.519+0000] {processor.py:830} INFO - Processing file /opt/airflow/dags/dag_updating.py for tasks to queue
[2026-09-17T13:25:11.523+0000] {logging_mixin.py:188} INFO - [2026-09-17T13:25:11.522+0000] {dagbag.py:545} INFO - Filling up the DagBag from /opt/airflow/dags/dag_updating.py
[2026-09-17T13:25:11.563+0000] {processor.py:840} INFO - DAG(s) 'youtube_data_updating' retrieved from /opt/airflow/dags/dag_updating.py
[2026-09-17T13:25:11.587+0000] {logging_mixin.py:188} INFO - [2026-09-17T13:25:11.587+0000] {dag.py:3096} INFO - Sync 1 DAGs
[2026-09-17T13:25:11.614+0000] {logging_mixin.py:188} INFO - [2026-09-17T13:25:11.614+0000] {dag.py:3954} INFO - Setting next_dagrun for youtube_data_updating to 2026-09-16 00:00:00+00:00, run_after=2026-09-17 00:00:00+00:00
[2026-09-17T13:25:11.642+0000] {processor.py:183} INFO - Processing /opt/airflow/dags/dag_updating.py took 0.132 seconds
[2026-09-17T13:25:41.939+0000] {processor.py:161} INFO - Started process (PID=262) to work on /opt/airflow/dags/dag_updating.py
[2026-09-17T13:25:41.941+0000] {processor.py:830} INFO - Processing file /opt/airflow/dags/dag_updating.py for tasks to queue
[2026-09-17T13:25:41.944+0000] {logging_mixin.py:188} INFO - [2026-09-17T13:25:41.944+0000] {dagbag.py:545} INFO - Filling up the DagBag from /opt/airflow/dags/dag_updating.py
[2026-09-17T13:25:41.974+0000] {processor.py:840} INFO - DAG(s) 'youtube_data_updating' retrieved from /opt/airflow/dags/dag_updating.py
[2026-09-17T13:25:41.997+0000] {logging_mixin.py:188} INFO - [2026-09-17T13:25:41.996+0000] {dag.py:3096} INFO - Sync 1 DAGs
[2026-09-17T13:25:42.044+0000] {logging_mixin.py:188} INFO - [2026-09-17T13:25:42.043+0000] {dag.py:3954} INFO - Setting next_dagrun for youtube_data_updating to 2026-09-17 00:00:00+00:00, run_after=2026-09-18 00:00:00+00:00
[2026-09-17T13:25:42.074+0000] {processor.py:183} INFO - Processing /opt/airflow/dags/dag_updating.py took 0.142 seconds
[2026-09-17T13:26:12.377+0000] {processor.py:161} INFO - Started process (PID=270) to work on /opt/airflow/dags/dag_updating.py
[2026-09-17T13:26:12.379+0000] {processor.py:830} INFO - Processing file /opt/airflow/dags/dag_updating.py for tasks to queue
[2026-09-17T13:26:12.382+0000] {logging_mixin.py:188} INFO - [2026-09-17T13:26:12.381+0000] {dagbag.py:545} INFO - Filling up the DagBag from /opt/airflow/dags/dag_updating.py
[2026-09-17T13:26:12.424+0000] {processor.py:840} INFO - DAG(s) 'youtube_data_updating' retrieved from /opt/airflow/dags/dag_updating.py
[2026-09-17T13:26:12.449+0000] {logging_mixin.py:188} INFO - [2026-09-17T13:26:12.449+0000] {dag.py:3096} INFO - Sync 1 DAGs
[2026-09-17T13:26:12.473+0000] {logging_mixin.py:188} INFO - [2026-09-17T13:26:12.472+0000] {dag.py:3954} INFO - Setting next_dagrun for youtube_data_updating to 2026-09-17 00:00:00+00:00, run_after=2026-09-18 00:00:00+00:00
[2026-09-17T13:26:12.495+0000] {processor.py:183} INFO - Processing /opt/airflow/dags/dag_updating.py took 0.124 seconds
[2026-09-17T13:26:42.803+0000] {processor.py:161} INFO - Started process (PID=278) to work on /opt/airflow/dags/dag_updating.py
[2026-09-17T13:26:42.805+0000] {processor.py:830} INFO - Processing file /opt/airflow/dags/dag_updating.py for tasks to queue
[2026-09-17T13:26:42.808+0000] {logging_mixin.py:188} INFO - [2026-09-17T13:26:42.808+0000] {dagbag.py:545} INFO - Filling up the DagBag from /opt/airflow/dags/dag_updating.py
[2026-09-17T13:26:42.840+0000] {processor.py:840} INFO - DAG(s) 'youtube_data_updating' retrieved from /opt/airflow/dags/dag_updating.py
[2026-09-17T13:26:42.861+0000] {logging_mixin.py:188} INFO - [2026-09-17T13:26:42.861+0000] {dag.py:3096} INFO - Sync 1 DAGs
[2026-09-17T13:26:42.910+0000] {logging_mixin.py:188} INFO - [2026-09-17T13:26:42.909+0000] {dag.py:3954} INFO - Setting next_dagrun for youtube_data_updating to 2026-09-17 00:00:00+00:00, run_after=2026-09-18 00:00:00+00:00
[2026-09-17T13:26:42.938+0000] {processor.py:183} INFO - Processing /opt/airflow/dags/dag_updating.py took 0.143 seconds
[2026-09-17T13:27:13.285+0000] {processor.py:161} INFO - Started process (PID=287) to work on /opt/airflow/dags/dag_updating.py
[2026-09-17T13:27:13.286+0000] {processor.py:830} INFO - Processing file /opt/airflow/dags/dag_updating.py for tasks to queue
[2026-09-17T13:27:13.290+0000] {logging_mixin.py:188} INFO - [2026-09-17T13:27:13.289+0000] {dagbag.py:545} INFO - Filling up the DagBag from /opt/airflow/dags/dag_updating.py
[2026-09-17T13:27:13.324+0000] {processor.py:840} INFO - DAG(s) 'youtube_data_updating' retrieved from /opt/airflow/dags/dag_updating.py
[2026-09-17T13:27:13.351+0000] {logging_mixin.py:188} INFO - [2026-09-17T13:27:13.351+0000] {dag.py:3096} INFO - Sync 1 DAGs
[2026-09-17T13:27:13.375+0000] {logging_mixin.py:188} INFO - [2026-09-17T13:27:13.375+0000] {dag.py:3954} INFO - Setting next_dagrun for youtube_data_updating to 2026-09-17 00:00:00+00:00, run_after=2026-09-18 00:00:00+00:00
[2026-09-17T13:27:13.398+0000] {processor.py:183} INFO - Processing /opt/airflow/dags/dag_updating.py took 0.120 seconds
[2026-09-17T13:27:43.765+0000] {processor.py:161} INFO - Started process (PID=295) to work on /opt/airflow/dags/dag_updating.py
[2026-09-17T13:27:43.766+0000] {processor.py:830} INFO - Processing file /opt/airflow/dags/dag_updating.py for tasks to queue
[2026-09-17T13:27:43.770+0000] {logging_mixin.py:188} INFO - [2026-09-17T13:27:43.769+0000] {dagbag.py:545} INFO - Filling up the DagBag from /opt/airflow/dags/dag_updating.py
[2026-09-17T13:27:43.810+0000] {logging_mixin.py:188} INFO - [2026-09-17T13:27:43.806+0000] {dagbag.py:355} ERROR - Failed to import: /opt/airflow/dags/dag_updating.py
Traceback (most recent call last):
  File "/home/airflow/.local/lib/python3.10/site-packages/airflow/models/dagbag.py", line 351, in parse
    loader.exec_module(new_module)
  File "<frozen importlib._bootstrap_external>", line 883, in exec_module
  File "<frozen importlib._bootstrap>", line 241, in _call_with_frames_removed
  File "/opt/airflow/dags/dag_updating.py", line 6, in <module>
    from scripts.staging import staging
  File "/opt/airflow/scripts/staging.py", line 14
    data_dir = '/opt/airflow/data'
IndentationError: unexpected indent
[2026-09-17T13:27:43.813+0000] {processor.py:842} WARNING - No viable dags retrieved from /opt/airflow/dags/dag_updating.py
[2026-09-17T13:27:43.844+0000] {processor.py:183} INFO - Processing /opt/airflow/dags/dag_updating.py took 0.086 seconds
[2026-09-17T13:28:14.220+0000] {processor.py:161} INFO - Started process (PID=303) to work on /opt/airflow/dags/dag_updating.py
[2026-09-17T13:28:14.222+0000] {processor.py:830} INFO - Processing file /opt/airflow/dags/dag_updating.py for tasks to queue
[2026-09-17T13:28:14.225+0000] {logging_mixin.py:188} INFO - [2026-09-17T13:28:14.224+0000] {dagbag.py:545} INFO - Filling up the DagBag from /opt/airflow/dags/dag_updating.py
[2026-09-17T13:28:14.277+0000] {logging_mixin.py:188} INFO - [2026-09-17T13:28:14.273+0000] {dagbag.py:355} ERROR - Failed to import: /opt/airflow/dags/dag_updating.py
Traceback (most recent call last):
  File "/home/airflow/.local/lib/python3.10/site-packages/airflow/models/dagbag.py", line 351, in parse
    loader.exec_module(new_module)
  File "<frozen importlib._bootstrap_external>", line 883, in exec_module
  File "<frozen importlib._bootstrap>", line 241, in _call_with_frames_removed
  File "/opt/airflow/dags/dag_updating.py", line 6, in <module>
    from scripts.staging import staging
ImportError: cannot import name 'staging' from 'scripts.staging' (/opt/airflow/scripts/staging.py)
[2026-09-17T13:28:14.280+0000] {processor.py:842} WARNING - No viable dags retrieved from /opt/airflow/dags/dag_updating.py
[2026-09-17T13:28:14.305+0000] {processor.py:183} INFO - Processing /opt/airflow/dags/dag_updating.py took 0.094 seconds
[2026-09-17T13:28:44.631+0000] {processor.py:161} INFO - Started process (PID=311) to work on /opt/airflow/dags/dag_updating.py
[2026-09-17T13:28:44.632+0000] {processor.py:830} INFO - Processing file /opt/airflow/dags/dag_updating.py for tasks to queue
[2026-09-17T13:28:44.634+0000] {logging_mixin.py:188} INFO - [2026-09-17T13:28:44.634+0000] {dagbag.py:545} INFO - Filling up the DagBag from /opt/airflow/dags/dag_updating.py
[2026-09-17T13:28:44.663+0000] {logging_mixin.py:188} INFO - [2026-09-17T13:28:44.660+0000] {dagbag.py:355} ERROR - Failed to import: /opt/airflow/dags/dag_updating.py
Traceback (most recent call last):
  File "/home/airflow/.local/lib/python3.10/site-packages/airflow/models/dagbag.py", line 351, in parse
    loader.exec_module(new_module)
  File "<frozen importlib._bootstrap_external>", line 883, in exec_module
  File "<frozen importlib._bootstrap>", line 241, in _call_with_frames_removed
  File "/opt/airflow/dags/dag_updating.py", line 6, in <module>
    from scripts.staging import staging
ImportError: cannot import name 'staging' from 'scripts.staging' (/opt/airflow/scripts/staging.py)
[2026-09-17T13:28:44.665+0000] {processor.py:842} WARNING - No viable dags retrieved from /opt/airflow/dags/dag_updating.py
[2026-09-17T13:28:44.685+0000] {processor.py:183} INFO - Processing /opt/airflow/dags/dag_updating.py took 0.061 seconds
[2026-09-17T13:29:15.133+0000] {processor.py:161} INFO - Started process (PID=319) to work on /opt/airflow/dags/dag_updating.py
[2026-09-17T13:29:15.137+0000] {processor.py:830} INFO - Processing file /opt/airflow/dags/dag_updating.py for tasks to queue
[2026-09-17T13:29:15.142+0000] {logging_mixin.py:188} INFO - [2026-09-17T13:29:15.141+0000] {dagbag.py:545} INFO - Filling up the DagBag from /opt/airflow/dags/dag_updating.py
[2026-09-17T13:29:15.286+0000] {processor.py:840} INFO - DAG(s) 'youtube_data_updating' retrieved from /opt/airflow/dags/dag_updating.py
[2026-09-17T13:29:15.431+0000] {logging_mixin.py:188} INFO - [2026-09-17T13:29:15.431+0000] {dag.py:3096} INFO - Sync 1 DAGs
[2026-09-17T13:29:15.468+0000] {logging_mixin.py:188} INFO - [2026-09-17T13:29:15.467+0000] {dag.py:3954} INFO - Setting next_dagrun for youtube_data_updating to 2026-09-17 00:00:00+00:00, run_after=2026-09-18 00:00:00+00:00
[2026-09-17T13:29:15.498+0000] {processor.py:183} INFO - Processing /opt/airflow/dags/dag_updating.py took 0.390 seconds
[2026-09-17T13:29:45.850+0000] {processor.py:161} INFO - Started process (PID=327) to work on /opt/airflow/dags/dag_updating.py
[2026-09-17T13:29:45.854+0000] {processor.py:830} INFO - Processing file /opt/airflow/dags/dag_updating.py for tasks to queue
[2026-09-17T13:29:45.856+0000] {logging_mixin.py:188} INFO - [2026-09-17T13:29:45.856+0000] {dagbag.py:545} INFO - Filling up the DagBag from /opt/airflow/dags/dag_updating.py
[2026-09-17T13:29:45.912+0000] {processor.py:840} INFO - DAG(s) 'youtube_data_updating' retrieved from /opt/airflow/dags/dag_updating.py
[2026-09-17T13:29:45.943+0000] {logging_mixin.py:188} INFO - [2026-09-17T13:29:45.943+0000] {dag.py:3096} INFO - Sync 1 DAGs
[2026-09-17T13:29:45.975+0000] {logging_mixin.py:188} INFO - [2026-09-17T13:29:45.975+0000] {dag.py:3954} INFO - Setting next_dagrun for youtube_data_updating to 2026-09-17 00:00:00+00:00, run_after=2026-09-18 00:00:00+00:00
[2026-09-17T13:29:46.002+0000] {processor.py:183} INFO - Processing /opt/airflow/dags/dag_updating.py took 0.163 seconds
[2026-09-17T13:30:16.446+0000] {processor.py:161} INFO - Started process (PID=335) to work on /opt/airflow/dags/dag_updating.py
[2026-09-17T13:30:16.450+0000] {processor.py:830} INFO - Processing file /opt/airflow/dags/dag_updating.py for tasks to queue
[2026-09-17T13:30:16.455+0000] {logging_mixin.py:188} INFO - [2026-09-17T13:30:16.454+0000] {dagbag.py:545} INFO - Filling up the DagBag from /opt/airflow/dags/dag_updating.py
[2026-09-17T13:30:16.533+0000] {processor.py:840} INFO - DAG(s) 'youtube_data_updating' retrieved from /opt/airflow/dags/dag_updating.py
[2026-09-17T13:30:16.572+0000] {logging_mixin.py:188} INFO - [2026-09-17T13:30:16.571+0000] {dag.py:3096} INFO - Sync 1 DAGs
[2026-09-17T13:30:16.617+0000] {logging_mixin.py:188} INFO - [2026-09-17T13:30:16.617+0000] {dag.py:3954} INFO - Setting next_dagrun for youtube_data_updating to 2026-09-17 00:00:00+00:00, run_after=2026-09-18 00:00:00+00:00
[2026-09-17T13:30:16.658+0000] {processor.py:183} INFO - Processing /opt/airflow/dags/dag_updating.py took 0.224 seconds
[2026-09-17T13:30:47.108+0000] {processor.py:161} INFO - Started process (PID=343) to work on /opt/airflow/dags/dag_updating.py
[2026-09-17T13:30:47.110+0000] {processor.py:830} INFO - Processing file /opt/airflow/dags/dag_updating.py for tasks to queue
[2026-09-17T13:30:47.113+0000] {logging_mixin.py:188} INFO - [2026-09-17T13:30:47.113+0000] {dagbag.py:545} INFO - Filling up the DagBag from /opt/airflow/dags/dag_updating.py
[2026-09-17T13:30:47.174+0000] {processor.py:840} INFO - DAG(s) 'youtube_data_updating' retrieved from /opt/airflow/dags/dag_updating.py
[2026-09-17T13:30:47.202+0000] {logging_mixin.py:188} INFO - [2026-09-17T13:30:47.202+0000] {dag.py:3096} INFO - Sync 1 DAGs
[2026-09-17T13:30:47.230+0000] {logging_mixin.py:188} INFO - [2026-09-17T13:30:47.229+0000] {dag.py:3954} INFO - Setting next_dagrun for youtube_data_updating to 2026-09-17 00:00:00+00:00, run_after=2026-09-18 00:00:00+00:00
[2026-09-17T13:30:47.256+0000] {processor.py:183} INFO - Processing /opt/airflow/dags/dag_updating.py took 0.159 seconds
[2026-09-17T13:31:17.715+0000] {processor.py:161} INFO - Started process (PID=351) to work on /opt/airflow/dags/dag_updating.py
[2026-09-17T13:31:17.719+0000] {processor.py:830} INFO - Processing file /opt/airflow/dags/dag_updating.py for tasks to queue
[2026-09-17T13:31:17.723+0000] {logging_mixin.py:188} INFO - [2026-09-17T13:31:17.722+0000] {dagbag.py:545} INFO - Filling up the DagBag from /opt/airflow/dags/dag_updating.py
[2026-09-17T13:31:17.787+0000] {processor.py:840} INFO - DAG(s) 'youtube_data_updating' retrieved from /opt/airflow/dags/dag_updating.py
[2026-09-17T13:31:17.832+0000] {logging_mixin.py:188} INFO - [2026-09-17T13:31:17.831+0000] {dag.py:3096} INFO - Sync 1 DAGs
[2026-09-17T13:31:17.906+0000] {logging_mixin.py:188} INFO - [2026-09-17T13:31:17.906+0000] {dag.py:3954} INFO - Setting next_dagrun for youtube_data_updating to 2026-09-17 00:00:00+00:00, run_after=2026-09-18 00:00:00+00:00
[2026-09-17T13:31:17.960+0000] {processor.py:183} INFO - Processing /opt/airflow/dags/dag_updating.py took 0.261 seconds
[2026-09-17T13:31:48.450+0000] {processor.py:161} INFO - Started process (PID=359) to work on /opt/airflow/dags/dag_updating.py
[2026-09-17T13:31:48.452+0000] {processor.py:830} INFO - Processing file /opt/airflow/dags/dag_updating.py for tasks to queue
[2026-09-17T13:31:48.455+0000] {logging_mixin.py:188} INFO - [2026-09-17T13:31:48.454+0000] {dagbag.py:545} INFO - Filling up the DagBag from /opt/airflow/dags/dag_updating.py
[2026-09-17T13:31:48.514+0000] {processor.py:840} INFO - DAG(s) 'youtube_data_updating' retrieved from /opt/airflow/dags/dag_updating.py
[2026-09-17T13:31:48.546+0000] {logging_mixin.py:188} INFO - [2026-09-17T13:31:48.546+0000] {dag.py:3096} INFO - Sync 1 DAGs
[2026-09-17T13:31:48.580+0000] {logging_mixin.py:188} INFO - [2026-09-17T13:31:48.579+0000] {dag.py:3954} INFO - Setting next_dagrun for youtube_data_updating to 2026-09-17 00:00:00+00:00, run_after=2026-09-18 00:00:00+00:00
[2026-09-17T13:31:48.610+0000] {processor.py:183} INFO - Processing /opt/airflow/dags/dag_updating.py took 0.172 seconds
[2026-09-17T13:32:19.122+0000] {processor.py:161} INFO - Started process (PID=367) to work on /opt/airflow/dags/dag_updating.py
[2026-09-17T13:32:19.128+0000] {processor.py:830} INFO - Processing file /opt/airflow/dags/dag_updating.py for tasks to queue
[2026-09-17T13:32:19.132+0000] {logging_mixin.py:188} INFO - [2026-09-17T13:32:19.132+0000] {dagbag.py:545} INFO - Filling up the DagBag from /opt/airflow/dags/dag_updating.py
[2026-09-17T13:32:19.239+0000] {processor.py:840} INFO - DAG(s) 'youtube_data_updating' retrieved from /opt/airflow/dags/dag_updating.py
[2026-09-17T13:32:19.301+0000] {logging_mixin.py:188} INFO - [2026-09-17T13:32:19.301+0000] {dag.py:3096} INFO - Sync 1 DAGs
[2026-09-17T13:32:19.362+0000] {logging_mixin.py:188} INFO - [2026-09-17T13:32:19.361+0000] {dag.py:3954} INFO - Setting next_dagrun for youtube_data_updating to 2026-09-17 00:00:00+00:00, run_after=2026-09-18 00:00:00+00:00
[2026-09-17T13:32:19.419+0000] {processor.py:183} INFO - Processing /opt/airflow/dags/dag_updating.py took 0.313 seconds
[2026-09-17T13:32:49.912+0000] {processor.py:161} INFO - Started process (PID=376) to work on /opt/airflow/dags/dag_updating.py
[2026-09-17T13:32:49.915+0000] {processor.py:830} INFO - Processing file /opt/airflow/dags/dag_updating.py for tasks to queue
[2026-09-17T13:32:49.918+0000] {logging_mixin.py:188} INFO - [2026-09-17T13:32:49.918+0000] {dagbag.py:545} INFO - Filling up the DagBag from /opt/airflow/dags/dag_updating.py
[2026-09-17T13:32:49.988+0000] {processor.py:840} INFO - DAG(s) 'youtube_data_updating' retrieved from /opt/airflow/dags/dag_updating.py
[2026-09-17T13:32:50.018+0000] {logging_mixin.py:188} INFO - [2026-09-17T13:32:50.018+0000] {dag.py:3096} INFO - Sync 1 DAGs
[2026-09-17T13:32:50.061+0000] {logging_mixin.py:188} INFO - [2026-09-17T13:32:50.060+0000] {dag.py:3954} INFO - Setting next_dagrun for youtube_data_updating to 2026-09-17 00:00:00+00:00, run_after=2026-09-18 00:00:00+00:00
[2026-09-17T13:32:50.095+0000] {processor.py:183} INFO - Processing /opt/airflow/dags/dag_updating.py took 0.195 seconds
[2026-09-17T13:33:20.611+0000] {processor.py:161} INFO - Started process (PID=384) to work on /opt/airflow/dags/dag_updating.py
[2026-09-17T13:33:20.614+0000] {processor.py:830} INFO - Processing file /opt/airflow/dags/dag_updating.py for tasks to queue
[2026-09-17T13:33:20.618+0000] {logging_mixin.py:188} INFO - [2026-09-17T13:33:20.616+0000] {dagbag.py:545} INFO - Filling up the DagBag from /opt/airflow/dags/dag_updating.py
[2026-09-17T13:33:20.677+0000] {processor.py:840} INFO - DAG(s) 'youtube_data_updating' retrieved from /opt/airflow/dags/dag_updating.py
[2026-09-17T13:33:20.722+0000] {logging_mixin.py:188} INFO - [2026-09-17T13:33:20.721+0000] {dag.py:3096} INFO - Sync 1 DAGs
[2026-09-17T13:33:20.773+0000] {logging_mixin.py:188} INFO - [2026-09-17T13:33:20.772+0000] {dag.py:3954} INFO - Setting next_dagrun for youtube_data_updating to 2026-09-17 00:00:00+00:00, run_after=2026-09-18 00:00:00+00:00
[2026-09-17T13:33:20.825+0000] {processor.py:183} INFO - Processing /opt/airflow/dags/dag_updating.py took 0.230 seconds
[2026-09-17T13:33:51.366+0000] {processor.py:161} INFO - Started process (PID=392) to work on /opt/airflow/dags/dag_updating.py
[2026-09-17T13:33:51.369+0000] {processor.py:830} INFO - Processing file /opt/airflow/dags/dag_updating.py for tasks to queue
[2026-09-17T13:33:51.373+0000] {logging_mixin.py:188} INFO - [2026-09-17T13:33:51.372+0000] {dagbag.py:545} INFO - Filling up the DagBag from /opt/airflow/dags/dag_updating.py
[2026-09-17T13:33:51.435+0000] {processor.py:840} INFO - DAG(s) 'youtube_data_updating' retrieved from /opt/airflow/dags/dag_updating.py
[2026-09-17T13:33:51.468+0000] {logging_mixin.py:188} INFO - [2026-09-17T13:33:51.467+0000] {dag.py:3096} INFO - Sync 1 DAGs
[2026-09-17T13:33:51.502+0000] {logging_mixin.py:188} INFO - [2026-09-17T13:33:51.502+0000] {dag.py:3954} INFO - Setting next_dagrun for youtube_data_updating to 2026-09-17 00:00:00+00:00, run_after=2026-09-18 00:00:00+00:00
[2026-09-17T13:33:51.540+0000] {processor.py:183} INFO - Processing /opt/airflow/dags/dag_updating.py took 0.193 seconds
[2026-09-17T13:34:21.970+0000] {processor.py:161} INFO - Started process (PID=400) to work on /opt/airflow/dags/dag_updating.py
[2026-09-17T13:34:21.973+0000] {processor.py:830} INFO - Processing file /opt/airflow/dags/dag_updating.py for tasks to queue
[2026-09-17T13:34:21.975+0000] {logging_mixin.py:188} INFO - [2026-09-17T13:34:21.975+0000] {dagbag.py:545} INFO - Filling up the DagBag from /opt/airflow/dags/dag_updating.py
[2026-09-17T13:34:22.026+0000] {processor.py:840} INFO - DAG(s) 'youtube_data_updating' retrieved from /opt/airflow/dags/dag_updating.py
[2026-09-17T13:34:22.055+0000] {logging_mixin.py:188} INFO - [2026-09-17T13:34:22.055+0000] {dag.py:3096} INFO - Sync 1 DAGs
[2026-09-17T13:34:22.087+0000] {logging_mixin.py:188} INFO - [2026-09-17T13:34:22.086+0000] {dag.py:3954} INFO - Setting next_dagrun for youtube_data_updating to 2026-09-17 00:00:00+00:00, run_after=2026-09-18 00:00:00+00:00
[2026-09-17T13:34:22.117+0000] {processor.py:183} INFO - Processing /opt/airflow/dags/dag_updating.py took 0.157 seconds
[2026-09-17T13:34:52.648+0000] {processor.py:161} INFO - Started process (PID=408) to work on /opt/airflow/dags/dag_updating.py
[2026-09-17T13:34:52.651+0000] {processor.py:830} INFO - Processing file /opt/airflow/dags/dag_updating.py for tasks to queue
[2026-09-17T13:34:52.654+0000] {logging_mixin.py:188} INFO - [2026-09-17T13:34:52.654+0000] {dagbag.py:545} INFO - Filling up the DagBag from /opt/airflow/dags/dag_updating.py
[2026-09-17T13:34:52.716+0000] {processor.py:840} INFO - DAG(s) 'youtube_data_updating' retrieved from /opt/airflow/dags/dag_updating.py
[2026-09-17T13:34:52.751+0000] {logging_mixin.py:188} INFO - [2026-09-17T13:34:52.751+0000] {dag.py:3096} INFO - Sync 1 DAGs
[2026-09-17T13:34:52.799+0000] {logging_mixin.py:188} INFO - [2026-09-17T13:34:52.798+0000] {dag.py:3954} INFO - Setting next_dagrun for youtube_data_updating to 2026-09-17 00:00:00+00:00, run_after=2026-09-18 00:00:00+00:00
[2026-09-17T13:34:52.854+0000] {processor.py:183} INFO - Processing /opt/airflow/dags/dag_updating.py took 0.219 seconds
[2026-09-17T13:35:23.325+0000] {processor.py:161} INFO - Started process (PID=416) to work on /opt/airflow/dags/dag_updating.py
[2026-09-17T13:35:23.330+0000] {processor.py:830} INFO - Processing file /opt/airflow/dags/dag_updating.py for tasks to queue
[2026-09-17T13:35:23.334+0000] {logging_mixin.py:188} INFO - [2026-09-17T13:35:23.333+0000] {dagbag.py:545} INFO - Filling up the DagBag from /opt/airflow/dags/dag_updating.py
[2026-09-17T13:35:23.419+0000] {processor.py:840} INFO - DAG(s) 'youtube_data_updating' retrieved from /opt/airflow/dags/dag_updating.py
[2026-09-17T13:35:23.453+0000] {logging_mixin.py:188} INFO - [2026-09-17T13:35:23.452+0000] {dag.py:3096} INFO - Sync 1 DAGs
[2026-09-17T13:35:23.490+0000] {logging_mixin.py:188} INFO - [2026-09-17T13:35:23.489+0000] {dag.py:3954} INFO - Setting next_dagrun for youtube_data_updating to 2026-09-17 00:00:00+00:00, run_after=2026-09-18 00:00:00+00:00
[2026-09-17T13:35:23.532+0000] {processor.py:183} INFO - Processing /opt/airflow/dags/dag_updating.py took 0.219 seconds
[2026-09-17T13:35:54.045+0000] {processor.py:161} INFO - Started process (PID=424) to work on /opt/airflow/dags/dag_updating.py
[2026-09-17T13:35:54.049+0000] {processor.py:830} INFO - Processing file /opt/airflow/dags/dag_updating.py for tasks to queue
[2026-09-17T13:35:54.054+0000] {logging_mixin.py:188} INFO - [2026-09-17T13:35:54.053+0000] {dagbag.py:545} INFO - Filling up the DagBag from /opt/airflow/dags/dag_updating.py
[2026-09-17T13:35:54.154+0000] {processor.py:840} INFO - DAG(s) 'youtube_data_updating' retrieved from /opt/airflow/dags/dag_updating.py
[2026-09-17T13:35:54.194+0000] {logging_mixin.py:188} INFO - [2026-09-17T13:35:54.194+0000] {dag.py:3096} INFO - Sync 1 DAGs
[2026-09-17T13:35:54.235+0000] {logging_mixin.py:188} INFO - [2026-09-17T13:35:54.234+0000] {dag.py:3954} INFO - Setting next_dagrun for youtube_data_updating to 2026-09-17 00:00:00+00:00, run_after=2026-09-18 00:00:00+00:00
[2026-09-17T13:35:54.267+0000] {processor.py:183} INFO - Processing /opt/airflow/dags/dag_updating.py took 0.247 seconds
[2026-09-17T13:36:24.725+0000] {processor.py:161} INFO - Started process (PID=432) to work on /opt/airflow/dags/dag_updating.py
[2026-09-17T13:36:24.728+0000] {processor.py:830} INFO - Processing file /opt/airflow/dags/dag_updating.py for tasks to queue
[2026-09-17T13:36:24.731+0000] {logging_mixin.py:188} INFO - [2026-09-17T13:36:24.731+0000] {dagbag.py:545} INFO - Filling up the DagBag from /opt/airflow/dags/dag_updating.py
[2026-09-17T13:36:24.795+0000] {processor.py:840} INFO - DAG(s) 'youtube_data_updating' retrieved from /opt/airflow/dags/dag_updating.py
[2026-09-17T13:36:24.828+0000] {logging_mixin.py:188} INFO - [2026-09-17T13:36:24.828+0000] {dag.py:3096} INFO - Sync 1 DAGs
[2026-09-17T13:36:24.856+0000] {logging_mixin.py:188} INFO - [2026-09-17T13:36:24.856+0000] {dag.py:3954} INFO - Setting next_dagrun for youtube_data_updating to 2026-09-17 00:00:00+00:00, run_after=2026-09-18 00:00:00+00:00
[2026-09-17T13:36:24.887+0000] {processor.py:183} INFO - Processing /opt/airflow/dags/dag_updating.py took 0.171 seconds
[2026-09-17T13:36:50.330+0000] {processor.py:161} INFO - Started process (PID=439) to work on /opt/airflow/dags/dag_updating.py
[2026-09-17T13:36:50.336+0000] {processor.py:830} INFO - Processing file /opt/airflow/dags/dag_updating.py for tasks to queue
[2026-09-17T13:36:50.343+0000] {logging_mixin.py:188} INFO - [2026-09-17T13:36:50.342+0000] {dagbag.py:545} INFO - Filling up the DagBag from /opt/airflow/dags/dag_updating.py
[2026-09-17T13:36:50.472+0000] {processor.py:840} INFO - DAG(s) 'youtube_data_updating' retrieved from /opt/airflow/dags/dag_updating.py
[2026-09-17T13:36:50.630+0000] {logging_mixin.py:188} INFO - [2026-09-17T13:36:50.630+0000] {dag.py:3096} INFO - Sync 1 DAGs
[2026-09-17T13:36:50.668+0000] {logging_mixin.py:188} INFO - [2026-09-17T13:36:50.667+0000] {dag.py:3954} INFO - Setting next_dagrun for youtube_data_updating to 2026-09-17 00:00:00+00:00, run_after=2026-09-18 00:00:00+00:00
[2026-09-17T13:36:50.744+0000] {processor.py:183} INFO - Processing /opt/airflow/dags/dag_updating.py took 0.430 seconds
[2026-09-17T13:36:54.882+0000] {processor.py:161} INFO - Started process (PID=440) to work on /opt/airflow/dags/dag_updating.py
[2026-09-17T13:36:54.886+0000] {processor.py:830} INFO - Processing file /opt/airflow/dags/dag_updating.py for tasks to queue
[2026-09-17T13:36:54.890+0000] {logging_mixin.py:188} INFO - [2026-09-17T13:36:54.889+0000] {dagbag.py:545} INFO - Filling up the DagBag from /opt/airflow/dags/dag_updating.py
[2026-09-17T13:36:55.035+0000] {processor.py:840} INFO - DAG(s) 'youtube_data_updating' retrieved from /opt/airflow/dags/dag_updating.py
[2026-09-17T13:36:55.070+0000] {logging_mixin.py:188} INFO - [2026-09-17T13:36:55.069+0000] {dag.py:3096} INFO - Sync 1 DAGs
[2026-09-17T13:36:55.102+0000] {logging_mixin.py:188} INFO - [2026-09-17T13:36:55.101+0000] {dag.py:3954} INFO - Setting next_dagrun for youtube_data_updating to 2026-09-17 00:00:00+00:00, run_after=2026-09-18 00:00:00+00:00
[2026-09-17T13:36:55.155+0000] {processor.py:183} INFO - Processing /opt/airflow/dags/dag_updating.py took 0.286 seconds
[2026-09-17T13:37:25.585+0000] {processor.py:161} INFO - Started process (PID=448) to work on /opt/airflow/dags/dag_updating.py
[2026-09-17T13:37:25.589+0000] {processor.py:830} INFO - Processing file /opt/airflow/dags/dag_updating.py for tasks to queue
[2026-09-17T13:37:25.592+0000] {logging_mixin.py:188} INFO - [2026-09-17T13:37:25.592+0000] {dagbag.py:545} INFO - Filling up the DagBag from /opt/airflow/dags/dag_updating.py
[2026-09-17T13:37:25.646+0000] {processor.py:840} INFO - DAG(s) 'youtube_data_updating' retrieved from /opt/airflow/dags/dag_updating.py
[2026-09-17T13:37:25.814+0000] {logging_mixin.py:188} INFO - [2026-09-17T13:37:25.814+0000] {dag.py:3096} INFO - Sync 1 DAGs
[2026-09-17T13:37:25.842+0000] {logging_mixin.py:188} INFO - [2026-09-17T13:37:25.842+0000] {dag.py:3954} INFO - Setting next_dagrun for youtube_data_updating to 2026-09-17 00:00:00+00:00, run_after=2026-09-18 00:00:00+00:00
[2026-09-17T13:37:25.880+0000] {processor.py:183} INFO - Processing /opt/airflow/dags/dag_updating.py took 0.306 seconds
[2026-09-17T13:37:56.501+0000] {processor.py:161} INFO - Started process (PID=456) to work on /opt/airflow/dags/dag_updating.py
[2026-09-17T13:37:56.505+0000] {processor.py:830} INFO - Processing file /opt/airflow/dags/dag_updating.py for tasks to queue
[2026-09-17T13:37:56.508+0000] {logging_mixin.py:188} INFO - [2026-09-17T13:37:56.507+0000] {dagbag.py:545} INFO - Filling up the DagBag from /opt/airflow/dags/dag_updating.py
[2026-09-17T13:37:56.610+0000] {processor.py:840} INFO - DAG(s) 'youtube_data_updating' retrieved from /opt/airflow/dags/dag_updating.py
[2026-09-17T13:37:56.668+0000] {logging_mixin.py:188} INFO - [2026-09-17T13:37:56.668+0000] {dag.py:3096} INFO - Sync 1 DAGs
[2026-09-17T13:37:56.698+0000] {logging_mixin.py:188} INFO - [2026-09-17T13:37:56.698+0000] {dag.py:3954} INFO - Setting next_dagrun for youtube_data_updating to 2026-09-17 00:00:00+00:00, run_after=2026-09-18 00:00:00+00:00
[2026-09-17T13:37:56.735+0000] {processor.py:183} INFO - Processing /opt/airflow/dags/dag_updating.py took 0.247 seconds
[2026-09-17T13:38:27.175+0000] {processor.py:161} INFO - Started process (PID=464) to work on /opt/airflow/dags/dag_updating.py
[2026-09-17T13:38:27.179+0000] {processor.py:830} INFO - Processing file /opt/airflow/dags/dag_updating.py for tasks to queue
[2026-09-17T13:38:27.184+0000] {logging_mixin.py:188} INFO - [2026-09-17T13:38:27.183+0000] {dagbag.py:545} INFO - Filling up the DagBag from /opt/airflow/dags/dag_updating.py
[2026-09-17T13:38:27.275+0000] {processor.py:840} INFO - DAG(s) 'youtube_data_updating' retrieved from /opt/airflow/dags/dag_updating.py
[2026-09-17T13:38:27.331+0000] {logging_mixin.py:188} INFO - [2026-09-17T13:38:27.330+0000] {dag.py:3096} INFO - Sync 1 DAGs
[2026-09-17T13:38:27.366+0000] {logging_mixin.py:188} INFO - [2026-09-17T13:38:27.366+0000] {dag.py:3954} INFO - Setting next_dagrun for youtube_data_updating to 2026-09-17 00:00:00+00:00, run_after=2026-09-18 00:00:00+00:00
[2026-09-17T13:38:27.396+0000] {processor.py:183} INFO - Processing /opt/airflow/dags/dag_updating.py took 0.232 seconds
[2026-09-17T13:38:57.855+0000] {processor.py:161} INFO - Started process (PID=472) to work on /opt/airflow/dags/dag_updating.py
[2026-09-17T13:38:57.859+0000] {processor.py:830} INFO - Processing file /opt/airflow/dags/dag_updating.py for tasks to queue
[2026-09-17T13:38:57.862+0000] {logging_mixin.py:188} INFO - [2026-09-17T13:38:57.862+0000] {dagbag.py:545} INFO - Filling up the DagBag from /opt/airflow/dags/dag_updating.py
[2026-09-17T13:38:57.959+0000] {processor.py:840} INFO - DAG(s) 'youtube_data_updating' retrieved from /opt/airflow/dags/dag_updating.py
[2026-09-17T13:38:58.016+0000] {logging_mixin.py:188} INFO - [2026-09-17T13:38:58.016+0000] {dag.py:3096} INFO - Sync 1 DAGs
[2026-09-17T13:38:58.067+0000] {logging_mixin.py:188} INFO - [2026-09-17T13:38:58.066+0000] {dag.py:3954} INFO - Setting next_dagrun for youtube_data_updating to 2026-09-17 00:00:00+00:00, run_after=2026-09-18 00:00:00+00:00
[2026-09-17T13:38:58.108+0000] {processor.py:183} INFO - Processing /opt/airflow/dags/dag_updating.py took 0.265 seconds
[2026-09-17T13:39:28.574+0000] {processor.py:161} INFO - Started process (PID=480) to work on /opt/airflow/dags/dag_updating.py
[2026-09-17T13:39:28.577+0000] {processor.py:830} INFO - Processing file /opt/airflow/dags/dag_updating.py for tasks to queue
[2026-09-17T13:39:28.581+0000] {logging_mixin.py:188} INFO - [2026-09-17T13:39:28.581+0000] {dagbag.py:545} INFO - Filling up the DagBag from /opt/airflow/dags/dag_updating.py
[2026-09-17T13:39:28.644+0000] {processor.py:840} INFO - DAG(s) 'youtube_data_updating' retrieved from /opt/airflow/dags/dag_updating.py
[2026-09-17T13:39:28.672+0000] {logging_mixin.py:188} INFO - [2026-09-17T13:39:28.671+0000] {dag.py:3096} INFO - Sync 1 DAGs
[2026-09-17T13:39:28.698+0000] {logging_mixin.py:188} INFO - [2026-09-17T13:39:28.698+0000] {dag.py:3954} INFO - Setting next_dagrun for youtube_data_updating to 2026-09-17 00:00:00+00:00, run_after=2026-09-18 00:00:00+00:00
[2026-09-17T13:39:28.724+0000] {processor.py:183} INFO - Processing /opt/airflow/dags/dag_updating.py took 0.165 seconds
[2026-09-17T13:39:59.212+0000] {processor.py:161} INFO - Started process (PID=488) to work on /opt/airflow/dags/dag_updating.py
[2026-09-17T13:39:59.216+0000] {processor.py:830} INFO - Processing file /opt/airflow/dags/dag_updating.py for tasks to queue
[2026-09-17T13:39:59.221+0000] {logging_mixin.py:188} INFO - [2026-09-17T13:39:59.220+0000] {dagbag.py:545} INFO - Filling up the DagBag from /opt/airflow/dags/dag_updating.py
[2026-09-17T13:39:59.290+0000] {processor.py:840} INFO - DAG(s) 'youtube_data_updating' retrieved from /opt/airflow/dags/dag_updating.py
[2026-09-17T13:39:59.336+0000] {logging_mixin.py:188} INFO - [2026-09-17T13:39:59.335+0000] {dag.py:3096} INFO - Sync 1 DAGs
[2026-09-17T13:39:59.381+0000] {logging_mixin.py:188} INFO - [2026-09-17T13:39:59.380+0000] {dag.py:3954} INFO - Setting next_dagrun for youtube_data_updating to 2026-09-17 00:00:00+00:00, run_after=2026-09-18 00:00:00+00:00
[2026-09-17T13:39:59.436+0000] {processor.py:183} INFO - Processing /opt/airflow/dags/dag_updating.py took 0.250 seconds
[2026-09-17T13:40:29.906+0000] {processor.py:161} INFO - Started process (PID=496) to work on /opt/airflow/dags/dag_updating.py
[2026-09-17T13:40:29.909+0000] {processor.py:830} INFO - Processing file /opt/airflow/dags/dag_updating.py for tasks to queue
[2026-09-17T13:40:29.911+0000] {logging_mixin.py:188} INFO - [2026-09-17T13:40:29.911+0000] {dagbag.py:545} INFO - Filling up the DagBag from /opt/airflow/dags/dag_updating.py
[2026-09-17T13:40:29.966+0000] {processor.py:840} INFO - DAG(s) 'youtube_data_updating' retrieved from /opt/airflow/dags/dag_updating.py
[2026-09-17T13:40:30.000+0000] {logging_mixin.py:188} INFO - [2026-09-17T13:40:30.000+0000] {dag.py:3096} INFO - Sync 1 DAGs
[2026-09-17T13:40:30.036+0000] {logging_mixin.py:188} INFO - [2026-09-17T13:40:30.036+0000] {dag.py:3954} INFO - Setting next_dagrun for youtube_data_updating to 2026-09-17 00:00:00+00:00, run_after=2026-09-18 00:00:00+00:00
[2026-09-17T13:40:30.085+0000] {processor.py:183} INFO - Processing /opt/airflow/dags/dag_updating.py took 0.190 seconds
[2026-09-17T13:41:00.600+0000] {processor.py:161} INFO - Started process (PID=504) to work on /opt/airflow/dags/dag_updating.py
[2026-09-17T13:41:00.608+0000] {processor.py:830} INFO - Processing file /opt/airflow/dags/dag_updating.py for tasks to queue
[2026-09-17T13:41:00.611+0000] {logging_mixin.py:188} INFO - [2026-09-17T13:41:00.610+0000] {dagbag.py:545} INFO - Filling up the DagBag from /opt/airflow/dags/dag_updating.py
[2026-09-17T13:41:00.696+0000] {processor.py:840} INFO - DAG(s) 'youtube_data_updating' retrieved from /opt/airflow/dags/dag_updating.py
[2026-09-17T13:41:00.735+0000] {logging_mixin.py:188} INFO - [2026-09-17T13:41:00.735+0000] {dag.py:3096} INFO - Sync 1 DAGs
[2026-09-17T13:41:00.777+0000] {logging_mixin.py:188} INFO - [2026-09-17T13:41:00.777+0000] {dag.py:3954} INFO - Setting next_dagrun for youtube_data_updating to 2026-09-17 00:00:00+00:00, run_after=2026-09-18 00:00:00+00:00
[2026-09-17T13:41:00.814+0000] {processor.py:183} INFO - Processing /opt/airflow/dags/dag_updating.py took 0.234 seconds
[2026-09-17T13:41:31.337+0000] {processor.py:161} INFO - Started process (PID=512) to work on /opt/airflow/dags/dag_updating.py
[2026-09-17T13:41:31.343+0000] {processor.py:830} INFO - Processing file /opt/airflow/dags/dag_updating.py for tasks to queue
[2026-09-17T13:41:31.348+0000] {logging_mixin.py:188} INFO - [2026-09-17T13:41:31.347+0000] {dagbag.py:545} INFO - Filling up the DagBag from /opt/airflow/dags/dag_updating.py
[2026-09-17T13:41:31.443+0000] {processor.py:840} INFO - DAG(s) 'youtube_data_updating' retrieved from /opt/airflow/dags/dag_updating.py
[2026-09-17T13:41:31.483+0000] {logging_mixin.py:188} INFO - [2026-09-17T13:41:31.483+0000] {dag.py:3096} INFO - Sync 1 DAGs
[2026-09-17T13:41:31.530+0000] {logging_mixin.py:188} INFO - [2026-09-17T13:41:31.530+0000] {dag.py:3954} INFO - Setting next_dagrun for youtube_data_updating to 2026-09-17 00:00:00+00:00, run_after=2026-09-18 00:00:00+00:00
[2026-09-17T13:41:31.586+0000] {processor.py:183} INFO - Processing /opt/airflow/dags/dag_updating.py took 0.279 seconds
[2026-09-17T13:42:02.087+0000] {processor.py:161} INFO - Started process (PID=520) to work on /opt/airflow/dags/dag_updating.py
[2026-09-17T13:42:02.093+0000] {processor.py:830} INFO - Processing file /opt/airflow/dags/dag_updating.py for tasks to queue
[2026-09-17T13:42:02.097+0000] {logging_mixin.py:188} INFO - [2026-09-17T13:42:02.096+0000] {dagbag.py:545} INFO - Filling up the DagBag from /opt/airflow/dags/dag_updating.py
[2026-09-17T13:42:02.186+0000] {processor.py:840} INFO - DAG(s) 'youtube_data_updating' retrieved from /opt/airflow/dags/dag_updating.py
[2026-09-17T13:42:02.246+0000] {logging_mixin.py:188} INFO - [2026-09-17T13:42:02.246+0000] {dag.py:3096} INFO - Sync 1 DAGs
[2026-09-17T13:42:02.302+0000] {logging_mixin.py:188} INFO - [2026-09-17T13:42:02.301+0000] {dag.py:3954} INFO - Setting next_dagrun for youtube_data_updating to 2026-09-17 00:00:00+00:00, run_after=2026-09-18 00:00:00+00:00
[2026-09-17T13:42:02.334+0000] {processor.py:183} INFO - Processing /opt/airflow/dags/dag_updating.py took 0.267 seconds
[2026-09-17T13:42:32.914+0000] {processor.py:161} INFO - Started process (PID=528) to work on /opt/airflow/dags/dag_updating.py
[2026-09-17T13:42:32.917+0000] {processor.py:830} INFO - Processing file /opt/airflow/dags/dag_updating.py for tasks to queue
[2026-09-17T13:42:32.920+0000] {logging_mixin.py:188} INFO - [2026-09-17T13:42:32.920+0000] {dagbag.py:545} INFO - Filling up the DagBag from /opt/airflow/dags/dag_updating.py
[2026-09-17T13:42:32.992+0000] {processor.py:840} INFO - DAG(s) 'youtube_data_updating' retrieved from /opt/airflow/dags/dag_updating.py
[2026-09-17T13:42:33.021+0000] {logging_mixin.py:188} INFO - [2026-09-17T13:42:33.020+0000] {dag.py:3096} INFO - Sync 1 DAGs
[2026-09-17T13:42:33.049+0000] {logging_mixin.py:188} INFO - [2026-09-17T13:42:33.049+0000] {dag.py:3954} INFO - Setting next_dagrun for youtube_data_updating to 2026-09-17 00:00:00+00:00, run_after=2026-09-18 00:00:00+00:00
[2026-09-17T13:42:33.079+0000] {processor.py:183} INFO - Processing /opt/airflow/dags/dag_updating.py took 0.183 seconds
[2026-09-17T13:43:03.571+0000] {processor.py:161} INFO - Started process (PID=536) to work on /opt/airflow/dags/dag_updating.py
[2026-09-17T13:43:03.576+0000] {processor.py:830} INFO - Processing file /opt/airflow/dags/dag_updating.py for tasks to queue
[2026-09-17T13:43:03.581+0000] {logging_mixin.py:188} INFO - [2026-09-17T13:43:03.580+0000] {dagbag.py:545} INFO - Filling up the DagBag from /opt/airflow/dags/dag_updating.py
[2026-09-17T13:43:03.689+0000] {processor.py:840} INFO - DAG(s) 'youtube_data_updating' retrieved from /opt/airflow/dags/dag_updating.py
[2026-09-17T13:43:03.749+0000] {logging_mixin.py:188} INFO - [2026-09-17T13:43:03.748+0000] {dag.py:3096} INFO - Sync 1 DAGs
[2026-09-17T13:43:03.804+0000] {logging_mixin.py:188} INFO - [2026-09-17T13:43:03.804+0000] {dag.py:3954} INFO - Setting next_dagrun for youtube_data_updating to 2026-09-17 00:00:00+00:00, run_after=2026-09-18 00:00:00+00:00
[2026-09-17T13:43:03.841+0000] {processor.py:183} INFO - Processing /opt/airflow/dags/dag_updating.py took 0.291 seconds
[2026-09-17T13:43:34.292+0000] {processor.py:161} INFO - Started process (PID=544) to work on /opt/airflow/dags/dag_updating.py
[2026-09-17T13:43:34.295+0000] {processor.py:830} INFO - Processing file /opt/airflow/dags/dag_updating.py for tasks to queue
[2026-09-17T13:43:34.297+0000] {logging_mixin.py:188} INFO - [2026-09-17T13:43:34.297+0000] {dagbag.py:545} INFO - Filling up the DagBag from /opt/airflow/dags/dag_updating.py
[2026-09-17T13:43:34.355+0000] {processor.py:840} INFO - DAG(s) 'youtube_data_updating' retrieved from /opt/airflow/dags/dag_updating.py
[2026-09-17T13:43:34.382+0000] {logging_mixin.py:188} INFO - [2026-09-17T13:43:34.382+0000] {dag.py:3096} INFO - Sync 1 DAGs
[2026-09-17T13:43:34.406+0000] {logging_mixin.py:188} INFO - [2026-09-17T13:43:34.406+0000] {dag.py:3954} INFO - Setting next_dagrun for youtube_data_updating to 2026-09-17 00:00:00+00:00, run_after=2026-09-18 00:00:00+00:00
[2026-09-17T13:43:34.435+0000] {processor.py:183} INFO - Processing /opt/airflow/dags/dag_updating.py took 0.156 seconds
[2026-09-17T13:44:04.901+0000] {processor.py:161} INFO - Started process (PID=558) to work on /opt/airflow/dags/dag_updating.py
[2026-09-17T13:44:04.907+0000] {processor.py:830} INFO - Processing file /opt/airflow/dags/dag_updating.py for tasks to queue
[2026-09-17T13:44:04.912+0000] {logging_mixin.py:188} INFO - [2026-09-17T13:44:04.909+0000] {dagbag.py:545} INFO - Filling up the DagBag from /opt/airflow/dags/dag_updating.py
[2026-09-17T13:44:04.979+0000] {processor.py:840} INFO - DAG(s) 'youtube_data_updating' retrieved from /opt/airflow/dags/dag_updating.py
[2026-09-17T13:44:05.019+0000] {logging_mixin.py:188} INFO - [2026-09-17T13:44:05.019+0000] {dag.py:3096} INFO - Sync 1 DAGs
[2026-09-17T13:44:05.058+0000] {logging_mixin.py:188} INFO - [2026-09-17T13:44:05.057+0000] {dag.py:3954} INFO - Setting next_dagrun for youtube_data_updating to 2026-09-17 00:00:00+00:00, run_after=2026-09-18 00:00:00+00:00
[2026-09-17T13:44:05.092+0000] {processor.py:183} INFO - Processing /opt/airflow/dags/dag_updating.py took 0.204 seconds
[2026-09-17T13:44:35.645+0000] {processor.py:161} INFO - Started process (PID=566) to work on /opt/airflow/dags/dag_updating.py
[2026-09-17T13:44:35.650+0000] {processor.py:830} INFO - Processing file /opt/airflow/dags/dag_updating.py for tasks to queue
[2026-09-17T13:44:35.653+0000] {logging_mixin.py:188} INFO - [2026-09-17T13:44:35.652+0000] {dagbag.py:545} INFO - Filling up the DagBag from /opt/airflow/dags/dag_updating.py
[2026-09-17T13:44:35.723+0000] {processor.py:840} INFO - DAG(s) 'youtube_data_updating' retrieved from /opt/airflow/dags/dag_updating.py
[2026-09-17T13:44:35.755+0000] {logging_mixin.py:188} INFO - [2026-09-17T13:44:35.754+0000] {dag.py:3096} INFO - Sync 1 DAGs
[2026-09-17T13:44:35.788+0000] {logging_mixin.py:188} INFO - [2026-09-17T13:44:35.788+0000] {dag.py:3954} INFO - Setting next_dagrun for youtube_data_updating to 2026-09-17 00:00:00+00:00, run_after=2026-09-18 00:00:00+00:00
[2026-09-17T13:44:35.820+0000] {processor.py:183} INFO - Processing /opt/airflow/dags/dag_updating.py took 0.196 seconds
[2026-09-17T13:45:06.299+0000] {processor.py:161} INFO - Started process (PID=574) to work on /opt/airflow/dags/dag_updating.py
[2026-09-17T13:45:06.305+0000] {processor.py:830} INFO - Processing file /opt/airflow/dags/dag_updating.py for tasks to queue
[2026-09-17T13:45:06.310+0000] {logging_mixin.py:188} INFO - [2026-09-17T13:45:06.309+0000] {dagbag.py:545} INFO - Filling up the DagBag from /opt/airflow/dags/dag_updating.py
[2026-09-17T13:45:06.388+0000] {processor.py:840} INFO - DAG(s) 'youtube_data_updating' retrieved from /opt/airflow/dags/dag_updating.py
[2026-09-17T13:45:06.432+0000] {logging_mixin.py:188} INFO - [2026-09-17T13:45:06.431+0000] {dag.py:3096} INFO - Sync 1 DAGs
[2026-09-17T13:45:06.468+0000] {logging_mixin.py:188} INFO - [2026-09-17T13:45:06.468+0000] {dag.py:3954} INFO - Setting next_dagrun for youtube_data_updating to 2026-09-17 00:00:00+00:00, run_after=2026-09-18 00:00:00+00:00
[2026-09-17T13:45:06.497+0000] {processor.py:183} INFO - Processing /opt/airflow/dags/dag_updating.py took 0.223 seconds
[2026-09-17T13:45:36.909+0000] {processor.py:161} INFO - Started process (PID=582) to work on /opt/airflow/dags/dag_updating.py
[2026-09-17T13:45:36.914+0000] {processor.py:830} INFO - Processing file /opt/airflow/dags/dag_updating.py for tasks to queue
[2026-09-17T13:45:36.917+0000] {logging_mixin.py:188} INFO - [2026-09-17T13:45:36.916+0000] {dagbag.py:545} INFO - Filling up the DagBag from /opt/airflow/dags/dag_updating.py
[2026-09-17T13:45:36.960+0000] {processor.py:840} INFO - DAG(s) 'youtube_data_updating' retrieved from /opt/airflow/dags/dag_updating.py
[2026-09-17T13:45:36.994+0000] {logging_mixin.py:188} INFO - [2026-09-17T13:45:36.994+0000] {dag.py:3096} INFO - Sync 1 DAGs
[2026-09-17T13:45:37.026+0000] {logging_mixin.py:188} INFO - [2026-09-17T13:45:37.026+0000] {dag.py:3954} INFO - Setting next_dagrun for youtube_data_updating to 2026-09-17 00:00:00+00:00, run_after=2026-09-18 00:00:00+00:00
[2026-09-17T13:45:37.054+0000] {processor.py:183} INFO - Processing /opt/airflow/dags/dag_updating.py took 0.154 seconds
[2026-09-17T13:46:07.554+0000] {processor.py:161} INFO - Started process (PID=590) to work on /opt/airflow/dags/dag_updating.py
[2026-09-17T13:46:07.560+0000] {processor.py:830} INFO - Processing file /opt/airflow/dags/dag_updating.py for tasks to queue
[2026-09-17T13:46:07.566+0000] {logging_mixin.py:188} INFO - [2026-09-17T13:46:07.565+0000] {dagbag.py:545} INFO - Filling up the DagBag from /opt/airflow/dags/dag_updating.py
[2026-09-17T13:46:07.671+0000] {logging_mixin.py:188} INFO - [2026-09-17T13:46:07.660+0000] {dagbag.py:355} ERROR - Failed to import: /opt/airflow/dags/dag_updating.py
Traceback (most recent call last):
  File "/home/airflow/.local/lib/python3.10/site-packages/airflow/models/dagbag.py", line 351, in parse
    loader.exec_module(new_module)
  File "<frozen importlib._bootstrap_external>", line 883, in exec_module
  File "<frozen importlib._bootstrap>", line 241, in _call_with_frames_removed
  File "/opt/airflow/dags/dag_updating.py", line 6, in <module>
    from scripts.staging import staging
  File "/opt/airflow/scripts/staging.py", line 14
    data_dir = '/opt/airflow/data'
IndentationError: unexpected indent
[2026-09-17T13:46:07.676+0000] {processor.py:842} WARNING - No viable dags retrieved from /opt/airflow/dags/dag_updating.py
[2026-09-17T13:46:07.714+0000] {processor.py:183} INFO - Processing /opt/airflow/dags/dag_updating.py took 0.188 seconds
[2026-09-17T13:46:38.237+0000] {processor.py:161} INFO - Started process (PID=598) to work on /opt/airflow/dags/dag_updating.py
[2026-09-17T13:46:38.245+0000] {processor.py:830} INFO - Processing file /opt/airflow/dags/dag_updating.py for tasks to queue
[2026-09-17T13:46:38.250+0000] {logging_mixin.py:188} INFO - [2026-09-17T13:46:38.249+0000] {dagbag.py:545} INFO - Filling up the DagBag from /opt/airflow/dags/dag_updating.py
[2026-09-17T13:46:38.356+0000] {logging_mixin.py:188} INFO - [2026-09-17T13:46:38.345+0000] {dagbag.py:355} ERROR - Failed to import: /opt/airflow/dags/dag_updating.py
Traceback (most recent call last):
  File "/home/airflow/.local/lib/python3.10/site-packages/airflow/models/dagbag.py", line 351, in parse
    loader.exec_module(new_module)
  File "<frozen importlib._bootstrap_external>", line 883, in exec_module
  File "<frozen importlib._bootstrap>", line 241, in _call_with_frames_removed
  File "/opt/airflow/dags/dag_updating.py", line 6, in <module>
    from scripts.staging import staging
  File "/opt/airflow/scripts/staging.py", line 14
    data_dir = '/opt/airflow/data'
IndentationError: unexpected indent
[2026-09-17T13:46:38.362+0000] {processor.py:842} WARNING - No viable dags retrieved from /opt/airflow/dags/dag_updating.py
[2026-09-17T13:46:38.451+0000] {processor.py:183} INFO - Processing /opt/airflow/dags/dag_updating.py took 0.235 seconds
[2026-09-17T13:47:08.957+0000] {processor.py:161} INFO - Started process (PID=606) to work on /opt/airflow/dags/dag_updating.py
[2026-09-17T13:47:08.962+0000] {processor.py:830} INFO - Processing file /opt/airflow/dags/dag_updating.py for tasks to queue
[2026-09-17T13:47:08.967+0000] {logging_mixin.py:188} INFO - [2026-09-17T13:47:08.966+0000] {dagbag.py:545} INFO - Filling up the DagBag from /opt/airflow/dags/dag_updating.py
[2026-09-17T13:47:09.079+0000] {logging_mixin.py:188} INFO - 45
[2026-09-17T13:47:09.097+0000] {logging_mixin.py:188} INFO - [2026-09-17T13:47:09.082+0000] {dagbag.py:355} ERROR - Failed to import: /opt/airflow/dags/dag_updating.py
Traceback (most recent call last):
  File "/home/airflow/.local/lib/python3.10/site-packages/airflow/models/dagbag.py", line 351, in parse
    loader.exec_module(new_module)
  File "<frozen importlib._bootstrap_external>", line 883, in exec_module
  File "<frozen importlib._bootstrap>", line 241, in _call_with_frames_removed
  File "/opt/airflow/dags/dag_updating.py", line 6, in <module>
    from scripts.staging import staging
ImportError: cannot import name 'staging' from 'scripts.staging' (/opt/airflow/scripts/staging.py)
[2026-09-17T13:47:09.102+0000] {processor.py:842} WARNING - No viable dags retrieved from /opt/airflow/dags/dag_updating.py
[2026-09-17T13:47:09.160+0000] {processor.py:183} INFO - Processing /opt/airflow/dags/dag_updating.py took 0.218 seconds
[2026-09-17T13:47:39.729+0000] {processor.py:161} INFO - Started process (PID=614) to work on /opt/airflow/dags/dag_updating.py
[2026-09-17T13:47:39.734+0000] {processor.py:830} INFO - Processing file /opt/airflow/dags/dag_updating.py for tasks to queue
[2026-09-17T13:47:39.739+0000] {logging_mixin.py:188} INFO - [2026-09-17T13:47:39.738+0000] {dagbag.py:545} INFO - Filling up the DagBag from /opt/airflow/dags/dag_updating.py
[2026-09-17T13:47:39.803+0000] {logging_mixin.py:188} INFO - 45
[2026-09-17T13:47:39.813+0000] {logging_mixin.py:188} INFO - [2026-09-17T13:47:39.805+0000] {dagbag.py:355} ERROR - Failed to import: /opt/airflow/dags/dag_updating.py
Traceback (most recent call last):
  File "/home/airflow/.local/lib/python3.10/site-packages/airflow/models/dagbag.py", line 351, in parse
    loader.exec_module(new_module)
  File "<frozen importlib._bootstrap_external>", line 883, in exec_module
  File "<frozen importlib._bootstrap>", line 241, in _call_with_frames_removed
  File "/opt/airflow/dags/dag_updating.py", line 6, in <module>
    from scripts.staging import staging
ImportError: cannot import name 'staging' from 'scripts.staging' (/opt/airflow/scripts/staging.py)
[2026-09-17T13:47:39.818+0000] {processor.py:842} WARNING - No viable dags retrieved from /opt/airflow/dags/dag_updating.py
[2026-09-17T13:47:39.869+0000] {processor.py:183} INFO - Processing /opt/airflow/dags/dag_updating.py took 0.155 seconds
[2026-09-17T13:48:10.306+0000] {processor.py:161} INFO - Started process (PID=622) to work on /opt/airflow/dags/dag_updating.py
[2026-09-17T13:48:10.309+0000] {processor.py:830} INFO - Processing file /opt/airflow/dags/dag_updating.py for tasks to queue
[2026-09-17T13:48:10.312+0000] {logging_mixin.py:188} INFO - [2026-09-17T13:48:10.311+0000] {dagbag.py:545} INFO - Filling up the DagBag from /opt/airflow/dags/dag_updating.py
[2026-09-17T13:48:10.366+0000] {logging_mixin.py:188} INFO - 45
[2026-09-17T13:48:10.374+0000] {logging_mixin.py:188} INFO - [2026-09-17T13:48:10.368+0000] {dagbag.py:355} ERROR - Failed to import: /opt/airflow/dags/dag_updating.py
Traceback (most recent call last):
  File "/home/airflow/.local/lib/python3.10/site-packages/airflow/models/dagbag.py", line 351, in parse
    loader.exec_module(new_module)
  File "<frozen importlib._bootstrap_external>", line 883, in exec_module
  File "<frozen importlib._bootstrap>", line 241, in _call_with_frames_removed
  File "/opt/airflow/dags/dag_updating.py", line 6, in <module>
    from scripts.staging import staging
ImportError: cannot import name 'staging' from 'scripts.staging' (/opt/airflow/scripts/staging.py)
[2026-09-17T13:48:10.377+0000] {processor.py:842} WARNING - No viable dags retrieved from /opt/airflow/dags/dag_updating.py
[2026-09-17T13:48:10.411+0000] {processor.py:183} INFO - Processing /opt/airflow/dags/dag_updating.py took 0.120 seconds
[2026-09-17T13:48:40.887+0000] {processor.py:161} INFO - Started process (PID=630) to work on /opt/airflow/dags/dag_updating.py
[2026-09-17T13:48:40.891+0000] {processor.py:830} INFO - Processing file /opt/airflow/dags/dag_updating.py for tasks to queue
[2026-09-17T13:48:40.896+0000] {logging_mixin.py:188} INFO - [2026-09-17T13:48:40.895+0000] {dagbag.py:545} INFO - Filling up the DagBag from /opt/airflow/dags/dag_updating.py
[2026-09-17T13:48:41.026+0000] {logging_mixin.py:188} INFO - ['/opt/airflow/data/YTdata2026-09-17.json', '/opt/airflow/data/YTdata2026-09-17_13-35.json']
[2026-09-17T13:48:41.037+0000] {logging_mixin.py:188} INFO - [2026-09-17T13:48:41.028+0000] {dagbag.py:355} ERROR - Failed to import: /opt/airflow/dags/dag_updating.py
Traceback (most recent call last):
  File "/home/airflow/.local/lib/python3.10/site-packages/airflow/models/dagbag.py", line 351, in parse
    loader.exec_module(new_module)
  File "<frozen importlib._bootstrap_external>", line 883, in exec_module
  File "<frozen importlib._bootstrap>", line 241, in _call_with_frames_removed
  File "/opt/airflow/dags/dag_updating.py", line 6, in <module>
    from scripts.staging import staging
ImportError: cannot import name 'staging' from 'scripts.staging' (/opt/airflow/scripts/staging.py)
[2026-09-17T13:48:41.041+0000] {processor.py:842} WARNING - No viable dags retrieved from /opt/airflow/dags/dag_updating.py
[2026-09-17T13:48:41.088+0000] {processor.py:183} INFO - Processing /opt/airflow/dags/dag_updating.py took 0.218 seconds
[2026-09-17T13:49:11.569+0000] {processor.py:161} INFO - Started process (PID=638) to work on /opt/airflow/dags/dag_updating.py
[2026-09-17T13:49:11.573+0000] {processor.py:830} INFO - Processing file /opt/airflow/dags/dag_updating.py for tasks to queue
[2026-09-17T13:49:11.577+0000] {logging_mixin.py:188} INFO - [2026-09-17T13:49:11.577+0000] {dagbag.py:545} INFO - Filling up the DagBag from /opt/airflow/dags/dag_updating.py
[2026-09-17T13:49:11.708+0000] {logging_mixin.py:188} INFO - [2026-09-17T13:49:11.689+0000] {dagbag.py:355} ERROR - Failed to import: /opt/airflow/dags/dag_updating.py
Traceback (most recent call last):
  File "/home/airflow/.local/lib/python3.10/site-packages/airflow/models/dagbag.py", line 351, in parse
    loader.exec_module(new_module)
  File "<frozen importlib._bootstrap_external>", line 883, in exec_module
  File "<frozen importlib._bootstrap>", line 241, in _call_with_frames_removed
  File "/opt/airflow/dags/dag_updating.py", line 6, in <module>
    from scripts.staging import staging
  File "/opt/airflow/scripts/staging.py", line 16, in <module>
    print(len(latest_file))
NameError: name 'latest_file' is not defined
[2026-09-17T13:49:11.716+0000] {processor.py:842} WARNING - No viable dags retrieved from /opt/airflow/dags/dag_updating.py
[2026-09-17T13:49:11.754+0000] {processor.py:183} INFO - Processing /opt/airflow/dags/dag_updating.py took 0.198 seconds
[2026-09-17T13:49:42.242+0000] {processor.py:161} INFO - Started process (PID=646) to work on /opt/airflow/dags/dag_updating.py
[2026-09-17T13:49:42.246+0000] {processor.py:830} INFO - Processing file /opt/airflow/dags/dag_updating.py for tasks to queue
[2026-09-17T13:49:42.250+0000] {logging_mixin.py:188} INFO - [2026-09-17T13:49:42.249+0000] {dagbag.py:545} INFO - Filling up the DagBag from /opt/airflow/dags/dag_updating.py
[2026-09-17T13:49:42.336+0000] {logging_mixin.py:188} INFO - 2
[2026-09-17T13:49:42.344+0000] {logging_mixin.py:188} INFO - [2026-09-17T13:49:42.338+0000] {dagbag.py:355} ERROR - Failed to import: /opt/airflow/dags/dag_updating.py
Traceback (most recent call last):
  File "/home/airflow/.local/lib/python3.10/site-packages/airflow/models/dagbag.py", line 351, in parse
    loader.exec_module(new_module)
  File "<frozen importlib._bootstrap_external>", line 883, in exec_module
  File "<frozen importlib._bootstrap>", line 241, in _call_with_frames_removed
  File "/opt/airflow/dags/dag_updating.py", line 6, in <module>
    from scripts.staging import staging
ImportError: cannot import name 'staging' from 'scripts.staging' (/opt/airflow/scripts/staging.py)
[2026-09-17T13:49:42.348+0000] {processor.py:842} WARNING - No viable dags retrieved from /opt/airflow/dags/dag_updating.py
[2026-09-17T13:49:42.378+0000] {processor.py:183} INFO - Processing /opt/airflow/dags/dag_updating.py took 0.151 seconds
[2026-09-17T13:50:12.879+0000] {processor.py:161} INFO - Started process (PID=654) to work on /opt/airflow/dags/dag_updating.py
[2026-09-17T13:50:12.882+0000] {processor.py:830} INFO - Processing file /opt/airflow/dags/dag_updating.py for tasks to queue
[2026-09-17T13:50:12.885+0000] {logging_mixin.py:188} INFO - [2026-09-17T13:50:12.885+0000] {dagbag.py:545} INFO - Filling up the DagBag from /opt/airflow/dags/dag_updating.py
[2026-09-17T13:50:12.933+0000] {logging_mixin.py:188} INFO - 2
[2026-09-17T13:50:12.941+0000] {logging_mixin.py:188} INFO - [2026-09-17T13:50:12.934+0000] {dagbag.py:355} ERROR - Failed to import: /opt/airflow/dags/dag_updating.py
Traceback (most recent call last):
  File "/home/airflow/.local/lib/python3.10/site-packages/airflow/models/dagbag.py", line 351, in parse
    loader.exec_module(new_module)
  File "<frozen importlib._bootstrap_external>", line 883, in exec_module
  File "<frozen importlib._bootstrap>", line 241, in _call_with_frames_removed
  File "/opt/airflow/dags/dag_updating.py", line 6, in <module>
    from scripts.staging import staging
ImportError: cannot import name 'staging' from 'scripts.staging' (/opt/airflow/scripts/staging.py)
[2026-09-17T13:50:12.944+0000] {processor.py:842} WARNING - No viable dags retrieved from /opt/airflow/dags/dag_updating.py
[2026-09-17T13:50:12.974+0000] {processor.py:183} INFO - Processing /opt/airflow/dags/dag_updating.py took 0.108 seconds
[2026-09-17T13:50:43.460+0000] {processor.py:161} INFO - Started process (PID=662) to work on /opt/airflow/dags/dag_updating.py
[2026-09-17T13:50:43.464+0000] {processor.py:830} INFO - Processing file /opt/airflow/dags/dag_updating.py for tasks to queue
[2026-09-17T13:50:43.466+0000] {logging_mixin.py:188} INFO - [2026-09-17T13:50:43.466+0000] {dagbag.py:545} INFO - Filling up the DagBag from /opt/airflow/dags/dag_updating.py
[2026-09-17T13:50:43.534+0000] {logging_mixin.py:188} INFO - 2
[2026-09-17T13:50:43.543+0000] {logging_mixin.py:188} INFO - [2026-09-17T13:50:43.537+0000] {dagbag.py:355} ERROR - Failed to import: /opt/airflow/dags/dag_updating.py
Traceback (most recent call last):
  File "/home/airflow/.local/lib/python3.10/site-packages/airflow/models/dagbag.py", line 351, in parse
    loader.exec_module(new_module)
  File "<frozen importlib._bootstrap_external>", line 883, in exec_module
  File "<frozen importlib._bootstrap>", line 241, in _call_with_frames_removed
  File "/opt/airflow/dags/dag_updating.py", line 6, in <module>
    from scripts.staging import staging
ImportError: cannot import name 'staging' from 'scripts.staging' (/opt/airflow/scripts/staging.py)
[2026-09-17T13:50:43.547+0000] {processor.py:842} WARNING - No viable dags retrieved from /opt/airflow/dags/dag_updating.py
[2026-09-17T13:50:43.578+0000] {processor.py:183} INFO - Processing /opt/airflow/dags/dag_updating.py took 0.130 seconds
[2026-09-17T13:51:14.015+0000] {processor.py:161} INFO - Started process (PID=670) to work on /opt/airflow/dags/dag_updating.py
[2026-09-17T13:51:14.018+0000] {processor.py:830} INFO - Processing file /opt/airflow/dags/dag_updating.py for tasks to queue
[2026-09-17T13:51:14.021+0000] {logging_mixin.py:188} INFO - [2026-09-17T13:51:14.020+0000] {dagbag.py:545} INFO - Filling up the DagBag from /opt/airflow/dags/dag_updating.py
[2026-09-17T13:51:14.081+0000] {logging_mixin.py:188} INFO - [2026-09-17T13:51:14.074+0000] {dagbag.py:355} ERROR - Failed to import: /opt/airflow/dags/dag_updating.py
Traceback (most recent call last):
  File "/home/airflow/.local/lib/python3.10/site-packages/airflow/models/dagbag.py", line 351, in parse
    loader.exec_module(new_module)
  File "<frozen importlib._bootstrap_external>", line 883, in exec_module
  File "<frozen importlib._bootstrap>", line 241, in _call_with_frames_removed
  File "/opt/airflow/dags/dag_updating.py", line 6, in <module>
    from scripts.staging import staging
  File "/opt/airflow/scripts/staging.py", line 15
    json_files = sorted(.glob(os.path.join(data_dir, 'YTdata*.json')))
                        ^
SyntaxError: invalid syntax
[2026-09-17T13:51:14.085+0000] {processor.py:842} WARNING - No viable dags retrieved from /opt/airflow/dags/dag_updating.py
[2026-09-17T13:51:14.118+0000] {processor.py:183} INFO - Processing /opt/airflow/dags/dag_updating.py took 0.114 seconds
[2026-09-17T13:51:44.578+0000] {processor.py:161} INFO - Started process (PID=678) to work on /opt/airflow/dags/dag_updating.py
[2026-09-17T13:51:44.582+0000] {processor.py:830} INFO - Processing file /opt/airflow/dags/dag_updating.py for tasks to queue
[2026-09-17T13:51:44.585+0000] {logging_mixin.py:188} INFO - [2026-09-17T13:51:44.584+0000] {dagbag.py:545} INFO - Filling up the DagBag from /opt/airflow/dags/dag_updating.py
[2026-09-17T13:51:44.663+0000] {logging_mixin.py:188} INFO - [2026-09-17T13:51:44.650+0000] {dagbag.py:355} ERROR - Failed to import: /opt/airflow/dags/dag_updating.py
Traceback (most recent call last):
  File "/home/airflow/.local/lib/python3.10/site-packages/airflow/models/dagbag.py", line 351, in parse
    loader.exec_module(new_module)
  File "<frozen importlib._bootstrap_external>", line 883, in exec_module
  File "<frozen importlib._bootstrap>", line 241, in _call_with_frames_removed
  File "/opt/airflow/dags/dag_updating.py", line 6, in <module>
    from scripts.staging import staging
  File "/opt/airflow/scripts/staging.py", line 15, in <module>
    json_files = sorted(data_dir.glob())
TypeError: Path.glob() missing 1 required positional argument: 'pattern'
[2026-09-17T13:51:44.667+0000] {processor.py:842} WARNING - No viable dags retrieved from /opt/airflow/dags/dag_updating.py
[2026-09-17T13:51:44.697+0000] {processor.py:183} INFO - Processing /opt/airflow/dags/dag_updating.py took 0.128 seconds
[2026-09-17T13:52:15.220+0000] {processor.py:161} INFO - Started process (PID=686) to work on /opt/airflow/dags/dag_updating.py
[2026-09-17T13:52:15.227+0000] {processor.py:830} INFO - Processing file /opt/airflow/dags/dag_updating.py for tasks to queue
[2026-09-17T13:52:15.231+0000] {logging_mixin.py:188} INFO - [2026-09-17T13:52:15.230+0000] {dagbag.py:545} INFO - Filling up the DagBag from /opt/airflow/dags/dag_updating.py
[2026-09-17T13:52:15.336+0000] {logging_mixin.py:188} INFO - 2
[2026-09-17T13:52:15.347+0000] {logging_mixin.py:188} INFO - [2026-09-17T13:52:15.339+0000] {dagbag.py:355} ERROR - Failed to import: /opt/airflow/dags/dag_updating.py
Traceback (most recent call last):
  File "/home/airflow/.local/lib/python3.10/site-packages/airflow/models/dagbag.py", line 351, in parse
    loader.exec_module(new_module)
  File "<frozen importlib._bootstrap_external>", line 883, in exec_module
  File "<frozen importlib._bootstrap>", line 241, in _call_with_frames_removed
  File "/opt/airflow/dags/dag_updating.py", line 6, in <module>
    from scripts.staging import staging
ImportError: cannot import name 'staging' from 'scripts.staging' (/opt/airflow/scripts/staging.py)
[2026-09-17T13:52:15.351+0000] {processor.py:842} WARNING - No viable dags retrieved from /opt/airflow/dags/dag_updating.py
[2026-09-17T13:52:15.385+0000] {processor.py:183} INFO - Processing /opt/airflow/dags/dag_updating.py took 0.188 seconds
[2026-09-17T13:52:45.933+0000] {processor.py:161} INFO - Started process (PID=694) to work on /opt/airflow/dags/dag_updating.py
[2026-09-17T13:52:45.938+0000] {processor.py:830} INFO - Processing file /opt/airflow/dags/dag_updating.py for tasks to queue
[2026-09-17T13:52:45.941+0000] {logging_mixin.py:188} INFO - [2026-09-17T13:52:45.941+0000] {dagbag.py:545} INFO - Filling up the DagBag from /opt/airflow/dags/dag_updating.py
[2026-09-17T13:52:46.008+0000] {logging_mixin.py:188} INFO - <generator object Path.glob at 0x78cd4affc3c0>
[2026-09-17T13:52:46.022+0000] {logging_mixin.py:188} INFO - [2026-09-17T13:52:46.011+0000] {dagbag.py:355} ERROR - Failed to import: /opt/airflow/dags/dag_updating.py
Traceback (most recent call last):
  File "/home/airflow/.local/lib/python3.10/site-packages/airflow/models/dagbag.py", line 351, in parse
    loader.exec_module(new_module)
  File "<frozen importlib._bootstrap_external>", line 883, in exec_module
  File "<frozen importlib._bootstrap>", line 241, in _call_with_frames_removed
  File "/opt/airflow/dags/dag_updating.py", line 6, in <module>
    from scripts.staging import staging
  File "/opt/airflow/scripts/staging.py", line 20, in <module>
    latest_file = json_files[-1]
TypeError: 'generator' object is not subscriptable
[2026-09-17T13:52:46.027+0000] {processor.py:842} WARNING - No viable dags retrieved from /opt/airflow/dags/dag_updating.py
[2026-09-17T13:52:46.055+0000] {processor.py:183} INFO - Processing /opt/airflow/dags/dag_updating.py took 0.133 seconds
[2026-09-17T13:53:16.486+0000] {processor.py:161} INFO - Started process (PID=702) to work on /opt/airflow/dags/dag_updating.py
[2026-09-17T13:53:16.491+0000] {processor.py:830} INFO - Processing file /opt/airflow/dags/dag_updating.py for tasks to queue
[2026-09-17T13:53:16.494+0000] {logging_mixin.py:188} INFO - [2026-09-17T13:53:16.493+0000] {dagbag.py:545} INFO - Filling up the DagBag from /opt/airflow/dags/dag_updating.py
[2026-09-17T13:53:16.558+0000] {logging_mixin.py:188} INFO - <generator object Path.glob at 0x78cd4affc3c0>
[2026-09-17T13:53:16.572+0000] {logging_mixin.py:188} INFO - [2026-09-17T13:53:16.560+0000] {dagbag.py:355} ERROR - Failed to import: /opt/airflow/dags/dag_updating.py
Traceback (most recent call last):
  File "/home/airflow/.local/lib/python3.10/site-packages/airflow/models/dagbag.py", line 351, in parse
    loader.exec_module(new_module)
  File "<frozen importlib._bootstrap_external>", line 883, in exec_module
  File "<frozen importlib._bootstrap>", line 241, in _call_with_frames_removed
  File "/opt/airflow/dags/dag_updating.py", line 6, in <module>
    from scripts.staging import staging
  File "/opt/airflow/scripts/staging.py", line 20, in <module>
    latest_file = json_files[-1]
TypeError: 'generator' object is not subscriptable
[2026-09-17T13:53:16.578+0000] {processor.py:842} WARNING - No viable dags retrieved from /opt/airflow/dags/dag_updating.py
[2026-09-17T13:53:16.617+0000] {processor.py:183} INFO - Processing /opt/airflow/dags/dag_updating.py took 0.138 seconds
[2026-09-17T13:53:47.078+0000] {processor.py:161} INFO - Started process (PID=710) to work on /opt/airflow/dags/dag_updating.py
[2026-09-17T13:53:47.081+0000] {processor.py:830} INFO - Processing file /opt/airflow/dags/dag_updating.py for tasks to queue
[2026-09-17T13:53:47.084+0000] {logging_mixin.py:188} INFO - [2026-09-17T13:53:47.083+0000] {dagbag.py:545} INFO - Filling up the DagBag from /opt/airflow/dags/dag_updating.py
[2026-09-17T13:53:47.142+0000] {logging_mixin.py:188} INFO - [PosixPath('/opt/airflow/data/YTdata2026-09-17.json'), PosixPath('/opt/airflow/data/YTdata2026-09-17_13-35.json')]
[2026-09-17T13:53:47.149+0000] {logging_mixin.py:188} INFO - [2026-09-17T13:53:47.143+0000] {dagbag.py:355} ERROR - Failed to import: /opt/airflow/dags/dag_updating.py
Traceback (most recent call last):
  File "/home/airflow/.local/lib/python3.10/site-packages/airflow/models/dagbag.py", line 351, in parse
    loader.exec_module(new_module)
  File "<frozen importlib._bootstrap_external>", line 883, in exec_module
  File "<frozen importlib._bootstrap>", line 241, in _call_with_frames_removed
  File "/opt/airflow/dags/dag_updating.py", line 6, in <module>
    from scripts.staging import staging
ImportError: cannot import name 'staging' from 'scripts.staging' (/opt/airflow/scripts/staging.py)
[2026-09-17T13:53:47.151+0000] {processor.py:842} WARNING - No viable dags retrieved from /opt/airflow/dags/dag_updating.py
[2026-09-17T13:53:47.183+0000] {processor.py:183} INFO - Processing /opt/airflow/dags/dag_updating.py took 0.117 seconds
[2026-09-17T13:54:17.644+0000] {processor.py:161} INFO - Started process (PID=718) to work on /opt/airflow/dags/dag_updating.py
[2026-09-17T13:54:17.647+0000] {processor.py:830} INFO - Processing file /opt/airflow/dags/dag_updating.py for tasks to queue
[2026-09-17T13:54:17.650+0000] {logging_mixin.py:188} INFO - [2026-09-17T13:54:17.650+0000] {dagbag.py:545} INFO - Filling up the DagBag from /opt/airflow/dags/dag_updating.py
[2026-09-17T13:54:17.700+0000] {logging_mixin.py:188} INFO - [PosixPath('/opt/airflow/data/YTdata2026-09-17.json'), PosixPath('/opt/airflow/data/YTdata2026-09-17_13-35.json')]
[2026-09-17T13:54:17.708+0000] {logging_mixin.py:188} INFO - [2026-09-17T13:54:17.702+0000] {dagbag.py:355} ERROR - Failed to import: /opt/airflow/dags/dag_updating.py
Traceback (most recent call last):
  File "/home/airflow/.local/lib/python3.10/site-packages/airflow/models/dagbag.py", line 351, in parse
    loader.exec_module(new_module)
  File "<frozen importlib._bootstrap_external>", line 883, in exec_module
  File "<frozen importlib._bootstrap>", line 241, in _call_with_frames_removed
  File "/opt/airflow/dags/dag_updating.py", line 6, in <module>
    from scripts.staging import staging
ImportError: cannot import name 'staging' from 'scripts.staging' (/opt/airflow/scripts/staging.py)
[2026-09-17T13:54:17.711+0000] {processor.py:842} WARNING - No viable dags retrieved from /opt/airflow/dags/dag_updating.py
[2026-09-17T13:54:17.738+0000] {processor.py:183} INFO - Processing /opt/airflow/dags/dag_updating.py took 0.109 seconds
[2026-09-17T13:54:48.186+0000] {processor.py:161} INFO - Started process (PID=726) to work on /opt/airflow/dags/dag_updating.py
[2026-09-17T13:54:48.190+0000] {processor.py:830} INFO - Processing file /opt/airflow/dags/dag_updating.py for tasks to queue
[2026-09-17T13:54:48.192+0000] {logging_mixin.py:188} INFO - [2026-09-17T13:54:48.192+0000] {dagbag.py:545} INFO - Filling up the DagBag from /opt/airflow/dags/dag_updating.py
[2026-09-17T13:54:48.244+0000] {logging_mixin.py:188} INFO - [PosixPath('/opt/airflow/data/YTdata2026-09-17.json'), PosixPath('/opt/airflow/data/YTdata2026-09-17_13-35.json')]
[2026-09-17T13:54:48.252+0000] {logging_mixin.py:188} INFO - [2026-09-17T13:54:48.246+0000] {dagbag.py:355} ERROR - Failed to import: /opt/airflow/dags/dag_updating.py
Traceback (most recent call last):
  File "/home/airflow/.local/lib/python3.10/site-packages/airflow/models/dagbag.py", line 351, in parse
    loader.exec_module(new_module)
  File "<frozen importlib._bootstrap_external>", line 883, in exec_module
  File "<frozen importlib._bootstrap>", line 241, in _call_with_frames_removed
  File "/opt/airflow/dags/dag_updating.py", line 6, in <module>
    from scripts.staging import staging
ImportError: cannot import name 'staging' from 'scripts.staging' (/opt/airflow/scripts/staging.py)
[2026-09-17T13:54:48.255+0000] {processor.py:842} WARNING - No viable dags retrieved from /opt/airflow/dags/dag_updating.py
[2026-09-17T13:54:48.285+0000] {processor.py:183} INFO - Processing /opt/airflow/dags/dag_updating.py took 0.110 seconds
[2026-09-17T13:55:18.762+0000] {processor.py:161} INFO - Started process (PID=734) to work on /opt/airflow/dags/dag_updating.py
[2026-09-17T13:55:18.766+0000] {processor.py:830} INFO - Processing file /opt/airflow/dags/dag_updating.py for tasks to queue
[2026-09-17T13:55:18.771+0000] {logging_mixin.py:188} INFO - [2026-09-17T13:55:18.770+0000] {dagbag.py:545} INFO - Filling up the DagBag from /opt/airflow/dags/dag_updating.py
[2026-09-17T13:55:18.838+0000] {logging_mixin.py:188} INFO - [PosixPath('/opt/airflow/data/YTdata2026-09-17.json'), PosixPath('/opt/airflow/data/YTdata2026-09-17_13-35.json')]
[2026-09-17T13:55:18.846+0000] {logging_mixin.py:188} INFO - [2026-09-17T13:55:18.840+0000] {dagbag.py:355} ERROR - Failed to import: /opt/airflow/dags/dag_updating.py
Traceback (most recent call last):
  File "/home/airflow/.local/lib/python3.10/site-packages/airflow/models/dagbag.py", line 351, in parse
    loader.exec_module(new_module)
  File "<frozen importlib._bootstrap_external>", line 883, in exec_module
  File "<frozen importlib._bootstrap>", line 241, in _call_with_frames_removed
  File "/opt/airflow/dags/dag_updating.py", line 6, in <module>
    from scripts.staging import staging
ImportError: cannot import name 'staging' from 'scripts.staging' (/opt/airflow/scripts/staging.py)
[2026-09-17T13:55:18.850+0000] {processor.py:842} WARNING - No viable dags retrieved from /opt/airflow/dags/dag_updating.py
[2026-09-17T13:55:18.898+0000] {processor.py:183} INFO - Processing /opt/airflow/dags/dag_updating.py took 0.158 seconds
[2026-09-17T13:55:49.342+0000] {processor.py:161} INFO - Started process (PID=742) to work on /opt/airflow/dags/dag_updating.py
[2026-09-17T13:55:49.346+0000] {processor.py:830} INFO - Processing file /opt/airflow/dags/dag_updating.py for tasks to queue
[2026-09-17T13:55:49.348+0000] {logging_mixin.py:188} INFO - [2026-09-17T13:55:49.348+0000] {dagbag.py:545} INFO - Filling up the DagBag from /opt/airflow/dags/dag_updating.py
[2026-09-17T13:55:49.395+0000] {logging_mixin.py:188} INFO - [PosixPath('/opt/airflow/data/YTdata2026-09-17.json'), PosixPath('/opt/airflow/data/YTdata2026-09-17_13-35.json')]
[2026-09-17T13:55:49.402+0000] {logging_mixin.py:188} INFO - [2026-09-17T13:55:49.396+0000] {dagbag.py:355} ERROR - Failed to import: /opt/airflow/dags/dag_updating.py
Traceback (most recent call last):
  File "/home/airflow/.local/lib/python3.10/site-packages/airflow/models/dagbag.py", line 351, in parse
    loader.exec_module(new_module)
  File "<frozen importlib._bootstrap_external>", line 883, in exec_module
  File "<frozen importlib._bootstrap>", line 241, in _call_with_frames_removed
  File "/opt/airflow/dags/dag_updating.py", line 6, in <module>
    from scripts.staging import staging
ImportError: cannot import name 'staging' from 'scripts.staging' (/opt/airflow/scripts/staging.py)
[2026-09-17T13:55:49.406+0000] {processor.py:842} WARNING - No viable dags retrieved from /opt/airflow/dags/dag_updating.py
[2026-09-17T13:55:49.431+0000] {processor.py:183} INFO - Processing /opt/airflow/dags/dag_updating.py took 0.097 seconds
[2026-09-17T13:56:19.912+0000] {processor.py:161} INFO - Started process (PID=750) to work on /opt/airflow/dags/dag_updating.py
[2026-09-17T13:56:19.916+0000] {processor.py:830} INFO - Processing file /opt/airflow/dags/dag_updating.py for tasks to queue
[2026-09-17T13:56:19.921+0000] {logging_mixin.py:188} INFO - [2026-09-17T13:56:19.920+0000] {dagbag.py:545} INFO - Filling up the DagBag from /opt/airflow/dags/dag_updating.py
[2026-09-17T13:56:20.028+0000] {logging_mixin.py:188} INFO - [PosixPath('/opt/airflow/data/YTdata2026-09-17.json'), PosixPath('/opt/airflow/data/YTdata2026-09-17_13-35.json')]
[2026-09-17T13:56:20.042+0000] {logging_mixin.py:188} INFO - [2026-09-17T13:56:20.031+0000] {dagbag.py:355} ERROR - Failed to import: /opt/airflow/dags/dag_updating.py
Traceback (most recent call last):
  File "/home/airflow/.local/lib/python3.10/site-packages/airflow/models/dagbag.py", line 351, in parse
    loader.exec_module(new_module)
  File "<frozen importlib._bootstrap_external>", line 883, in exec_module
  File "<frozen importlib._bootstrap>", line 241, in _call_with_frames_removed
  File "/opt/airflow/dags/dag_updating.py", line 6, in <module>
    from scripts.staging import staging
ImportError: cannot import name 'staging' from 'scripts.staging' (/opt/airflow/scripts/staging.py)
[2026-09-17T13:56:20.048+0000] {processor.py:842} WARNING - No viable dags retrieved from /opt/airflow/dags/dag_updating.py
[2026-09-17T13:56:20.107+0000] {processor.py:183} INFO - Processing /opt/airflow/dags/dag_updating.py took 0.209 seconds
[2026-09-17T13:56:50.571+0000] {processor.py:161} INFO - Started process (PID=758) to work on /opt/airflow/dags/dag_updating.py
[2026-09-17T13:56:50.574+0000] {processor.py:830} INFO - Processing file /opt/airflow/dags/dag_updating.py for tasks to queue
[2026-09-17T13:56:50.577+0000] {logging_mixin.py:188} INFO - [2026-09-17T13:56:50.577+0000] {dagbag.py:545} INFO - Filling up the DagBag from /opt/airflow/dags/dag_updating.py
[2026-09-17T13:56:50.631+0000] {logging_mixin.py:188} INFO - [PosixPath('/opt/airflow/data/YTdata2026-09-17.json'), PosixPath('/opt/airflow/data/YTdata2026-09-17_13-35.json')]
[2026-09-17T13:56:50.638+0000] {logging_mixin.py:188} INFO - [2026-09-17T13:56:50.633+0000] {dagbag.py:355} ERROR - Failed to import: /opt/airflow/dags/dag_updating.py
Traceback (most recent call last):
  File "/home/airflow/.local/lib/python3.10/site-packages/airflow/models/dagbag.py", line 351, in parse
    loader.exec_module(new_module)
  File "<frozen importlib._bootstrap_external>", line 883, in exec_module
  File "<frozen importlib._bootstrap>", line 241, in _call_with_frames_removed
  File "/opt/airflow/dags/dag_updating.py", line 6, in <module>
    from scripts.staging import staging
ImportError: cannot import name 'staging' from 'scripts.staging' (/opt/airflow/scripts/staging.py)
[2026-09-17T13:56:50.642+0000] {processor.py:842} WARNING - No viable dags retrieved from /opt/airflow/dags/dag_updating.py
[2026-09-17T13:56:50.673+0000] {processor.py:183} INFO - Processing /opt/airflow/dags/dag_updating.py took 0.113 seconds
[2026-09-17T13:57:21.196+0000] {processor.py:161} INFO - Started process (PID=766) to work on /opt/airflow/dags/dag_updating.py
[2026-09-17T13:57:21.201+0000] {processor.py:830} INFO - Processing file /opt/airflow/dags/dag_updating.py for tasks to queue
[2026-09-17T13:57:21.207+0000] {logging_mixin.py:188} INFO - [2026-09-17T13:57:21.205+0000] {dagbag.py:545} INFO - Filling up the DagBag from /opt/airflow/dags/dag_updating.py
[2026-09-17T13:57:21.308+0000] {logging_mixin.py:188} INFO - [PosixPath('/opt/airflow/data/YTdata2026-09-17.json'), PosixPath('/opt/airflow/data/YTdata2026-09-17_13-35.json')]
[2026-09-17T13:57:21.324+0000] {logging_mixin.py:188} INFO - [2026-09-17T13:57:21.311+0000] {dagbag.py:355} ERROR - Failed to import: /opt/airflow/dags/dag_updating.py
Traceback (most recent call last):
  File "/home/airflow/.local/lib/python3.10/site-packages/airflow/models/dagbag.py", line 351, in parse
    loader.exec_module(new_module)
  File "<frozen importlib._bootstrap_external>", line 883, in exec_module
  File "<frozen importlib._bootstrap>", line 241, in _call_with_frames_removed
  File "/opt/airflow/dags/dag_updating.py", line 6, in <module>
    from scripts.staging import staging
ImportError: cannot import name 'staging' from 'scripts.staging' (/opt/airflow/scripts/staging.py)
[2026-09-17T13:57:21.330+0000] {processor.py:842} WARNING - No viable dags retrieved from /opt/airflow/dags/dag_updating.py
[2026-09-17T13:57:21.375+0000] {processor.py:183} INFO - Processing /opt/airflow/dags/dag_updating.py took 0.197 seconds
[2026-09-17T13:57:51.834+0000] {processor.py:161} INFO - Started process (PID=774) to work on /opt/airflow/dags/dag_updating.py
[2026-09-17T13:57:51.839+0000] {processor.py:830} INFO - Processing file /opt/airflow/dags/dag_updating.py for tasks to queue
[2026-09-17T13:57:51.844+0000] {logging_mixin.py:188} INFO - [2026-09-17T13:57:51.843+0000] {dagbag.py:545} INFO - Filling up the DagBag from /opt/airflow/dags/dag_updating.py
[2026-09-17T13:57:51.930+0000] {logging_mixin.py:188} INFO - [PosixPath('/opt/airflow/data/YTdata2026-09-17.json'), PosixPath('/opt/airflow/data/YTdata2026-09-17_13-35.json')]
[2026-09-17T13:57:51.943+0000] {logging_mixin.py:188} INFO - [2026-09-17T13:57:51.934+0000] {dagbag.py:355} ERROR - Failed to import: /opt/airflow/dags/dag_updating.py
Traceback (most recent call last):
  File "/home/airflow/.local/lib/python3.10/site-packages/airflow/models/dagbag.py", line 351, in parse
    loader.exec_module(new_module)
  File "<frozen importlib._bootstrap_external>", line 883, in exec_module
  File "<frozen importlib._bootstrap>", line 241, in _call_with_frames_removed
  File "/opt/airflow/dags/dag_updating.py", line 6, in <module>
    from scripts.staging import staging
ImportError: cannot import name 'staging' from 'scripts.staging' (/opt/airflow/scripts/staging.py)
[2026-09-17T13:57:51.947+0000] {processor.py:842} WARNING - No viable dags retrieved from /opt/airflow/dags/dag_updating.py
[2026-09-17T13:57:51.985+0000] {processor.py:183} INFO - Processing /opt/airflow/dags/dag_updating.py took 0.168 seconds
[2026-09-17T13:58:22.448+0000] {processor.py:161} INFO - Started process (PID=782) to work on /opt/airflow/dags/dag_updating.py
[2026-09-17T13:58:22.450+0000] {processor.py:830} INFO - Processing file /opt/airflow/dags/dag_updating.py for tasks to queue
[2026-09-17T13:58:22.455+0000] {logging_mixin.py:188} INFO - [2026-09-17T13:58:22.454+0000] {dagbag.py:545} INFO - Filling up the DagBag from /opt/airflow/dags/dag_updating.py
[2026-09-17T13:58:22.511+0000] {logging_mixin.py:188} INFO - [PosixPath('/opt/airflow/data/YTdata2026-09-17.json'), PosixPath('/opt/airflow/data/YTdata2026-09-17_13-35.json')]
[2026-09-17T13:58:22.522+0000] {logging_mixin.py:188} INFO - [2026-09-17T13:58:22.513+0000] {dagbag.py:355} ERROR - Failed to import: /opt/airflow/dags/dag_updating.py
Traceback (most recent call last):
  File "/home/airflow/.local/lib/python3.10/site-packages/airflow/models/dagbag.py", line 351, in parse
    loader.exec_module(new_module)
  File "<frozen importlib._bootstrap_external>", line 883, in exec_module
  File "<frozen importlib._bootstrap>", line 241, in _call_with_frames_removed
  File "/opt/airflow/dags/dag_updating.py", line 6, in <module>
    from scripts.staging import staging
ImportError: cannot import name 'staging' from 'scripts.staging' (/opt/airflow/scripts/staging.py)
[2026-09-17T13:58:22.526+0000] {processor.py:842} WARNING - No viable dags retrieved from /opt/airflow/dags/dag_updating.py
[2026-09-17T13:58:22.559+0000] {processor.py:183} INFO - Processing /opt/airflow/dags/dag_updating.py took 0.123 seconds
[2026-09-17T13:58:53.021+0000] {processor.py:161} INFO - Started process (PID=790) to work on /opt/airflow/dags/dag_updating.py
[2026-09-17T13:58:53.023+0000] {processor.py:830} INFO - Processing file /opt/airflow/dags/dag_updating.py for tasks to queue
[2026-09-17T13:58:53.026+0000] {logging_mixin.py:188} INFO - [2026-09-17T13:58:53.025+0000] {dagbag.py:545} INFO - Filling up the DagBag from /opt/airflow/dags/dag_updating.py
[2026-09-17T13:58:53.080+0000] {logging_mixin.py:188} INFO - [PosixPath('/opt/airflow/data/YTdata2026-09-17.json'), PosixPath('/opt/airflow/data/YTdata2026-09-17_13-35.json')]
[2026-09-17T13:58:53.087+0000] {logging_mixin.py:188} INFO - [2026-09-17T13:58:53.082+0000] {dagbag.py:355} ERROR - Failed to import: /opt/airflow/dags/dag_updating.py
Traceback (most recent call last):
  File "/home/airflow/.local/lib/python3.10/site-packages/airflow/models/dagbag.py", line 351, in parse
    loader.exec_module(new_module)
  File "<frozen importlib._bootstrap_external>", line 883, in exec_module
  File "<frozen importlib._bootstrap>", line 241, in _call_with_frames_removed
  File "/opt/airflow/dags/dag_updating.py", line 6, in <module>
    from scripts.staging import staging
ImportError: cannot import name 'staging' from 'scripts.staging' (/opt/airflow/scripts/staging.py)
[2026-09-17T13:58:53.091+0000] {processor.py:842} WARNING - No viable dags retrieved from /opt/airflow/dags/dag_updating.py
[2026-09-17T13:58:53.119+0000] {processor.py:183} INFO - Processing /opt/airflow/dags/dag_updating.py took 0.107 seconds
[2026-09-17T13:59:23.532+0000] {processor.py:161} INFO - Started process (PID=798) to work on /opt/airflow/dags/dag_updating.py
[2026-09-17T13:59:23.536+0000] {processor.py:830} INFO - Processing file /opt/airflow/dags/dag_updating.py for tasks to queue
[2026-09-17T13:59:23.539+0000] {logging_mixin.py:188} INFO - [2026-09-17T13:59:23.538+0000] {dagbag.py:545} INFO - Filling up the DagBag from /opt/airflow/dags/dag_updating.py
[2026-09-17T13:59:23.587+0000] {logging_mixin.py:188} INFO - [PosixPath('/opt/airflow/data/YTdata2026-09-17.json'), PosixPath('/opt/airflow/data/YTdata2026-09-17_13-35.json')]
[2026-09-17T13:59:23.594+0000] {logging_mixin.py:188} INFO - [2026-09-17T13:59:23.589+0000] {dagbag.py:355} ERROR - Failed to import: /opt/airflow/dags/dag_updating.py
Traceback (most recent call last):
  File "/home/airflow/.local/lib/python3.10/site-packages/airflow/models/dagbag.py", line 351, in parse
    loader.exec_module(new_module)
  File "<frozen importlib._bootstrap_external>", line 883, in exec_module
  File "<frozen importlib._bootstrap>", line 241, in _call_with_frames_removed
  File "/opt/airflow/dags/dag_updating.py", line 6, in <module>
    from scripts.staging import staging
ImportError: cannot import name 'staging' from 'scripts.staging' (/opt/airflow/scripts/staging.py)
[2026-09-17T13:59:23.597+0000] {processor.py:842} WARNING - No viable dags retrieved from /opt/airflow/dags/dag_updating.py
[2026-09-17T13:59:23.623+0000] {processor.py:183} INFO - Processing /opt/airflow/dags/dag_updating.py took 0.098 seconds
[2026-09-17T13:59:54.015+0000] {processor.py:161} INFO - Started process (PID=806) to work on /opt/airflow/dags/dag_updating.py
[2026-09-17T13:59:54.018+0000] {processor.py:830} INFO - Processing file /opt/airflow/dags/dag_updating.py for tasks to queue
[2026-09-17T13:59:54.022+0000] {logging_mixin.py:188} INFO - [2026-09-17T13:59:54.021+0000] {dagbag.py:545} INFO - Filling up the DagBag from /opt/airflow/dags/dag_updating.py
[2026-09-17T13:59:54.072+0000] {logging_mixin.py:188} INFO - [PosixPath('/opt/airflow/data/YTdata2026-09-17.json'), PosixPath('/opt/airflow/data/YTdata2026-09-17_13-35.json')]
[2026-09-17T13:59:54.080+0000] {logging_mixin.py:188} INFO - [2026-09-17T13:59:54.074+0000] {dagbag.py:355} ERROR - Failed to import: /opt/airflow/dags/dag_updating.py
Traceback (most recent call last):
  File "/home/airflow/.local/lib/python3.10/site-packages/airflow/models/dagbag.py", line 351, in parse
    loader.exec_module(new_module)
  File "<frozen importlib._bootstrap_external>", line 883, in exec_module
  File "<frozen importlib._bootstrap>", line 241, in _call_with_frames_removed
  File "/opt/airflow/dags/dag_updating.py", line 6, in <module>
    from scripts.staging import staging
ImportError: cannot import name 'staging' from 'scripts.staging' (/opt/airflow/scripts/staging.py)
[2026-09-17T13:59:54.084+0000] {processor.py:842} WARNING - No viable dags retrieved from /opt/airflow/dags/dag_updating.py
[2026-09-17T13:59:54.117+0000] {processor.py:183} INFO - Processing /opt/airflow/dags/dag_updating.py took 0.116 seconds
[2026-09-17T14:00:24.559+0000] {processor.py:161} INFO - Started process (PID=814) to work on /opt/airflow/dags/dag_updating.py
[2026-09-17T14:00:24.562+0000] {processor.py:830} INFO - Processing file /opt/airflow/dags/dag_updating.py for tasks to queue
[2026-09-17T14:00:24.565+0000] {logging_mixin.py:188} INFO - [2026-09-17T14:00:24.565+0000] {dagbag.py:545} INFO - Filling up the DagBag from /opt/airflow/dags/dag_updating.py
[2026-09-17T14:00:24.651+0000] {logging_mixin.py:188} INFO - [PosixPath('/opt/airflow/data/YTdata2026-09-17.json'), PosixPath('/opt/airflow/data/YTdata2026-09-17_13-35.json')]
[2026-09-17T14:00:24.666+0000] {logging_mixin.py:188} INFO - [2026-09-17T14:00:24.654+0000] {dagbag.py:355} ERROR - Failed to import: /opt/airflow/dags/dag_updating.py
Traceback (most recent call last):
  File "/home/airflow/.local/lib/python3.10/site-packages/airflow/models/dagbag.py", line 351, in parse
    loader.exec_module(new_module)
  File "<frozen importlib._bootstrap_external>", line 883, in exec_module
  File "<frozen importlib._bootstrap>", line 241, in _call_with_frames_removed
  File "/opt/airflow/dags/dag_updating.py", line 6, in <module>
    from scripts.staging import staging
ImportError: cannot import name 'staging' from 'scripts.staging' (/opt/airflow/scripts/staging.py)
[2026-09-17T14:00:24.672+0000] {processor.py:842} WARNING - No viable dags retrieved from /opt/airflow/dags/dag_updating.py
[2026-09-17T14:00:24.728+0000] {processor.py:183} INFO - Processing /opt/airflow/dags/dag_updating.py took 0.180 seconds
[2026-09-17T14:00:55.178+0000] {processor.py:161} INFO - Started process (PID=822) to work on /opt/airflow/dags/dag_updating.py
[2026-09-17T14:00:55.183+0000] {processor.py:830} INFO - Processing file /opt/airflow/dags/dag_updating.py for tasks to queue
[2026-09-17T14:00:55.185+0000] {logging_mixin.py:188} INFO - [2026-09-17T14:00:55.185+0000] {dagbag.py:545} INFO - Filling up the DagBag from /opt/airflow/dags/dag_updating.py
[2026-09-17T14:00:55.236+0000] {logging_mixin.py:188} INFO - [PosixPath('/opt/airflow/data/YTdata2026-09-17.json'), PosixPath('/opt/airflow/data/YTdata2026-09-17_13-35.json')]
[2026-09-17T14:00:55.244+0000] {logging_mixin.py:188} INFO - [2026-09-17T14:00:55.238+0000] {dagbag.py:355} ERROR - Failed to import: /opt/airflow/dags/dag_updating.py
Traceback (most recent call last):
  File "/home/airflow/.local/lib/python3.10/site-packages/airflow/models/dagbag.py", line 351, in parse
    loader.exec_module(new_module)
  File "<frozen importlib._bootstrap_external>", line 883, in exec_module
  File "<frozen importlib._bootstrap>", line 241, in _call_with_frames_removed
  File "/opt/airflow/dags/dag_updating.py", line 6, in <module>
    from scripts.staging import staging
ImportError: cannot import name 'staging' from 'scripts.staging' (/opt/airflow/scripts/staging.py)
[2026-09-17T14:00:55.247+0000] {processor.py:842} WARNING - No viable dags retrieved from /opt/airflow/dags/dag_updating.py
[2026-09-17T14:00:55.276+0000] {processor.py:183} INFO - Processing /opt/airflow/dags/dag_updating.py took 0.107 seconds
[2026-09-17T14:01:25.699+0000] {processor.py:161} INFO - Started process (PID=830) to work on /opt/airflow/dags/dag_updating.py
[2026-09-17T14:01:25.704+0000] {processor.py:830} INFO - Processing file /opt/airflow/dags/dag_updating.py for tasks to queue
[2026-09-17T14:01:25.708+0000] {logging_mixin.py:188} INFO - [2026-09-17T14:01:25.708+0000] {dagbag.py:545} INFO - Filling up the DagBag from /opt/airflow/dags/dag_updating.py
[2026-09-17T14:01:25.761+0000] {logging_mixin.py:188} INFO - [PosixPath('/opt/airflow/data/YTdata2026-09-17.json'), PosixPath('/opt/airflow/data/YTdata2026-09-17_13-35.json')]
[2026-09-17T14:01:25.771+0000] {logging_mixin.py:188} INFO - [2026-09-17T14:01:25.763+0000] {dagbag.py:355} ERROR - Failed to import: /opt/airflow/dags/dag_updating.py
Traceback (most recent call last):
  File "/home/airflow/.local/lib/python3.10/site-packages/airflow/models/dagbag.py", line 351, in parse
    loader.exec_module(new_module)
  File "<frozen importlib._bootstrap_external>", line 883, in exec_module
  File "<frozen importlib._bootstrap>", line 241, in _call_with_frames_removed
  File "/opt/airflow/dags/dag_updating.py", line 6, in <module>
    from scripts.staging import staging
ImportError: cannot import name 'staging' from 'scripts.staging' (/opt/airflow/scripts/staging.py)
[2026-09-17T14:01:25.775+0000] {processor.py:842} WARNING - No viable dags retrieved from /opt/airflow/dags/dag_updating.py
[2026-09-17T14:01:25.803+0000] {processor.py:183} INFO - Processing /opt/airflow/dags/dag_updating.py took 0.117 seconds
[2026-09-17T14:01:56.270+0000] {processor.py:161} INFO - Started process (PID=838) to work on /opt/airflow/dags/dag_updating.py
[2026-09-17T14:01:56.274+0000] {processor.py:830} INFO - Processing file /opt/airflow/dags/dag_updating.py for tasks to queue
[2026-09-17T14:01:56.277+0000] {logging_mixin.py:188} INFO - [2026-09-17T14:01:56.276+0000] {dagbag.py:545} INFO - Filling up the DagBag from /opt/airflow/dags/dag_updating.py
[2026-09-17T14:01:56.349+0000] {processor.py:840} INFO - DAG(s) 'youtube_data_updating' retrieved from /opt/airflow/dags/dag_updating.py
[2026-09-17T14:01:56.461+0000] {logging_mixin.py:188} INFO - [2026-09-17T14:01:56.460+0000] {dag.py:3096} INFO - Sync 1 DAGs
[2026-09-17T14:01:56.494+0000] {logging_mixin.py:188} INFO - [2026-09-17T14:01:56.493+0000] {dag.py:3954} INFO - Setting next_dagrun for youtube_data_updating to 2026-09-17 00:00:00+00:00, run_after=2026-09-18 00:00:00+00:00
[2026-09-17T14:01:56.522+0000] {processor.py:183} INFO - Processing /opt/airflow/dags/dag_updating.py took 0.268 seconds
[2026-09-17T14:02:26.912+0000] {processor.py:161} INFO - Started process (PID=846) to work on /opt/airflow/dags/dag_updating.py
[2026-09-17T14:02:26.917+0000] {processor.py:830} INFO - Processing file /opt/airflow/dags/dag_updating.py for tasks to queue
[2026-09-17T14:02:26.920+0000] {logging_mixin.py:188} INFO - [2026-09-17T14:02:26.920+0000] {dagbag.py:545} INFO - Filling up the DagBag from /opt/airflow/dags/dag_updating.py
[2026-09-17T14:02:26.982+0000] {processor.py:840} INFO - DAG(s) 'youtube_data_updating' retrieved from /opt/airflow/dags/dag_updating.py
[2026-09-17T14:02:27.017+0000] {logging_mixin.py:188} INFO - [2026-09-17T14:02:27.017+0000] {dag.py:3096} INFO - Sync 1 DAGs
[2026-09-17T14:02:27.045+0000] {logging_mixin.py:188} INFO - [2026-09-17T14:02:27.044+0000] {dag.py:3954} INFO - Setting next_dagrun for youtube_data_updating to 2026-09-17 00:00:00+00:00, run_after=2026-09-18 00:00:00+00:00
[2026-09-17T14:02:27.077+0000] {processor.py:183} INFO - Processing /opt/airflow/dags/dag_updating.py took 0.183 seconds
[2026-09-17T14:02:57.633+0000] {processor.py:161} INFO - Started process (PID=854) to work on /opt/airflow/dags/dag_updating.py
[2026-09-17T14:02:57.638+0000] {processor.py:830} INFO - Processing file /opt/airflow/dags/dag_updating.py for tasks to queue
[2026-09-17T14:02:57.641+0000] {logging_mixin.py:188} INFO - [2026-09-17T14:02:57.641+0000] {dagbag.py:545} INFO - Filling up the DagBag from /opt/airflow/dags/dag_updating.py
[2026-09-17T14:02:57.706+0000] {processor.py:840} INFO - DAG(s) 'youtube_data_updating' retrieved from /opt/airflow/dags/dag_updating.py
[2026-09-17T14:02:57.744+0000] {logging_mixin.py:188} INFO - [2026-09-17T14:02:57.744+0000] {dag.py:3096} INFO - Sync 1 DAGs
[2026-09-17T14:02:57.783+0000] {logging_mixin.py:188} INFO - [2026-09-17T14:02:57.782+0000] {dag.py:3954} INFO - Setting next_dagrun for youtube_data_updating to 2026-09-17 00:00:00+00:00, run_after=2026-09-18 00:00:00+00:00
[2026-09-17T14:02:57.819+0000] {processor.py:183} INFO - Processing /opt/airflow/dags/dag_updating.py took 0.203 seconds
[2026-09-17T14:03:28.306+0000] {processor.py:161} INFO - Started process (PID=862) to work on /opt/airflow/dags/dag_updating.py
[2026-09-17T14:03:28.312+0000] {processor.py:830} INFO - Processing file /opt/airflow/dags/dag_updating.py for tasks to queue
[2026-09-17T14:03:28.317+0000] {logging_mixin.py:188} INFO - [2026-09-17T14:03:28.316+0000] {dagbag.py:545} INFO - Filling up the DagBag from /opt/airflow/dags/dag_updating.py
[2026-09-17T14:03:28.410+0000] {processor.py:840} INFO - DAG(s) 'youtube_data_updating' retrieved from /opt/airflow/dags/dag_updating.py
[2026-09-17T14:03:28.459+0000] {logging_mixin.py:188} INFO - [2026-09-17T14:03:28.459+0000] {dag.py:3096} INFO - Sync 1 DAGs
[2026-09-17T14:03:28.491+0000] {logging_mixin.py:188} INFO - [2026-09-17T14:03:28.490+0000] {dag.py:3954} INFO - Setting next_dagrun for youtube_data_updating to 2026-09-17 00:00:00+00:00, run_after=2026-09-18 00:00:00+00:00
[2026-09-17T14:03:28.523+0000] {processor.py:183} INFO - Processing /opt/airflow/dags/dag_updating.py took 0.230 seconds
[2026-09-17T14:03:59.008+0000] {processor.py:161} INFO - Started process (PID=870) to work on /opt/airflow/dags/dag_updating.py
[2026-09-17T14:03:59.013+0000] {processor.py:830} INFO - Processing file /opt/airflow/dags/dag_updating.py for tasks to queue
[2026-09-17T14:03:59.020+0000] {logging_mixin.py:188} INFO - [2026-09-17T14:03:59.019+0000] {dagbag.py:545} INFO - Filling up the DagBag from /opt/airflow/dags/dag_updating.py
[2026-09-17T14:03:59.102+0000] {processor.py:840} INFO - DAG(s) 'youtube_data_updating' retrieved from /opt/airflow/dags/dag_updating.py
[2026-09-17T14:03:59.157+0000] {logging_mixin.py:188} INFO - [2026-09-17T14:03:59.156+0000] {dag.py:3096} INFO - Sync 1 DAGs
[2026-09-17T14:03:59.217+0000] {logging_mixin.py:188} INFO - [2026-09-17T14:03:59.216+0000] {dag.py:3954} INFO - Setting next_dagrun for youtube_data_updating to 2026-09-17 00:00:00+00:00, run_after=2026-09-18 00:00:00+00:00
[2026-09-17T14:03:59.255+0000] {processor.py:183} INFO - Processing /opt/airflow/dags/dag_updating.py took 0.266 seconds
[2026-09-17T14:04:29.744+0000] {processor.py:161} INFO - Started process (PID=878) to work on /opt/airflow/dags/dag_updating.py
[2026-09-17T14:04:29.750+0000] {processor.py:830} INFO - Processing file /opt/airflow/dags/dag_updating.py for tasks to queue
[2026-09-17T14:04:29.754+0000] {logging_mixin.py:188} INFO - [2026-09-17T14:04:29.753+0000] {dagbag.py:545} INFO - Filling up the DagBag from /opt/airflow/dags/dag_updating.py
[2026-09-17T14:04:29.827+0000] {processor.py:840} INFO - DAG(s) 'youtube_data_updating' retrieved from /opt/airflow/dags/dag_updating.py
[2026-09-17T14:04:29.858+0000] {logging_mixin.py:188} INFO - [2026-09-17T14:04:29.858+0000] {dag.py:3096} INFO - Sync 1 DAGs
[2026-09-17T14:04:29.886+0000] {logging_mixin.py:188} INFO - [2026-09-17T14:04:29.886+0000] {dag.py:3954} INFO - Setting next_dagrun for youtube_data_updating to 2026-09-17 00:00:00+00:00, run_after=2026-09-18 00:00:00+00:00
[2026-09-17T14:04:29.915+0000] {processor.py:183} INFO - Processing /opt/airflow/dags/dag_updating.py took 0.205 seconds
[2026-09-17T14:05:00.397+0000] {processor.py:161} INFO - Started process (PID=886) to work on /opt/airflow/dags/dag_updating.py
[2026-09-17T14:05:00.402+0000] {processor.py:830} INFO - Processing file /opt/airflow/dags/dag_updating.py for tasks to queue
[2026-09-17T14:05:00.405+0000] {logging_mixin.py:188} INFO - [2026-09-17T14:05:00.404+0000] {dagbag.py:545} INFO - Filling up the DagBag from /opt/airflow/dags/dag_updating.py
[2026-09-17T14:05:00.472+0000] {processor.py:840} INFO - DAG(s) 'youtube_data_updating' retrieved from /opt/airflow/dags/dag_updating.py
[2026-09-17T14:05:00.507+0000] {logging_mixin.py:188} INFO - [2026-09-17T14:05:00.507+0000] {dag.py:3096} INFO - Sync 1 DAGs
[2026-09-17T14:05:00.535+0000] {logging_mixin.py:188} INFO - [2026-09-17T14:05:00.535+0000] {dag.py:3954} INFO - Setting next_dagrun for youtube_data_updating to 2026-09-17 00:00:00+00:00, run_after=2026-09-18 00:00:00+00:00
[2026-09-17T14:05:00.562+0000] {processor.py:183} INFO - Processing /opt/airflow/dags/dag_updating.py took 0.177 seconds
[2026-09-17T14:05:30.991+0000] {processor.py:161} INFO - Started process (PID=894) to work on /opt/airflow/dags/dag_updating.py
[2026-09-17T14:05:30.994+0000] {processor.py:830} INFO - Processing file /opt/airflow/dags/dag_updating.py for tasks to queue
[2026-09-17T14:05:30.997+0000] {logging_mixin.py:188} INFO - [2026-09-17T14:05:30.996+0000] {dagbag.py:545} INFO - Filling up the DagBag from /opt/airflow/dags/dag_updating.py
[2026-09-17T14:05:31.047+0000] {processor.py:840} INFO - DAG(s) 'youtube_data_updating' retrieved from /opt/airflow/dags/dag_updating.py
[2026-09-17T14:05:31.073+0000] {logging_mixin.py:188} INFO - [2026-09-17T14:05:31.072+0000] {dag.py:3096} INFO - Sync 1 DAGs
[2026-09-17T14:05:31.100+0000] {logging_mixin.py:188} INFO - [2026-09-17T14:05:31.099+0000] {dag.py:3954} INFO - Setting next_dagrun for youtube_data_updating to 2026-09-17 00:00:00+00:00, run_after=2026-09-18 00:00:00+00:00
[2026-09-17T14:05:31.129+0000] {processor.py:183} INFO - Processing /opt/airflow/dags/dag_updating.py took 0.151 seconds
[2026-09-17T14:06:01.656+0000] {processor.py:161} INFO - Started process (PID=902) to work on /opt/airflow/dags/dag_updating.py
[2026-09-17T14:06:01.661+0000] {processor.py:830} INFO - Processing file /opt/airflow/dags/dag_updating.py for tasks to queue
[2026-09-17T14:06:01.664+0000] {logging_mixin.py:188} INFO - [2026-09-17T14:06:01.664+0000] {dagbag.py:545} INFO - Filling up the DagBag from /opt/airflow/dags/dag_updating.py
[2026-09-17T14:06:01.739+0000] {processor.py:840} INFO - DAG(s) 'youtube_data_updating' retrieved from /opt/airflow/dags/dag_updating.py
[2026-09-17T14:06:01.777+0000] {logging_mixin.py:188} INFO - [2026-09-17T14:06:01.776+0000] {dag.py:3096} INFO - Sync 1 DAGs
[2026-09-17T14:06:01.820+0000] {logging_mixin.py:188} INFO - [2026-09-17T14:06:01.820+0000] {dag.py:3954} INFO - Setting next_dagrun for youtube_data_updating to 2026-09-17 00:00:00+00:00, run_after=2026-09-18 00:00:00+00:00
[2026-09-17T14:06:01.868+0000] {processor.py:183} INFO - Processing /opt/airflow/dags/dag_updating.py took 0.235 seconds
[2026-09-17T14:06:32.375+0000] {processor.py:161} INFO - Started process (PID=910) to work on /opt/airflow/dags/dag_updating.py
[2026-09-17T14:06:32.379+0000] {processor.py:830} INFO - Processing file /opt/airflow/dags/dag_updating.py for tasks to queue
[2026-09-17T14:06:32.382+0000] {logging_mixin.py:188} INFO - [2026-09-17T14:06:32.381+0000] {dagbag.py:545} INFO - Filling up the DagBag from /opt/airflow/dags/dag_updating.py
[2026-09-17T14:06:32.443+0000] {processor.py:840} INFO - DAG(s) 'youtube_data_updating' retrieved from /opt/airflow/dags/dag_updating.py
[2026-09-17T14:06:32.478+0000] {logging_mixin.py:188} INFO - [2026-09-17T14:06:32.477+0000] {dag.py:3096} INFO - Sync 1 DAGs
[2026-09-17T14:06:32.509+0000] {logging_mixin.py:188} INFO - [2026-09-17T14:06:32.509+0000] {dag.py:3954} INFO - Setting next_dagrun for youtube_data_updating to 2026-09-17 00:00:00+00:00, run_after=2026-09-18 00:00:00+00:00
[2026-09-17T14:06:32.541+0000] {processor.py:183} INFO - Processing /opt/airflow/dags/dag_updating.py took 0.178 seconds
[2026-09-17T14:07:03.012+0000] {processor.py:161} INFO - Started process (PID=918) to work on /opt/airflow/dags/dag_updating.py
[2026-09-17T14:07:03.016+0000] {processor.py:830} INFO - Processing file /opt/airflow/dags/dag_updating.py for tasks to queue
[2026-09-17T14:07:03.019+0000] {logging_mixin.py:188} INFO - [2026-09-17T14:07:03.019+0000] {dagbag.py:545} INFO - Filling up the DagBag from /opt/airflow/dags/dag_updating.py
[2026-09-17T14:07:03.134+0000] {processor.py:840} INFO - DAG(s) 'youtube_data_updating' retrieved from /opt/airflow/dags/dag_updating.py
[2026-09-17T14:07:03.189+0000] {logging_mixin.py:188} INFO - [2026-09-17T14:07:03.189+0000] {dag.py:3096} INFO - Sync 1 DAGs
[2026-09-17T14:07:03.248+0000] {logging_mixin.py:188} INFO - [2026-09-17T14:07:03.247+0000] {dag.py:3954} INFO - Setting next_dagrun for youtube_data_updating to 2026-09-17 00:00:00+00:00, run_after=2026-09-18 00:00:00+00:00
[2026-09-17T14:07:03.308+0000] {processor.py:183} INFO - Processing /opt/airflow/dags/dag_updating.py took 0.313 seconds
[2026-09-17T14:07:33.812+0000] {processor.py:161} INFO - Started process (PID=926) to work on /opt/airflow/dags/dag_updating.py
[2026-09-17T14:07:33.817+0000] {processor.py:830} INFO - Processing file /opt/airflow/dags/dag_updating.py for tasks to queue
[2026-09-17T14:07:33.822+0000] {logging_mixin.py:188} INFO - [2026-09-17T14:07:33.821+0000] {dagbag.py:545} INFO - Filling up the DagBag from /opt/airflow/dags/dag_updating.py
[2026-09-17T14:07:33.947+0000] {processor.py:840} INFO - DAG(s) 'youtube_data_updating' retrieved from /opt/airflow/dags/dag_updating.py
[2026-09-17T14:07:33.994+0000] {logging_mixin.py:188} INFO - [2026-09-17T14:07:33.994+0000] {dag.py:3096} INFO - Sync 1 DAGs
[2026-09-17T14:07:34.055+0000] {logging_mixin.py:188} INFO - [2026-09-17T14:07:34.054+0000] {dag.py:3954} INFO - Setting next_dagrun for youtube_data_updating to 2026-09-17 00:00:00+00:00, run_after=2026-09-18 00:00:00+00:00
[2026-09-17T14:07:34.119+0000] {processor.py:183} INFO - Processing /opt/airflow/dags/dag_updating.py took 0.323 seconds
[2026-09-17T14:08:04.624+0000] {processor.py:161} INFO - Started process (PID=934) to work on /opt/airflow/dags/dag_updating.py
[2026-09-17T14:08:04.628+0000] {processor.py:830} INFO - Processing file /opt/airflow/dags/dag_updating.py for tasks to queue
[2026-09-17T14:08:04.632+0000] {logging_mixin.py:188} INFO - [2026-09-17T14:08:04.631+0000] {dagbag.py:545} INFO - Filling up the DagBag from /opt/airflow/dags/dag_updating.py
[2026-09-17T14:08:04.703+0000] {processor.py:840} INFO - DAG(s) 'youtube_data_updating' retrieved from /opt/airflow/dags/dag_updating.py
[2026-09-17T14:08:04.737+0000] {logging_mixin.py:188} INFO - [2026-09-17T14:08:04.737+0000] {dag.py:3096} INFO - Sync 1 DAGs
[2026-09-17T14:08:04.779+0000] {logging_mixin.py:188} INFO - [2026-09-17T14:08:04.779+0000] {dag.py:3954} INFO - Setting next_dagrun for youtube_data_updating to 2026-09-17 00:00:00+00:00, run_after=2026-09-18 00:00:00+00:00
[2026-09-17T14:08:04.828+0000] {processor.py:183} INFO - Processing /opt/airflow/dags/dag_updating.py took 0.219 seconds
[2026-09-17T14:08:35.334+0000] {processor.py:161} INFO - Started process (PID=942) to work on /opt/airflow/dags/dag_updating.py
[2026-09-17T14:08:35.339+0000] {processor.py:830} INFO - Processing file /opt/airflow/dags/dag_updating.py for tasks to queue
[2026-09-17T14:08:35.342+0000] {logging_mixin.py:188} INFO - [2026-09-17T14:08:35.342+0000] {dagbag.py:545} INFO - Filling up the DagBag from /opt/airflow/dags/dag_updating.py
[2026-09-17T14:08:35.442+0000] {processor.py:840} INFO - DAG(s) 'youtube_data_updating' retrieved from /opt/airflow/dags/dag_updating.py
[2026-09-17T14:08:35.491+0000] {logging_mixin.py:188} INFO - [2026-09-17T14:08:35.491+0000] {dag.py:3096} INFO - Sync 1 DAGs
[2026-09-17T14:08:35.601+0000] {logging_mixin.py:188} INFO - [2026-09-17T14:08:35.601+0000] {dag.py:3954} INFO - Setting next_dagrun for youtube_data_updating to 2026-09-17 00:00:00+00:00, run_after=2026-09-18 00:00:00+00:00
[2026-09-17T14:08:35.645+0000] {processor.py:183} INFO - Processing /opt/airflow/dags/dag_updating.py took 0.324 seconds
[2026-09-17T14:09:06.172+0000] {processor.py:161} INFO - Started process (PID=950) to work on /opt/airflow/dags/dag_updating.py
[2026-09-17T14:09:06.177+0000] {processor.py:830} INFO - Processing file /opt/airflow/dags/dag_updating.py for tasks to queue
[2026-09-17T14:09:06.181+0000] {logging_mixin.py:188} INFO - [2026-09-17T14:09:06.180+0000] {dagbag.py:545} INFO - Filling up the DagBag from /opt/airflow/dags/dag_updating.py
[2026-09-17T14:09:06.290+0000] {processor.py:840} INFO - DAG(s) 'youtube_data_updating' retrieved from /opt/airflow/dags/dag_updating.py
[2026-09-17T14:09:06.364+0000] {logging_mixin.py:188} INFO - [2026-09-17T14:09:06.363+0000] {dag.py:3096} INFO - Sync 1 DAGs
[2026-09-17T14:09:06.426+0000] {logging_mixin.py:188} INFO - [2026-09-17T14:09:06.425+0000] {dag.py:3954} INFO - Setting next_dagrun for youtube_data_updating to 2026-09-17 00:00:00+00:00, run_after=2026-09-18 00:00:00+00:00
[2026-09-17T14:09:06.489+0000] {processor.py:183} INFO - Processing /opt/airflow/dags/dag_updating.py took 0.335 seconds
[2026-09-17T14:09:36.948+0000] {processor.py:161} INFO - Started process (PID=958) to work on /opt/airflow/dags/dag_updating.py
[2026-09-17T14:09:36.952+0000] {processor.py:830} INFO - Processing file /opt/airflow/dags/dag_updating.py for tasks to queue
[2026-09-17T14:09:36.955+0000] {logging_mixin.py:188} INFO - [2026-09-17T14:09:36.954+0000] {dagbag.py:545} INFO - Filling up the DagBag from /opt/airflow/dags/dag_updating.py
[2026-09-17T14:09:37.022+0000] {processor.py:840} INFO - DAG(s) 'youtube_data_updating' retrieved from /opt/airflow/dags/dag_updating.py
[2026-09-17T14:09:37.056+0000] {logging_mixin.py:188} INFO - [2026-09-17T14:09:37.056+0000] {dag.py:3096} INFO - Sync 1 DAGs
[2026-09-17T14:09:37.092+0000] {logging_mixin.py:188} INFO - [2026-09-17T14:09:37.092+0000] {dag.py:3954} INFO - Setting next_dagrun for youtube_data_updating to 2026-09-17 00:00:00+00:00, run_after=2026-09-18 00:00:00+00:00
[2026-09-17T14:09:37.127+0000] {processor.py:183} INFO - Processing /opt/airflow/dags/dag_updating.py took 0.197 seconds
[2026-09-17T14:10:07.631+0000] {processor.py:161} INFO - Started process (PID=966) to work on /opt/airflow/dags/dag_updating.py
[2026-09-17T14:10:07.636+0000] {processor.py:830} INFO - Processing file /opt/airflow/dags/dag_updating.py for tasks to queue
[2026-09-17T14:10:07.641+0000] {logging_mixin.py:188} INFO - [2026-09-17T14:10:07.640+0000] {dagbag.py:545} INFO - Filling up the DagBag from /opt/airflow/dags/dag_updating.py
[2026-09-17T14:10:07.744+0000] {processor.py:840} INFO - DAG(s) 'youtube_data_updating' retrieved from /opt/airflow/dags/dag_updating.py
[2026-09-17T14:10:07.814+0000] {logging_mixin.py:188} INFO - [2026-09-17T14:10:07.813+0000] {dag.py:3096} INFO - Sync 1 DAGs
[2026-09-17T14:10:07.855+0000] {logging_mixin.py:188} INFO - [2026-09-17T14:10:07.855+0000] {dag.py:3954} INFO - Setting next_dagrun for youtube_data_updating to 2026-09-17 00:00:00+00:00, run_after=2026-09-18 00:00:00+00:00
[2026-09-17T14:10:07.891+0000] {processor.py:183} INFO - Processing /opt/airflow/dags/dag_updating.py took 0.284 seconds
[2026-09-17T14:10:38.330+0000] {processor.py:161} INFO - Started process (PID=974) to work on /opt/airflow/dags/dag_updating.py
[2026-09-17T14:10:38.334+0000] {processor.py:830} INFO - Processing file /opt/airflow/dags/dag_updating.py for tasks to queue
[2026-09-17T14:10:38.337+0000] {logging_mixin.py:188} INFO - [2026-09-17T14:10:38.337+0000] {dagbag.py:545} INFO - Filling up the DagBag from /opt/airflow/dags/dag_updating.py
[2026-09-17T14:10:38.394+0000] {processor.py:840} INFO - DAG(s) 'youtube_data_updating' retrieved from /opt/airflow/dags/dag_updating.py
[2026-09-17T14:10:38.423+0000] {logging_mixin.py:188} INFO - [2026-09-17T14:10:38.423+0000] {dag.py:3096} INFO - Sync 1 DAGs
[2026-09-17T14:10:38.450+0000] {logging_mixin.py:188} INFO - [2026-09-17T14:10:38.450+0000] {dag.py:3954} INFO - Setting next_dagrun for youtube_data_updating to 2026-09-17 00:00:00+00:00, run_after=2026-09-18 00:00:00+00:00
[2026-09-17T14:10:38.476+0000] {processor.py:183} INFO - Processing /opt/airflow/dags/dag_updating.py took 0.155 seconds
[2026-09-17T14:11:08.954+0000] {processor.py:161} INFO - Started process (PID=982) to work on /opt/airflow/dags/dag_updating.py
[2026-09-17T14:11:08.966+0000] {processor.py:830} INFO - Processing file /opt/airflow/dags/dag_updating.py for tasks to queue
[2026-09-17T14:11:08.969+0000] {logging_mixin.py:188} INFO - [2026-09-17T14:11:08.969+0000] {dagbag.py:545} INFO - Filling up the DagBag from /opt/airflow/dags/dag_updating.py
[2026-09-17T14:11:09.066+0000] {processor.py:840} INFO - DAG(s) 'youtube_data_updating' retrieved from /opt/airflow/dags/dag_updating.py
[2026-09-17T14:11:09.100+0000] {logging_mixin.py:188} INFO - [2026-09-17T14:11:09.100+0000] {dag.py:3096} INFO - Sync 1 DAGs
[2026-09-17T14:11:09.133+0000] {logging_mixin.py:188} INFO - [2026-09-17T14:11:09.133+0000] {dag.py:3954} INFO - Setting next_dagrun for youtube_data_updating to 2026-09-17 00:00:00+00:00, run_after=2026-09-18 00:00:00+00:00
[2026-09-17T14:11:09.181+0000] {processor.py:183} INFO - Processing /opt/airflow/dags/dag_updating.py took 0.256 seconds
[2026-09-17T14:11:39.685+0000] {processor.py:161} INFO - Started process (PID=990) to work on /opt/airflow/dags/dag_updating.py
[2026-09-17T14:11:39.692+0000] {processor.py:830} INFO - Processing file /opt/airflow/dags/dag_updating.py for tasks to queue
[2026-09-17T14:11:39.695+0000] {logging_mixin.py:188} INFO - [2026-09-17T14:11:39.695+0000] {dagbag.py:545} INFO - Filling up the DagBag from /opt/airflow/dags/dag_updating.py
[2026-09-17T14:11:39.766+0000] {logging_mixin.py:188} INFO - [2026-09-17T14:11:39.759+0000] {dagbag.py:355} ERROR - Failed to import: /opt/airflow/dags/dag_updating.py
Traceback (most recent call last):
  File "/home/airflow/.local/lib/python3.10/site-packages/airflow/models/dagbag.py", line 351, in parse
    loader.exec_module(new_module)
  File "<frozen importlib._bootstrap_external>", line 883, in exec_module
  File "<frozen importlib._bootstrap>", line 241, in _call_with_frames_removed
  File "/opt/airflow/dags/dag_updating.py", line 6, in <module>
    from scripts.staging import staging
  File "/opt/airflow/scripts/staging.py", line 8
    from airflow.providers.
                           ^
SyntaxError: invalid syntax
[2026-09-17T14:11:39.769+0000] {processor.py:842} WARNING - No viable dags retrieved from /opt/airflow/dags/dag_updating.py
[2026-09-17T14:11:39.816+0000] {processor.py:183} INFO - Processing /opt/airflow/dags/dag_updating.py took 0.146 seconds
[2026-09-17T14:12:10.284+0000] {processor.py:161} INFO - Started process (PID=1004) to work on /opt/airflow/dags/dag_updating.py
[2026-09-17T14:12:10.289+0000] {processor.py:830} INFO - Processing file /opt/airflow/dags/dag_updating.py for tasks to queue
[2026-09-17T14:12:10.293+0000] {logging_mixin.py:188} INFO - [2026-09-17T14:12:10.292+0000] {dagbag.py:545} INFO - Filling up the DagBag from /opt/airflow/dags/dag_updating.py
[2026-09-17T14:12:10.440+0000] {logging_mixin.py:188} INFO - [2026-09-17T14:12:10.416+0000] {dagbag.py:355} ERROR - Failed to import: /opt/airflow/dags/dag_updating.py
Traceback (most recent call last):
  File "/home/airflow/.local/lib/python3.10/site-packages/airflow/models/dagbag.py", line 351, in parse
    loader.exec_module(new_module)
  File "<frozen importlib._bootstrap_external>", line 883, in exec_module
  File "<frozen importlib._bootstrap>", line 241, in _call_with_frames_removed
  File "/opt/airflow/dags/dag_updating.py", line 6, in <module>
    from scripts.staging import staging
  File "/opt/airflow/scripts/staging.py", line 8, in <module>
    from airflow.providers import Pos
ImportError: cannot import name 'Pos' from 'airflow.providers' (unknown location)
[2026-09-17T14:12:10.446+0000] {processor.py:842} WARNING - No viable dags retrieved from /opt/airflow/dags/dag_updating.py
[2026-09-17T14:12:10.488+0000] {processor.py:183} INFO - Processing /opt/airflow/dags/dag_updating.py took 0.217 seconds
[2026-09-17T14:12:41.000+0000] {processor.py:161} INFO - Started process (PID=1012) to work on /opt/airflow/dags/dag_updating.py
[2026-09-17T14:12:41.005+0000] {processor.py:830} INFO - Processing file /opt/airflow/dags/dag_updating.py for tasks to queue
[2026-09-17T14:12:41.008+0000] {logging_mixin.py:188} INFO - [2026-09-17T14:12:41.008+0000] {dagbag.py:545} INFO - Filling up the DagBag from /opt/airflow/dags/dag_updating.py
[2026-09-17T14:12:41.074+0000] {logging_mixin.py:188} INFO - [2026-09-17T14:12:41.061+0000] {dagbag.py:355} ERROR - Failed to import: /opt/airflow/dags/dag_updating.py
Traceback (most recent call last):
  File "/home/airflow/.local/lib/python3.10/site-packages/airflow/models/dagbag.py", line 351, in parse
    loader.exec_module(new_module)
  File "<frozen importlib._bootstrap_external>", line 883, in exec_module
  File "<frozen importlib._bootstrap>", line 241, in _call_with_frames_removed
  File "/opt/airflow/dags/dag_updating.py", line 6, in <module>
    from scripts.staging import staging
  File "/opt/airflow/scripts/staging.py", line 8, in <module>
    from airflow.providers import Pos
ImportError: cannot import name 'Pos' from 'airflow.providers' (unknown location)
[2026-09-17T14:12:41.080+0000] {processor.py:842} WARNING - No viable dags retrieved from /opt/airflow/dags/dag_updating.py
[2026-09-17T14:12:41.117+0000] {processor.py:183} INFO - Processing /opt/airflow/dags/dag_updating.py took 0.129 seconds
[2026-09-17T14:13:11.677+0000] {processor.py:161} INFO - Started process (PID=1020) to work on /opt/airflow/dags/dag_updating.py
[2026-09-17T14:13:11.684+0000] {processor.py:830} INFO - Processing file /opt/airflow/dags/dag_updating.py for tasks to queue
[2026-09-17T14:13:11.690+0000] {logging_mixin.py:188} INFO - [2026-09-17T14:13:11.689+0000] {dagbag.py:545} INFO - Filling up the DagBag from /opt/airflow/dags/dag_updating.py
[2026-09-17T14:13:11.933+0000] {processor.py:840} INFO - DAG(s) 'youtube_data_updating' retrieved from /opt/airflow/dags/dag_updating.py
[2026-09-17T14:13:12.054+0000] {logging_mixin.py:188} INFO - [2026-09-17T14:13:12.054+0000] {dag.py:3096} INFO - Sync 1 DAGs
[2026-09-17T14:13:12.090+0000] {logging_mixin.py:188} INFO - [2026-09-17T14:13:12.089+0000] {dag.py:3954} INFO - Setting next_dagrun for youtube_data_updating to 2026-09-17 00:00:00+00:00, run_after=2026-09-18 00:00:00+00:00
[2026-09-17T14:13:12.153+0000] {processor.py:183} INFO - Processing /opt/airflow/dags/dag_updating.py took 0.489 seconds
[2026-09-17T14:13:42.465+0000] {processor.py:161} INFO - Started process (PID=1028) to work on /opt/airflow/dags/dag_updating.py
[2026-09-17T14:13:42.468+0000] {processor.py:830} INFO - Processing file /opt/airflow/dags/dag_updating.py for tasks to queue
[2026-09-17T14:13:42.476+0000] {logging_mixin.py:188} INFO - [2026-09-17T14:13:42.476+0000] {dagbag.py:545} INFO - Filling up the DagBag from /opt/airflow/dags/dag_updating.py
[2026-09-17T14:13:42.615+0000] {processor.py:840} INFO - DAG(s) 'youtube_data_updating' retrieved from /opt/airflow/dags/dag_updating.py
[2026-09-17T14:13:42.664+0000] {logging_mixin.py:188} INFO - [2026-09-17T14:13:42.664+0000] {dag.py:3096} INFO - Sync 1 DAGs
[2026-09-17T14:13:42.733+0000] {logging_mixin.py:188} INFO - [2026-09-17T14:13:42.732+0000] {dag.py:3954} INFO - Setting next_dagrun for youtube_data_updating to 2026-09-17 00:00:00+00:00, run_after=2026-09-18 00:00:00+00:00
[2026-09-17T14:13:42.798+0000] {processor.py:183} INFO - Processing /opt/airflow/dags/dag_updating.py took 0.356 seconds
[2026-09-17T14:14:13.268+0000] {processor.py:161} INFO - Started process (PID=1036) to work on /opt/airflow/dags/dag_updating.py
[2026-09-17T14:14:13.272+0000] {processor.py:830} INFO - Processing file /opt/airflow/dags/dag_updating.py for tasks to queue
[2026-09-17T14:14:13.275+0000] {logging_mixin.py:188} INFO - [2026-09-17T14:14:13.274+0000] {dagbag.py:545} INFO - Filling up the DagBag from /opt/airflow/dags/dag_updating.py
[2026-09-17T14:14:13.364+0000] {processor.py:840} INFO - DAG(s) 'youtube_data_updating' retrieved from /opt/airflow/dags/dag_updating.py
[2026-09-17T14:14:13.393+0000] {logging_mixin.py:188} INFO - [2026-09-17T14:14:13.393+0000] {dag.py:3096} INFO - Sync 1 DAGs
[2026-09-17T14:14:13.422+0000] {logging_mixin.py:188} INFO - [2026-09-17T14:14:13.422+0000] {dag.py:3954} INFO - Setting next_dagrun for youtube_data_updating to 2026-09-17 00:00:00+00:00, run_after=2026-09-18 00:00:00+00:00
[2026-09-17T14:14:13.451+0000] {processor.py:183} INFO - Processing /opt/airflow/dags/dag_updating.py took 0.198 seconds
[2026-09-17T14:14:43.976+0000] {processor.py:161} INFO - Started process (PID=1044) to work on /opt/airflow/dags/dag_updating.py
[2026-09-17T14:14:43.983+0000] {processor.py:830} INFO - Processing file /opt/airflow/dags/dag_updating.py for tasks to queue
[2026-09-17T14:14:43.987+0000] {logging_mixin.py:188} INFO - [2026-09-17T14:14:43.986+0000] {dagbag.py:545} INFO - Filling up the DagBag from /opt/airflow/dags/dag_updating.py
[2026-09-17T14:14:44.147+0000] {processor.py:840} INFO - DAG(s) 'youtube_data_updating' retrieved from /opt/airflow/dags/dag_updating.py
[2026-09-17T14:14:44.221+0000] {logging_mixin.py:188} INFO - [2026-09-17T14:14:44.220+0000] {dag.py:3096} INFO - Sync 1 DAGs
[2026-09-17T14:14:44.284+0000] {logging_mixin.py:188} INFO - [2026-09-17T14:14:44.283+0000] {dag.py:3954} INFO - Setting next_dagrun for youtube_data_updating to 2026-09-17 00:00:00+00:00, run_after=2026-09-18 00:00:00+00:00
[2026-09-17T14:14:44.327+0000] {processor.py:183} INFO - Processing /opt/airflow/dags/dag_updating.py took 0.365 seconds
[2026-09-17T14:15:14.821+0000] {processor.py:161} INFO - Started process (PID=1052) to work on /opt/airflow/dags/dag_updating.py
[2026-09-17T14:15:14.828+0000] {processor.py:830} INFO - Processing file /opt/airflow/dags/dag_updating.py for tasks to queue
[2026-09-17T14:15:14.832+0000] {logging_mixin.py:188} INFO - [2026-09-17T14:15:14.831+0000] {dagbag.py:545} INFO - Filling up the DagBag from /opt/airflow/dags/dag_updating.py
[2026-09-17T14:15:14.946+0000] {processor.py:840} INFO - DAG(s) 'youtube_data_updating' retrieved from /opt/airflow/dags/dag_updating.py
[2026-09-17T14:15:14.993+0000] {logging_mixin.py:188} INFO - [2026-09-17T14:15:14.992+0000] {dag.py:3096} INFO - Sync 1 DAGs
[2026-09-17T14:15:15.030+0000] {logging_mixin.py:188} INFO - [2026-09-17T14:15:15.029+0000] {dag.py:3954} INFO - Setting next_dagrun for youtube_data_updating to 2026-09-17 00:00:00+00:00, run_after=2026-09-18 00:00:00+00:00
[2026-09-17T14:15:15.065+0000] {processor.py:183} INFO - Processing /opt/airflow/dags/dag_updating.py took 0.260 seconds
[2026-09-17T14:15:45.614+0000] {processor.py:161} INFO - Started process (PID=1060) to work on /opt/airflow/dags/dag_updating.py
[2026-09-17T14:15:45.620+0000] {processor.py:830} INFO - Processing file /opt/airflow/dags/dag_updating.py for tasks to queue
[2026-09-17T14:15:45.624+0000] {logging_mixin.py:188} INFO - [2026-09-17T14:15:45.624+0000] {dagbag.py:545} INFO - Filling up the DagBag from /opt/airflow/dags/dag_updating.py
[2026-09-17T14:15:45.767+0000] {processor.py:840} INFO - DAG(s) 'youtube_data_updating' retrieved from /opt/airflow/dags/dag_updating.py
[2026-09-17T14:15:45.812+0000] {logging_mixin.py:188} INFO - [2026-09-17T14:15:45.812+0000] {dag.py:3096} INFO - Sync 1 DAGs
[2026-09-17T14:15:45.863+0000] {logging_mixin.py:188} INFO - [2026-09-17T14:15:45.862+0000] {dag.py:3954} INFO - Setting next_dagrun for youtube_data_updating to 2026-09-17 00:00:00+00:00, run_after=2026-09-18 00:00:00+00:00
[2026-09-17T14:15:45.906+0000] {processor.py:183} INFO - Processing /opt/airflow/dags/dag_updating.py took 0.308 seconds
[2026-09-17T14:16:16.408+0000] {processor.py:161} INFO - Started process (PID=1068) to work on /opt/airflow/dags/dag_updating.py
[2026-09-17T14:16:16.415+0000] {processor.py:830} INFO - Processing file /opt/airflow/dags/dag_updating.py for tasks to queue
[2026-09-17T14:16:16.420+0000] {logging_mixin.py:188} INFO - [2026-09-17T14:16:16.419+0000] {dagbag.py:545} INFO - Filling up the DagBag from /opt/airflow/dags/dag_updating.py
[2026-09-17T14:16:16.525+0000] {logging_mixin.py:188} INFO - [2026-09-17T14:16:16.513+0000] {dagbag.py:355} ERROR - Failed to import: /opt/airflow/dags/dag_updating.py
Traceback (most recent call last):
  File "/home/airflow/.local/lib/python3.10/site-packages/airflow/models/dagbag.py", line 351, in parse
    loader.exec_module(new_module)
  File "<frozen importlib._bootstrap_external>", line 883, in exec_module
  File "<frozen importlib._bootstrap>", line 241, in _call_with_frames_removed
  File "/opt/airflow/dags/dag_updating.py", line 6, in <module>
    from scripts.staging import staging
  File "/opt/airflow/scripts/staging.py", line 28
    hook.insert_rows(table= 'staging', rows =  )
                                               ^
SyntaxError: invalid syntax
[2026-09-17T14:16:16.530+0000] {processor.py:842} WARNING - No viable dags retrieved from /opt/airflow/dags/dag_updating.py
[2026-09-17T14:16:16.581+0000] {processor.py:183} INFO - Processing /opt/airflow/dags/dag_updating.py took 0.201 seconds
[2026-09-17T14:16:47.021+0000] {processor.py:161} INFO - Started process (PID=1076) to work on /opt/airflow/dags/dag_updating.py
[2026-09-17T14:16:47.027+0000] {processor.py:830} INFO - Processing file /opt/airflow/dags/dag_updating.py for tasks to queue
[2026-09-17T14:16:47.030+0000] {logging_mixin.py:188} INFO - [2026-09-17T14:16:47.030+0000] {dagbag.py:545} INFO - Filling up the DagBag from /opt/airflow/dags/dag_updating.py
[2026-09-17T14:16:47.104+0000] {logging_mixin.py:188} INFO - [2026-09-17T14:16:47.095+0000] {dagbag.py:355} ERROR - Failed to import: /opt/airflow/dags/dag_updating.py
Traceback (most recent call last):
  File "/home/airflow/.local/lib/python3.10/site-packages/airflow/models/dagbag.py", line 351, in parse
    loader.exec_module(new_module)
  File "<frozen importlib._bootstrap_external>", line 883, in exec_module
  File "<frozen importlib._bootstrap>", line 241, in _call_with_frames_removed
  File "/opt/airflow/dags/dag_updating.py", line 6, in <module>
    from scripts.staging import staging
  File "/opt/airflow/scripts/staging.py", line 28
    hook.insert_rows(table= 'staging', rows = [for video in videos :
                                               ^^^
SyntaxError: invalid syntax
[2026-09-17T14:16:47.107+0000] {processor.py:842} WARNING - No viable dags retrieved from /opt/airflow/dags/dag_updating.py
[2026-09-17T14:16:47.142+0000] {processor.py:183} INFO - Processing /opt/airflow/dags/dag_updating.py took 0.131 seconds
[2026-09-17T14:17:17.700+0000] {processor.py:161} INFO - Started process (PID=1084) to work on /opt/airflow/dags/dag_updating.py
[2026-09-17T14:17:17.708+0000] {processor.py:830} INFO - Processing file /opt/airflow/dags/dag_updating.py for tasks to queue
[2026-09-17T14:17:17.714+0000] {logging_mixin.py:188} INFO - [2026-09-17T14:17:17.713+0000] {dagbag.py:545} INFO - Filling up the DagBag from /opt/airflow/dags/dag_updating.py
[2026-09-17T14:17:17.803+0000] {logging_mixin.py:188} INFO - [2026-09-17T14:17:17.793+0000] {dagbag.py:355} ERROR - Failed to import: /opt/airflow/dags/dag_updating.py
Traceback (most recent call last):
  File "/home/airflow/.local/lib/python3.10/site-packages/airflow/models/dagbag.py", line 351, in parse
    loader.exec_module(new_module)
  File "<frozen importlib._bootstrap_external>", line 883, in exec_module
  File "<frozen importlib._bootstrap>", line 241, in _call_with_frames_removed
  File "/opt/airflow/dags/dag_updating.py", line 6, in <module>
    from scripts.staging import staging
  File "/opt/airflow/scripts/staging.py", line 34
    str(video['comment_count']for video in videos ] )
                                                  ^
SyntaxError: closing parenthesis ']' does not match opening parenthesis '('
[2026-09-17T14:17:17.809+0000] {processor.py:842} WARNING - No viable dags retrieved from /opt/airflow/dags/dag_updating.py
[2026-09-17T14:17:17.867+0000] {processor.py:183} INFO - Processing /opt/airflow/dags/dag_updating.py took 0.191 seconds
[2026-09-17T14:17:48.530+0000] {processor.py:161} INFO - Started process (PID=1092) to work on /opt/airflow/dags/dag_updating.py
[2026-09-17T14:17:48.539+0000] {processor.py:830} INFO - Processing file /opt/airflow/dags/dag_updating.py for tasks to queue
[2026-09-17T14:17:48.545+0000] {logging_mixin.py:188} INFO - [2026-09-17T14:17:48.544+0000] {dagbag.py:545} INFO - Filling up the DagBag from /opt/airflow/dags/dag_updating.py
[2026-09-17T14:17:48.734+0000] {logging_mixin.py:188} INFO - [2026-09-17T14:17:48.723+0000] {dagbag.py:355} ERROR - Failed to import: /opt/airflow/dags/dag_updating.py
Traceback (most recent call last):
  File "/home/airflow/.local/lib/python3.10/site-packages/airflow/models/dagbag.py", line 351, in parse
    loader.exec_module(new_module)
  File "<frozen importlib._bootstrap_external>", line 883, in exec_module
  File "<frozen importlib._bootstrap>", line 241, in _call_with_frames_removed
  File "/opt/airflow/dags/dag_updating.py", line 6, in <module>
    from scripts.staging import staging
  File "/opt/airflow/scripts/staging.py", line 28
    hook.insert_rows(table= 'staging', rows = [video['video_id'],
                                               
SyntaxError: did you forget parentheses around the comprehension target?
[2026-09-17T14:17:48.739+0000] {processor.py:842} WARNING - No viable dags retrieved from /opt/airflow/dags/dag_updating.py
[2026-09-17T14:17:48.765+0000] {processor.py:183} INFO - Processing /opt/airflow/dags/dag_updating.py took 0.257 seconds
[2026-09-17T14:18:19.366+0000] {processor.py:161} INFO - Started process (PID=1100) to work on /opt/airflow/dags/dag_updating.py
[2026-09-17T14:18:19.372+0000] {processor.py:830} INFO - Processing file /opt/airflow/dags/dag_updating.py for tasks to queue
[2026-09-17T14:18:19.378+0000] {logging_mixin.py:188} INFO - [2026-09-17T14:18:19.377+0000] {dagbag.py:545} INFO - Filling up the DagBag from /opt/airflow/dags/dag_updating.py
[2026-09-17T14:18:19.444+0000] {logging_mixin.py:188} INFO - [2026-09-17T14:18:19.438+0000] {dagbag.py:355} ERROR - Failed to import: /opt/airflow/dags/dag_updating.py
Traceback (most recent call last):
  File "/home/airflow/.local/lib/python3.10/site-packages/airflow/models/dagbag.py", line 351, in parse
    loader.exec_module(new_module)
  File "<frozen importlib._bootstrap_external>", line 883, in exec_module
  File "<frozen importlib._bootstrap>", line 241, in _call_with_frames_removed
  File "/opt/airflow/dags/dag_updating.py", line 6, in <module>
    from scripts.staging import staging
  File "/opt/airflow/scripts/staging.py", line 28
    hook.insert_rows(table= 'staging', rows = [video['video_id'],
                                               
SyntaxError: did you forget parentheses around the comprehension target?
[2026-09-17T14:18:19.449+0000] {processor.py:842} WARNING - No viable dags retrieved from /opt/airflow/dags/dag_updating.py
[2026-09-17T14:18:19.501+0000] {processor.py:183} INFO - Processing /opt/airflow/dags/dag_updating.py took 0.161 seconds
[2026-09-17T14:18:50.044+0000] {processor.py:161} INFO - Started process (PID=1108) to work on /opt/airflow/dags/dag_updating.py
[2026-09-17T14:18:50.048+0000] {processor.py:830} INFO - Processing file /opt/airflow/dags/dag_updating.py for tasks to queue
[2026-09-17T14:18:50.058+0000] {logging_mixin.py:188} INFO - [2026-09-17T14:18:50.057+0000] {dagbag.py:545} INFO - Filling up the DagBag from /opt/airflow/dags/dag_updating.py
[2026-09-17T14:18:50.120+0000] {logging_mixin.py:188} INFO - [2026-09-17T14:18:50.112+0000] {dagbag.py:355} ERROR - Failed to import: /opt/airflow/dags/dag_updating.py
Traceback (most recent call last):
  File "/home/airflow/.local/lib/python3.10/site-packages/airflow/models/dagbag.py", line 351, in parse
    loader.exec_module(new_module)
  File "<frozen importlib._bootstrap_external>", line 883, in exec_module
  File "<frozen importlib._bootstrap>", line 241, in _call_with_frames_removed
  File "/opt/airflow/dags/dag_updating.py", line 6, in <module>
    from scripts.staging import staging
  File "/opt/airflow/scripts/staging.py", line 28
    hook.insert_rows(table= 'staging', rows = [video['video_id'],
                                               
SyntaxError: did you forget parentheses around the comprehension target?
[2026-09-17T14:18:50.123+0000] {processor.py:842} WARNING - No viable dags retrieved from /opt/airflow/dags/dag_updating.py
[2026-09-17T14:18:50.157+0000] {processor.py:183} INFO - Processing /opt/airflow/dags/dag_updating.py took 0.130 seconds
[2026-09-17T14:19:20.677+0000] {processor.py:161} INFO - Started process (PID=1116) to work on /opt/airflow/dags/dag_updating.py
[2026-09-17T14:19:20.683+0000] {processor.py:830} INFO - Processing file /opt/airflow/dags/dag_updating.py for tasks to queue
[2026-09-17T14:19:20.688+0000] {logging_mixin.py:188} INFO - [2026-09-17T14:19:20.687+0000] {dagbag.py:545} INFO - Filling up the DagBag from /opt/airflow/dags/dag_updating.py
[2026-09-17T14:19:20.778+0000] {logging_mixin.py:188} INFO - [2026-09-17T14:19:20.769+0000] {dagbag.py:355} ERROR - Failed to import: /opt/airflow/dags/dag_updating.py
Traceback (most recent call last):
  File "/home/airflow/.local/lib/python3.10/site-packages/airflow/models/dagbag.py", line 351, in parse
    loader.exec_module(new_module)
  File "<frozen importlib._bootstrap_external>", line 883, in exec_module
  File "<frozen importlib._bootstrap>", line 241, in _call_with_frames_removed
  File "/opt/airflow/dags/dag_updating.py", line 6, in <module>
    from scripts.staging import staging
  File "/opt/airflow/scripts/staging.py", line 28
    hook.insert_rows(table= 'staging', rows = [video['video_id'],
                                               
SyntaxError: did you forget parentheses around the comprehension target?
[2026-09-17T14:19:20.783+0000] {processor.py:842} WARNING - No viable dags retrieved from /opt/airflow/dags/dag_updating.py
[2026-09-17T14:19:20.838+0000] {processor.py:183} INFO - Processing /opt/airflow/dags/dag_updating.py took 0.188 seconds
[2026-09-17T14:19:51.325+0000] {processor.py:161} INFO - Started process (PID=1124) to work on /opt/airflow/dags/dag_updating.py
[2026-09-17T14:19:51.331+0000] {processor.py:830} INFO - Processing file /opt/airflow/dags/dag_updating.py for tasks to queue
[2026-09-17T14:19:51.335+0000] {logging_mixin.py:188} INFO - [2026-09-17T14:19:51.334+0000] {dagbag.py:545} INFO - Filling up the DagBag from /opt/airflow/dags/dag_updating.py
[2026-09-17T14:19:51.418+0000] {logging_mixin.py:188} INFO - [2026-09-17T14:19:51.407+0000] {dagbag.py:355} ERROR - Failed to import: /opt/airflow/dags/dag_updating.py
Traceback (most recent call last):
  File "/home/airflow/.local/lib/python3.10/site-packages/airflow/models/dagbag.py", line 351, in parse
    loader.exec_module(new_module)
  File "<frozen importlib._bootstrap_external>", line 883, in exec_module
  File "<frozen importlib._bootstrap>", line 241, in _call_with_frames_removed
  File "/opt/airflow/dags/dag_updating.py", line 6, in <module>
    from scripts.staging import staging
  File "/opt/airflow/scripts/staging.py", line 28
    hook.insert_rows(table= 'staging', rows = [video['video_id'],
                                               
SyntaxError: did you forget parentheses around the comprehension target?
[2026-09-17T14:19:51.423+0000] {processor.py:842} WARNING - No viable dags retrieved from /opt/airflow/dags/dag_updating.py
[2026-09-17T14:19:51.498+0000] {processor.py:183} INFO - Processing /opt/airflow/dags/dag_updating.py took 0.197 seconds
[2026-09-17T14:20:21.978+0000] {processor.py:161} INFO - Started process (PID=1132) to work on /opt/airflow/dags/dag_updating.py
[2026-09-17T14:20:21.984+0000] {processor.py:830} INFO - Processing file /opt/airflow/dags/dag_updating.py for tasks to queue
[2026-09-17T14:20:21.987+0000] {logging_mixin.py:188} INFO - [2026-09-17T14:20:21.986+0000] {dagbag.py:545} INFO - Filling up the DagBag from /opt/airflow/dags/dag_updating.py
[2026-09-17T14:20:22.045+0000] {logging_mixin.py:188} INFO - [2026-09-17T14:20:22.038+0000] {dagbag.py:355} ERROR - Failed to import: /opt/airflow/dags/dag_updating.py
Traceback (most recent call last):
  File "/home/airflow/.local/lib/python3.10/site-packages/airflow/models/dagbag.py", line 351, in parse
    loader.exec_module(new_module)
  File "<frozen importlib._bootstrap_external>", line 883, in exec_module
  File "<frozen importlib._bootstrap>", line 241, in _call_with_frames_removed
  File "/opt/airflow/dags/dag_updating.py", line 6, in <module>
    from scripts.staging import staging
  File "/opt/airflow/scripts/staging.py", line 28
    hook.insert_rows(table= 'staging', rows = [video['video_id'],
                                               
SyntaxError: did you forget parentheses around the comprehension target?
[2026-09-17T14:20:22.049+0000] {processor.py:842} WARNING - No viable dags retrieved from /opt/airflow/dags/dag_updating.py
[2026-09-17T14:20:22.078+0000] {processor.py:183} INFO - Processing /opt/airflow/dags/dag_updating.py took 0.117 seconds
[2026-09-17T14:20:52.487+0000] {processor.py:161} INFO - Started process (PID=1140) to work on /opt/airflow/dags/dag_updating.py
[2026-09-17T14:20:52.493+0000] {processor.py:830} INFO - Processing file /opt/airflow/dags/dag_updating.py for tasks to queue
[2026-09-17T14:20:52.497+0000] {logging_mixin.py:188} INFO - [2026-09-17T14:20:52.496+0000] {dagbag.py:545} INFO - Filling up the DagBag from /opt/airflow/dags/dag_updating.py
[2026-09-17T14:20:52.546+0000] {logging_mixin.py:188} INFO - [2026-09-17T14:20:52.540+0000] {dagbag.py:355} ERROR - Failed to import: /opt/airflow/dags/dag_updating.py
Traceback (most recent call last):
  File "/home/airflow/.local/lib/python3.10/site-packages/airflow/models/dagbag.py", line 351, in parse
    loader.exec_module(new_module)
  File "<frozen importlib._bootstrap_external>", line 883, in exec_module
  File "<frozen importlib._bootstrap>", line 241, in _call_with_frames_removed
  File "/opt/airflow/dags/dag_updating.py", line 6, in <module>
    from scripts.staging import staging
  File "/opt/airflow/scripts/staging.py", line 34
    str(video['comment_count'])for video in videos ], targeted_fields = ["video_id", "title", "published_at", "duration", "view_count", "like_count", "comment_count"] , replace= True)
                                                   ^
SyntaxError: closing parenthesis ']' does not match opening parenthesis '(' on line 28
[2026-09-17T14:20:52.549+0000] {processor.py:842} WARNING - No viable dags retrieved from /opt/airflow/dags/dag_updating.py
[2026-09-17T14:20:52.583+0000] {processor.py:183} INFO - Processing /opt/airflow/dags/dag_updating.py took 0.108 seconds
[2026-09-17T14:21:23.057+0000] {processor.py:161} INFO - Started process (PID=1148) to work on /opt/airflow/dags/dag_updating.py
[2026-09-17T14:21:23.063+0000] {processor.py:830} INFO - Processing file /opt/airflow/dags/dag_updating.py for tasks to queue
[2026-09-17T14:21:23.068+0000] {logging_mixin.py:188} INFO - [2026-09-17T14:21:23.067+0000] {dagbag.py:545} INFO - Filling up the DagBag from /opt/airflow/dags/dag_updating.py
[2026-09-17T14:21:23.183+0000] {processor.py:840} INFO - DAG(s) 'youtube_data_updating' retrieved from /opt/airflow/dags/dag_updating.py
[2026-09-17T14:21:23.337+0000] {logging_mixin.py:188} INFO - [2026-09-17T14:21:23.337+0000] {dag.py:3096} INFO - Sync 1 DAGs
[2026-09-17T14:21:23.368+0000] {logging_mixin.py:188} INFO - [2026-09-17T14:21:23.367+0000] {dag.py:3954} INFO - Setting next_dagrun for youtube_data_updating to 2026-09-17 00:00:00+00:00, run_after=2026-09-18 00:00:00+00:00
[2026-09-17T14:21:23.403+0000] {processor.py:183} INFO - Processing /opt/airflow/dags/dag_updating.py took 0.363 seconds
[2026-09-17T14:21:53.803+0000] {processor.py:161} INFO - Started process (PID=1156) to work on /opt/airflow/dags/dag_updating.py
[2026-09-17T14:21:53.808+0000] {processor.py:830} INFO - Processing file /opt/airflow/dags/dag_updating.py for tasks to queue
[2026-09-17T14:21:53.813+0000] {logging_mixin.py:188} INFO - [2026-09-17T14:21:53.812+0000] {dagbag.py:545} INFO - Filling up the DagBag from /opt/airflow/dags/dag_updating.py
[2026-09-17T14:21:53.934+0000] {processor.py:840} INFO - DAG(s) 'youtube_data_updating' retrieved from /opt/airflow/dags/dag_updating.py
[2026-09-17T14:21:53.985+0000] {logging_mixin.py:188} INFO - [2026-09-17T14:21:53.984+0000] {dag.py:3096} INFO - Sync 1 DAGs
[2026-09-17T14:21:54.035+0000] {logging_mixin.py:188} INFO - [2026-09-17T14:21:54.034+0000] {dag.py:3954} INFO - Setting next_dagrun for youtube_data_updating to 2026-09-17 00:00:00+00:00, run_after=2026-09-18 00:00:00+00:00
[2026-09-17T14:21:54.075+0000] {processor.py:183} INFO - Processing /opt/airflow/dags/dag_updating.py took 0.295 seconds
[2026-09-17T14:22:24.633+0000] {processor.py:161} INFO - Started process (PID=1164) to work on /opt/airflow/dags/dag_updating.py
[2026-09-17T14:22:24.641+0000] {processor.py:830} INFO - Processing file /opt/airflow/dags/dag_updating.py for tasks to queue
[2026-09-17T14:22:24.645+0000] {logging_mixin.py:188} INFO - [2026-09-17T14:22:24.644+0000] {dagbag.py:545} INFO - Filling up the DagBag from /opt/airflow/dags/dag_updating.py
[2026-09-17T14:22:24.802+0000] {processor.py:840} INFO - DAG(s) 'youtube_data_updating' retrieved from /opt/airflow/dags/dag_updating.py
[2026-09-17T14:22:24.878+0000] {logging_mixin.py:188} INFO - [2026-09-17T14:22:24.877+0000] {dag.py:3096} INFO - Sync 1 DAGs
[2026-09-17T14:22:24.940+0000] {logging_mixin.py:188} INFO - [2026-09-17T14:22:24.939+0000] {dag.py:3954} INFO - Setting next_dagrun for youtube_data_updating to 2026-09-17 00:00:00+00:00, run_after=2026-09-18 00:00:00+00:00
[2026-09-17T14:22:24.996+0000] {processor.py:183} INFO - Processing /opt/airflow/dags/dag_updating.py took 0.391 seconds
[2026-09-17T14:22:55.650+0000] {processor.py:161} INFO - Started process (PID=1173) to work on /opt/airflow/dags/dag_updating.py
[2026-09-17T14:22:55.655+0000] {processor.py:830} INFO - Processing file /opt/airflow/dags/dag_updating.py for tasks to queue
[2026-09-17T14:22:55.658+0000] {logging_mixin.py:188} INFO - [2026-09-17T14:22:55.657+0000] {dagbag.py:545} INFO - Filling up the DagBag from /opt/airflow/dags/dag_updating.py
[2026-09-17T14:22:55.730+0000] {processor.py:840} INFO - DAG(s) 'youtube_data_updating' retrieved from /opt/airflow/dags/dag_updating.py
[2026-09-17T14:22:55.761+0000] {logging_mixin.py:188} INFO - [2026-09-17T14:22:55.760+0000] {dag.py:3096} INFO - Sync 1 DAGs
[2026-09-17T14:22:55.797+0000] {logging_mixin.py:188} INFO - [2026-09-17T14:22:55.796+0000] {dag.py:3954} INFO - Setting next_dagrun for youtube_data_updating to 2026-09-17 00:00:00+00:00, run_after=2026-09-18 00:00:00+00:00
[2026-09-17T14:22:55.836+0000] {processor.py:183} INFO - Processing /opt/airflow/dags/dag_updating.py took 0.197 seconds
[2026-09-17T14:23:26.255+0000] {processor.py:161} INFO - Started process (PID=1181) to work on /opt/airflow/dags/dag_updating.py
[2026-09-17T14:23:26.258+0000] {processor.py:830} INFO - Processing file /opt/airflow/dags/dag_updating.py for tasks to queue
[2026-09-17T14:23:26.260+0000] {logging_mixin.py:188} INFO - [2026-09-17T14:23:26.260+0000] {dagbag.py:545} INFO - Filling up the DagBag from /opt/airflow/dags/dag_updating.py
[2026-09-17T14:23:26.312+0000] {processor.py:840} INFO - DAG(s) 'youtube_data_updating' retrieved from /opt/airflow/dags/dag_updating.py
[2026-09-17T14:23:26.336+0000] {logging_mixin.py:188} INFO - [2026-09-17T14:23:26.336+0000] {dag.py:3096} INFO - Sync 1 DAGs
[2026-09-17T14:23:26.366+0000] {logging_mixin.py:188} INFO - [2026-09-17T14:23:26.366+0000] {dag.py:3954} INFO - Setting next_dagrun for youtube_data_updating to 2026-09-17 00:00:00+00:00, run_after=2026-09-18 00:00:00+00:00
[2026-09-17T14:23:26.393+0000] {processor.py:183} INFO - Processing /opt/airflow/dags/dag_updating.py took 0.145 seconds
[2026-09-17T14:23:56.739+0000] {processor.py:161} INFO - Started process (PID=1189) to work on /opt/airflow/dags/dag_updating.py
[2026-09-17T14:23:56.742+0000] {processor.py:830} INFO - Processing file /opt/airflow/dags/dag_updating.py for tasks to queue
[2026-09-17T14:23:56.744+0000] {logging_mixin.py:188} INFO - [2026-09-17T14:23:56.743+0000] {dagbag.py:545} INFO - Filling up the DagBag from /opt/airflow/dags/dag_updating.py
[2026-09-17T14:23:56.800+0000] {processor.py:840} INFO - DAG(s) 'youtube_data_updating' retrieved from /opt/airflow/dags/dag_updating.py
[2026-09-17T14:23:56.828+0000] {logging_mixin.py:188} INFO - [2026-09-17T14:23:56.828+0000] {dag.py:3096} INFO - Sync 1 DAGs
[2026-09-17T14:23:56.858+0000] {logging_mixin.py:188} INFO - [2026-09-17T14:23:56.857+0000] {dag.py:3954} INFO - Setting next_dagrun for youtube_data_updating to 2026-09-17 00:00:00+00:00, run_after=2026-09-18 00:00:00+00:00
[2026-09-17T14:23:56.883+0000] {processor.py:183} INFO - Processing /opt/airflow/dags/dag_updating.py took 0.151 seconds
[2026-09-17T14:24:27.217+0000] {processor.py:161} INFO - Started process (PID=1197) to work on /opt/airflow/dags/dag_updating.py
[2026-09-17T14:24:27.220+0000] {processor.py:830} INFO - Processing file /opt/airflow/dags/dag_updating.py for tasks to queue
[2026-09-17T14:24:27.223+0000] {logging_mixin.py:188} INFO - [2026-09-17T14:24:27.222+0000] {dagbag.py:545} INFO - Filling up the DagBag from /opt/airflow/dags/dag_updating.py
[2026-09-17T14:24:27.281+0000] {processor.py:840} INFO - DAG(s) 'youtube_data_updating' retrieved from /opt/airflow/dags/dag_updating.py
[2026-09-17T14:24:27.331+0000] {logging_mixin.py:188} INFO - [2026-09-17T14:24:27.319+0000] {dag.py:3096} INFO - Sync 1 DAGs
[2026-09-17T14:24:27.384+0000] {logging_mixin.py:188} INFO - [2026-09-17T14:24:27.383+0000] {dag.py:3954} INFO - Setting next_dagrun for youtube_data_updating to 2026-09-17 00:00:00+00:00, run_after=2026-09-18 00:00:00+00:00
[2026-09-17T14:24:27.409+0000] {processor.py:183} INFO - Processing /opt/airflow/dags/dag_updating.py took 0.205 seconds
[2026-09-17T14:24:57.765+0000] {processor.py:161} INFO - Started process (PID=1205) to work on /opt/airflow/dags/dag_updating.py
[2026-09-17T14:24:57.767+0000] {processor.py:830} INFO - Processing file /opt/airflow/dags/dag_updating.py for tasks to queue
[2026-09-17T14:24:57.769+0000] {logging_mixin.py:188} INFO - [2026-09-17T14:24:57.769+0000] {dagbag.py:545} INFO - Filling up the DagBag from /opt/airflow/dags/dag_updating.py
[2026-09-17T14:24:57.818+0000] {processor.py:840} INFO - DAG(s) 'youtube_data_updating' retrieved from /opt/airflow/dags/dag_updating.py
[2026-09-17T14:24:57.843+0000] {logging_mixin.py:188} INFO - [2026-09-17T14:24:57.842+0000] {dag.py:3096} INFO - Sync 1 DAGs
[2026-09-17T14:24:57.866+0000] {logging_mixin.py:188} INFO - [2026-09-17T14:24:57.866+0000] {dag.py:3954} INFO - Setting next_dagrun for youtube_data_updating to 2026-09-17 00:00:00+00:00, run_after=2026-09-18 00:00:00+00:00
[2026-09-17T14:24:57.892+0000] {processor.py:183} INFO - Processing /opt/airflow/dags/dag_updating.py took 0.139 seconds
[2026-09-17T14:25:28.210+0000] {processor.py:161} INFO - Started process (PID=1213) to work on /opt/airflow/dags/dag_updating.py
[2026-09-17T14:25:28.212+0000] {processor.py:830} INFO - Processing file /opt/airflow/dags/dag_updating.py for tasks to queue
[2026-09-17T14:25:28.214+0000] {logging_mixin.py:188} INFO - [2026-09-17T14:25:28.214+0000] {dagbag.py:545} INFO - Filling up the DagBag from /opt/airflow/dags/dag_updating.py
[2026-09-17T14:25:28.258+0000] {processor.py:840} INFO - DAG(s) 'youtube_data_updating' retrieved from /opt/airflow/dags/dag_updating.py
[2026-09-17T14:25:28.283+0000] {logging_mixin.py:188} INFO - [2026-09-17T14:25:28.283+0000] {dag.py:3096} INFO - Sync 1 DAGs
[2026-09-17T14:25:28.306+0000] {logging_mixin.py:188} INFO - [2026-09-17T14:25:28.306+0000] {dag.py:3954} INFO - Setting next_dagrun for youtube_data_updating to 2026-09-17 00:00:00+00:00, run_after=2026-09-18 00:00:00+00:00
[2026-09-17T14:25:28.330+0000] {processor.py:183} INFO - Processing /opt/airflow/dags/dag_updating.py took 0.130 seconds
[2026-09-17T14:25:58.692+0000] {processor.py:161} INFO - Started process (PID=1221) to work on /opt/airflow/dags/dag_updating.py
[2026-09-17T14:25:58.695+0000] {processor.py:830} INFO - Processing file /opt/airflow/dags/dag_updating.py for tasks to queue
[2026-09-17T14:25:58.697+0000] {logging_mixin.py:188} INFO - [2026-09-17T14:25:58.696+0000] {dagbag.py:545} INFO - Filling up the DagBag from /opt/airflow/dags/dag_updating.py
[2026-09-17T14:25:58.739+0000] {processor.py:840} INFO - DAG(s) 'youtube_data_updating' retrieved from /opt/airflow/dags/dag_updating.py
[2026-09-17T14:25:58.760+0000] {logging_mixin.py:188} INFO - [2026-09-17T14:25:58.760+0000] {dag.py:3096} INFO - Sync 1 DAGs
[2026-09-17T14:25:58.783+0000] {logging_mixin.py:188} INFO - [2026-09-17T14:25:58.783+0000] {dag.py:3954} INFO - Setting next_dagrun for youtube_data_updating to 2026-09-17 00:00:00+00:00, run_after=2026-09-18 00:00:00+00:00
[2026-09-17T14:25:58.806+0000] {processor.py:183} INFO - Processing /opt/airflow/dags/dag_updating.py took 0.122 seconds
[2026-09-17T14:26:29.177+0000] {processor.py:161} INFO - Started process (PID=1229) to work on /opt/airflow/dags/dag_updating.py
[2026-09-17T14:26:29.179+0000] {processor.py:830} INFO - Processing file /opt/airflow/dags/dag_updating.py for tasks to queue
[2026-09-17T14:26:29.182+0000] {logging_mixin.py:188} INFO - [2026-09-17T14:26:29.181+0000] {dagbag.py:545} INFO - Filling up the DagBag from /opt/airflow/dags/dag_updating.py
[2026-09-17T14:26:29.229+0000] {processor.py:840} INFO - DAG(s) 'youtube_data_updating' retrieved from /opt/airflow/dags/dag_updating.py
[2026-09-17T14:26:29.256+0000] {logging_mixin.py:188} INFO - [2026-09-17T14:26:29.256+0000] {dag.py:3096} INFO - Sync 1 DAGs
[2026-09-17T14:26:29.284+0000] {logging_mixin.py:188} INFO - [2026-09-17T14:26:29.284+0000] {dag.py:3954} INFO - Setting next_dagrun for youtube_data_updating to 2026-09-17 00:00:00+00:00, run_after=2026-09-18 00:00:00+00:00
[2026-09-17T14:26:29.308+0000] {processor.py:183} INFO - Processing /opt/airflow/dags/dag_updating.py took 0.142 seconds
[2026-09-17T14:26:59.636+0000] {processor.py:161} INFO - Started process (PID=1237) to work on /opt/airflow/dags/dag_updating.py
[2026-09-17T14:26:59.640+0000] {processor.py:830} INFO - Processing file /opt/airflow/dags/dag_updating.py for tasks to queue
[2026-09-17T14:26:59.642+0000] {logging_mixin.py:188} INFO - [2026-09-17T14:26:59.641+0000] {dagbag.py:545} INFO - Filling up the DagBag from /opt/airflow/dags/dag_updating.py
[2026-09-17T14:26:59.683+0000] {processor.py:840} INFO - DAG(s) 'youtube_data_updating' retrieved from /opt/airflow/dags/dag_updating.py
[2026-09-17T14:26:59.705+0000] {logging_mixin.py:188} INFO - [2026-09-17T14:26:59.705+0000] {dag.py:3096} INFO - Sync 1 DAGs
[2026-09-17T14:26:59.727+0000] {logging_mixin.py:188} INFO - [2026-09-17T14:26:59.727+0000] {dag.py:3954} INFO - Setting next_dagrun for youtube_data_updating to 2026-09-17 00:00:00+00:00, run_after=2026-09-18 00:00:00+00:00
[2026-09-17T14:26:59.752+0000] {processor.py:183} INFO - Processing /opt/airflow/dags/dag_updating.py took 0.122 seconds
[2026-09-17T14:27:30.120+0000] {processor.py:161} INFO - Started process (PID=1245) to work on /opt/airflow/dags/dag_updating.py
[2026-09-17T14:27:30.123+0000] {processor.py:830} INFO - Processing file /opt/airflow/dags/dag_updating.py for tasks to queue
[2026-09-17T14:27:30.126+0000] {logging_mixin.py:188} INFO - [2026-09-17T14:27:30.125+0000] {dagbag.py:545} INFO - Filling up the DagBag from /opt/airflow/dags/dag_updating.py
[2026-09-17T14:27:30.176+0000] {processor.py:840} INFO - DAG(s) 'youtube_data_updating' retrieved from /opt/airflow/dags/dag_updating.py
[2026-09-17T14:27:30.200+0000] {logging_mixin.py:188} INFO - [2026-09-17T14:27:30.200+0000] {dag.py:3096} INFO - Sync 1 DAGs
[2026-09-17T14:27:30.228+0000] {logging_mixin.py:188} INFO - [2026-09-17T14:27:30.228+0000] {dag.py:3954} INFO - Setting next_dagrun for youtube_data_updating to 2026-09-17 00:00:00+00:00, run_after=2026-09-18 00:00:00+00:00
[2026-09-17T14:27:30.254+0000] {processor.py:183} INFO - Processing /opt/airflow/dags/dag_updating.py took 0.146 seconds
[2026-09-17T14:28:00.649+0000] {processor.py:161} INFO - Started process (PID=1253) to work on /opt/airflow/dags/dag_updating.py
[2026-09-17T14:28:00.652+0000] {processor.py:830} INFO - Processing file /opt/airflow/dags/dag_updating.py for tasks to queue
[2026-09-17T14:28:00.653+0000] {logging_mixin.py:188} INFO - [2026-09-17T14:28:00.653+0000] {dagbag.py:545} INFO - Filling up the DagBag from /opt/airflow/dags/dag_updating.py
[2026-09-17T14:28:00.693+0000] {processor.py:840} INFO - DAG(s) 'youtube_data_updating' retrieved from /opt/airflow/dags/dag_updating.py
[2026-09-17T14:28:00.714+0000] {logging_mixin.py:188} INFO - [2026-09-17T14:28:00.713+0000] {dag.py:3096} INFO - Sync 1 DAGs
[2026-09-17T14:28:00.736+0000] {logging_mixin.py:188} INFO - [2026-09-17T14:28:00.735+0000] {dag.py:3954} INFO - Setting next_dagrun for youtube_data_updating to 2026-09-17 00:00:00+00:00, run_after=2026-09-18 00:00:00+00:00
[2026-09-17T14:28:00.757+0000] {processor.py:183} INFO - Processing /opt/airflow/dags/dag_updating.py took 0.116 seconds
[2026-09-17T14:28:31.114+0000] {processor.py:161} INFO - Started process (PID=1261) to work on /opt/airflow/dags/dag_updating.py
[2026-09-17T14:28:31.116+0000] {processor.py:830} INFO - Processing file /opt/airflow/dags/dag_updating.py for tasks to queue
[2026-09-17T14:28:31.118+0000] {logging_mixin.py:188} INFO - [2026-09-17T14:28:31.117+0000] {dagbag.py:545} INFO - Filling up the DagBag from /opt/airflow/dags/dag_updating.py
[2026-09-17T14:28:31.167+0000] {processor.py:840} INFO - DAG(s) 'youtube_data_updating' retrieved from /opt/airflow/dags/dag_updating.py
[2026-09-17T14:28:31.190+0000] {logging_mixin.py:188} INFO - [2026-09-17T14:28:31.189+0000] {dag.py:3096} INFO - Sync 1 DAGs
[2026-09-17T14:28:31.215+0000] {logging_mixin.py:188} INFO - [2026-09-17T14:28:31.215+0000] {dag.py:3954} INFO - Setting next_dagrun for youtube_data_updating to 2026-09-17 00:00:00+00:00, run_after=2026-09-18 00:00:00+00:00
[2026-09-17T14:28:31.239+0000] {processor.py:183} INFO - Processing /opt/airflow/dags/dag_updating.py took 0.137 seconds
[2026-09-17T14:29:01.606+0000] {processor.py:161} INFO - Started process (PID=1269) to work on /opt/airflow/dags/dag_updating.py
[2026-09-17T14:29:01.608+0000] {processor.py:830} INFO - Processing file /opt/airflow/dags/dag_updating.py for tasks to queue
[2026-09-17T14:29:01.610+0000] {logging_mixin.py:188} INFO - [2026-09-17T14:29:01.610+0000] {dagbag.py:545} INFO - Filling up the DagBag from /opt/airflow/dags/dag_updating.py
[2026-09-17T14:29:01.651+0000] {processor.py:840} INFO - DAG(s) 'youtube_data_updating' retrieved from /opt/airflow/dags/dag_updating.py
[2026-09-17T14:29:01.676+0000] {logging_mixin.py:188} INFO - [2026-09-17T14:29:01.675+0000] {dag.py:3096} INFO - Sync 1 DAGs
[2026-09-17T14:29:01.701+0000] {logging_mixin.py:188} INFO - [2026-09-17T14:29:01.700+0000] {dag.py:3954} INFO - Setting next_dagrun for youtube_data_updating to 2026-09-17 00:00:00+00:00, run_after=2026-09-18 00:00:00+00:00
[2026-09-17T14:29:01.723+0000] {processor.py:183} INFO - Processing /opt/airflow/dags/dag_updating.py took 0.125 seconds
[2026-09-17T14:29:32.051+0000] {processor.py:161} INFO - Started process (PID=1277) to work on /opt/airflow/dags/dag_updating.py
[2026-09-17T14:29:32.053+0000] {processor.py:830} INFO - Processing file /opt/airflow/dags/dag_updating.py for tasks to queue
[2026-09-17T14:29:32.056+0000] {logging_mixin.py:188} INFO - [2026-09-17T14:29:32.055+0000] {dagbag.py:545} INFO - Filling up the DagBag from /opt/airflow/dags/dag_updating.py
[2026-09-17T14:29:32.106+0000] {processor.py:840} INFO - DAG(s) 'youtube_data_updating' retrieved from /opt/airflow/dags/dag_updating.py
[2026-09-17T14:29:32.141+0000] {logging_mixin.py:188} INFO - [2026-09-17T14:29:32.141+0000] {dag.py:3096} INFO - Sync 1 DAGs
[2026-09-17T14:29:32.167+0000] {logging_mixin.py:188} INFO - [2026-09-17T14:29:32.167+0000] {dag.py:3954} INFO - Setting next_dagrun for youtube_data_updating to 2026-09-17 00:00:00+00:00, run_after=2026-09-18 00:00:00+00:00
[2026-09-17T14:29:32.194+0000] {processor.py:183} INFO - Processing /opt/airflow/dags/dag_updating.py took 0.155 seconds
[2026-09-17T14:30:02.500+0000] {processor.py:161} INFO - Started process (PID=1285) to work on /opt/airflow/dags/dag_updating.py
[2026-09-17T14:30:02.504+0000] {processor.py:830} INFO - Processing file /opt/airflow/dags/dag_updating.py for tasks to queue
[2026-09-17T14:30:02.506+0000] {logging_mixin.py:188} INFO - [2026-09-17T14:30:02.506+0000] {dagbag.py:545} INFO - Filling up the DagBag from /opt/airflow/dags/dag_updating.py
[2026-09-17T14:30:02.563+0000] {processor.py:840} INFO - DAG(s) 'youtube_data_updating' retrieved from /opt/airflow/dags/dag_updating.py
[2026-09-17T14:30:02.590+0000] {logging_mixin.py:188} INFO - [2026-09-17T14:30:02.590+0000] {dag.py:3096} INFO - Sync 1 DAGs
[2026-09-17T14:30:02.617+0000] {logging_mixin.py:188} INFO - [2026-09-17T14:30:02.617+0000] {dag.py:3954} INFO - Setting next_dagrun for youtube_data_updating to 2026-09-17 00:00:00+00:00, run_after=2026-09-18 00:00:00+00:00
[2026-09-17T14:30:02.646+0000] {processor.py:183} INFO - Processing /opt/airflow/dags/dag_updating.py took 0.156 seconds
[2026-09-17T14:30:32.972+0000] {processor.py:161} INFO - Started process (PID=1293) to work on /opt/airflow/dags/dag_updating.py
[2026-09-17T14:30:32.975+0000] {processor.py:830} INFO - Processing file /opt/airflow/dags/dag_updating.py for tasks to queue
[2026-09-17T14:30:32.977+0000] {logging_mixin.py:188} INFO - [2026-09-17T14:30:32.976+0000] {dagbag.py:545} INFO - Filling up the DagBag from /opt/airflow/dags/dag_updating.py
[2026-09-17T14:30:33.032+0000] {processor.py:840} INFO - DAG(s) 'youtube_data_updating' retrieved from /opt/airflow/dags/dag_updating.py
[2026-09-17T14:30:33.057+0000] {logging_mixin.py:188} INFO - [2026-09-17T14:30:33.057+0000] {dag.py:3096} INFO - Sync 1 DAGs
[2026-09-17T14:30:33.087+0000] {logging_mixin.py:188} INFO - [2026-09-17T14:30:33.086+0000] {dag.py:3954} INFO - Setting next_dagrun for youtube_data_updating to 2026-09-17 00:00:00+00:00, run_after=2026-09-18 00:00:00+00:00
[2026-09-17T14:30:33.119+0000] {processor.py:183} INFO - Processing /opt/airflow/dags/dag_updating.py took 0.158 seconds
[2026-09-17T14:31:03.441+0000] {processor.py:161} INFO - Started process (PID=1301) to work on /opt/airflow/dags/dag_updating.py
[2026-09-17T14:31:03.443+0000] {processor.py:830} INFO - Processing file /opt/airflow/dags/dag_updating.py for tasks to queue
[2026-09-17T14:31:03.445+0000] {logging_mixin.py:188} INFO - [2026-09-17T14:31:03.444+0000] {dagbag.py:545} INFO - Filling up the DagBag from /opt/airflow/dags/dag_updating.py
[2026-09-17T14:31:03.501+0000] {processor.py:840} INFO - DAG(s) 'youtube_data_updating' retrieved from /opt/airflow/dags/dag_updating.py
[2026-09-17T14:31:03.527+0000] {logging_mixin.py:188} INFO - [2026-09-17T14:31:03.527+0000] {dag.py:3096} INFO - Sync 1 DAGs
[2026-09-17T14:31:03.550+0000] {logging_mixin.py:188} INFO - [2026-09-17T14:31:03.550+0000] {dag.py:3954} INFO - Setting next_dagrun for youtube_data_updating to 2026-09-17 00:00:00+00:00, run_after=2026-09-18 00:00:00+00:00
[2026-09-17T14:31:03.574+0000] {processor.py:183} INFO - Processing /opt/airflow/dags/dag_updating.py took 0.144 seconds
[2026-09-17T14:31:33.934+0000] {processor.py:161} INFO - Started process (PID=1309) to work on /opt/airflow/dags/dag_updating.py
[2026-09-17T14:31:33.936+0000] {processor.py:830} INFO - Processing file /opt/airflow/dags/dag_updating.py for tasks to queue
[2026-09-17T14:31:33.938+0000] {logging_mixin.py:188} INFO - [2026-09-17T14:31:33.937+0000] {dagbag.py:545} INFO - Filling up the DagBag from /opt/airflow/dags/dag_updating.py
[2026-09-17T14:31:34.003+0000] {processor.py:840} INFO - DAG(s) 'youtube_data_updating' retrieved from /opt/airflow/dags/dag_updating.py
[2026-09-17T14:31:34.032+0000] {logging_mixin.py:188} INFO - [2026-09-17T14:31:34.031+0000] {dag.py:3096} INFO - Sync 1 DAGs
[2026-09-17T14:31:34.063+0000] {logging_mixin.py:188} INFO - [2026-09-17T14:31:34.063+0000] {dag.py:3954} INFO - Setting next_dagrun for youtube_data_updating to 2026-09-17 00:00:00+00:00, run_after=2026-09-18 00:00:00+00:00
[2026-09-17T14:31:34.089+0000] {processor.py:183} INFO - Processing /opt/airflow/dags/dag_updating.py took 0.165 seconds
[2026-09-17T14:32:04.421+0000] {processor.py:161} INFO - Started process (PID=1317) to work on /opt/airflow/dags/dag_updating.py
[2026-09-17T14:32:04.423+0000] {processor.py:830} INFO - Processing file /opt/airflow/dags/dag_updating.py for tasks to queue
[2026-09-17T14:32:04.425+0000] {logging_mixin.py:188} INFO - [2026-09-17T14:32:04.425+0000] {dagbag.py:545} INFO - Filling up the DagBag from /opt/airflow/dags/dag_updating.py
[2026-09-17T14:32:04.470+0000] {processor.py:840} INFO - DAG(s) 'youtube_data_updating' retrieved from /opt/airflow/dags/dag_updating.py
[2026-09-17T14:32:04.494+0000] {logging_mixin.py:188} INFO - [2026-09-17T14:32:04.494+0000] {dag.py:3096} INFO - Sync 1 DAGs
[2026-09-17T14:32:04.516+0000] {logging_mixin.py:188} INFO - [2026-09-17T14:32:04.516+0000] {dag.py:3954} INFO - Setting next_dagrun for youtube_data_updating to 2026-09-17 00:00:00+00:00, run_after=2026-09-18 00:00:00+00:00
[2026-09-17T14:32:04.539+0000] {processor.py:183} INFO - Processing /opt/airflow/dags/dag_updating.py took 0.127 seconds
[2026-09-17T14:32:34.894+0000] {processor.py:161} INFO - Started process (PID=1325) to work on /opt/airflow/dags/dag_updating.py
[2026-09-17T14:32:34.896+0000] {processor.py:830} INFO - Processing file /opt/airflow/dags/dag_updating.py for tasks to queue
[2026-09-17T14:32:34.898+0000] {logging_mixin.py:188} INFO - [2026-09-17T14:32:34.897+0000] {dagbag.py:545} INFO - Filling up the DagBag from /opt/airflow/dags/dag_updating.py
[2026-09-17T14:32:34.944+0000] {processor.py:840} INFO - DAG(s) 'youtube_data_updating' retrieved from /opt/airflow/dags/dag_updating.py
[2026-09-17T14:32:34.967+0000] {logging_mixin.py:188} INFO - [2026-09-17T14:32:34.966+0000] {dag.py:3096} INFO - Sync 1 DAGs
[2026-09-17T14:32:34.991+0000] {logging_mixin.py:188} INFO - [2026-09-17T14:32:34.990+0000] {dag.py:3954} INFO - Setting next_dagrun for youtube_data_updating to 2026-09-17 00:00:00+00:00, run_after=2026-09-18 00:00:00+00:00
[2026-09-17T14:32:35.017+0000] {processor.py:183} INFO - Processing /opt/airflow/dags/dag_updating.py took 0.132 seconds
[2026-09-17T14:33:05.420+0000] {processor.py:161} INFO - Started process (PID=1333) to work on /opt/airflow/dags/dag_updating.py
[2026-09-17T14:33:05.423+0000] {processor.py:830} INFO - Processing file /opt/airflow/dags/dag_updating.py for tasks to queue
[2026-09-17T14:33:05.425+0000] {logging_mixin.py:188} INFO - [2026-09-17T14:33:05.424+0000] {dagbag.py:545} INFO - Filling up the DagBag from /opt/airflow/dags/dag_updating.py
[2026-09-17T14:33:05.471+0000] {processor.py:840} INFO - DAG(s) 'youtube_data_updating' retrieved from /opt/airflow/dags/dag_updating.py
[2026-09-17T14:33:05.493+0000] {logging_mixin.py:188} INFO - [2026-09-17T14:33:05.492+0000] {dag.py:3096} INFO - Sync 1 DAGs
[2026-09-17T14:33:05.513+0000] {logging_mixin.py:188} INFO - [2026-09-17T14:33:05.513+0000] {dag.py:3954} INFO - Setting next_dagrun for youtube_data_updating to 2026-09-17 00:00:00+00:00, run_after=2026-09-18 00:00:00+00:00
[2026-09-17T14:33:05.537+0000] {processor.py:183} INFO - Processing /opt/airflow/dags/dag_updating.py took 0.126 seconds
[2026-09-17T14:33:35.888+0000] {processor.py:161} INFO - Started process (PID=1341) to work on /opt/airflow/dags/dag_updating.py
[2026-09-17T14:33:35.891+0000] {processor.py:830} INFO - Processing file /opt/airflow/dags/dag_updating.py for tasks to queue
[2026-09-17T14:33:35.894+0000] {logging_mixin.py:188} INFO - [2026-09-17T14:33:35.893+0000] {dagbag.py:545} INFO - Filling up the DagBag from /opt/airflow/dags/dag_updating.py
[2026-09-17T14:33:35.943+0000] {processor.py:840} INFO - DAG(s) 'youtube_data_updating' retrieved from /opt/airflow/dags/dag_updating.py
[2026-09-17T14:33:35.969+0000] {logging_mixin.py:188} INFO - [2026-09-17T14:33:35.969+0000] {dag.py:3096} INFO - Sync 1 DAGs
[2026-09-17T14:33:35.992+0000] {logging_mixin.py:188} INFO - [2026-09-17T14:33:35.992+0000] {dag.py:3954} INFO - Setting next_dagrun for youtube_data_updating to 2026-09-17 00:00:00+00:00, run_after=2026-09-18 00:00:00+00:00
[2026-09-17T14:33:36.016+0000] {processor.py:183} INFO - Processing /opt/airflow/dags/dag_updating.py took 0.138 seconds
[2026-09-17T14:34:06.356+0000] {processor.py:161} INFO - Started process (PID=1349) to work on /opt/airflow/dags/dag_updating.py
[2026-09-17T14:34:06.358+0000] {processor.py:830} INFO - Processing file /opt/airflow/dags/dag_updating.py for tasks to queue
[2026-09-17T14:34:06.360+0000] {logging_mixin.py:188} INFO - [2026-09-17T14:34:06.360+0000] {dagbag.py:545} INFO - Filling up the DagBag from /opt/airflow/dags/dag_updating.py
[2026-09-17T14:34:06.405+0000] {processor.py:840} INFO - DAG(s) 'youtube_data_updating' retrieved from /opt/airflow/dags/dag_updating.py
[2026-09-17T14:34:06.426+0000] {logging_mixin.py:188} INFO - [2026-09-17T14:34:06.425+0000] {dag.py:3096} INFO - Sync 1 DAGs
[2026-09-17T14:34:06.481+0000] {logging_mixin.py:188} INFO - [2026-09-17T14:34:06.480+0000] {dag.py:3954} INFO - Setting next_dagrun for youtube_data_updating to 2026-09-17 00:00:00+00:00, run_after=2026-09-18 00:00:00+00:00
[2026-09-17T14:34:06.510+0000] {processor.py:183} INFO - Processing /opt/airflow/dags/dag_updating.py took 0.162 seconds
[2026-09-17T14:34:36.803+0000] {processor.py:161} INFO - Started process (PID=1357) to work on /opt/airflow/dags/dag_updating.py
[2026-09-17T14:34:36.807+0000] {processor.py:830} INFO - Processing file /opt/airflow/dags/dag_updating.py for tasks to queue
[2026-09-17T14:34:36.809+0000] {logging_mixin.py:188} INFO - [2026-09-17T14:34:36.809+0000] {dagbag.py:545} INFO - Filling up the DagBag from /opt/airflow/dags/dag_updating.py
[2026-09-17T14:34:36.872+0000] {processor.py:840} INFO - DAG(s) 'youtube_data_updating' retrieved from /opt/airflow/dags/dag_updating.py
[2026-09-17T14:34:36.902+0000] {logging_mixin.py:188} INFO - [2026-09-17T14:34:36.902+0000] {dag.py:3096} INFO - Sync 1 DAGs
[2026-09-17T14:34:36.932+0000] {logging_mixin.py:188} INFO - [2026-09-17T14:34:36.931+0000] {dag.py:3954} INFO - Setting next_dagrun for youtube_data_updating to 2026-09-17 00:00:00+00:00, run_after=2026-09-18 00:00:00+00:00
[2026-09-17T14:34:36.960+0000] {processor.py:183} INFO - Processing /opt/airflow/dags/dag_updating.py took 0.168 seconds
[2026-09-17T14:35:07.280+0000] {processor.py:161} INFO - Started process (PID=1365) to work on /opt/airflow/dags/dag_updating.py
[2026-09-17T14:35:07.283+0000] {processor.py:830} INFO - Processing file /opt/airflow/dags/dag_updating.py for tasks to queue
[2026-09-17T14:35:07.285+0000] {logging_mixin.py:188} INFO - [2026-09-17T14:35:07.285+0000] {dagbag.py:545} INFO - Filling up the DagBag from /opt/airflow/dags/dag_updating.py
[2026-09-17T14:35:07.340+0000] {processor.py:840} INFO - DAG(s) 'youtube_data_updating' retrieved from /opt/airflow/dags/dag_updating.py
[2026-09-17T14:35:07.364+0000] {logging_mixin.py:188} INFO - [2026-09-17T14:35:07.363+0000] {dag.py:3096} INFO - Sync 1 DAGs
[2026-09-17T14:35:07.386+0000] {logging_mixin.py:188} INFO - [2026-09-17T14:35:07.386+0000] {dag.py:3954} INFO - Setting next_dagrun for youtube_data_updating to 2026-09-17 00:00:00+00:00, run_after=2026-09-18 00:00:00+00:00
[2026-09-17T14:35:07.411+0000] {processor.py:183} INFO - Processing /opt/airflow/dags/dag_updating.py took 0.141 seconds
[2026-09-17T14:35:37.710+0000] {processor.py:161} INFO - Started process (PID=1373) to work on /opt/airflow/dags/dag_updating.py
[2026-09-17T14:35:37.712+0000] {processor.py:830} INFO - Processing file /opt/airflow/dags/dag_updating.py for tasks to queue
[2026-09-17T14:35:37.714+0000] {logging_mixin.py:188} INFO - [2026-09-17T14:35:37.713+0000] {dagbag.py:545} INFO - Filling up the DagBag from /opt/airflow/dags/dag_updating.py
[2026-09-17T14:35:37.760+0000] {processor.py:840} INFO - DAG(s) 'youtube_data_updating' retrieved from /opt/airflow/dags/dag_updating.py
[2026-09-17T14:35:37.783+0000] {logging_mixin.py:188} INFO - [2026-09-17T14:35:37.783+0000] {dag.py:3096} INFO - Sync 1 DAGs
[2026-09-17T14:35:37.809+0000] {logging_mixin.py:188} INFO - [2026-09-17T14:35:37.809+0000] {dag.py:3954} INFO - Setting next_dagrun for youtube_data_updating to 2026-09-17 00:00:00+00:00, run_after=2026-09-18 00:00:00+00:00
[2026-09-17T14:35:37.832+0000] {processor.py:183} INFO - Processing /opt/airflow/dags/dag_updating.py took 0.132 seconds
[2026-09-17T14:36:08.156+0000] {processor.py:161} INFO - Started process (PID=1381) to work on /opt/airflow/dags/dag_updating.py
[2026-09-17T14:36:08.158+0000] {processor.py:830} INFO - Processing file /opt/airflow/dags/dag_updating.py for tasks to queue
[2026-09-17T14:36:08.160+0000] {logging_mixin.py:188} INFO - [2026-09-17T14:36:08.159+0000] {dagbag.py:545} INFO - Filling up the DagBag from /opt/airflow/dags/dag_updating.py
[2026-09-17T14:36:08.217+0000] {processor.py:840} INFO - DAG(s) 'youtube_data_updating' retrieved from /opt/airflow/dags/dag_updating.py
[2026-09-17T14:36:08.242+0000] {logging_mixin.py:188} INFO - [2026-09-17T14:36:08.242+0000] {dag.py:3096} INFO - Sync 1 DAGs
[2026-09-17T14:36:08.264+0000] {logging_mixin.py:188} INFO - [2026-09-17T14:36:08.264+0000] {dag.py:3954} INFO - Setting next_dagrun for youtube_data_updating to 2026-09-17 00:00:00+00:00, run_after=2026-09-18 00:00:00+00:00
[2026-09-17T14:36:08.286+0000] {processor.py:183} INFO - Processing /opt/airflow/dags/dag_updating.py took 0.140 seconds
[2026-09-17T14:36:38.622+0000] {processor.py:161} INFO - Started process (PID=1389) to work on /opt/airflow/dags/dag_updating.py
[2026-09-17T14:36:38.624+0000] {processor.py:830} INFO - Processing file /opt/airflow/dags/dag_updating.py for tasks to queue
[2026-09-17T14:36:38.626+0000] {logging_mixin.py:188} INFO - [2026-09-17T14:36:38.625+0000] {dagbag.py:545} INFO - Filling up the DagBag from /opt/airflow/dags/dag_updating.py
[2026-09-17T14:36:38.668+0000] {processor.py:840} INFO - DAG(s) 'youtube_data_updating' retrieved from /opt/airflow/dags/dag_updating.py
[2026-09-17T14:36:38.688+0000] {logging_mixin.py:188} INFO - [2026-09-17T14:36:38.688+0000] {dag.py:3096} INFO - Sync 1 DAGs
[2026-09-17T14:36:38.709+0000] {logging_mixin.py:188} INFO - [2026-09-17T14:36:38.708+0000] {dag.py:3954} INFO - Setting next_dagrun for youtube_data_updating to 2026-09-17 00:00:00+00:00, run_after=2026-09-18 00:00:00+00:00
[2026-09-17T14:36:38.731+0000] {processor.py:183} INFO - Processing /opt/airflow/dags/dag_updating.py took 0.117 seconds
[2026-09-17T14:37:09.091+0000] {processor.py:161} INFO - Started process (PID=1397) to work on /opt/airflow/dags/dag_updating.py
[2026-09-17T14:37:09.093+0000] {processor.py:830} INFO - Processing file /opt/airflow/dags/dag_updating.py for tasks to queue
[2026-09-17T14:37:09.095+0000] {logging_mixin.py:188} INFO - [2026-09-17T14:37:09.095+0000] {dagbag.py:545} INFO - Filling up the DagBag from /opt/airflow/dags/dag_updating.py
[2026-09-17T14:37:09.142+0000] {processor.py:840} INFO - DAG(s) 'youtube_data_updating' retrieved from /opt/airflow/dags/dag_updating.py
[2026-09-17T14:37:09.164+0000] {logging_mixin.py:188} INFO - [2026-09-17T14:37:09.164+0000] {dag.py:3096} INFO - Sync 1 DAGs
[2026-09-17T14:37:09.189+0000] {logging_mixin.py:188} INFO - [2026-09-17T14:37:09.189+0000] {dag.py:3954} INFO - Setting next_dagrun for youtube_data_updating to 2026-09-17 00:00:00+00:00, run_after=2026-09-18 00:00:00+00:00
[2026-09-17T14:37:09.213+0000] {processor.py:183} INFO - Processing /opt/airflow/dags/dag_updating.py took 0.130 seconds
[2026-09-17T14:37:39.637+0000] {processor.py:161} INFO - Started process (PID=1405) to work on /opt/airflow/dags/dag_updating.py
[2026-09-17T14:37:39.639+0000] {processor.py:830} INFO - Processing file /opt/airflow/dags/dag_updating.py for tasks to queue
[2026-09-17T14:37:39.642+0000] {logging_mixin.py:188} INFO - [2026-09-17T14:37:39.641+0000] {dagbag.py:545} INFO - Filling up the DagBag from /opt/airflow/dags/dag_updating.py
[2026-09-17T14:37:39.707+0000] {processor.py:840} INFO - DAG(s) 'youtube_data_updating' retrieved from /opt/airflow/dags/dag_updating.py
[2026-09-17T14:37:39.732+0000] {logging_mixin.py:188} INFO - [2026-09-17T14:37:39.732+0000] {dag.py:3096} INFO - Sync 1 DAGs
[2026-09-17T14:37:39.760+0000] {logging_mixin.py:188} INFO - [2026-09-17T14:37:39.760+0000] {dag.py:3954} INFO - Setting next_dagrun for youtube_data_updating to 2026-09-17 00:00:00+00:00, run_after=2026-09-18 00:00:00+00:00
[2026-09-17T14:37:39.787+0000] {processor.py:183} INFO - Processing /opt/airflow/dags/dag_updating.py took 0.160 seconds
[2026-09-17T14:38:10.177+0000] {processor.py:161} INFO - Started process (PID=1413) to work on /opt/airflow/dags/dag_updating.py
[2026-09-17T14:38:10.179+0000] {processor.py:830} INFO - Processing file /opt/airflow/dags/dag_updating.py for tasks to queue
[2026-09-17T14:38:10.181+0000] {logging_mixin.py:188} INFO - [2026-09-17T14:38:10.181+0000] {dagbag.py:545} INFO - Filling up the DagBag from /opt/airflow/dags/dag_updating.py
[2026-09-17T14:38:10.226+0000] {processor.py:840} INFO - DAG(s) 'youtube_data_updating' retrieved from /opt/airflow/dags/dag_updating.py
[2026-09-17T14:38:10.248+0000] {logging_mixin.py:188} INFO - [2026-09-17T14:38:10.248+0000] {dag.py:3096} INFO - Sync 1 DAGs
[2026-09-17T14:38:10.269+0000] {logging_mixin.py:188} INFO - [2026-09-17T14:38:10.269+0000] {dag.py:3954} INFO - Setting next_dagrun for youtube_data_updating to 2026-09-17 00:00:00+00:00, run_after=2026-09-18 00:00:00+00:00
[2026-09-17T14:38:10.291+0000] {processor.py:183} INFO - Processing /opt/airflow/dags/dag_updating.py took 0.126 seconds
[2026-09-17T14:38:40.641+0000] {processor.py:161} INFO - Started process (PID=1421) to work on /opt/airflow/dags/dag_updating.py
[2026-09-17T14:38:40.643+0000] {processor.py:830} INFO - Processing file /opt/airflow/dags/dag_updating.py for tasks to queue
[2026-09-17T14:38:40.646+0000] {logging_mixin.py:188} INFO - [2026-09-17T14:38:40.645+0000] {dagbag.py:545} INFO - Filling up the DagBag from /opt/airflow/dags/dag_updating.py
[2026-09-17T14:38:40.691+0000] {processor.py:840} INFO - DAG(s) 'youtube_data_updating' retrieved from /opt/airflow/dags/dag_updating.py
[2026-09-17T14:38:40.716+0000] {logging_mixin.py:188} INFO - [2026-09-17T14:38:40.716+0000] {dag.py:3096} INFO - Sync 1 DAGs
[2026-09-17T14:38:40.743+0000] {logging_mixin.py:188} INFO - [2026-09-17T14:38:40.743+0000] {dag.py:3954} INFO - Setting next_dagrun for youtube_data_updating to 2026-09-17 00:00:00+00:00, run_after=2026-09-18 00:00:00+00:00
[2026-09-17T14:38:40.767+0000] {processor.py:183} INFO - Processing /opt/airflow/dags/dag_updating.py took 0.136 seconds
[2026-09-17T14:39:11.112+0000] {processor.py:161} INFO - Started process (PID=1429) to work on /opt/airflow/dags/dag_updating.py
[2026-09-17T14:39:11.115+0000] {processor.py:830} INFO - Processing file /opt/airflow/dags/dag_updating.py for tasks to queue
[2026-09-17T14:39:11.117+0000] {logging_mixin.py:188} INFO - [2026-09-17T14:39:11.116+0000] {dagbag.py:545} INFO - Filling up the DagBag from /opt/airflow/dags/dag_updating.py
[2026-09-17T14:39:11.160+0000] {processor.py:840} INFO - DAG(s) 'youtube_data_updating' retrieved from /opt/airflow/dags/dag_updating.py
[2026-09-17T14:39:11.180+0000] {logging_mixin.py:188} INFO - [2026-09-17T14:39:11.180+0000] {dag.py:3096} INFO - Sync 1 DAGs
[2026-09-17T14:39:11.199+0000] {logging_mixin.py:188} INFO - [2026-09-17T14:39:11.199+0000] {dag.py:3954} INFO - Setting next_dagrun for youtube_data_updating to 2026-09-17 00:00:00+00:00, run_after=2026-09-18 00:00:00+00:00
[2026-09-17T14:39:11.223+0000] {processor.py:183} INFO - Processing /opt/airflow/dags/dag_updating.py took 0.119 seconds
[2026-09-17T14:39:41.580+0000] {processor.py:161} INFO - Started process (PID=1437) to work on /opt/airflow/dags/dag_updating.py
[2026-09-17T14:39:41.582+0000] {processor.py:830} INFO - Processing file /opt/airflow/dags/dag_updating.py for tasks to queue
[2026-09-17T14:39:41.584+0000] {logging_mixin.py:188} INFO - [2026-09-17T14:39:41.584+0000] {dagbag.py:545} INFO - Filling up the DagBag from /opt/airflow/dags/dag_updating.py
[2026-09-17T14:39:41.631+0000] {processor.py:840} INFO - DAG(s) 'youtube_data_updating' retrieved from /opt/airflow/dags/dag_updating.py
[2026-09-17T14:39:41.652+0000] {logging_mixin.py:188} INFO - [2026-09-17T14:39:41.652+0000] {dag.py:3096} INFO - Sync 1 DAGs
[2026-09-17T14:39:41.679+0000] {logging_mixin.py:188} INFO - [2026-09-17T14:39:41.678+0000] {dag.py:3954} INFO - Setting next_dagrun for youtube_data_updating to 2026-09-17 00:00:00+00:00, run_after=2026-09-18 00:00:00+00:00
[2026-09-17T14:39:41.703+0000] {processor.py:183} INFO - Processing /opt/airflow/dags/dag_updating.py took 0.132 seconds
[2026-09-17T14:40:12.060+0000] {processor.py:161} INFO - Started process (PID=1446) to work on /opt/airflow/dags/dag_updating.py
[2026-09-17T14:40:12.061+0000] {processor.py:830} INFO - Processing file /opt/airflow/dags/dag_updating.py for tasks to queue
[2026-09-17T14:40:12.063+0000] {logging_mixin.py:188} INFO - [2026-09-17T14:40:12.063+0000] {dagbag.py:545} INFO - Filling up the DagBag from /opt/airflow/dags/dag_updating.py
[2026-09-17T14:40:12.104+0000] {processor.py:840} INFO - DAG(s) 'youtube_data_updating' retrieved from /opt/airflow/dags/dag_updating.py
[2026-09-17T14:40:12.124+0000] {logging_mixin.py:188} INFO - [2026-09-17T14:40:12.124+0000] {dag.py:3096} INFO - Sync 1 DAGs
[2026-09-17T14:40:12.145+0000] {logging_mixin.py:188} INFO - [2026-09-17T14:40:12.144+0000] {dag.py:3954} INFO - Setting next_dagrun for youtube_data_updating to 2026-09-17 00:00:00+00:00, run_after=2026-09-18 00:00:00+00:00
[2026-09-17T14:40:12.166+0000] {processor.py:183} INFO - Processing /opt/airflow/dags/dag_updating.py took 0.113 seconds
[2026-09-17T14:40:42.503+0000] {processor.py:161} INFO - Started process (PID=1454) to work on /opt/airflow/dags/dag_updating.py
[2026-09-17T14:40:42.506+0000] {processor.py:830} INFO - Processing file /opt/airflow/dags/dag_updating.py for tasks to queue
[2026-09-17T14:40:42.508+0000] {logging_mixin.py:188} INFO - [2026-09-17T14:40:42.508+0000] {dagbag.py:545} INFO - Filling up the DagBag from /opt/airflow/dags/dag_updating.py
[2026-09-17T14:40:42.555+0000] {processor.py:840} INFO - DAG(s) 'youtube_data_updating' retrieved from /opt/airflow/dags/dag_updating.py
[2026-09-17T14:40:42.576+0000] {logging_mixin.py:188} INFO - [2026-09-17T14:40:42.576+0000] {dag.py:3096} INFO - Sync 1 DAGs
[2026-09-17T14:40:42.598+0000] {logging_mixin.py:188} INFO - [2026-09-17T14:40:42.598+0000] {dag.py:3954} INFO - Setting next_dagrun for youtube_data_updating to 2026-09-17 00:00:00+00:00, run_after=2026-09-18 00:00:00+00:00
[2026-09-17T14:40:42.623+0000] {processor.py:183} INFO - Processing /opt/airflow/dags/dag_updating.py took 0.129 seconds
[2026-09-17T14:41:12.962+0000] {processor.py:161} INFO - Started process (PID=1462) to work on /opt/airflow/dags/dag_updating.py
[2026-09-17T14:41:12.964+0000] {processor.py:830} INFO - Processing file /opt/airflow/dags/dag_updating.py for tasks to queue
[2026-09-17T14:41:12.966+0000] {logging_mixin.py:188} INFO - [2026-09-17T14:41:12.966+0000] {dagbag.py:545} INFO - Filling up the DagBag from /opt/airflow/dags/dag_updating.py
[2026-09-17T14:41:13.010+0000] {processor.py:840} INFO - DAG(s) 'youtube_data_updating' retrieved from /opt/airflow/dags/dag_updating.py
[2026-09-17T14:41:13.034+0000] {logging_mixin.py:188} INFO - [2026-09-17T14:41:13.033+0000] {dag.py:3096} INFO - Sync 1 DAGs
[2026-09-17T14:41:13.059+0000] {logging_mixin.py:188} INFO - [2026-09-17T14:41:13.059+0000] {dag.py:3954} INFO - Setting next_dagrun for youtube_data_updating to 2026-09-17 00:00:00+00:00, run_after=2026-09-18 00:00:00+00:00
[2026-09-17T14:41:13.081+0000] {processor.py:183} INFO - Processing /opt/airflow/dags/dag_updating.py took 0.127 seconds
[2026-09-17T14:41:43.383+0000] {processor.py:161} INFO - Started process (PID=1470) to work on /opt/airflow/dags/dag_updating.py
[2026-09-17T14:41:43.386+0000] {processor.py:830} INFO - Processing file /opt/airflow/dags/dag_updating.py for tasks to queue
[2026-09-17T14:41:43.389+0000] {logging_mixin.py:188} INFO - [2026-09-17T14:41:43.387+0000] {dagbag.py:545} INFO - Filling up the DagBag from /opt/airflow/dags/dag_updating.py
[2026-09-17T14:41:43.461+0000] {processor.py:840} INFO - DAG(s) 'youtube_data_updating' retrieved from /opt/airflow/dags/dag_updating.py
[2026-09-17T14:41:43.489+0000] {logging_mixin.py:188} INFO - [2026-09-17T14:41:43.489+0000] {dag.py:3096} INFO - Sync 1 DAGs
[2026-09-17T14:41:43.516+0000] {logging_mixin.py:188} INFO - [2026-09-17T14:41:43.516+0000] {dag.py:3954} INFO - Setting next_dagrun for youtube_data_updating to 2026-09-17 00:00:00+00:00, run_after=2026-09-18 00:00:00+00:00
[2026-09-17T14:41:43.542+0000] {processor.py:183} INFO - Processing /opt/airflow/dags/dag_updating.py took 0.168 seconds
[2026-09-17T14:42:13.879+0000] {processor.py:161} INFO - Started process (PID=1484) to work on /opt/airflow/dags/dag_updating.py
[2026-09-17T14:42:13.882+0000] {processor.py:830} INFO - Processing file /opt/airflow/dags/dag_updating.py for tasks to queue
[2026-09-17T14:42:13.883+0000] {logging_mixin.py:188} INFO - [2026-09-17T14:42:13.883+0000] {dagbag.py:545} INFO - Filling up the DagBag from /opt/airflow/dags/dag_updating.py
[2026-09-17T14:42:13.938+0000] {processor.py:840} INFO - DAG(s) 'youtube_data_updating' retrieved from /opt/airflow/dags/dag_updating.py
[2026-09-17T14:42:13.968+0000] {logging_mixin.py:188} INFO - [2026-09-17T14:42:13.967+0000] {dag.py:3096} INFO - Sync 1 DAGs
[2026-09-17T14:42:13.994+0000] {logging_mixin.py:188} INFO - [2026-09-17T14:42:13.994+0000] {dag.py:3954} INFO - Setting next_dagrun for youtube_data_updating to 2026-09-17 00:00:00+00:00, run_after=2026-09-18 00:00:00+00:00
[2026-09-17T14:42:14.019+0000] {processor.py:183} INFO - Processing /opt/airflow/dags/dag_updating.py took 0.150 seconds
[2026-09-17T14:42:44.441+0000] {processor.py:161} INFO - Started process (PID=1492) to work on /opt/airflow/dags/dag_updating.py
[2026-09-17T14:42:44.443+0000] {processor.py:830} INFO - Processing file /opt/airflow/dags/dag_updating.py for tasks to queue
[2026-09-17T14:42:44.446+0000] {logging_mixin.py:188} INFO - [2026-09-17T14:42:44.445+0000] {dagbag.py:545} INFO - Filling up the DagBag from /opt/airflow/dags/dag_updating.py
[2026-09-17T14:42:44.505+0000] {processor.py:840} INFO - DAG(s) 'youtube_data_updating' retrieved from /opt/airflow/dags/dag_updating.py
[2026-09-17T14:42:44.533+0000] {logging_mixin.py:188} INFO - [2026-09-17T14:42:44.533+0000] {dag.py:3096} INFO - Sync 1 DAGs
[2026-09-17T14:42:44.562+0000] {logging_mixin.py:188} INFO - [2026-09-17T14:42:44.562+0000] {dag.py:3954} INFO - Setting next_dagrun for youtube_data_updating to 2026-09-17 00:00:00+00:00, run_after=2026-09-18 00:00:00+00:00
[2026-09-17T14:42:44.583+0000] {processor.py:183} INFO - Processing /opt/airflow/dags/dag_updating.py took 0.154 seconds
[2026-09-17T14:43:14.944+0000] {processor.py:161} INFO - Started process (PID=1500) to work on /opt/airflow/dags/dag_updating.py
[2026-09-17T14:43:14.946+0000] {processor.py:830} INFO - Processing file /opt/airflow/dags/dag_updating.py for tasks to queue
[2026-09-17T14:43:14.949+0000] {logging_mixin.py:188} INFO - [2026-09-17T14:43:14.948+0000] {dagbag.py:545} INFO - Filling up the DagBag from /opt/airflow/dags/dag_updating.py
[2026-09-17T14:43:15.008+0000] {processor.py:840} INFO - DAG(s) 'youtube_data_updating' retrieved from /opt/airflow/dags/dag_updating.py
[2026-09-17T14:43:15.032+0000] {logging_mixin.py:188} INFO - [2026-09-17T14:43:15.032+0000] {dag.py:3096} INFO - Sync 1 DAGs
[2026-09-17T14:43:15.058+0000] {logging_mixin.py:188} INFO - [2026-09-17T14:43:15.057+0000] {dag.py:3954} INFO - Setting next_dagrun for youtube_data_updating to 2026-09-17 00:00:00+00:00, run_after=2026-09-18 00:00:00+00:00
[2026-09-17T14:43:15.085+0000] {processor.py:183} INFO - Processing /opt/airflow/dags/dag_updating.py took 0.151 seconds
[2026-09-17T14:43:45.413+0000] {processor.py:161} INFO - Started process (PID=1508) to work on /opt/airflow/dags/dag_updating.py
[2026-09-17T14:43:45.415+0000] {processor.py:830} INFO - Processing file /opt/airflow/dags/dag_updating.py for tasks to queue
[2026-09-17T14:43:45.417+0000] {logging_mixin.py:188} INFO - [2026-09-17T14:43:45.416+0000] {dagbag.py:545} INFO - Filling up the DagBag from /opt/airflow/dags/dag_updating.py
[2026-09-17T14:43:45.475+0000] {processor.py:840} INFO - DAG(s) 'youtube_data_updating' retrieved from /opt/airflow/dags/dag_updating.py
[2026-09-17T14:43:45.502+0000] {logging_mixin.py:188} INFO - [2026-09-17T14:43:45.502+0000] {dag.py:3096} INFO - Sync 1 DAGs
[2026-09-17T14:43:45.534+0000] {logging_mixin.py:188} INFO - [2026-09-17T14:43:45.534+0000] {dag.py:3954} INFO - Setting next_dagrun for youtube_data_updating to 2026-09-17 00:00:00+00:00, run_after=2026-09-18 00:00:00+00:00
[2026-09-17T14:43:45.564+0000] {processor.py:183} INFO - Processing /opt/airflow/dags/dag_updating.py took 0.158 seconds
[2026-09-17T14:44:15.851+0000] {processor.py:161} INFO - Started process (PID=1516) to work on /opt/airflow/dags/dag_updating.py
[2026-09-17T14:44:15.854+0000] {processor.py:830} INFO - Processing file /opt/airflow/dags/dag_updating.py for tasks to queue
[2026-09-17T14:44:15.857+0000] {logging_mixin.py:188} INFO - [2026-09-17T14:44:15.856+0000] {dagbag.py:545} INFO - Filling up the DagBag from /opt/airflow/dags/dag_updating.py
[2026-09-17T14:44:15.914+0000] {processor.py:840} INFO - DAG(s) 'youtube_data_updating' retrieved from /opt/airflow/dags/dag_updating.py
[2026-09-17T14:44:15.939+0000] {logging_mixin.py:188} INFO - [2026-09-17T14:44:15.939+0000] {dag.py:3096} INFO - Sync 1 DAGs
[2026-09-17T14:44:15.967+0000] {logging_mixin.py:188} INFO - [2026-09-17T14:44:15.966+0000] {dag.py:3954} INFO - Setting next_dagrun for youtube_data_updating to 2026-09-17 00:00:00+00:00, run_after=2026-09-18 00:00:00+00:00
[2026-09-17T14:44:15.994+0000] {processor.py:183} INFO - Processing /opt/airflow/dags/dag_updating.py took 0.153 seconds
[2026-09-17T14:44:46.334+0000] {processor.py:161} INFO - Started process (PID=1525) to work on /opt/airflow/dags/dag_updating.py
[2026-09-17T14:44:46.336+0000] {processor.py:830} INFO - Processing file /opt/airflow/dags/dag_updating.py for tasks to queue
[2026-09-17T14:44:46.338+0000] {logging_mixin.py:188} INFO - [2026-09-17T14:44:46.337+0000] {dagbag.py:545} INFO - Filling up the DagBag from /opt/airflow/dags/dag_updating.py
[2026-09-17T14:44:46.386+0000] {processor.py:840} INFO - DAG(s) 'youtube_data_updating' retrieved from /opt/airflow/dags/dag_updating.py
[2026-09-17T14:44:46.409+0000] {logging_mixin.py:188} INFO - [2026-09-17T14:44:46.409+0000] {dag.py:3096} INFO - Sync 1 DAGs
[2026-09-17T14:44:46.433+0000] {logging_mixin.py:188} INFO - [2026-09-17T14:44:46.433+0000] {dag.py:3954} INFO - Setting next_dagrun for youtube_data_updating to 2026-09-17 00:00:00+00:00, run_after=2026-09-18 00:00:00+00:00
[2026-09-17T14:44:46.458+0000] {processor.py:183} INFO - Processing /opt/airflow/dags/dag_updating.py took 0.134 seconds
[2026-09-17T14:45:16.809+0000] {processor.py:161} INFO - Started process (PID=1533) to work on /opt/airflow/dags/dag_updating.py
[2026-09-17T14:45:16.812+0000] {processor.py:830} INFO - Processing file /opt/airflow/dags/dag_updating.py for tasks to queue
[2026-09-17T14:45:16.814+0000] {logging_mixin.py:188} INFO - [2026-09-17T14:45:16.814+0000] {dagbag.py:545} INFO - Filling up the DagBag from /opt/airflow/dags/dag_updating.py
[2026-09-17T14:45:16.866+0000] {processor.py:840} INFO - DAG(s) 'youtube_data_updating' retrieved from /opt/airflow/dags/dag_updating.py
[2026-09-17T14:45:16.889+0000] {logging_mixin.py:188} INFO - [2026-09-17T14:45:16.889+0000] {dag.py:3096} INFO - Sync 1 DAGs
[2026-09-17T14:45:16.913+0000] {logging_mixin.py:188} INFO - [2026-09-17T14:45:16.912+0000] {dag.py:3954} INFO - Setting next_dagrun for youtube_data_updating to 2026-09-17 00:00:00+00:00, run_after=2026-09-18 00:00:00+00:00
[2026-09-17T14:45:16.939+0000] {processor.py:183} INFO - Processing /opt/airflow/dags/dag_updating.py took 0.143 seconds
[2026-09-17T14:45:47.284+0000] {processor.py:161} INFO - Started process (PID=1541) to work on /opt/airflow/dags/dag_updating.py
[2026-09-17T14:45:47.286+0000] {processor.py:830} INFO - Processing file /opt/airflow/dags/dag_updating.py for tasks to queue
[2026-09-17T14:45:47.287+0000] {logging_mixin.py:188} INFO - [2026-09-17T14:45:47.287+0000] {dagbag.py:545} INFO - Filling up the DagBag from /opt/airflow/dags/dag_updating.py
[2026-09-17T14:45:47.330+0000] {processor.py:840} INFO - DAG(s) 'youtube_data_updating' retrieved from /opt/airflow/dags/dag_updating.py
[2026-09-17T14:45:47.352+0000] {logging_mixin.py:188} INFO - [2026-09-17T14:45:47.352+0000] {dag.py:3096} INFO - Sync 1 DAGs
[2026-09-17T14:45:47.374+0000] {logging_mixin.py:188} INFO - [2026-09-17T14:45:47.374+0000] {dag.py:3954} INFO - Setting next_dagrun for youtube_data_updating to 2026-09-17 00:00:00+00:00, run_after=2026-09-18 00:00:00+00:00
[2026-09-17T14:45:47.431+0000] {processor.py:183} INFO - Processing /opt/airflow/dags/dag_updating.py took 0.157 seconds
[2026-09-17T14:46:17.769+0000] {processor.py:161} INFO - Started process (PID=1549) to work on /opt/airflow/dags/dag_updating.py
[2026-09-17T14:46:17.771+0000] {processor.py:830} INFO - Processing file /opt/airflow/dags/dag_updating.py for tasks to queue
[2026-09-17T14:46:17.773+0000] {logging_mixin.py:188} INFO - [2026-09-17T14:46:17.773+0000] {dagbag.py:545} INFO - Filling up the DagBag from /opt/airflow/dags/dag_updating.py
[2026-09-17T14:46:17.824+0000] {processor.py:840} INFO - DAG(s) 'youtube_data_updating' retrieved from /opt/airflow/dags/dag_updating.py
[2026-09-17T14:46:17.848+0000] {logging_mixin.py:188} INFO - [2026-09-17T14:46:17.848+0000] {dag.py:3096} INFO - Sync 1 DAGs
[2026-09-17T14:46:17.870+0000] {logging_mixin.py:188} INFO - [2026-09-17T14:46:17.870+0000] {dag.py:3954} INFO - Setting next_dagrun for youtube_data_updating to 2026-09-17 00:00:00+00:00, run_after=2026-09-18 00:00:00+00:00
[2026-09-17T14:46:17.892+0000] {processor.py:183} INFO - Processing /opt/airflow/dags/dag_updating.py took 0.131 seconds
[2026-09-17T14:46:48.247+0000] {processor.py:161} INFO - Started process (PID=1557) to work on /opt/airflow/dags/dag_updating.py
[2026-09-17T14:46:48.250+0000] {processor.py:830} INFO - Processing file /opt/airflow/dags/dag_updating.py for tasks to queue
[2026-09-17T14:46:48.253+0000] {logging_mixin.py:188} INFO - [2026-09-17T14:46:48.252+0000] {dagbag.py:545} INFO - Filling up the DagBag from /opt/airflow/dags/dag_updating.py
[2026-09-17T14:46:48.298+0000] {processor.py:840} INFO - DAG(s) 'youtube_data_updating' retrieved from /opt/airflow/dags/dag_updating.py
[2026-09-17T14:46:48.321+0000] {logging_mixin.py:188} INFO - [2026-09-17T14:46:48.320+0000] {dag.py:3096} INFO - Sync 1 DAGs
[2026-09-17T14:46:48.342+0000] {logging_mixin.py:188} INFO - [2026-09-17T14:46:48.342+0000] {dag.py:3954} INFO - Setting next_dagrun for youtube_data_updating to 2026-09-17 00:00:00+00:00, run_after=2026-09-18 00:00:00+00:00
[2026-09-17T14:46:48.366+0000] {processor.py:183} INFO - Processing /opt/airflow/dags/dag_updating.py took 0.128 seconds
[2026-09-17T14:47:18.734+0000] {processor.py:161} INFO - Started process (PID=1565) to work on /opt/airflow/dags/dag_updating.py
[2026-09-17T14:47:18.739+0000] {processor.py:830} INFO - Processing file /opt/airflow/dags/dag_updating.py for tasks to queue
[2026-09-17T14:47:18.741+0000] {logging_mixin.py:188} INFO - [2026-09-17T14:47:18.740+0000] {dagbag.py:545} INFO - Filling up the DagBag from /opt/airflow/dags/dag_updating.py
[2026-09-17T14:47:18.801+0000] {processor.py:840} INFO - DAG(s) 'youtube_data_updating' retrieved from /opt/airflow/dags/dag_updating.py
[2026-09-17T14:47:18.827+0000] {logging_mixin.py:188} INFO - [2026-09-17T14:47:18.827+0000] {dag.py:3096} INFO - Sync 1 DAGs
[2026-09-17T14:47:18.851+0000] {logging_mixin.py:188} INFO - [2026-09-17T14:47:18.851+0000] {dag.py:3954} INFO - Setting next_dagrun for youtube_data_updating to 2026-09-17 00:00:00+00:00, run_after=2026-09-18 00:00:00+00:00
[2026-09-17T14:47:18.878+0000] {processor.py:183} INFO - Processing /opt/airflow/dags/dag_updating.py took 0.153 seconds
[2026-09-17T14:47:49.257+0000] {processor.py:161} INFO - Started process (PID=1573) to work on /opt/airflow/dags/dag_updating.py
[2026-09-17T14:47:49.262+0000] {processor.py:830} INFO - Processing file /opt/airflow/dags/dag_updating.py for tasks to queue
[2026-09-17T14:47:49.264+0000] {logging_mixin.py:188} INFO - [2026-09-17T14:47:49.264+0000] {dagbag.py:545} INFO - Filling up the DagBag from /opt/airflow/dags/dag_updating.py
[2026-09-17T14:47:49.312+0000] {processor.py:840} INFO - DAG(s) 'youtube_data_updating' retrieved from /opt/airflow/dags/dag_updating.py
[2026-09-17T14:47:49.337+0000] {logging_mixin.py:188} INFO - [2026-09-17T14:47:49.337+0000] {dag.py:3096} INFO - Sync 1 DAGs
[2026-09-17T14:47:49.370+0000] {logging_mixin.py:188} INFO - [2026-09-17T14:47:49.370+0000] {dag.py:3954} INFO - Setting next_dagrun for youtube_data_updating to 2026-09-17 00:00:00+00:00, run_after=2026-09-18 00:00:00+00:00
[2026-09-17T14:47:49.394+0000] {processor.py:183} INFO - Processing /opt/airflow/dags/dag_updating.py took 0.146 seconds
[2026-09-17T14:48:19.740+0000] {processor.py:161} INFO - Started process (PID=1581) to work on /opt/airflow/dags/dag_updating.py
[2026-09-17T14:48:19.744+0000] {processor.py:830} INFO - Processing file /opt/airflow/dags/dag_updating.py for tasks to queue
[2026-09-17T14:48:19.747+0000] {logging_mixin.py:188} INFO - [2026-09-17T14:48:19.746+0000] {dagbag.py:545} INFO - Filling up the DagBag from /opt/airflow/dags/dag_updating.py
[2026-09-17T14:48:19.798+0000] {processor.py:840} INFO - DAG(s) 'youtube_data_updating' retrieved from /opt/airflow/dags/dag_updating.py
[2026-09-17T14:48:19.820+0000] {logging_mixin.py:188} INFO - [2026-09-17T14:48:19.820+0000] {dag.py:3096} INFO - Sync 1 DAGs
[2026-09-17T14:48:19.844+0000] {logging_mixin.py:188} INFO - [2026-09-17T14:48:19.844+0000] {dag.py:3954} INFO - Setting next_dagrun for youtube_data_updating to 2026-09-17 00:00:00+00:00, run_after=2026-09-18 00:00:00+00:00
[2026-09-17T14:48:19.867+0000] {processor.py:183} INFO - Processing /opt/airflow/dags/dag_updating.py took 0.137 seconds
[2026-09-17T14:48:50.191+0000] {processor.py:161} INFO - Started process (PID=1589) to work on /opt/airflow/dags/dag_updating.py
[2026-09-17T14:48:50.193+0000] {processor.py:830} INFO - Processing file /opt/airflow/dags/dag_updating.py for tasks to queue
[2026-09-17T14:48:50.195+0000] {logging_mixin.py:188} INFO - [2026-09-17T14:48:50.195+0000] {dagbag.py:545} INFO - Filling up the DagBag from /opt/airflow/dags/dag_updating.py
[2026-09-17T14:48:50.240+0000] {processor.py:840} INFO - DAG(s) 'youtube_data_updating' retrieved from /opt/airflow/dags/dag_updating.py
[2026-09-17T14:48:50.262+0000] {logging_mixin.py:188} INFO - [2026-09-17T14:48:50.261+0000] {dag.py:3096} INFO - Sync 1 DAGs
[2026-09-17T14:48:50.284+0000] {logging_mixin.py:188} INFO - [2026-09-17T14:48:50.284+0000] {dag.py:3954} INFO - Setting next_dagrun for youtube_data_updating to 2026-09-17 00:00:00+00:00, run_after=2026-09-18 00:00:00+00:00
[2026-09-17T14:48:50.308+0000] {processor.py:183} INFO - Processing /opt/airflow/dags/dag_updating.py took 0.127 seconds
[2026-09-17T14:49:20.628+0000] {processor.py:161} INFO - Started process (PID=1597) to work on /opt/airflow/dags/dag_updating.py
[2026-09-17T14:49:20.630+0000] {processor.py:830} INFO - Processing file /opt/airflow/dags/dag_updating.py for tasks to queue
[2026-09-17T14:49:20.633+0000] {logging_mixin.py:188} INFO - [2026-09-17T14:49:20.632+0000] {dagbag.py:545} INFO - Filling up the DagBag from /opt/airflow/dags/dag_updating.py
[2026-09-17T14:49:20.695+0000] {processor.py:840} INFO - DAG(s) 'youtube_data_updating' retrieved from /opt/airflow/dags/dag_updating.py
[2026-09-17T14:49:20.724+0000] {logging_mixin.py:188} INFO - [2026-09-17T14:49:20.724+0000] {dag.py:3096} INFO - Sync 1 DAGs
[2026-09-17T14:49:20.760+0000] {logging_mixin.py:188} INFO - [2026-09-17T14:49:20.760+0000] {dag.py:3954} INFO - Setting next_dagrun for youtube_data_updating to 2026-09-17 00:00:00+00:00, run_after=2026-09-18 00:00:00+00:00
[2026-09-17T14:49:20.785+0000] {processor.py:183} INFO - Processing /opt/airflow/dags/dag_updating.py took 0.168 seconds
[2026-09-17T14:49:51.099+0000] {processor.py:161} INFO - Started process (PID=1605) to work on /opt/airflow/dags/dag_updating.py
[2026-09-17T14:49:51.102+0000] {processor.py:830} INFO - Processing file /opt/airflow/dags/dag_updating.py for tasks to queue
[2026-09-17T14:49:51.104+0000] {logging_mixin.py:188} INFO - [2026-09-17T14:49:51.104+0000] {dagbag.py:545} INFO - Filling up the DagBag from /opt/airflow/dags/dag_updating.py
[2026-09-17T14:49:51.162+0000] {processor.py:840} INFO - DAG(s) 'youtube_data_updating' retrieved from /opt/airflow/dags/dag_updating.py
[2026-09-17T14:49:51.185+0000] {logging_mixin.py:188} INFO - [2026-09-17T14:49:51.185+0000] {dag.py:3096} INFO - Sync 1 DAGs
[2026-09-17T14:49:51.209+0000] {logging_mixin.py:188} INFO - [2026-09-17T14:49:51.209+0000] {dag.py:3954} INFO - Setting next_dagrun for youtube_data_updating to 2026-09-17 00:00:00+00:00, run_after=2026-09-18 00:00:00+00:00
[2026-09-17T14:49:51.234+0000] {processor.py:183} INFO - Processing /opt/airflow/dags/dag_updating.py took 0.144 seconds
[2026-09-17T14:50:21.563+0000] {processor.py:161} INFO - Started process (PID=1613) to work on /opt/airflow/dags/dag_updating.py
[2026-09-17T14:50:21.565+0000] {processor.py:830} INFO - Processing file /opt/airflow/dags/dag_updating.py for tasks to queue
[2026-09-17T14:50:21.567+0000] {logging_mixin.py:188} INFO - [2026-09-17T14:50:21.567+0000] {dagbag.py:545} INFO - Filling up the DagBag from /opt/airflow/dags/dag_updating.py
[2026-09-17T14:50:21.612+0000] {processor.py:840} INFO - DAG(s) 'youtube_data_updating' retrieved from /opt/airflow/dags/dag_updating.py
[2026-09-17T14:50:21.633+0000] {logging_mixin.py:188} INFO - [2026-09-17T14:50:21.633+0000] {dag.py:3096} INFO - Sync 1 DAGs
[2026-09-17T14:50:21.653+0000] {logging_mixin.py:188} INFO - [2026-09-17T14:50:21.653+0000] {dag.py:3954} INFO - Setting next_dagrun for youtube_data_updating to 2026-09-17 00:00:00+00:00, run_after=2026-09-18 00:00:00+00:00
[2026-09-17T14:50:21.676+0000] {processor.py:183} INFO - Processing /opt/airflow/dags/dag_updating.py took 0.120 seconds
[2026-09-17T14:50:51.964+0000] {processor.py:161} INFO - Started process (PID=1621) to work on /opt/airflow/dags/dag_updating.py
[2026-09-17T14:50:51.966+0000] {processor.py:830} INFO - Processing file /opt/airflow/dags/dag_updating.py for tasks to queue
[2026-09-17T14:50:51.968+0000] {logging_mixin.py:188} INFO - [2026-09-17T14:50:51.968+0000] {dagbag.py:545} INFO - Filling up the DagBag from /opt/airflow/dags/dag_updating.py
[2026-09-17T14:50:52.021+0000] {processor.py:840} INFO - DAG(s) 'youtube_data_updating' retrieved from /opt/airflow/dags/dag_updating.py
[2026-09-17T14:50:52.048+0000] {logging_mixin.py:188} INFO - [2026-09-17T14:50:52.047+0000] {dag.py:3096} INFO - Sync 1 DAGs
[2026-09-17T14:50:52.075+0000] {logging_mixin.py:188} INFO - [2026-09-17T14:50:52.075+0000] {dag.py:3954} INFO - Setting next_dagrun for youtube_data_updating to 2026-09-17 00:00:00+00:00, run_after=2026-09-18 00:00:00+00:00
[2026-09-17T14:50:52.104+0000] {processor.py:183} INFO - Processing /opt/airflow/dags/dag_updating.py took 0.151 seconds
[2026-09-17T14:51:22.423+0000] {processor.py:161} INFO - Started process (PID=1629) to work on /opt/airflow/dags/dag_updating.py
[2026-09-17T14:51:22.427+0000] {processor.py:830} INFO - Processing file /opt/airflow/dags/dag_updating.py for tasks to queue
[2026-09-17T14:51:22.429+0000] {logging_mixin.py:188} INFO - [2026-09-17T14:51:22.429+0000] {dagbag.py:545} INFO - Filling up the DagBag from /opt/airflow/dags/dag_updating.py
[2026-09-17T14:51:22.481+0000] {processor.py:840} INFO - DAG(s) 'youtube_data_updating' retrieved from /opt/airflow/dags/dag_updating.py
[2026-09-17T14:51:22.507+0000] {logging_mixin.py:188} INFO - [2026-09-17T14:51:22.507+0000] {dag.py:3096} INFO - Sync 1 DAGs
[2026-09-17T14:51:22.529+0000] {logging_mixin.py:188} INFO - [2026-09-17T14:51:22.529+0000] {dag.py:3954} INFO - Setting next_dagrun for youtube_data_updating to 2026-09-17 00:00:00+00:00, run_after=2026-09-18 00:00:00+00:00
[2026-09-17T14:51:22.551+0000] {processor.py:183} INFO - Processing /opt/airflow/dags/dag_updating.py took 0.138 seconds
[2026-09-17T14:51:52.897+0000] {processor.py:161} INFO - Started process (PID=1637) to work on /opt/airflow/dags/dag_updating.py
[2026-09-17T14:51:52.899+0000] {processor.py:830} INFO - Processing file /opt/airflow/dags/dag_updating.py for tasks to queue
[2026-09-17T14:51:52.901+0000] {logging_mixin.py:188} INFO - [2026-09-17T14:51:52.901+0000] {dagbag.py:545} INFO - Filling up the DagBag from /opt/airflow/dags/dag_updating.py
[2026-09-17T14:51:52.959+0000] {processor.py:840} INFO - DAG(s) 'youtube_data_updating' retrieved from /opt/airflow/dags/dag_updating.py
[2026-09-17T14:51:52.989+0000] {logging_mixin.py:188} INFO - [2026-09-17T14:51:52.988+0000] {dag.py:3096} INFO - Sync 1 DAGs
[2026-09-17T14:51:53.018+0000] {logging_mixin.py:188} INFO - [2026-09-17T14:51:53.017+0000] {dag.py:3954} INFO - Setting next_dagrun for youtube_data_updating to 2026-09-17 00:00:00+00:00, run_after=2026-09-18 00:00:00+00:00
[2026-09-17T14:51:53.044+0000] {processor.py:183} INFO - Processing /opt/airflow/dags/dag_updating.py took 0.158 seconds
[2026-09-17T14:52:23.366+0000] {processor.py:161} INFO - Started process (PID=1645) to work on /opt/airflow/dags/dag_updating.py
[2026-09-17T14:52:23.368+0000] {processor.py:830} INFO - Processing file /opt/airflow/dags/dag_updating.py for tasks to queue
[2026-09-17T14:52:23.371+0000] {logging_mixin.py:188} INFO - [2026-09-17T14:52:23.370+0000] {dagbag.py:545} INFO - Filling up the DagBag from /opt/airflow/dags/dag_updating.py
[2026-09-17T14:52:23.434+0000] {processor.py:840} INFO - DAG(s) 'youtube_data_updating' retrieved from /opt/airflow/dags/dag_updating.py
[2026-09-17T14:52:23.475+0000] {logging_mixin.py:188} INFO - [2026-09-17T14:52:23.475+0000] {dag.py:3096} INFO - Sync 1 DAGs
[2026-09-17T14:52:23.497+0000] {logging_mixin.py:188} INFO - [2026-09-17T14:52:23.497+0000] {dag.py:3954} INFO - Setting next_dagrun for youtube_data_updating to 2026-09-17 00:00:00+00:00, run_after=2026-09-18 00:00:00+00:00
[2026-09-17T14:52:23.527+0000] {processor.py:183} INFO - Processing /opt/airflow/dags/dag_updating.py took 0.173 seconds
[2026-09-17T14:52:53.838+0000] {processor.py:161} INFO - Started process (PID=1653) to work on /opt/airflow/dags/dag_updating.py
[2026-09-17T14:52:53.842+0000] {processor.py:830} INFO - Processing file /opt/airflow/dags/dag_updating.py for tasks to queue
[2026-09-17T14:52:53.844+0000] {logging_mixin.py:188} INFO - [2026-09-17T14:52:53.844+0000] {dagbag.py:545} INFO - Filling up the DagBag from /opt/airflow/dags/dag_updating.py
[2026-09-17T14:52:53.893+0000] {processor.py:840} INFO - DAG(s) 'youtube_data_updating' retrieved from /opt/airflow/dags/dag_updating.py
[2026-09-17T14:52:53.920+0000] {logging_mixin.py:188} INFO - [2026-09-17T14:52:53.920+0000] {dag.py:3096} INFO - Sync 1 DAGs
[2026-09-17T14:52:53.942+0000] {logging_mixin.py:188} INFO - [2026-09-17T14:52:53.942+0000] {dag.py:3954} INFO - Setting next_dagrun for youtube_data_updating to 2026-09-17 00:00:00+00:00, run_after=2026-09-18 00:00:00+00:00
[2026-09-17T14:52:53.967+0000] {processor.py:183} INFO - Processing /opt/airflow/dags/dag_updating.py took 0.138 seconds
[2026-09-17T14:53:24.278+0000] {processor.py:161} INFO - Started process (PID=1661) to work on /opt/airflow/dags/dag_updating.py
[2026-09-17T14:53:24.282+0000] {processor.py:830} INFO - Processing file /opt/airflow/dags/dag_updating.py for tasks to queue
[2026-09-17T14:53:24.284+0000] {logging_mixin.py:188} INFO - [2026-09-17T14:53:24.283+0000] {dagbag.py:545} INFO - Filling up the DagBag from /opt/airflow/dags/dag_updating.py
[2026-09-17T14:53:24.336+0000] {processor.py:840} INFO - DAG(s) 'youtube_data_updating' retrieved from /opt/airflow/dags/dag_updating.py
[2026-09-17T14:53:24.364+0000] {logging_mixin.py:188} INFO - [2026-09-17T14:53:24.364+0000] {dag.py:3096} INFO - Sync 1 DAGs
[2026-09-17T14:53:24.388+0000] {logging_mixin.py:188} INFO - [2026-09-17T14:53:24.388+0000] {dag.py:3954} INFO - Setting next_dagrun for youtube_data_updating to 2026-09-17 00:00:00+00:00, run_after=2026-09-18 00:00:00+00:00
[2026-09-17T14:53:24.416+0000] {processor.py:183} INFO - Processing /opt/airflow/dags/dag_updating.py took 0.145 seconds
[2026-09-17T14:53:54.728+0000] {processor.py:161} INFO - Started process (PID=1669) to work on /opt/airflow/dags/dag_updating.py
[2026-09-17T14:53:54.731+0000] {processor.py:830} INFO - Processing file /opt/airflow/dags/dag_updating.py for tasks to queue
[2026-09-17T14:53:54.735+0000] {logging_mixin.py:188} INFO - [2026-09-17T14:53:54.734+0000] {dagbag.py:545} INFO - Filling up the DagBag from /opt/airflow/dags/dag_updating.py
[2026-09-17T14:53:54.800+0000] {processor.py:840} INFO - DAG(s) 'youtube_data_updating' retrieved from /opt/airflow/dags/dag_updating.py
[2026-09-17T14:53:54.829+0000] {logging_mixin.py:188} INFO - [2026-09-17T14:53:54.829+0000] {dag.py:3096} INFO - Sync 1 DAGs
[2026-09-17T14:53:54.857+0000] {logging_mixin.py:188} INFO - [2026-09-17T14:53:54.856+0000] {dag.py:3954} INFO - Setting next_dagrun for youtube_data_updating to 2026-09-17 00:00:00+00:00, run_after=2026-09-18 00:00:00+00:00
[2026-09-17T14:53:55.056+0000] {processor.py:183} INFO - Processing /opt/airflow/dags/dag_updating.py took 0.339 seconds
[2026-09-17T14:54:25.347+0000] {processor.py:161} INFO - Started process (PID=1677) to work on /opt/airflow/dags/dag_updating.py
[2026-09-17T14:54:25.350+0000] {processor.py:830} INFO - Processing file /opt/airflow/dags/dag_updating.py for tasks to queue
[2026-09-17T14:54:25.353+0000] {logging_mixin.py:188} INFO - [2026-09-17T14:54:25.352+0000] {dagbag.py:545} INFO - Filling up the DagBag from /opt/airflow/dags/dag_updating.py
[2026-09-17T14:54:25.433+0000] {processor.py:840} INFO - DAG(s) 'youtube_data_updating' retrieved from /opt/airflow/dags/dag_updating.py
[2026-09-17T14:54:25.465+0000] {logging_mixin.py:188} INFO - [2026-09-17T14:54:25.465+0000] {dag.py:3096} INFO - Sync 1 DAGs
[2026-09-17T14:54:25.499+0000] {logging_mixin.py:188} INFO - [2026-09-17T14:54:25.498+0000] {dag.py:3954} INFO - Setting next_dagrun for youtube_data_updating to 2026-09-17 00:00:00+00:00, run_after=2026-09-18 00:00:00+00:00
[2026-09-17T14:54:25.530+0000] {processor.py:183} INFO - Processing /opt/airflow/dags/dag_updating.py took 0.197 seconds
[2026-09-17T14:54:55.836+0000] {processor.py:161} INFO - Started process (PID=1685) to work on /opt/airflow/dags/dag_updating.py
[2026-09-17T14:54:55.839+0000] {processor.py:830} INFO - Processing file /opt/airflow/dags/dag_updating.py for tasks to queue
[2026-09-17T14:54:55.841+0000] {logging_mixin.py:188} INFO - [2026-09-17T14:54:55.841+0000] {dagbag.py:545} INFO - Filling up the DagBag from /opt/airflow/dags/dag_updating.py
[2026-09-17T14:54:55.900+0000] {processor.py:840} INFO - DAG(s) 'youtube_data_updating' retrieved from /opt/airflow/dags/dag_updating.py
[2026-09-17T14:54:55.931+0000] {logging_mixin.py:188} INFO - [2026-09-17T14:54:55.931+0000] {dag.py:3096} INFO - Sync 1 DAGs
[2026-09-17T14:54:55.957+0000] {logging_mixin.py:188} INFO - [2026-09-17T14:54:55.957+0000] {dag.py:3954} INFO - Setting next_dagrun for youtube_data_updating to 2026-09-17 00:00:00+00:00, run_after=2026-09-18 00:00:00+00:00
[2026-09-17T14:54:55.988+0000] {processor.py:183} INFO - Processing /opt/airflow/dags/dag_updating.py took 0.161 seconds
[2026-09-17T14:55:26.319+0000] {processor.py:161} INFO - Started process (PID=1693) to work on /opt/airflow/dags/dag_updating.py
[2026-09-17T14:55:26.323+0000] {processor.py:830} INFO - Processing file /opt/airflow/dags/dag_updating.py for tasks to queue
[2026-09-17T14:55:26.325+0000] {logging_mixin.py:188} INFO - [2026-09-17T14:55:26.325+0000] {dagbag.py:545} INFO - Filling up the DagBag from /opt/airflow/dags/dag_updating.py
[2026-09-17T14:55:26.377+0000] {processor.py:840} INFO - DAG(s) 'youtube_data_updating' retrieved from /opt/airflow/dags/dag_updating.py
[2026-09-17T14:55:26.399+0000] {logging_mixin.py:188} INFO - [2026-09-17T14:55:26.399+0000] {dag.py:3096} INFO - Sync 1 DAGs
[2026-09-17T14:55:26.422+0000] {logging_mixin.py:188} INFO - [2026-09-17T14:55:26.422+0000] {dag.py:3954} INFO - Setting next_dagrun for youtube_data_updating to 2026-09-17 00:00:00+00:00, run_after=2026-09-18 00:00:00+00:00
[2026-09-17T14:55:26.454+0000] {processor.py:183} INFO - Processing /opt/airflow/dags/dag_updating.py took 0.147 seconds
[2026-09-17T14:55:56.802+0000] {processor.py:161} INFO - Started process (PID=1701) to work on /opt/airflow/dags/dag_updating.py
[2026-09-17T14:55:56.804+0000] {processor.py:830} INFO - Processing file /opt/airflow/dags/dag_updating.py for tasks to queue
[2026-09-17T14:55:56.806+0000] {logging_mixin.py:188} INFO - [2026-09-17T14:55:56.806+0000] {dagbag.py:545} INFO - Filling up the DagBag from /opt/airflow/dags/dag_updating.py
[2026-09-17T14:55:56.853+0000] {processor.py:840} INFO - DAG(s) 'youtube_data_updating' retrieved from /opt/airflow/dags/dag_updating.py
[2026-09-17T14:55:56.875+0000] {logging_mixin.py:188} INFO - [2026-09-17T14:55:56.875+0000] {dag.py:3096} INFO - Sync 1 DAGs
[2026-09-17T14:55:56.897+0000] {logging_mixin.py:188} INFO - [2026-09-17T14:55:56.897+0000] {dag.py:3954} INFO - Setting next_dagrun for youtube_data_updating to 2026-09-17 00:00:00+00:00, run_after=2026-09-18 00:00:00+00:00
[2026-09-17T14:55:56.923+0000] {processor.py:183} INFO - Processing /opt/airflow/dags/dag_updating.py took 0.130 seconds
[2026-09-17T14:56:27.260+0000] {processor.py:161} INFO - Started process (PID=1709) to work on /opt/airflow/dags/dag_updating.py
[2026-09-17T14:56:27.262+0000] {processor.py:830} INFO - Processing file /opt/airflow/dags/dag_updating.py for tasks to queue
[2026-09-17T14:56:27.264+0000] {logging_mixin.py:188} INFO - [2026-09-17T14:56:27.264+0000] {dagbag.py:545} INFO - Filling up the DagBag from /opt/airflow/dags/dag_updating.py
[2026-09-17T14:56:27.312+0000] {processor.py:840} INFO - DAG(s) 'youtube_data_updating' retrieved from /opt/airflow/dags/dag_updating.py
[2026-09-17T14:56:27.337+0000] {logging_mixin.py:188} INFO - [2026-09-17T14:56:27.337+0000] {dag.py:3096} INFO - Sync 1 DAGs
[2026-09-17T14:56:27.360+0000] {logging_mixin.py:188} INFO - [2026-09-17T14:56:27.360+0000] {dag.py:3954} INFO - Setting next_dagrun for youtube_data_updating to 2026-09-17 00:00:00+00:00, run_after=2026-09-18 00:00:00+00:00
[2026-09-17T14:56:27.389+0000] {processor.py:183} INFO - Processing /opt/airflow/dags/dag_updating.py took 0.140 seconds
[2026-09-17T14:56:57.702+0000] {processor.py:161} INFO - Started process (PID=1717) to work on /opt/airflow/dags/dag_updating.py
[2026-09-17T14:56:57.705+0000] {processor.py:830} INFO - Processing file /opt/airflow/dags/dag_updating.py for tasks to queue
[2026-09-17T14:56:57.707+0000] {logging_mixin.py:188} INFO - [2026-09-17T14:56:57.707+0000] {dagbag.py:545} INFO - Filling up the DagBag from /opt/airflow/dags/dag_updating.py
[2026-09-17T14:56:57.752+0000] {processor.py:840} INFO - DAG(s) 'youtube_data_updating' retrieved from /opt/airflow/dags/dag_updating.py
[2026-09-17T14:56:57.774+0000] {logging_mixin.py:188} INFO - [2026-09-17T14:56:57.773+0000] {dag.py:3096} INFO - Sync 1 DAGs
[2026-09-17T14:56:57.801+0000] {logging_mixin.py:188} INFO - [2026-09-17T14:56:57.801+0000] {dag.py:3954} INFO - Setting next_dagrun for youtube_data_updating to 2026-09-17 00:00:00+00:00, run_after=2026-09-18 00:00:00+00:00
[2026-09-17T14:56:57.823+0000] {processor.py:183} INFO - Processing /opt/airflow/dags/dag_updating.py took 0.131 seconds
[2026-09-17T14:57:28.114+0000] {processor.py:161} INFO - Started process (PID=1725) to work on /opt/airflow/dags/dag_updating.py
[2026-09-17T14:57:28.118+0000] {processor.py:830} INFO - Processing file /opt/airflow/dags/dag_updating.py for tasks to queue
[2026-09-17T14:57:28.121+0000] {logging_mixin.py:188} INFO - [2026-09-17T14:57:28.120+0000] {dagbag.py:545} INFO - Filling up the DagBag from /opt/airflow/dags/dag_updating.py
[2026-09-17T14:57:28.171+0000] {processor.py:840} INFO - DAG(s) 'youtube_data_updating' retrieved from /opt/airflow/dags/dag_updating.py
[2026-09-17T14:57:28.195+0000] {logging_mixin.py:188} INFO - [2026-09-17T14:57:28.195+0000] {dag.py:3096} INFO - Sync 1 DAGs
[2026-09-17T14:57:28.221+0000] {logging_mixin.py:188} INFO - [2026-09-17T14:57:28.221+0000] {dag.py:3954} INFO - Setting next_dagrun for youtube_data_updating to 2026-09-17 00:00:00+00:00, run_after=2026-09-18 00:00:00+00:00
[2026-09-17T14:57:28.245+0000] {processor.py:183} INFO - Processing /opt/airflow/dags/dag_updating.py took 0.140 seconds
[2026-09-17T14:57:58.622+0000] {processor.py:161} INFO - Started process (PID=1733) to work on /opt/airflow/dags/dag_updating.py
[2026-09-17T14:57:58.624+0000] {processor.py:830} INFO - Processing file /opt/airflow/dags/dag_updating.py for tasks to queue
[2026-09-17T14:57:58.626+0000] {logging_mixin.py:188} INFO - [2026-09-17T14:57:58.626+0000] {dagbag.py:545} INFO - Filling up the DagBag from /opt/airflow/dags/dag_updating.py
[2026-09-17T14:57:58.670+0000] {processor.py:840} INFO - DAG(s) 'youtube_data_updating' retrieved from /opt/airflow/dags/dag_updating.py
[2026-09-17T14:57:58.692+0000] {logging_mixin.py:188} INFO - [2026-09-17T14:57:58.692+0000] {dag.py:3096} INFO - Sync 1 DAGs
[2026-09-17T14:57:58.716+0000] {logging_mixin.py:188} INFO - [2026-09-17T14:57:58.715+0000] {dag.py:3954} INFO - Setting next_dagrun for youtube_data_updating to 2026-09-17 00:00:00+00:00, run_after=2026-09-18 00:00:00+00:00
[2026-09-17T14:57:58.738+0000] {processor.py:183} INFO - Processing /opt/airflow/dags/dag_updating.py took 0.125 seconds
[2026-09-17T14:58:29.018+0000] {processor.py:161} INFO - Started process (PID=1741) to work on /opt/airflow/dags/dag_updating.py
[2026-09-17T14:58:29.021+0000] {processor.py:830} INFO - Processing file /opt/airflow/dags/dag_updating.py for tasks to queue
[2026-09-17T14:58:29.023+0000] {logging_mixin.py:188} INFO - [2026-09-17T14:58:29.023+0000] {dagbag.py:545} INFO - Filling up the DagBag from /opt/airflow/dags/dag_updating.py
[2026-09-17T14:58:29.084+0000] {processor.py:840} INFO - DAG(s) 'youtube_data_updating' retrieved from /opt/airflow/dags/dag_updating.py
[2026-09-17T14:58:29.116+0000] {logging_mixin.py:188} INFO - [2026-09-17T14:58:29.116+0000] {dag.py:3096} INFO - Sync 1 DAGs
[2026-09-17T14:58:29.144+0000] {logging_mixin.py:188} INFO - [2026-09-17T14:58:29.144+0000] {dag.py:3954} INFO - Setting next_dagrun for youtube_data_updating to 2026-09-17 00:00:00+00:00, run_after=2026-09-18 00:00:00+00:00
[2026-09-17T14:58:29.170+0000] {processor.py:183} INFO - Processing /opt/airflow/dags/dag_updating.py took 0.164 seconds
[2026-09-17T14:58:59.467+0000] {processor.py:161} INFO - Started process (PID=1749) to work on /opt/airflow/dags/dag_updating.py
[2026-09-17T14:58:59.470+0000] {processor.py:830} INFO - Processing file /opt/airflow/dags/dag_updating.py for tasks to queue
[2026-09-17T14:58:59.472+0000] {logging_mixin.py:188} INFO - [2026-09-17T14:58:59.472+0000] {dagbag.py:545} INFO - Filling up the DagBag from /opt/airflow/dags/dag_updating.py
[2026-09-17T14:58:59.529+0000] {processor.py:840} INFO - DAG(s) 'youtube_data_updating' retrieved from /opt/airflow/dags/dag_updating.py
[2026-09-17T14:58:59.554+0000] {logging_mixin.py:188} INFO - [2026-09-17T14:58:59.554+0000] {dag.py:3096} INFO - Sync 1 DAGs
[2026-09-17T14:58:59.583+0000] {logging_mixin.py:188} INFO - [2026-09-17T14:58:59.583+0000] {dag.py:3954} INFO - Setting next_dagrun for youtube_data_updating to 2026-09-17 00:00:00+00:00, run_after=2026-09-18 00:00:00+00:00
[2026-09-17T14:58:59.618+0000] {processor.py:183} INFO - Processing /opt/airflow/dags/dag_updating.py took 0.162 seconds
[2026-09-17T14:59:29.933+0000] {processor.py:161} INFO - Started process (PID=1757) to work on /opt/airflow/dags/dag_updating.py
[2026-09-17T14:59:29.935+0000] {processor.py:830} INFO - Processing file /opt/airflow/dags/dag_updating.py for tasks to queue
[2026-09-17T14:59:29.938+0000] {logging_mixin.py:188} INFO - [2026-09-17T14:59:29.937+0000] {dagbag.py:545} INFO - Filling up the DagBag from /opt/airflow/dags/dag_updating.py
[2026-09-17T14:59:29.992+0000] {processor.py:840} INFO - DAG(s) 'youtube_data_updating' retrieved from /opt/airflow/dags/dag_updating.py
[2026-09-17T14:59:30.017+0000] {logging_mixin.py:188} INFO - [2026-09-17T14:59:30.017+0000] {dag.py:3096} INFO - Sync 1 DAGs
[2026-09-17T14:59:30.042+0000] {logging_mixin.py:188} INFO - [2026-09-17T14:59:30.041+0000] {dag.py:3954} INFO - Setting next_dagrun for youtube_data_updating to 2026-09-17 00:00:00+00:00, run_after=2026-09-18 00:00:00+00:00
[2026-09-17T14:59:30.071+0000] {processor.py:183} INFO - Processing /opt/airflow/dags/dag_updating.py took 0.147 seconds
[2026-09-17T15:00:00.382+0000] {processor.py:161} INFO - Started process (PID=1765) to work on /opt/airflow/dags/dag_updating.py
[2026-09-17T15:00:00.384+0000] {processor.py:830} INFO - Processing file /opt/airflow/dags/dag_updating.py for tasks to queue
[2026-09-17T15:00:00.387+0000] {logging_mixin.py:188} INFO - [2026-09-17T15:00:00.386+0000] {dagbag.py:545} INFO - Filling up the DagBag from /opt/airflow/dags/dag_updating.py
[2026-09-17T15:00:00.439+0000] {processor.py:840} INFO - DAG(s) 'youtube_data_updating' retrieved from /opt/airflow/dags/dag_updating.py
[2026-09-17T15:00:00.468+0000] {logging_mixin.py:188} INFO - [2026-09-17T15:00:00.467+0000] {dag.py:3096} INFO - Sync 1 DAGs
[2026-09-17T15:00:00.501+0000] {logging_mixin.py:188} INFO - [2026-09-17T15:00:00.501+0000] {dag.py:3954} INFO - Setting next_dagrun for youtube_data_updating to 2026-09-17 00:00:00+00:00, run_after=2026-09-18 00:00:00+00:00
[2026-09-17T15:00:00.529+0000] {processor.py:183} INFO - Processing /opt/airflow/dags/dag_updating.py took 0.157 seconds
[2026-09-17T15:00:30.818+0000] {processor.py:161} INFO - Started process (PID=1773) to work on /opt/airflow/dags/dag_updating.py
[2026-09-17T15:00:30.821+0000] {processor.py:830} INFO - Processing file /opt/airflow/dags/dag_updating.py for tasks to queue
[2026-09-17T15:00:30.824+0000] {logging_mixin.py:188} INFO - [2026-09-17T15:00:30.823+0000] {dagbag.py:545} INFO - Filling up the DagBag from /opt/airflow/dags/dag_updating.py
[2026-09-17T15:00:30.908+0000] {processor.py:840} INFO - DAG(s) 'youtube_data_updating' retrieved from /opt/airflow/dags/dag_updating.py
[2026-09-17T15:00:30.941+0000] {logging_mixin.py:188} INFO - [2026-09-17T15:00:30.941+0000] {dag.py:3096} INFO - Sync 1 DAGs
[2026-09-17T15:00:30.978+0000] {logging_mixin.py:188} INFO - [2026-09-17T15:00:30.978+0000] {dag.py:3954} INFO - Setting next_dagrun for youtube_data_updating to 2026-09-17 00:00:00+00:00, run_after=2026-09-18 00:00:00+00:00
[2026-09-17T15:00:31.018+0000] {processor.py:183} INFO - Processing /opt/airflow/dags/dag_updating.py took 0.211 seconds
[2026-09-17T15:01:01.374+0000] {processor.py:161} INFO - Started process (PID=1781) to work on /opt/airflow/dags/dag_updating.py
[2026-09-17T15:01:01.378+0000] {processor.py:830} INFO - Processing file /opt/airflow/dags/dag_updating.py for tasks to queue
[2026-09-17T15:01:01.380+0000] {logging_mixin.py:188} INFO - [2026-09-17T15:01:01.380+0000] {dagbag.py:545} INFO - Filling up the DagBag from /opt/airflow/dags/dag_updating.py
[2026-09-17T15:01:01.432+0000] {processor.py:840} INFO - DAG(s) 'youtube_data_updating' retrieved from /opt/airflow/dags/dag_updating.py
[2026-09-17T15:01:01.460+0000] {logging_mixin.py:188} INFO - [2026-09-17T15:01:01.460+0000] {dag.py:3096} INFO - Sync 1 DAGs
[2026-09-17T15:01:01.487+0000] {logging_mixin.py:188} INFO - [2026-09-17T15:01:01.487+0000] {dag.py:3954} INFO - Setting next_dagrun for youtube_data_updating to 2026-09-17 00:00:00+00:00, run_after=2026-09-18 00:00:00+00:00
[2026-09-17T15:01:01.514+0000] {processor.py:183} INFO - Processing /opt/airflow/dags/dag_updating.py took 0.151 seconds
[2026-09-17T15:01:31.817+0000] {processor.py:161} INFO - Started process (PID=1789) to work on /opt/airflow/dags/dag_updating.py
[2026-09-17T15:01:31.822+0000] {processor.py:830} INFO - Processing file /opt/airflow/dags/dag_updating.py for tasks to queue
[2026-09-17T15:01:31.825+0000] {logging_mixin.py:188} INFO - [2026-09-17T15:01:31.824+0000] {dagbag.py:545} INFO - Filling up the DagBag from /opt/airflow/dags/dag_updating.py
[2026-09-17T15:01:31.884+0000] {processor.py:840} INFO - DAG(s) 'youtube_data_updating' retrieved from /opt/airflow/dags/dag_updating.py
[2026-09-17T15:01:31.908+0000] {logging_mixin.py:188} INFO - [2026-09-17T15:01:31.908+0000] {dag.py:3096} INFO - Sync 1 DAGs
[2026-09-17T15:01:31.937+0000] {logging_mixin.py:188} INFO - [2026-09-17T15:01:31.937+0000] {dag.py:3954} INFO - Setting next_dagrun for youtube_data_updating to 2026-09-17 00:00:00+00:00, run_after=2026-09-18 00:00:00+00:00
[2026-09-17T15:01:31.965+0000] {processor.py:183} INFO - Processing /opt/airflow/dags/dag_updating.py took 0.156 seconds
[2026-09-17T15:02:02.257+0000] {processor.py:161} INFO - Started process (PID=1797) to work on /opt/airflow/dags/dag_updating.py
[2026-09-17T15:02:02.261+0000] {processor.py:830} INFO - Processing file /opt/airflow/dags/dag_updating.py for tasks to queue
[2026-09-17T15:02:02.263+0000] {logging_mixin.py:188} INFO - [2026-09-17T15:02:02.263+0000] {dagbag.py:545} INFO - Filling up the DagBag from /opt/airflow/dags/dag_updating.py
[2026-09-17T15:02:02.318+0000] {processor.py:840} INFO - DAG(s) 'youtube_data_updating' retrieved from /opt/airflow/dags/dag_updating.py
[2026-09-17T15:02:02.353+0000] {logging_mixin.py:188} INFO - [2026-09-17T15:02:02.353+0000] {dag.py:3096} INFO - Sync 1 DAGs
[2026-09-17T15:02:02.384+0000] {logging_mixin.py:188} INFO - [2026-09-17T15:02:02.384+0000] {dag.py:3954} INFO - Setting next_dagrun for youtube_data_updating to 2026-09-17 00:00:00+00:00, run_after=2026-09-18 00:00:00+00:00
[2026-09-17T15:02:02.413+0000] {processor.py:183} INFO - Processing /opt/airflow/dags/dag_updating.py took 0.167 seconds
[2026-09-17T15:02:32.714+0000] {processor.py:161} INFO - Started process (PID=1805) to work on /opt/airflow/dags/dag_updating.py
[2026-09-17T15:02:32.718+0000] {processor.py:830} INFO - Processing file /opt/airflow/dags/dag_updating.py for tasks to queue
[2026-09-17T15:02:32.721+0000] {logging_mixin.py:188} INFO - [2026-09-17T15:02:32.720+0000] {dagbag.py:545} INFO - Filling up the DagBag from /opt/airflow/dags/dag_updating.py
[2026-09-17T15:02:32.778+0000] {processor.py:840} INFO - DAG(s) 'youtube_data_updating' retrieved from /opt/airflow/dags/dag_updating.py
[2026-09-17T15:02:32.804+0000] {logging_mixin.py:188} INFO - [2026-09-17T15:02:32.803+0000] {dag.py:3096} INFO - Sync 1 DAGs
[2026-09-17T15:02:32.830+0000] {logging_mixin.py:188} INFO - [2026-09-17T15:02:32.830+0000] {dag.py:3954} INFO - Setting next_dagrun for youtube_data_updating to 2026-09-17 00:00:00+00:00, run_after=2026-09-18 00:00:00+00:00
[2026-09-17T15:02:32.859+0000] {processor.py:183} INFO - Processing /opt/airflow/dags/dag_updating.py took 0.155 seconds
[2026-09-17T15:03:03.203+0000] {processor.py:161} INFO - Started process (PID=1813) to work on /opt/airflow/dags/dag_updating.py
[2026-09-17T15:03:03.206+0000] {processor.py:830} INFO - Processing file /opt/airflow/dags/dag_updating.py for tasks to queue
[2026-09-17T15:03:03.209+0000] {logging_mixin.py:188} INFO - [2026-09-17T15:03:03.208+0000] {dagbag.py:545} INFO - Filling up the DagBag from /opt/airflow/dags/dag_updating.py
[2026-09-17T15:03:03.267+0000] {processor.py:840} INFO - DAG(s) 'youtube_data_updating' retrieved from /opt/airflow/dags/dag_updating.py
[2026-09-17T15:03:03.298+0000] {logging_mixin.py:188} INFO - [2026-09-17T15:03:03.298+0000] {dag.py:3096} INFO - Sync 1 DAGs
[2026-09-17T15:03:03.328+0000] {logging_mixin.py:188} INFO - [2026-09-17T15:03:03.328+0000] {dag.py:3954} INFO - Setting next_dagrun for youtube_data_updating to 2026-09-17 00:00:00+00:00, run_after=2026-09-18 00:00:00+00:00
[2026-09-17T15:03:03.357+0000] {processor.py:183} INFO - Processing /opt/airflow/dags/dag_updating.py took 0.166 seconds
[2026-09-17T15:03:33.656+0000] {processor.py:161} INFO - Started process (PID=1821) to work on /opt/airflow/dags/dag_updating.py
[2026-09-17T15:03:33.660+0000] {processor.py:830} INFO - Processing file /opt/airflow/dags/dag_updating.py for tasks to queue
[2026-09-17T15:03:33.662+0000] {logging_mixin.py:188} INFO - [2026-09-17T15:03:33.662+0000] {dagbag.py:545} INFO - Filling up the DagBag from /opt/airflow/dags/dag_updating.py
[2026-09-17T15:03:33.710+0000] {processor.py:840} INFO - DAG(s) 'youtube_data_updating' retrieved from /opt/airflow/dags/dag_updating.py
[2026-09-17T15:03:33.734+0000] {logging_mixin.py:188} INFO - [2026-09-17T15:03:33.734+0000] {dag.py:3096} INFO - Sync 1 DAGs
[2026-09-17T15:03:33.757+0000] {logging_mixin.py:188} INFO - [2026-09-17T15:03:33.757+0000] {dag.py:3954} INFO - Setting next_dagrun for youtube_data_updating to 2026-09-17 00:00:00+00:00, run_after=2026-09-18 00:00:00+00:00
[2026-09-17T15:03:33.780+0000] {processor.py:183} INFO - Processing /opt/airflow/dags/dag_updating.py took 0.134 seconds
[2026-09-17T15:04:04.088+0000] {processor.py:161} INFO - Started process (PID=1829) to work on /opt/airflow/dags/dag_updating.py
[2026-09-17T15:04:04.092+0000] {processor.py:830} INFO - Processing file /opt/airflow/dags/dag_updating.py for tasks to queue
[2026-09-17T15:04:04.094+0000] {logging_mixin.py:188} INFO - [2026-09-17T15:04:04.093+0000] {dagbag.py:545} INFO - Filling up the DagBag from /opt/airflow/dags/dag_updating.py
[2026-09-17T15:04:04.142+0000] {processor.py:840} INFO - DAG(s) 'youtube_data_updating' retrieved from /opt/airflow/dags/dag_updating.py
[2026-09-17T15:04:04.164+0000] {logging_mixin.py:188} INFO - [2026-09-17T15:04:04.164+0000] {dag.py:3096} INFO - Sync 1 DAGs
[2026-09-17T15:04:04.187+0000] {logging_mixin.py:188} INFO - [2026-09-17T15:04:04.187+0000] {dag.py:3954} INFO - Setting next_dagrun for youtube_data_updating to 2026-09-17 00:00:00+00:00, run_after=2026-09-18 00:00:00+00:00
[2026-09-17T15:04:04.211+0000] {processor.py:183} INFO - Processing /opt/airflow/dags/dag_updating.py took 0.132 seconds
[2026-09-17T15:04:34.545+0000] {processor.py:161} INFO - Started process (PID=1837) to work on /opt/airflow/dags/dag_updating.py
[2026-09-17T15:04:34.549+0000] {processor.py:830} INFO - Processing file /opt/airflow/dags/dag_updating.py for tasks to queue
[2026-09-17T15:04:34.551+0000] {logging_mixin.py:188} INFO - [2026-09-17T15:04:34.551+0000] {dagbag.py:545} INFO - Filling up the DagBag from /opt/airflow/dags/dag_updating.py
[2026-09-17T15:04:34.602+0000] {processor.py:840} INFO - DAG(s) 'youtube_data_updating' retrieved from /opt/airflow/dags/dag_updating.py
[2026-09-17T15:04:34.631+0000] {logging_mixin.py:188} INFO - [2026-09-17T15:04:34.630+0000] {dag.py:3096} INFO - Sync 1 DAGs
[2026-09-17T15:04:34.661+0000] {logging_mixin.py:188} INFO - [2026-09-17T15:04:34.661+0000] {dag.py:3954} INFO - Setting next_dagrun for youtube_data_updating to 2026-09-17 00:00:00+00:00, run_after=2026-09-18 00:00:00+00:00
[2026-09-17T15:04:34.689+0000] {processor.py:183} INFO - Processing /opt/airflow/dags/dag_updating.py took 0.154 seconds
[2026-09-17T15:05:05.048+0000] {processor.py:161} INFO - Started process (PID=1845) to work on /opt/airflow/dags/dag_updating.py
[2026-09-17T15:05:05.058+0000] {processor.py:830} INFO - Processing file /opt/airflow/dags/dag_updating.py for tasks to queue
[2026-09-17T15:05:05.061+0000] {logging_mixin.py:188} INFO - [2026-09-17T15:05:05.060+0000] {dagbag.py:545} INFO - Filling up the DagBag from /opt/airflow/dags/dag_updating.py
[2026-09-17T15:05:05.116+0000] {processor.py:840} INFO - DAG(s) 'youtube_data_updating' retrieved from /opt/airflow/dags/dag_updating.py
[2026-09-17T15:05:05.143+0000] {logging_mixin.py:188} INFO - [2026-09-17T15:05:05.143+0000] {dag.py:3096} INFO - Sync 1 DAGs
[2026-09-17T15:05:05.167+0000] {logging_mixin.py:188} INFO - [2026-09-17T15:05:05.167+0000] {dag.py:3954} INFO - Setting next_dagrun for youtube_data_updating to 2026-09-17 00:00:00+00:00, run_after=2026-09-18 00:00:00+00:00
[2026-09-17T15:05:05.199+0000] {processor.py:183} INFO - Processing /opt/airflow/dags/dag_updating.py took 0.172 seconds
[2026-09-17T15:05:35.493+0000] {processor.py:161} INFO - Started process (PID=1853) to work on /opt/airflow/dags/dag_updating.py
[2026-09-17T15:05:35.496+0000] {processor.py:830} INFO - Processing file /opt/airflow/dags/dag_updating.py for tasks to queue
[2026-09-17T15:05:35.498+0000] {logging_mixin.py:188} INFO - [2026-09-17T15:05:35.498+0000] {dagbag.py:545} INFO - Filling up the DagBag from /opt/airflow/dags/dag_updating.py
[2026-09-17T15:05:35.540+0000] {processor.py:840} INFO - DAG(s) 'youtube_data_updating' retrieved from /opt/airflow/dags/dag_updating.py
[2026-09-17T15:05:35.562+0000] {logging_mixin.py:188} INFO - [2026-09-17T15:05:35.562+0000] {dag.py:3096} INFO - Sync 1 DAGs
[2026-09-17T15:05:35.584+0000] {logging_mixin.py:188} INFO - [2026-09-17T15:05:35.584+0000] {dag.py:3954} INFO - Setting next_dagrun for youtube_data_updating to 2026-09-17 00:00:00+00:00, run_after=2026-09-18 00:00:00+00:00
[2026-09-17T15:05:35.609+0000] {processor.py:183} INFO - Processing /opt/airflow/dags/dag_updating.py took 0.125 seconds
[2026-09-17T15:06:05.923+0000] {processor.py:161} INFO - Started process (PID=1861) to work on /opt/airflow/dags/dag_updating.py
[2026-09-17T15:06:05.926+0000] {processor.py:830} INFO - Processing file /opt/airflow/dags/dag_updating.py for tasks to queue
[2026-09-17T15:06:05.928+0000] {logging_mixin.py:188} INFO - [2026-09-17T15:06:05.927+0000] {dagbag.py:545} INFO - Filling up the DagBag from /opt/airflow/dags/dag_updating.py
[2026-09-17T15:06:05.991+0000] {processor.py:840} INFO - DAG(s) 'youtube_data_updating' retrieved from /opt/airflow/dags/dag_updating.py
[2026-09-17T15:06:06.019+0000] {logging_mixin.py:188} INFO - [2026-09-17T15:06:06.019+0000] {dag.py:3096} INFO - Sync 1 DAGs
[2026-09-17T15:06:06.044+0000] {logging_mixin.py:188} INFO - [2026-09-17T15:06:06.044+0000] {dag.py:3954} INFO - Setting next_dagrun for youtube_data_updating to 2026-09-17 00:00:00+00:00, run_after=2026-09-18 00:00:00+00:00
[2026-09-17T15:06:06.070+0000] {processor.py:183} INFO - Processing /opt/airflow/dags/dag_updating.py took 0.157 seconds
[2026-09-17T15:06:36.431+0000] {processor.py:161} INFO - Started process (PID=1869) to work on /opt/airflow/dags/dag_updating.py
[2026-09-17T15:06:36.433+0000] {processor.py:830} INFO - Processing file /opt/airflow/dags/dag_updating.py for tasks to queue
[2026-09-17T15:06:36.436+0000] {logging_mixin.py:188} INFO - [2026-09-17T15:06:36.435+0000] {dagbag.py:545} INFO - Filling up the DagBag from /opt/airflow/dags/dag_updating.py
[2026-09-17T15:06:36.499+0000] {processor.py:840} INFO - DAG(s) 'youtube_data_updating' retrieved from /opt/airflow/dags/dag_updating.py
[2026-09-17T15:06:36.534+0000] {logging_mixin.py:188} INFO - [2026-09-17T15:06:36.534+0000] {dag.py:3096} INFO - Sync 1 DAGs
[2026-09-17T15:06:36.566+0000] {logging_mixin.py:188} INFO - [2026-09-17T15:06:36.566+0000] {dag.py:3954} INFO - Setting next_dagrun for youtube_data_updating to 2026-09-17 00:00:00+00:00, run_after=2026-09-18 00:00:00+00:00
[2026-09-17T15:06:36.595+0000] {processor.py:183} INFO - Processing /opt/airflow/dags/dag_updating.py took 0.180 seconds
[2026-09-17T15:07:06.946+0000] {processor.py:161} INFO - Started process (PID=1877) to work on /opt/airflow/dags/dag_updating.py
[2026-09-17T15:07:06.948+0000] {processor.py:830} INFO - Processing file /opt/airflow/dags/dag_updating.py for tasks to queue
[2026-09-17T15:07:06.950+0000] {logging_mixin.py:188} INFO - [2026-09-17T15:07:06.950+0000] {dagbag.py:545} INFO - Filling up the DagBag from /opt/airflow/dags/dag_updating.py
[2026-09-17T15:07:07.010+0000] {processor.py:840} INFO - DAG(s) 'youtube_data_updating' retrieved from /opt/airflow/dags/dag_updating.py
[2026-09-17T15:07:07.035+0000] {logging_mixin.py:188} INFO - [2026-09-17T15:07:07.035+0000] {dag.py:3096} INFO - Sync 1 DAGs
[2026-09-17T15:07:07.063+0000] {logging_mixin.py:188} INFO - [2026-09-17T15:07:07.062+0000] {dag.py:3954} INFO - Setting next_dagrun for youtube_data_updating to 2026-09-17 00:00:00+00:00, run_after=2026-09-18 00:00:00+00:00
[2026-09-17T15:07:07.093+0000] {processor.py:183} INFO - Processing /opt/airflow/dags/dag_updating.py took 0.160 seconds
[2026-09-17T15:07:37.432+0000] {processor.py:161} INFO - Started process (PID=1885) to work on /opt/airflow/dags/dag_updating.py
[2026-09-17T15:07:37.435+0000] {processor.py:830} INFO - Processing file /opt/airflow/dags/dag_updating.py for tasks to queue
[2026-09-17T15:07:37.437+0000] {logging_mixin.py:188} INFO - [2026-09-17T15:07:37.437+0000] {dagbag.py:545} INFO - Filling up the DagBag from /opt/airflow/dags/dag_updating.py
[2026-09-17T15:07:37.479+0000] {processor.py:840} INFO - DAG(s) 'youtube_data_updating' retrieved from /opt/airflow/dags/dag_updating.py
[2026-09-17T15:07:37.501+0000] {logging_mixin.py:188} INFO - [2026-09-17T15:07:37.500+0000] {dag.py:3096} INFO - Sync 1 DAGs
[2026-09-17T15:07:37.523+0000] {logging_mixin.py:188} INFO - [2026-09-17T15:07:37.522+0000] {dag.py:3954} INFO - Setting next_dagrun for youtube_data_updating to 2026-09-17 00:00:00+00:00, run_after=2026-09-18 00:00:00+00:00
[2026-09-17T15:07:37.547+0000] {processor.py:183} INFO - Processing /opt/airflow/dags/dag_updating.py took 0.123 seconds
[2026-09-17T15:08:07.903+0000] {processor.py:161} INFO - Started process (PID=1893) to work on /opt/airflow/dags/dag_updating.py
[2026-09-17T15:08:07.907+0000] {processor.py:830} INFO - Processing file /opt/airflow/dags/dag_updating.py for tasks to queue
[2026-09-17T15:08:07.910+0000] {logging_mixin.py:188} INFO - [2026-09-17T15:08:07.910+0000] {dagbag.py:545} INFO - Filling up the DagBag from /opt/airflow/dags/dag_updating.py
[2026-09-17T15:08:07.980+0000] {processor.py:840} INFO - DAG(s) 'youtube_data_updating' retrieved from /opt/airflow/dags/dag_updating.py
[2026-09-17T15:08:08.010+0000] {logging_mixin.py:188} INFO - [2026-09-17T15:08:08.010+0000] {dag.py:3096} INFO - Sync 1 DAGs
[2026-09-17T15:08:08.034+0000] {logging_mixin.py:188} INFO - [2026-09-17T15:08:08.034+0000] {dag.py:3954} INFO - Setting next_dagrun for youtube_data_updating to 2026-09-17 00:00:00+00:00, run_after=2026-09-18 00:00:00+00:00
[2026-09-17T15:08:08.059+0000] {processor.py:183} INFO - Processing /opt/airflow/dags/dag_updating.py took 0.167 seconds
[2026-09-17T15:08:38.430+0000] {processor.py:161} INFO - Started process (PID=1901) to work on /opt/airflow/dags/dag_updating.py
[2026-09-17T15:08:38.435+0000] {processor.py:830} INFO - Processing file /opt/airflow/dags/dag_updating.py for tasks to queue
[2026-09-17T15:08:38.438+0000] {logging_mixin.py:188} INFO - [2026-09-17T15:08:38.438+0000] {dagbag.py:545} INFO - Filling up the DagBag from /opt/airflow/dags/dag_updating.py
[2026-09-17T15:08:38.518+0000] {processor.py:840} INFO - DAG(s) 'youtube_data_updating' retrieved from /opt/airflow/dags/dag_updating.py
[2026-09-17T15:08:38.550+0000] {logging_mixin.py:188} INFO - [2026-09-17T15:08:38.550+0000] {dag.py:3096} INFO - Sync 1 DAGs
[2026-09-17T15:08:38.582+0000] {logging_mixin.py:188} INFO - [2026-09-17T15:08:38.582+0000] {dag.py:3954} INFO - Setting next_dagrun for youtube_data_updating to 2026-09-17 00:00:00+00:00, run_after=2026-09-18 00:00:00+00:00
[2026-09-17T15:08:38.615+0000] {processor.py:183} INFO - Processing /opt/airflow/dags/dag_updating.py took 0.197 seconds
[2026-09-17T15:09:08.924+0000] {processor.py:161} INFO - Started process (PID=1909) to work on /opt/airflow/dags/dag_updating.py
[2026-09-17T15:09:08.927+0000] {processor.py:830} INFO - Processing file /opt/airflow/dags/dag_updating.py for tasks to queue
[2026-09-17T15:09:08.929+0000] {logging_mixin.py:188} INFO - [2026-09-17T15:09:08.929+0000] {dagbag.py:545} INFO - Filling up the DagBag from /opt/airflow/dags/dag_updating.py
[2026-09-17T15:09:08.979+0000] {processor.py:840} INFO - DAG(s) 'youtube_data_updating' retrieved from /opt/airflow/dags/dag_updating.py
[2026-09-17T15:09:09.010+0000] {logging_mixin.py:188} INFO - [2026-09-17T15:09:09.010+0000] {dag.py:3096} INFO - Sync 1 DAGs
[2026-09-17T15:09:09.032+0000] {logging_mixin.py:188} INFO - [2026-09-17T15:09:09.032+0000] {dag.py:3954} INFO - Setting next_dagrun for youtube_data_updating to 2026-09-17 00:00:00+00:00, run_after=2026-09-18 00:00:00+00:00
[2026-09-17T15:09:09.058+0000] {processor.py:183} INFO - Processing /opt/airflow/dags/dag_updating.py took 0.148 seconds
[2026-09-17T15:09:39.356+0000] {processor.py:161} INFO - Started process (PID=1917) to work on /opt/airflow/dags/dag_updating.py
[2026-09-17T15:09:39.359+0000] {processor.py:830} INFO - Processing file /opt/airflow/dags/dag_updating.py for tasks to queue
[2026-09-17T15:09:39.361+0000] {logging_mixin.py:188} INFO - [2026-09-17T15:09:39.360+0000] {dagbag.py:545} INFO - Filling up the DagBag from /opt/airflow/dags/dag_updating.py
[2026-09-17T15:09:39.416+0000] {processor.py:840} INFO - DAG(s) 'youtube_data_updating' retrieved from /opt/airflow/dags/dag_updating.py
[2026-09-17T15:09:39.439+0000] {logging_mixin.py:188} INFO - [2026-09-17T15:09:39.439+0000] {dag.py:3096} INFO - Sync 1 DAGs
[2026-09-17T15:09:39.471+0000] {logging_mixin.py:188} INFO - [2026-09-17T15:09:39.470+0000] {dag.py:3954} INFO - Setting next_dagrun for youtube_data_updating to 2026-09-17 00:00:00+00:00, run_after=2026-09-18 00:00:00+00:00
[2026-09-17T15:09:39.500+0000] {processor.py:183} INFO - Processing /opt/airflow/dags/dag_updating.py took 0.154 seconds
[2026-09-17T15:10:09.914+0000] {processor.py:161} INFO - Started process (PID=1929) to work on /opt/airflow/dags/dag_updating.py
[2026-09-17T15:10:09.916+0000] {processor.py:830} INFO - Processing file /opt/airflow/dags/dag_updating.py for tasks to queue
[2026-09-17T15:10:09.918+0000] {logging_mixin.py:188} INFO - [2026-09-17T15:10:09.918+0000] {dagbag.py:545} INFO - Filling up the DagBag from /opt/airflow/dags/dag_updating.py
[2026-09-17T15:10:09.960+0000] {processor.py:840} INFO - DAG(s) 'youtube_data_updating' retrieved from /opt/airflow/dags/dag_updating.py
[2026-09-17T15:10:09.981+0000] {logging_mixin.py:188} INFO - [2026-09-17T15:10:09.980+0000] {dag.py:3096} INFO - Sync 1 DAGs
[2026-09-17T15:10:10.003+0000] {logging_mixin.py:188} INFO - [2026-09-17T15:10:10.002+0000] {dag.py:3954} INFO - Setting next_dagrun for youtube_data_updating to 2026-09-17 00:00:00+00:00, run_after=2026-09-18 00:00:00+00:00
[2026-09-17T15:10:10.026+0000] {processor.py:183} INFO - Processing /opt/airflow/dags/dag_updating.py took 0.117 seconds
[2026-09-17T15:10:40.447+0000] {processor.py:161} INFO - Started process (PID=1939) to work on /opt/airflow/dags/dag_updating.py
[2026-09-17T15:10:40.450+0000] {processor.py:830} INFO - Processing file /opt/airflow/dags/dag_updating.py for tasks to queue
[2026-09-17T15:10:40.452+0000] {logging_mixin.py:188} INFO - [2026-09-17T15:10:40.451+0000] {dagbag.py:545} INFO - Filling up the DagBag from /opt/airflow/dags/dag_updating.py
[2026-09-17T15:10:40.513+0000] {processor.py:840} INFO - DAG(s) 'youtube_data_updating' retrieved from /opt/airflow/dags/dag_updating.py
[2026-09-17T15:10:40.540+0000] {logging_mixin.py:188} INFO - [2026-09-17T15:10:40.540+0000] {dag.py:3096} INFO - Sync 1 DAGs
[2026-09-17T15:10:40.567+0000] {logging_mixin.py:188} INFO - [2026-09-17T15:10:40.566+0000] {dag.py:3954} INFO - Setting next_dagrun for youtube_data_updating to 2026-09-17 00:00:00+00:00, run_after=2026-09-18 00:00:00+00:00
[2026-09-17T15:10:40.595+0000] {processor.py:183} INFO - Processing /opt/airflow/dags/dag_updating.py took 0.160 seconds
[2026-09-17T15:11:11.085+0000] {processor.py:161} INFO - Started process (PID=1952) to work on /opt/airflow/dags/dag_updating.py
[2026-09-17T15:11:11.088+0000] {processor.py:830} INFO - Processing file /opt/airflow/dags/dag_updating.py for tasks to queue
[2026-09-17T15:11:11.090+0000] {logging_mixin.py:188} INFO - [2026-09-17T15:11:11.090+0000] {dagbag.py:545} INFO - Filling up the DagBag from /opt/airflow/dags/dag_updating.py
[2026-09-17T15:11:11.132+0000] {processor.py:840} INFO - DAG(s) 'youtube_data_updating' retrieved from /opt/airflow/dags/dag_updating.py
[2026-09-17T15:11:11.156+0000] {logging_mixin.py:188} INFO - [2026-09-17T15:11:11.156+0000] {dag.py:3096} INFO - Sync 1 DAGs
[2026-09-17T15:11:11.184+0000] {logging_mixin.py:188} INFO - [2026-09-17T15:11:11.184+0000] {dag.py:3954} INFO - Setting next_dagrun for youtube_data_updating to 2026-09-17 00:00:00+00:00, run_after=2026-09-18 00:00:00+00:00
[2026-09-17T15:11:11.206+0000] {processor.py:183} INFO - Processing /opt/airflow/dags/dag_updating.py took 0.127 seconds
[2026-09-17T15:11:41.802+0000] {processor.py:161} INFO - Started process (PID=1963) to work on /opt/airflow/dags/dag_updating.py
[2026-09-17T15:11:41.805+0000] {processor.py:830} INFO - Processing file /opt/airflow/dags/dag_updating.py for tasks to queue
[2026-09-17T15:11:41.807+0000] {logging_mixin.py:188} INFO - [2026-09-17T15:11:41.807+0000] {dagbag.py:545} INFO - Filling up the DagBag from /opt/airflow/dags/dag_updating.py
[2026-09-17T15:11:41.847+0000] {processor.py:840} INFO - DAG(s) 'youtube_data_updating' retrieved from /opt/airflow/dags/dag_updating.py
[2026-09-17T15:11:41.869+0000] {logging_mixin.py:188} INFO - [2026-09-17T15:11:41.869+0000] {dag.py:3096} INFO - Sync 1 DAGs
[2026-09-17T15:11:41.891+0000] {logging_mixin.py:188} INFO - [2026-09-17T15:11:41.891+0000] {dag.py:3954} INFO - Setting next_dagrun for youtube_data_updating to 2026-09-17 00:00:00+00:00, run_after=2026-09-18 00:00:00+00:00
[2026-09-17T15:11:41.913+0000] {processor.py:183} INFO - Processing /opt/airflow/dags/dag_updating.py took 0.117 seconds
[2026-09-17T15:12:12.603+0000] {processor.py:161} INFO - Started process (PID=1976) to work on /opt/airflow/dags/dag_updating.py
[2026-09-17T15:12:12.606+0000] {processor.py:830} INFO - Processing file /opt/airflow/dags/dag_updating.py for tasks to queue
[2026-09-17T15:12:12.608+0000] {logging_mixin.py:188} INFO - [2026-09-17T15:12:12.607+0000] {dagbag.py:545} INFO - Filling up the DagBag from /opt/airflow/dags/dag_updating.py
[2026-09-17T15:12:12.657+0000] {processor.py:840} INFO - DAG(s) 'youtube_data_updating' retrieved from /opt/airflow/dags/dag_updating.py
[2026-09-17T15:12:12.689+0000] {logging_mixin.py:188} INFO - [2026-09-17T15:12:12.689+0000] {dag.py:3096} INFO - Sync 1 DAGs
[2026-09-17T15:12:12.709+0000] {logging_mixin.py:188} INFO - [2026-09-17T15:12:12.709+0000] {dag.py:3954} INFO - Setting next_dagrun for youtube_data_updating to 2026-09-17 00:00:00+00:00, run_after=2026-09-18 00:00:00+00:00
[2026-09-17T15:12:12.731+0000] {processor.py:183} INFO - Processing /opt/airflow/dags/dag_updating.py took 0.138 seconds
[2026-09-17T15:12:43.424+0000] {processor.py:161} INFO - Started process (PID=1989) to work on /opt/airflow/dags/dag_updating.py
[2026-09-17T15:12:43.426+0000] {processor.py:830} INFO - Processing file /opt/airflow/dags/dag_updating.py for tasks to queue
[2026-09-17T15:12:43.430+0000] {logging_mixin.py:188} INFO - [2026-09-17T15:12:43.428+0000] {dagbag.py:545} INFO - Filling up the DagBag from /opt/airflow/dags/dag_updating.py
[2026-09-17T15:12:43.471+0000] {processor.py:840} INFO - DAG(s) 'youtube_data_updating' retrieved from /opt/airflow/dags/dag_updating.py
[2026-09-17T15:12:43.494+0000] {logging_mixin.py:188} INFO - [2026-09-17T15:12:43.494+0000] {dag.py:3096} INFO - Sync 1 DAGs
[2026-09-17T15:12:43.520+0000] {logging_mixin.py:188} INFO - [2026-09-17T15:12:43.520+0000] {dag.py:3954} INFO - Setting next_dagrun for youtube_data_updating to 2026-09-17 00:00:00+00:00, run_after=2026-09-18 00:00:00+00:00
[2026-09-17T15:12:43.543+0000] {processor.py:183} INFO - Processing /opt/airflow/dags/dag_updating.py took 0.125 seconds
[2026-09-17T15:13:13.986+0000] {processor.py:161} INFO - Started process (PID=2001) to work on /opt/airflow/dags/dag_updating.py
[2026-09-17T15:13:13.988+0000] {processor.py:830} INFO - Processing file /opt/airflow/dags/dag_updating.py for tasks to queue
[2026-09-17T15:13:13.990+0000] {logging_mixin.py:188} INFO - [2026-09-17T15:13:13.990+0000] {dagbag.py:545} INFO - Filling up the DagBag from /opt/airflow/dags/dag_updating.py
[2026-09-17T15:13:14.039+0000] {processor.py:840} INFO - DAG(s) 'youtube_data_updating' retrieved from /opt/airflow/dags/dag_updating.py
[2026-09-17T15:13:14.068+0000] {logging_mixin.py:188} INFO - [2026-09-17T15:13:14.068+0000] {dag.py:3096} INFO - Sync 1 DAGs
[2026-09-17T15:13:14.095+0000] {logging_mixin.py:188} INFO - [2026-09-17T15:13:14.095+0000] {dag.py:3954} INFO - Setting next_dagrun for youtube_data_updating to 2026-09-17 00:00:00+00:00, run_after=2026-09-18 00:00:00+00:00
[2026-09-17T15:13:14.127+0000] {processor.py:183} INFO - Processing /opt/airflow/dags/dag_updating.py took 0.148 seconds
[2026-09-17T15:13:44.556+0000] {processor.py:161} INFO - Started process (PID=2010) to work on /opt/airflow/dags/dag_updating.py
[2026-09-17T15:13:44.560+0000] {processor.py:830} INFO - Processing file /opt/airflow/dags/dag_updating.py for tasks to queue
[2026-09-17T15:13:44.562+0000] {logging_mixin.py:188} INFO - [2026-09-17T15:13:44.562+0000] {dagbag.py:545} INFO - Filling up the DagBag from /opt/airflow/dags/dag_updating.py
[2026-09-17T15:13:44.604+0000] {processor.py:840} INFO - DAG(s) 'youtube_data_updating' retrieved from /opt/airflow/dags/dag_updating.py
[2026-09-17T15:13:44.623+0000] {logging_mixin.py:188} INFO - [2026-09-17T15:13:44.623+0000] {dag.py:3096} INFO - Sync 1 DAGs
[2026-09-17T15:13:44.647+0000] {logging_mixin.py:188} INFO - [2026-09-17T15:13:44.646+0000] {dag.py:3954} INFO - Setting next_dagrun for youtube_data_updating to 2026-09-17 00:00:00+00:00, run_after=2026-09-18 00:00:00+00:00
[2026-09-17T15:13:44.665+0000] {processor.py:183} INFO - Processing /opt/airflow/dags/dag_updating.py took 0.116 seconds
[2026-09-17T15:14:14.969+0000] {processor.py:161} INFO - Started process (PID=2018) to work on /opt/airflow/dags/dag_updating.py
[2026-09-17T15:14:14.971+0000] {processor.py:830} INFO - Processing file /opt/airflow/dags/dag_updating.py for tasks to queue
[2026-09-17T15:14:14.973+0000] {logging_mixin.py:188} INFO - [2026-09-17T15:14:14.973+0000] {dagbag.py:545} INFO - Filling up the DagBag from /opt/airflow/dags/dag_updating.py
[2026-09-17T15:14:15.013+0000] {processor.py:840} INFO - DAG(s) 'youtube_data_updating' retrieved from /opt/airflow/dags/dag_updating.py
[2026-09-17T15:14:15.033+0000] {logging_mixin.py:188} INFO - [2026-09-17T15:14:15.032+0000] {dag.py:3096} INFO - Sync 1 DAGs
[2026-09-17T15:14:15.053+0000] {logging_mixin.py:188} INFO - [2026-09-17T15:14:15.053+0000] {dag.py:3954} INFO - Setting next_dagrun for youtube_data_updating to 2026-09-17 00:00:00+00:00, run_after=2026-09-18 00:00:00+00:00
[2026-09-17T15:14:15.075+0000] {processor.py:183} INFO - Processing /opt/airflow/dags/dag_updating.py took 0.113 seconds
[2026-09-17T15:14:45.361+0000] {processor.py:161} INFO - Started process (PID=2026) to work on /opt/airflow/dags/dag_updating.py
[2026-09-17T15:14:45.364+0000] {processor.py:830} INFO - Processing file /opt/airflow/dags/dag_updating.py for tasks to queue
[2026-09-17T15:14:45.366+0000] {logging_mixin.py:188} INFO - [2026-09-17T15:14:45.366+0000] {dagbag.py:545} INFO - Filling up the DagBag from /opt/airflow/dags/dag_updating.py
[2026-09-17T15:14:45.411+0000] {processor.py:840} INFO - DAG(s) 'youtube_data_updating' retrieved from /opt/airflow/dags/dag_updating.py
[2026-09-17T15:14:45.434+0000] {logging_mixin.py:188} INFO - [2026-09-17T15:14:45.433+0000] {dag.py:3096} INFO - Sync 1 DAGs
[2026-09-17T15:14:45.456+0000] {logging_mixin.py:188} INFO - [2026-09-17T15:14:45.456+0000] {dag.py:3954} INFO - Setting next_dagrun for youtube_data_updating to 2026-09-17 00:00:00+00:00, run_after=2026-09-18 00:00:00+00:00
[2026-09-17T15:14:45.480+0000] {processor.py:183} INFO - Processing /opt/airflow/dags/dag_updating.py took 0.127 seconds
[2026-09-17T15:15:15.765+0000] {processor.py:161} INFO - Started process (PID=2034) to work on /opt/airflow/dags/dag_updating.py
[2026-09-17T15:15:15.768+0000] {processor.py:830} INFO - Processing file /opt/airflow/dags/dag_updating.py for tasks to queue
[2026-09-17T15:15:15.771+0000] {logging_mixin.py:188} INFO - [2026-09-17T15:15:15.770+0000] {dagbag.py:545} INFO - Filling up the DagBag from /opt/airflow/dags/dag_updating.py
[2026-09-17T15:15:15.811+0000] {processor.py:840} INFO - DAG(s) 'youtube_data_updating' retrieved from /opt/airflow/dags/dag_updating.py
[2026-09-17T15:15:15.831+0000] {logging_mixin.py:188} INFO - [2026-09-17T15:15:15.831+0000] {dag.py:3096} INFO - Sync 1 DAGs
[2026-09-17T15:15:15.855+0000] {logging_mixin.py:188} INFO - [2026-09-17T15:15:15.854+0000] {dag.py:3954} INFO - Setting next_dagrun for youtube_data_updating to 2026-09-17 00:00:00+00:00, run_after=2026-09-18 00:00:00+00:00
[2026-09-17T15:15:15.878+0000] {processor.py:183} INFO - Processing /opt/airflow/dags/dag_updating.py took 0.118 seconds
[2026-09-17T15:15:46.172+0000] {processor.py:161} INFO - Started process (PID=2042) to work on /opt/airflow/dags/dag_updating.py
[2026-09-17T15:15:46.176+0000] {processor.py:830} INFO - Processing file /opt/airflow/dags/dag_updating.py for tasks to queue
[2026-09-17T15:15:46.178+0000] {logging_mixin.py:188} INFO - [2026-09-17T15:15:46.178+0000] {dagbag.py:545} INFO - Filling up the DagBag from /opt/airflow/dags/dag_updating.py
[2026-09-17T15:15:46.223+0000] {processor.py:840} INFO - DAG(s) 'youtube_data_updating' retrieved from /opt/airflow/dags/dag_updating.py
[2026-09-17T15:15:46.243+0000] {logging_mixin.py:188} INFO - [2026-09-17T15:15:46.243+0000] {dag.py:3096} INFO - Sync 1 DAGs
[2026-09-17T15:15:46.264+0000] {logging_mixin.py:188} INFO - [2026-09-17T15:15:46.264+0000] {dag.py:3954} INFO - Setting next_dagrun for youtube_data_updating to 2026-09-17 00:00:00+00:00, run_after=2026-09-18 00:00:00+00:00
[2026-09-17T15:15:46.286+0000] {processor.py:183} INFO - Processing /opt/airflow/dags/dag_updating.py took 0.121 seconds
[2026-09-17T15:16:16.545+0000] {processor.py:161} INFO - Started process (PID=2050) to work on /opt/airflow/dags/dag_updating.py
[2026-09-17T15:16:16.549+0000] {processor.py:830} INFO - Processing file /opt/airflow/dags/dag_updating.py for tasks to queue
[2026-09-17T15:16:16.551+0000] {logging_mixin.py:188} INFO - [2026-09-17T15:16:16.550+0000] {dagbag.py:545} INFO - Filling up the DagBag from /opt/airflow/dags/dag_updating.py
[2026-09-17T15:16:16.634+0000] {processor.py:840} INFO - DAG(s) 'youtube_data_updating' retrieved from /opt/airflow/dags/dag_updating.py
[2026-09-17T15:16:16.671+0000] {logging_mixin.py:188} INFO - [2026-09-17T15:16:16.671+0000] {dag.py:3096} INFO - Sync 1 DAGs
[2026-09-17T15:16:16.711+0000] {logging_mixin.py:188} INFO - [2026-09-17T15:16:16.710+0000] {dag.py:3954} INFO - Setting next_dagrun for youtube_data_updating to 2026-09-17 00:00:00+00:00, run_after=2026-09-18 00:00:00+00:00
[2026-09-17T15:16:16.744+0000] {processor.py:183} INFO - Processing /opt/airflow/dags/dag_updating.py took 0.207 seconds
[2026-09-17T15:16:46.877+0000] {processor.py:161} INFO - Started process (PID=2058) to work on /opt/airflow/dags/dag_updating.py
[2026-09-17T15:16:46.881+0000] {processor.py:830} INFO - Processing file /opt/airflow/dags/dag_updating.py for tasks to queue
[2026-09-17T15:16:46.883+0000] {logging_mixin.py:188} INFO - [2026-09-17T15:16:46.883+0000] {dagbag.py:545} INFO - Filling up the DagBag from /opt/airflow/dags/dag_updating.py
[2026-09-17T15:16:46.942+0000] {processor.py:840} INFO - DAG(s) 'youtube_data_updating' retrieved from /opt/airflow/dags/dag_updating.py
[2026-09-17T15:16:46.973+0000] {logging_mixin.py:188} INFO - [2026-09-17T15:16:46.972+0000] {dag.py:3096} INFO - Sync 1 DAGs
[2026-09-17T15:16:47.003+0000] {logging_mixin.py:188} INFO - [2026-09-17T15:16:47.003+0000] {dag.py:3954} INFO - Setting next_dagrun for youtube_data_updating to 2026-09-17 00:00:00+00:00, run_after=2026-09-18 00:00:00+00:00
[2026-09-17T15:16:47.032+0000] {processor.py:183} INFO - Processing /opt/airflow/dags/dag_updating.py took 0.163 seconds
[2026-09-17T15:17:17.342+0000] {processor.py:161} INFO - Started process (PID=2072) to work on /opt/airflow/dags/dag_updating.py
[2026-09-17T15:17:17.346+0000] {processor.py:830} INFO - Processing file /opt/airflow/dags/dag_updating.py for tasks to queue
[2026-09-17T15:17:17.349+0000] {logging_mixin.py:188} INFO - [2026-09-17T15:17:17.349+0000] {dagbag.py:545} INFO - Filling up the DagBag from /opt/airflow/dags/dag_updating.py
[2026-09-17T15:17:17.396+0000] {processor.py:840} INFO - DAG(s) 'youtube_data_updating' retrieved from /opt/airflow/dags/dag_updating.py
[2026-09-17T15:17:17.423+0000] {logging_mixin.py:188} INFO - [2026-09-17T15:17:17.423+0000] {dag.py:3096} INFO - Sync 1 DAGs
[2026-09-17T15:17:17.443+0000] {logging_mixin.py:188} INFO - [2026-09-17T15:17:17.443+0000] {dag.py:3954} INFO - Setting next_dagrun for youtube_data_updating to 2026-09-17 00:00:00+00:00, run_after=2026-09-18 00:00:00+00:00
[2026-09-17T15:17:17.465+0000] {processor.py:183} INFO - Processing /opt/airflow/dags/dag_updating.py took 0.129 seconds
[2026-09-17T15:17:47.799+0000] {processor.py:161} INFO - Started process (PID=2080) to work on /opt/airflow/dags/dag_updating.py
[2026-09-17T15:17:47.801+0000] {processor.py:830} INFO - Processing file /opt/airflow/dags/dag_updating.py for tasks to queue
[2026-09-17T15:17:47.803+0000] {logging_mixin.py:188} INFO - [2026-09-17T15:17:47.803+0000] {dagbag.py:545} INFO - Filling up the DagBag from /opt/airflow/dags/dag_updating.py
[2026-09-17T15:17:47.846+0000] {processor.py:840} INFO - DAG(s) 'youtube_data_updating' retrieved from /opt/airflow/dags/dag_updating.py
[2026-09-17T15:17:47.866+0000] {logging_mixin.py:188} INFO - [2026-09-17T15:17:47.866+0000] {dag.py:3096} INFO - Sync 1 DAGs
[2026-09-17T15:17:47.886+0000] {logging_mixin.py:188} INFO - [2026-09-17T15:17:47.885+0000] {dag.py:3954} INFO - Setting next_dagrun for youtube_data_updating to 2026-09-17 00:00:00+00:00, run_after=2026-09-18 00:00:00+00:00
[2026-09-17T15:17:47.933+0000] {processor.py:183} INFO - Processing /opt/airflow/dags/dag_updating.py took 0.141 seconds
[2026-09-17T15:18:18.217+0000] {processor.py:161} INFO - Started process (PID=2088) to work on /opt/airflow/dags/dag_updating.py
[2026-09-17T15:18:18.221+0000] {processor.py:830} INFO - Processing file /opt/airflow/dags/dag_updating.py for tasks to queue
[2026-09-17T15:18:18.223+0000] {logging_mixin.py:188} INFO - [2026-09-17T15:18:18.223+0000] {dagbag.py:545} INFO - Filling up the DagBag from /opt/airflow/dags/dag_updating.py
[2026-09-17T15:18:18.269+0000] {processor.py:840} INFO - DAG(s) 'youtube_data_updating' retrieved from /opt/airflow/dags/dag_updating.py
[2026-09-17T15:18:18.291+0000] {logging_mixin.py:188} INFO - [2026-09-17T15:18:18.291+0000] {dag.py:3096} INFO - Sync 1 DAGs
[2026-09-17T15:18:18.313+0000] {logging_mixin.py:188} INFO - [2026-09-17T15:18:18.313+0000] {dag.py:3954} INFO - Setting next_dagrun for youtube_data_updating to 2026-09-17 00:00:00+00:00, run_after=2026-09-18 00:00:00+00:00
[2026-09-17T15:18:18.336+0000] {processor.py:183} INFO - Processing /opt/airflow/dags/dag_updating.py took 0.125 seconds
[2026-09-17T15:18:48.624+0000] {processor.py:161} INFO - Started process (PID=2096) to work on /opt/airflow/dags/dag_updating.py
[2026-09-17T15:18:48.628+0000] {processor.py:830} INFO - Processing file /opt/airflow/dags/dag_updating.py for tasks to queue
[2026-09-17T15:18:48.630+0000] {logging_mixin.py:188} INFO - [2026-09-17T15:18:48.629+0000] {dagbag.py:545} INFO - Filling up the DagBag from /opt/airflow/dags/dag_updating.py
[2026-09-17T15:18:48.679+0000] {processor.py:840} INFO - DAG(s) 'youtube_data_updating' retrieved from /opt/airflow/dags/dag_updating.py
[2026-09-17T15:18:48.705+0000] {logging_mixin.py:188} INFO - [2026-09-17T15:18:48.704+0000] {dag.py:3096} INFO - Sync 1 DAGs
[2026-09-17T15:18:48.731+0000] {logging_mixin.py:188} INFO - [2026-09-17T15:18:48.731+0000] {dag.py:3954} INFO - Setting next_dagrun for youtube_data_updating to 2026-09-17 00:00:00+00:00, run_after=2026-09-18 00:00:00+00:00
[2026-09-17T15:18:48.759+0000] {processor.py:183} INFO - Processing /opt/airflow/dags/dag_updating.py took 0.144 seconds
[2026-09-17T15:19:19.027+0000] {processor.py:161} INFO - Started process (PID=2104) to work on /opt/airflow/dags/dag_updating.py
[2026-09-17T15:19:19.029+0000] {processor.py:830} INFO - Processing file /opt/airflow/dags/dag_updating.py for tasks to queue
[2026-09-17T15:19:19.031+0000] {logging_mixin.py:188} INFO - [2026-09-17T15:19:19.031+0000] {dagbag.py:545} INFO - Filling up the DagBag from /opt/airflow/dags/dag_updating.py
[2026-09-17T15:19:19.069+0000] {processor.py:840} INFO - DAG(s) 'youtube_data_updating' retrieved from /opt/airflow/dags/dag_updating.py
[2026-09-17T15:19:19.091+0000] {logging_mixin.py:188} INFO - [2026-09-17T15:19:19.091+0000] {dag.py:3096} INFO - Sync 1 DAGs
[2026-09-17T15:19:19.114+0000] {logging_mixin.py:188} INFO - [2026-09-17T15:19:19.114+0000] {dag.py:3954} INFO - Setting next_dagrun for youtube_data_updating to 2026-09-17 00:00:00+00:00, run_after=2026-09-18 00:00:00+00:00
[2026-09-17T15:19:19.137+0000] {processor.py:183} INFO - Processing /opt/airflow/dags/dag_updating.py took 0.116 seconds
[2026-09-17T15:19:49.421+0000] {processor.py:161} INFO - Started process (PID=2112) to work on /opt/airflow/dags/dag_updating.py
[2026-09-17T15:19:49.423+0000] {processor.py:830} INFO - Processing file /opt/airflow/dags/dag_updating.py for tasks to queue
[2026-09-17T15:19:49.425+0000] {logging_mixin.py:188} INFO - [2026-09-17T15:19:49.425+0000] {dagbag.py:545} INFO - Filling up the DagBag from /opt/airflow/dags/dag_updating.py
[2026-09-17T15:19:49.465+0000] {processor.py:840} INFO - DAG(s) 'youtube_data_updating' retrieved from /opt/airflow/dags/dag_updating.py
[2026-09-17T15:19:49.485+0000] {logging_mixin.py:188} INFO - [2026-09-17T15:19:49.485+0000] {dag.py:3096} INFO - Sync 1 DAGs
[2026-09-17T15:19:49.511+0000] {logging_mixin.py:188} INFO - [2026-09-17T15:19:49.511+0000] {dag.py:3954} INFO - Setting next_dagrun for youtube_data_updating to 2026-09-17 00:00:00+00:00, run_after=2026-09-18 00:00:00+00:00
[2026-09-17T15:19:49.532+0000] {processor.py:183} INFO - Processing /opt/airflow/dags/dag_updating.py took 0.118 seconds
[2026-09-17T15:20:19.774+0000] {processor.py:161} INFO - Started process (PID=2120) to work on /opt/airflow/dags/dag_updating.py
[2026-09-17T15:20:19.776+0000] {processor.py:830} INFO - Processing file /opt/airflow/dags/dag_updating.py for tasks to queue
[2026-09-17T15:20:19.778+0000] {logging_mixin.py:188} INFO - [2026-09-17T15:20:19.778+0000] {dagbag.py:545} INFO - Filling up the DagBag from /opt/airflow/dags/dag_updating.py
[2026-09-17T15:20:19.821+0000] {processor.py:840} INFO - DAG(s) 'youtube_data_updating' retrieved from /opt/airflow/dags/dag_updating.py
[2026-09-17T15:20:19.844+0000] {logging_mixin.py:188} INFO - [2026-09-17T15:20:19.844+0000] {dag.py:3096} INFO - Sync 1 DAGs
[2026-09-17T15:20:19.864+0000] {logging_mixin.py:188} INFO - [2026-09-17T15:20:19.864+0000] {dag.py:3954} INFO - Setting next_dagrun for youtube_data_updating to 2026-09-17 00:00:00+00:00, run_after=2026-09-18 00:00:00+00:00
[2026-09-17T15:20:19.887+0000] {processor.py:183} INFO - Processing /opt/airflow/dags/dag_updating.py took 0.122 seconds
[2026-09-17T15:20:50.146+0000] {processor.py:161} INFO - Started process (PID=2128) to work on /opt/airflow/dags/dag_updating.py
[2026-09-17T15:20:50.150+0000] {processor.py:830} INFO - Processing file /opt/airflow/dags/dag_updating.py for tasks to queue
[2026-09-17T15:20:50.151+0000] {logging_mixin.py:188} INFO - [2026-09-17T15:20:50.151+0000] {dagbag.py:545} INFO - Filling up the DagBag from /opt/airflow/dags/dag_updating.py
[2026-09-17T15:20:50.188+0000] {processor.py:840} INFO - DAG(s) 'youtube_data_updating' retrieved from /opt/airflow/dags/dag_updating.py
[2026-09-17T15:20:50.207+0000] {logging_mixin.py:188} INFO - [2026-09-17T15:20:50.207+0000] {dag.py:3096} INFO - Sync 1 DAGs
[2026-09-17T15:20:50.226+0000] {logging_mixin.py:188} INFO - [2026-09-17T15:20:50.225+0000] {dag.py:3954} INFO - Setting next_dagrun for youtube_data_updating to 2026-09-17 00:00:00+00:00, run_after=2026-09-18 00:00:00+00:00
[2026-09-17T15:20:50.247+0000] {processor.py:183} INFO - Processing /opt/airflow/dags/dag_updating.py took 0.107 seconds
[2026-09-17T15:21:20.400+0000] {processor.py:161} INFO - Started process (PID=2136) to work on /opt/airflow/dags/dag_updating.py
[2026-09-17T15:21:20.403+0000] {processor.py:830} INFO - Processing file /opt/airflow/dags/dag_updating.py for tasks to queue
[2026-09-17T15:21:20.406+0000] {logging_mixin.py:188} INFO - [2026-09-17T15:21:20.405+0000] {dagbag.py:545} INFO - Filling up the DagBag from /opt/airflow/dags/dag_updating.py
[2026-09-17T15:21:20.448+0000] {processor.py:840} INFO - DAG(s) 'youtube_data_updating' retrieved from /opt/airflow/dags/dag_updating.py
[2026-09-17T15:21:20.467+0000] {logging_mixin.py:188} INFO - [2026-09-17T15:21:20.467+0000] {dag.py:3096} INFO - Sync 1 DAGs
[2026-09-17T15:21:20.491+0000] {logging_mixin.py:188} INFO - [2026-09-17T15:21:20.490+0000] {dag.py:3954} INFO - Setting next_dagrun for youtube_data_updating to 2026-09-17 00:00:00+00:00, run_after=2026-09-18 00:00:00+00:00
[2026-09-17T15:21:20.526+0000] {processor.py:183} INFO - Processing /opt/airflow/dags/dag_updating.py took 0.132 seconds
[2026-09-17T15:21:50.797+0000] {processor.py:161} INFO - Started process (PID=2144) to work on /opt/airflow/dags/dag_updating.py
[2026-09-17T15:21:50.802+0000] {processor.py:830} INFO - Processing file /opt/airflow/dags/dag_updating.py for tasks to queue
[2026-09-17T15:21:50.804+0000] {logging_mixin.py:188} INFO - [2026-09-17T15:21:50.804+0000] {dagbag.py:545} INFO - Filling up the DagBag from /opt/airflow/dags/dag_updating.py
[2026-09-17T15:21:50.878+0000] {processor.py:840} INFO - DAG(s) 'youtube_data_updating' retrieved from /opt/airflow/dags/dag_updating.py
[2026-09-17T15:21:50.911+0000] {logging_mixin.py:188} INFO - [2026-09-17T15:21:50.910+0000] {dag.py:3096} INFO - Sync 1 DAGs
[2026-09-17T15:21:50.958+0000] {logging_mixin.py:188} INFO - [2026-09-17T15:21:50.958+0000] {dag.py:3954} INFO - Setting next_dagrun for youtube_data_updating to 2026-09-17 00:00:00+00:00, run_after=2026-09-18 00:00:00+00:00
[2026-09-17T15:21:51.025+0000] {processor.py:183} INFO - Processing /opt/airflow/dags/dag_updating.py took 0.240 seconds
[2026-09-17T15:22:21.328+0000] {processor.py:161} INFO - Started process (PID=2152) to work on /opt/airflow/dags/dag_updating.py
[2026-09-17T15:22:21.331+0000] {processor.py:830} INFO - Processing file /opt/airflow/dags/dag_updating.py for tasks to queue
[2026-09-17T15:22:21.333+0000] {logging_mixin.py:188} INFO - [2026-09-17T15:22:21.333+0000] {dagbag.py:545} INFO - Filling up the DagBag from /opt/airflow/dags/dag_updating.py
[2026-09-17T15:22:21.380+0000] {processor.py:840} INFO - DAG(s) 'youtube_data_updating' retrieved from /opt/airflow/dags/dag_updating.py
[2026-09-17T15:22:21.404+0000] {logging_mixin.py:188} INFO - [2026-09-17T15:22:21.404+0000] {dag.py:3096} INFO - Sync 1 DAGs
[2026-09-17T15:22:21.430+0000] {logging_mixin.py:188} INFO - [2026-09-17T15:22:21.430+0000] {dag.py:3954} INFO - Setting next_dagrun for youtube_data_updating to 2026-09-17 00:00:00+00:00, run_after=2026-09-18 00:00:00+00:00
[2026-09-17T15:22:21.455+0000] {processor.py:183} INFO - Processing /opt/airflow/dags/dag_updating.py took 0.132 seconds
[2026-09-17T15:22:51.635+0000] {processor.py:161} INFO - Started process (PID=2160) to work on /opt/airflow/dags/dag_updating.py
[2026-09-17T15:22:51.638+0000] {processor.py:830} INFO - Processing file /opt/airflow/dags/dag_updating.py for tasks to queue
[2026-09-17T15:22:51.640+0000] {logging_mixin.py:188} INFO - [2026-09-17T15:22:51.640+0000] {dagbag.py:545} INFO - Filling up the DagBag from /opt/airflow/dags/dag_updating.py
[2026-09-17T15:22:51.694+0000] {processor.py:840} INFO - DAG(s) 'youtube_data_updating' retrieved from /opt/airflow/dags/dag_updating.py
[2026-09-17T15:22:51.720+0000] {logging_mixin.py:188} INFO - [2026-09-17T15:22:51.720+0000] {dag.py:3096} INFO - Sync 1 DAGs
[2026-09-17T15:22:51.751+0000] {logging_mixin.py:188} INFO - [2026-09-17T15:22:51.751+0000] {dag.py:3954} INFO - Setting next_dagrun for youtube_data_updating to 2026-09-17 00:00:00+00:00, run_after=2026-09-18 00:00:00+00:00
[2026-09-17T15:22:51.776+0000] {processor.py:183} INFO - Processing /opt/airflow/dags/dag_updating.py took 0.149 seconds
[2026-09-17T15:23:22.099+0000] {processor.py:161} INFO - Started process (PID=2167) to work on /opt/airflow/dags/dag_updating.py
[2026-09-17T15:23:22.103+0000] {processor.py:830} INFO - Processing file /opt/airflow/dags/dag_updating.py for tasks to queue
[2026-09-17T15:23:22.104+0000] {logging_mixin.py:188} INFO - [2026-09-17T15:23:22.104+0000] {dagbag.py:545} INFO - Filling up the DagBag from /opt/airflow/dags/dag_updating.py
[2026-09-17T15:23:22.142+0000] {processor.py:840} INFO - DAG(s) 'youtube_data_updating' retrieved from /opt/airflow/dags/dag_updating.py
[2026-09-17T15:23:22.163+0000] {logging_mixin.py:188} INFO - [2026-09-17T15:23:22.163+0000] {dag.py:3096} INFO - Sync 1 DAGs
[2026-09-17T15:23:22.183+0000] {logging_mixin.py:188} INFO - [2026-09-17T15:23:22.183+0000] {dag.py:3954} INFO - Setting next_dagrun for youtube_data_updating to 2026-09-17 00:00:00+00:00, run_after=2026-09-18 00:00:00+00:00
[2026-09-17T15:23:22.205+0000] {processor.py:183} INFO - Processing /opt/airflow/dags/dag_updating.py took 0.111 seconds
[2026-09-17T15:23:52.345+0000] {processor.py:161} INFO - Started process (PID=2175) to work on /opt/airflow/dags/dag_updating.py
[2026-09-17T15:23:52.348+0000] {processor.py:830} INFO - Processing file /opt/airflow/dags/dag_updating.py for tasks to queue
[2026-09-17T15:23:52.350+0000] {logging_mixin.py:188} INFO - [2026-09-17T15:23:52.350+0000] {dagbag.py:545} INFO - Filling up the DagBag from /opt/airflow/dags/dag_updating.py
[2026-09-17T15:23:52.390+0000] {processor.py:840} INFO - DAG(s) 'youtube_data_updating' retrieved from /opt/airflow/dags/dag_updating.py
[2026-09-17T15:23:52.412+0000] {logging_mixin.py:188} INFO - [2026-09-17T15:23:52.412+0000] {dag.py:3096} INFO - Sync 1 DAGs
[2026-09-17T15:23:52.432+0000] {logging_mixin.py:188} INFO - [2026-09-17T15:23:52.432+0000] {dag.py:3954} INFO - Setting next_dagrun for youtube_data_updating to 2026-09-17 00:00:00+00:00, run_after=2026-09-18 00:00:00+00:00
[2026-09-17T15:23:52.455+0000] {processor.py:183} INFO - Processing /opt/airflow/dags/dag_updating.py took 0.118 seconds
[2026-09-17T15:24:22.730+0000] {processor.py:161} INFO - Started process (PID=2183) to work on /opt/airflow/dags/dag_updating.py
[2026-09-17T15:24:22.734+0000] {processor.py:830} INFO - Processing file /opt/airflow/dags/dag_updating.py for tasks to queue
[2026-09-17T15:24:22.736+0000] {logging_mixin.py:188} INFO - [2026-09-17T15:24:22.736+0000] {dagbag.py:545} INFO - Filling up the DagBag from /opt/airflow/dags/dag_updating.py
[2026-09-17T15:24:22.776+0000] {processor.py:840} INFO - DAG(s) 'youtube_data_updating' retrieved from /opt/airflow/dags/dag_updating.py
[2026-09-17T15:24:22.796+0000] {logging_mixin.py:188} INFO - [2026-09-17T15:24:22.796+0000] {dag.py:3096} INFO - Sync 1 DAGs
[2026-09-17T15:24:22.815+0000] {logging_mixin.py:188} INFO - [2026-09-17T15:24:22.814+0000] {dag.py:3954} INFO - Setting next_dagrun for youtube_data_updating to 2026-09-17 00:00:00+00:00, run_after=2026-09-18 00:00:00+00:00
[2026-09-17T15:24:22.834+0000] {processor.py:183} INFO - Processing /opt/airflow/dags/dag_updating.py took 0.110 seconds
[2026-09-17T15:24:53.109+0000] {processor.py:161} INFO - Started process (PID=2191) to work on /opt/airflow/dags/dag_updating.py
[2026-09-17T15:24:53.112+0000] {processor.py:830} INFO - Processing file /opt/airflow/dags/dag_updating.py for tasks to queue
[2026-09-17T15:24:53.114+0000] {logging_mixin.py:188} INFO - [2026-09-17T15:24:53.114+0000] {dagbag.py:545} INFO - Filling up the DagBag from /opt/airflow/dags/dag_updating.py
[2026-09-17T15:24:53.155+0000] {processor.py:840} INFO - DAG(s) 'youtube_data_updating' retrieved from /opt/airflow/dags/dag_updating.py
[2026-09-17T15:24:53.178+0000] {logging_mixin.py:188} INFO - [2026-09-17T15:24:53.178+0000] {dag.py:3096} INFO - Sync 1 DAGs
[2026-09-17T15:24:53.201+0000] {logging_mixin.py:188} INFO - [2026-09-17T15:24:53.201+0000] {dag.py:3954} INFO - Setting next_dagrun for youtube_data_updating to 2026-09-17 00:00:00+00:00, run_after=2026-09-18 00:00:00+00:00
[2026-09-17T15:24:53.222+0000] {processor.py:183} INFO - Processing /opt/airflow/dags/dag_updating.py took 0.120 seconds
[2026-09-17T15:25:23.491+0000] {processor.py:161} INFO - Started process (PID=2199) to work on /opt/airflow/dags/dag_updating.py
[2026-09-17T15:25:23.495+0000] {processor.py:830} INFO - Processing file /opt/airflow/dags/dag_updating.py for tasks to queue
[2026-09-17T15:25:23.497+0000] {logging_mixin.py:188} INFO - [2026-09-17T15:25:23.497+0000] {dagbag.py:545} INFO - Filling up the DagBag from /opt/airflow/dags/dag_updating.py
[2026-09-17T15:25:23.544+0000] {processor.py:840} INFO - DAG(s) 'youtube_data_updating' retrieved from /opt/airflow/dags/dag_updating.py
[2026-09-17T15:25:23.574+0000] {logging_mixin.py:188} INFO - [2026-09-17T15:25:23.574+0000] {dag.py:3096} INFO - Sync 1 DAGs
[2026-09-17T15:25:23.596+0000] {logging_mixin.py:188} INFO - [2026-09-17T15:25:23.596+0000] {dag.py:3954} INFO - Setting next_dagrun for youtube_data_updating to 2026-09-17 00:00:00+00:00, run_after=2026-09-18 00:00:00+00:00
[2026-09-17T15:25:23.622+0000] {processor.py:183} INFO - Processing /opt/airflow/dags/dag_updating.py took 0.139 seconds
[2026-09-17T15:25:53.881+0000] {processor.py:161} INFO - Started process (PID=2207) to work on /opt/airflow/dags/dag_updating.py
[2026-09-17T15:25:53.884+0000] {processor.py:830} INFO - Processing file /opt/airflow/dags/dag_updating.py for tasks to queue
[2026-09-17T15:25:53.886+0000] {logging_mixin.py:188} INFO - [2026-09-17T15:25:53.886+0000] {dagbag.py:545} INFO - Filling up the DagBag from /opt/airflow/dags/dag_updating.py
[2026-09-17T15:25:53.927+0000] {processor.py:840} INFO - DAG(s) 'youtube_data_updating' retrieved from /opt/airflow/dags/dag_updating.py
[2026-09-17T15:25:53.949+0000] {logging_mixin.py:188} INFO - [2026-09-17T15:25:53.948+0000] {dag.py:3096} INFO - Sync 1 DAGs
[2026-09-17T15:25:53.970+0000] {logging_mixin.py:188} INFO - [2026-09-17T15:25:53.969+0000] {dag.py:3954} INFO - Setting next_dagrun for youtube_data_updating to 2026-09-17 00:00:00+00:00, run_after=2026-09-18 00:00:00+00:00
[2026-09-17T15:25:53.995+0000] {processor.py:183} INFO - Processing /opt/airflow/dags/dag_updating.py took 0.120 seconds
[2026-09-17T15:26:24.263+0000] {processor.py:161} INFO - Started process (PID=2215) to work on /opt/airflow/dags/dag_updating.py
[2026-09-17T15:26:24.267+0000] {processor.py:830} INFO - Processing file /opt/airflow/dags/dag_updating.py for tasks to queue
[2026-09-17T15:26:24.268+0000] {logging_mixin.py:188} INFO - [2026-09-17T15:26:24.268+0000] {dagbag.py:545} INFO - Filling up the DagBag from /opt/airflow/dags/dag_updating.py
[2026-09-17T15:26:24.306+0000] {processor.py:840} INFO - DAG(s) 'youtube_data_updating' retrieved from /opt/airflow/dags/dag_updating.py
[2026-09-17T15:26:24.325+0000] {logging_mixin.py:188} INFO - [2026-09-17T15:26:24.325+0000] {dag.py:3096} INFO - Sync 1 DAGs
[2026-09-17T15:26:24.346+0000] {logging_mixin.py:188} INFO - [2026-09-17T15:26:24.346+0000] {dag.py:3954} INFO - Setting next_dagrun for youtube_data_updating to 2026-09-17 00:00:00+00:00, run_after=2026-09-18 00:00:00+00:00
[2026-09-17T15:26:24.366+0000] {processor.py:183} INFO - Processing /opt/airflow/dags/dag_updating.py took 0.109 seconds
[2026-09-17T15:26:54.453+0000] {processor.py:161} INFO - Started process (PID=2223) to work on /opt/airflow/dags/dag_updating.py
[2026-09-17T15:26:54.456+0000] {processor.py:830} INFO - Processing file /opt/airflow/dags/dag_updating.py for tasks to queue
[2026-09-17T15:26:54.458+0000] {logging_mixin.py:188} INFO - [2026-09-17T15:26:54.458+0000] {dagbag.py:545} INFO - Filling up the DagBag from /opt/airflow/dags/dag_updating.py
[2026-09-17T15:26:54.501+0000] {processor.py:840} INFO - DAG(s) 'youtube_data_updating' retrieved from /opt/airflow/dags/dag_updating.py
[2026-09-17T15:26:54.526+0000] {logging_mixin.py:188} INFO - [2026-09-17T15:26:54.525+0000] {dag.py:3096} INFO - Sync 1 DAGs
[2026-09-17T15:26:54.548+0000] {logging_mixin.py:188} INFO - [2026-09-17T15:26:54.547+0000] {dag.py:3954} INFO - Setting next_dagrun for youtube_data_updating to 2026-09-17 00:00:00+00:00, run_after=2026-09-18 00:00:00+00:00
[2026-09-17T15:26:54.572+0000] {processor.py:183} INFO - Processing /opt/airflow/dags/dag_updating.py took 0.125 seconds
[2026-09-17T15:27:24.875+0000] {processor.py:161} INFO - Started process (PID=2231) to work on /opt/airflow/dags/dag_updating.py
[2026-09-17T15:27:24.877+0000] {processor.py:830} INFO - Processing file /opt/airflow/dags/dag_updating.py for tasks to queue
[2026-09-17T15:27:24.879+0000] {logging_mixin.py:188} INFO - [2026-09-17T15:27:24.879+0000] {dagbag.py:545} INFO - Filling up the DagBag from /opt/airflow/dags/dag_updating.py
[2026-09-17T15:27:24.926+0000] {processor.py:840} INFO - DAG(s) 'youtube_data_updating' retrieved from /opt/airflow/dags/dag_updating.py
[2026-09-17T15:27:24.947+0000] {logging_mixin.py:188} INFO - [2026-09-17T15:27:24.946+0000] {dag.py:3096} INFO - Sync 1 DAGs
[2026-09-17T15:27:24.968+0000] {logging_mixin.py:188} INFO - [2026-09-17T15:27:24.967+0000] {dag.py:3954} INFO - Setting next_dagrun for youtube_data_updating to 2026-09-17 00:00:00+00:00, run_after=2026-09-18 00:00:00+00:00
[2026-09-17T15:27:24.993+0000] {processor.py:183} INFO - Processing /opt/airflow/dags/dag_updating.py took 0.124 seconds
[2026-09-17T15:27:55.371+0000] {processor.py:161} INFO - Started process (PID=2239) to work on /opt/airflow/dags/dag_updating.py
[2026-09-17T15:27:55.375+0000] {processor.py:830} INFO - Processing file /opt/airflow/dags/dag_updating.py for tasks to queue
[2026-09-17T15:27:55.377+0000] {logging_mixin.py:188} INFO - [2026-09-17T15:27:55.376+0000] {dagbag.py:545} INFO - Filling up the DagBag from /opt/airflow/dags/dag_updating.py
[2026-09-17T15:27:55.421+0000] {processor.py:840} INFO - DAG(s) 'youtube_data_updating' retrieved from /opt/airflow/dags/dag_updating.py
[2026-09-17T15:27:55.444+0000] {logging_mixin.py:188} INFO - [2026-09-17T15:27:55.444+0000] {dag.py:3096} INFO - Sync 1 DAGs
[2026-09-17T15:27:55.470+0000] {logging_mixin.py:188} INFO - [2026-09-17T15:27:55.469+0000] {dag.py:3954} INFO - Setting next_dagrun for youtube_data_updating to 2026-09-17 00:00:00+00:00, run_after=2026-09-18 00:00:00+00:00
[2026-09-17T15:27:55.496+0000] {processor.py:183} INFO - Processing /opt/airflow/dags/dag_updating.py took 0.132 seconds
[2026-09-17T15:28:25.818+0000] {processor.py:161} INFO - Started process (PID=2246) to work on /opt/airflow/dags/dag_updating.py
[2026-09-17T15:28:25.821+0000] {processor.py:830} INFO - Processing file /opt/airflow/dags/dag_updating.py for tasks to queue
[2026-09-17T15:28:25.823+0000] {logging_mixin.py:188} INFO - [2026-09-17T15:28:25.822+0000] {dagbag.py:545} INFO - Filling up the DagBag from /opt/airflow/dags/dag_updating.py
[2026-09-17T15:28:25.860+0000] {processor.py:840} INFO - DAG(s) 'youtube_data_updating' retrieved from /opt/airflow/dags/dag_updating.py
[2026-09-17T15:28:25.881+0000] {logging_mixin.py:188} INFO - [2026-09-17T15:28:25.880+0000] {dag.py:3096} INFO - Sync 1 DAGs
[2026-09-17T15:28:25.901+0000] {logging_mixin.py:188} INFO - [2026-09-17T15:28:25.901+0000] {dag.py:3954} INFO - Setting next_dagrun for youtube_data_updating to 2026-09-17 00:00:00+00:00, run_after=2026-09-18 00:00:00+00:00
[2026-09-17T15:28:25.923+0000] {processor.py:183} INFO - Processing /opt/airflow/dags/dag_updating.py took 0.110 seconds
[2026-09-17T15:28:56.239+0000] {processor.py:161} INFO - Started process (PID=2254) to work on /opt/airflow/dags/dag_updating.py
[2026-09-17T15:28:56.242+0000] {processor.py:830} INFO - Processing file /opt/airflow/dags/dag_updating.py for tasks to queue
[2026-09-17T15:28:56.244+0000] {logging_mixin.py:188} INFO - [2026-09-17T15:28:56.244+0000] {dagbag.py:545} INFO - Filling up the DagBag from /opt/airflow/dags/dag_updating.py
[2026-09-17T15:28:56.283+0000] {processor.py:840} INFO - DAG(s) 'youtube_data_updating' retrieved from /opt/airflow/dags/dag_updating.py
[2026-09-17T15:28:56.304+0000] {logging_mixin.py:188} INFO - [2026-09-17T15:28:56.304+0000] {dag.py:3096} INFO - Sync 1 DAGs
[2026-09-17T15:28:56.325+0000] {logging_mixin.py:188} INFO - [2026-09-17T15:28:56.325+0000] {dag.py:3954} INFO - Setting next_dagrun for youtube_data_updating to 2026-09-17 00:00:00+00:00, run_after=2026-09-18 00:00:00+00:00
[2026-09-17T15:28:56.348+0000] {processor.py:183} INFO - Processing /opt/airflow/dags/dag_updating.py took 0.118 seconds
[2026-09-17T15:29:26.537+0000] {processor.py:161} INFO - Started process (PID=2262) to work on /opt/airflow/dags/dag_updating.py
[2026-09-17T15:29:26.540+0000] {processor.py:830} INFO - Processing file /opt/airflow/dags/dag_updating.py for tasks to queue
[2026-09-17T15:29:26.543+0000] {logging_mixin.py:188} INFO - [2026-09-17T15:29:26.543+0000] {dagbag.py:545} INFO - Filling up the DagBag from /opt/airflow/dags/dag_updating.py
[2026-09-17T15:29:26.600+0000] {processor.py:840} INFO - DAG(s) 'youtube_data_updating' retrieved from /opt/airflow/dags/dag_updating.py
[2026-09-17T15:29:26.628+0000] {logging_mixin.py:188} INFO - [2026-09-17T15:29:26.627+0000] {dag.py:3096} INFO - Sync 1 DAGs
[2026-09-17T15:29:26.653+0000] {logging_mixin.py:188} INFO - [2026-09-17T15:29:26.652+0000] {dag.py:3954} INFO - Setting next_dagrun for youtube_data_updating to 2026-09-17 00:00:00+00:00, run_after=2026-09-18 00:00:00+00:00
[2026-09-17T15:29:26.683+0000] {processor.py:183} INFO - Processing /opt/airflow/dags/dag_updating.py took 0.153 seconds
[2026-09-17T15:29:56.949+0000] {processor.py:161} INFO - Started process (PID=2269) to work on /opt/airflow/dags/dag_updating.py
[2026-09-17T15:29:56.951+0000] {processor.py:830} INFO - Processing file /opt/airflow/dags/dag_updating.py for tasks to queue
[2026-09-17T15:29:56.953+0000] {logging_mixin.py:188} INFO - [2026-09-17T15:29:56.952+0000] {dagbag.py:545} INFO - Filling up the DagBag from /opt/airflow/dags/dag_updating.py
[2026-09-17T15:29:57.000+0000] {processor.py:840} INFO - DAG(s) 'youtube_data_updating' retrieved from /opt/airflow/dags/dag_updating.py
[2026-09-17T15:29:57.026+0000] {logging_mixin.py:188} INFO - [2026-09-17T15:29:57.026+0000] {dag.py:3096} INFO - Sync 1 DAGs
[2026-09-17T15:29:57.049+0000] {logging_mixin.py:188} INFO - [2026-09-17T15:29:57.049+0000] {dag.py:3954} INFO - Setting next_dagrun for youtube_data_updating to 2026-09-17 00:00:00+00:00, run_after=2026-09-18 00:00:00+00:00
[2026-09-17T15:29:57.073+0000] {processor.py:183} INFO - Processing /opt/airflow/dags/dag_updating.py took 0.131 seconds
[2026-09-17T15:30:27.340+0000] {processor.py:161} INFO - Started process (PID=2277) to work on /opt/airflow/dags/dag_updating.py
[2026-09-17T15:30:27.343+0000] {processor.py:830} INFO - Processing file /opt/airflow/dags/dag_updating.py for tasks to queue
[2026-09-17T15:30:27.345+0000] {logging_mixin.py:188} INFO - [2026-09-17T15:30:27.345+0000] {dagbag.py:545} INFO - Filling up the DagBag from /opt/airflow/dags/dag_updating.py
[2026-09-17T15:30:27.394+0000] {processor.py:840} INFO - DAG(s) 'youtube_data_updating' retrieved from /opt/airflow/dags/dag_updating.py
[2026-09-17T15:30:27.419+0000] {logging_mixin.py:188} INFO - [2026-09-17T15:30:27.419+0000] {dag.py:3096} INFO - Sync 1 DAGs
[2026-09-17T15:30:27.442+0000] {logging_mixin.py:188} INFO - [2026-09-17T15:30:27.442+0000] {dag.py:3954} INFO - Setting next_dagrun for youtube_data_updating to 2026-09-17 00:00:00+00:00, run_after=2026-09-18 00:00:00+00:00
[2026-09-17T15:30:27.464+0000] {processor.py:183} INFO - Processing /opt/airflow/dags/dag_updating.py took 0.130 seconds
[2026-09-17T15:30:57.597+0000] {processor.py:161} INFO - Started process (PID=2285) to work on /opt/airflow/dags/dag_updating.py
[2026-09-17T15:30:57.599+0000] {processor.py:830} INFO - Processing file /opt/airflow/dags/dag_updating.py for tasks to queue
[2026-09-17T15:30:57.600+0000] {logging_mixin.py:188} INFO - [2026-09-17T15:30:57.600+0000] {dagbag.py:545} INFO - Filling up the DagBag from /opt/airflow/dags/dag_updating.py
[2026-09-17T15:30:57.638+0000] {processor.py:840} INFO - DAG(s) 'youtube_data_updating' retrieved from /opt/airflow/dags/dag_updating.py
[2026-09-17T15:30:57.658+0000] {logging_mixin.py:188} INFO - [2026-09-17T15:30:57.658+0000] {dag.py:3096} INFO - Sync 1 DAGs
[2026-09-17T15:30:57.678+0000] {logging_mixin.py:188} INFO - [2026-09-17T15:30:57.678+0000] {dag.py:3954} INFO - Setting next_dagrun for youtube_data_updating to 2026-09-17 00:00:00+00:00, run_after=2026-09-18 00:00:00+00:00
[2026-09-17T15:30:57.700+0000] {processor.py:183} INFO - Processing /opt/airflow/dags/dag_updating.py took 0.109 seconds
[2026-09-17T15:31:27.982+0000] {processor.py:161} INFO - Started process (PID=2292) to work on /opt/airflow/dags/dag_updating.py
[2026-09-17T15:31:27.986+0000] {processor.py:830} INFO - Processing file /opt/airflow/dags/dag_updating.py for tasks to queue
[2026-09-17T15:31:27.988+0000] {logging_mixin.py:188} INFO - [2026-09-17T15:31:27.988+0000] {dagbag.py:545} INFO - Filling up the DagBag from /opt/airflow/dags/dag_updating.py
[2026-09-17T15:31:28.027+0000] {processor.py:840} INFO - DAG(s) 'youtube_data_updating' retrieved from /opt/airflow/dags/dag_updating.py
[2026-09-17T15:31:28.050+0000] {logging_mixin.py:188} INFO - [2026-09-17T15:31:28.050+0000] {dag.py:3096} INFO - Sync 1 DAGs
[2026-09-17T15:31:28.074+0000] {logging_mixin.py:188} INFO - [2026-09-17T15:31:28.074+0000] {dag.py:3954} INFO - Setting next_dagrun for youtube_data_updating to 2026-09-17 00:00:00+00:00, run_after=2026-09-18 00:00:00+00:00
[2026-09-17T15:31:28.097+0000] {processor.py:183} INFO - Processing /opt/airflow/dags/dag_updating.py took 0.121 seconds
[2026-09-17T15:31:58.364+0000] {processor.py:161} INFO - Started process (PID=2300) to work on /opt/airflow/dags/dag_updating.py
[2026-09-17T15:31:58.367+0000] {processor.py:830} INFO - Processing file /opt/airflow/dags/dag_updating.py for tasks to queue
[2026-09-17T15:31:58.369+0000] {logging_mixin.py:188} INFO - [2026-09-17T15:31:58.368+0000] {dagbag.py:545} INFO - Filling up the DagBag from /opt/airflow/dags/dag_updating.py
[2026-09-17T15:31:58.408+0000] {processor.py:840} INFO - DAG(s) 'youtube_data_updating' retrieved from /opt/airflow/dags/dag_updating.py
[2026-09-17T15:31:58.429+0000] {logging_mixin.py:188} INFO - [2026-09-17T15:31:58.429+0000] {dag.py:3096} INFO - Sync 1 DAGs
[2026-09-17T15:31:58.451+0000] {logging_mixin.py:188} INFO - [2026-09-17T15:31:58.451+0000] {dag.py:3954} INFO - Setting next_dagrun for youtube_data_updating to 2026-09-17 00:00:00+00:00, run_after=2026-09-18 00:00:00+00:00
[2026-09-17T15:31:58.473+0000] {processor.py:183} INFO - Processing /opt/airflow/dags/dag_updating.py took 0.115 seconds
[2026-09-17T15:32:28.675+0000] {processor.py:161} INFO - Started process (PID=2308) to work on /opt/airflow/dags/dag_updating.py
[2026-09-17T15:32:28.679+0000] {processor.py:830} INFO - Processing file /opt/airflow/dags/dag_updating.py for tasks to queue
[2026-09-17T15:32:28.681+0000] {logging_mixin.py:188} INFO - [2026-09-17T15:32:28.681+0000] {dagbag.py:545} INFO - Filling up the DagBag from /opt/airflow/dags/dag_updating.py
[2026-09-17T15:32:28.725+0000] {processor.py:840} INFO - DAG(s) 'youtube_data_updating' retrieved from /opt/airflow/dags/dag_updating.py
[2026-09-17T15:32:28.745+0000] {logging_mixin.py:188} INFO - [2026-09-17T15:32:28.745+0000] {dag.py:3096} INFO - Sync 1 DAGs
[2026-09-17T15:32:28.765+0000] {logging_mixin.py:188} INFO - [2026-09-17T15:32:28.765+0000] {dag.py:3954} INFO - Setting next_dagrun for youtube_data_updating to 2026-09-17 00:00:00+00:00, run_after=2026-09-18 00:00:00+00:00
[2026-09-17T15:32:28.788+0000] {processor.py:183} INFO - Processing /opt/airflow/dags/dag_updating.py took 0.119 seconds
[2026-09-17T15:32:58.997+0000] {processor.py:161} INFO - Started process (PID=2315) to work on /opt/airflow/dags/dag_updating.py
[2026-09-17T15:32:59.001+0000] {processor.py:830} INFO - Processing file /opt/airflow/dags/dag_updating.py for tasks to queue
[2026-09-17T15:32:59.002+0000] {logging_mixin.py:188} INFO - [2026-09-17T15:32:59.002+0000] {dagbag.py:545} INFO - Filling up the DagBag from /opt/airflow/dags/dag_updating.py
[2026-09-17T15:32:59.046+0000] {processor.py:840} INFO - DAG(s) 'youtube_data_updating' retrieved from /opt/airflow/dags/dag_updating.py
[2026-09-17T15:32:59.067+0000] {logging_mixin.py:188} INFO - [2026-09-17T15:32:59.067+0000] {dag.py:3096} INFO - Sync 1 DAGs
[2026-09-17T15:32:59.088+0000] {logging_mixin.py:188} INFO - [2026-09-17T15:32:59.088+0000] {dag.py:3954} INFO - Setting next_dagrun for youtube_data_updating to 2026-09-17 00:00:00+00:00, run_after=2026-09-18 00:00:00+00:00
[2026-09-17T15:32:59.113+0000] {processor.py:183} INFO - Processing /opt/airflow/dags/dag_updating.py took 0.123 seconds
[2026-09-17T15:33:29.392+0000] {processor.py:161} INFO - Started process (PID=2323) to work on /opt/airflow/dags/dag_updating.py
[2026-09-17T15:33:29.394+0000] {processor.py:830} INFO - Processing file /opt/airflow/dags/dag_updating.py for tasks to queue
[2026-09-17T15:33:29.397+0000] {logging_mixin.py:188} INFO - [2026-09-17T15:33:29.397+0000] {dagbag.py:545} INFO - Filling up the DagBag from /opt/airflow/dags/dag_updating.py
[2026-09-17T15:33:29.438+0000] {processor.py:840} INFO - DAG(s) 'youtube_data_updating' retrieved from /opt/airflow/dags/dag_updating.py
[2026-09-17T15:33:29.460+0000] {logging_mixin.py:188} INFO - [2026-09-17T15:33:29.460+0000] {dag.py:3096} INFO - Sync 1 DAGs
[2026-09-17T15:33:29.483+0000] {logging_mixin.py:188} INFO - [2026-09-17T15:33:29.482+0000] {dag.py:3954} INFO - Setting next_dagrun for youtube_data_updating to 2026-09-17 00:00:00+00:00, run_after=2026-09-18 00:00:00+00:00
[2026-09-17T15:33:29.504+0000] {processor.py:183} INFO - Processing /opt/airflow/dags/dag_updating.py took 0.118 seconds
[2026-09-17T15:33:59.685+0000] {processor.py:161} INFO - Started process (PID=2331) to work on /opt/airflow/dags/dag_updating.py
[2026-09-17T15:33:59.687+0000] {processor.py:830} INFO - Processing file /opt/airflow/dags/dag_updating.py for tasks to queue
[2026-09-17T15:33:59.690+0000] {logging_mixin.py:188} INFO - [2026-09-17T15:33:59.689+0000] {dagbag.py:545} INFO - Filling up the DagBag from /opt/airflow/dags/dag_updating.py
[2026-09-17T15:33:59.728+0000] {processor.py:840} INFO - DAG(s) 'youtube_data_updating' retrieved from /opt/airflow/dags/dag_updating.py
[2026-09-17T15:33:59.748+0000] {logging_mixin.py:188} INFO - [2026-09-17T15:33:59.748+0000] {dag.py:3096} INFO - Sync 1 DAGs
[2026-09-17T15:33:59.768+0000] {logging_mixin.py:188} INFO - [2026-09-17T15:33:59.768+0000] {dag.py:3954} INFO - Setting next_dagrun for youtube_data_updating to 2026-09-17 00:00:00+00:00, run_after=2026-09-18 00:00:00+00:00
[2026-09-17T15:33:59.791+0000] {processor.py:183} INFO - Processing /opt/airflow/dags/dag_updating.py took 0.112 seconds
[2026-09-17T15:34:30.114+0000] {processor.py:161} INFO - Started process (PID=2338) to work on /opt/airflow/dags/dag_updating.py
[2026-09-17T15:34:30.116+0000] {processor.py:830} INFO - Processing file /opt/airflow/dags/dag_updating.py for tasks to queue
[2026-09-17T15:34:30.118+0000] {logging_mixin.py:188} INFO - [2026-09-17T15:34:30.117+0000] {dagbag.py:545} INFO - Filling up the DagBag from /opt/airflow/dags/dag_updating.py
[2026-09-17T15:34:30.154+0000] {processor.py:840} INFO - DAG(s) 'youtube_data_updating' retrieved from /opt/airflow/dags/dag_updating.py
[2026-09-17T15:34:30.176+0000] {logging_mixin.py:188} INFO - [2026-09-17T15:34:30.176+0000] {dag.py:3096} INFO - Sync 1 DAGs
[2026-09-17T15:34:30.194+0000] {logging_mixin.py:188} INFO - [2026-09-17T15:34:30.194+0000] {dag.py:3954} INFO - Setting next_dagrun for youtube_data_updating to 2026-09-17 00:00:00+00:00, run_after=2026-09-18 00:00:00+00:00
[2026-09-17T15:34:30.214+0000] {processor.py:183} INFO - Processing /opt/airflow/dags/dag_updating.py took 0.108 seconds
[2026-09-17T15:35:00.524+0000] {processor.py:161} INFO - Started process (PID=2346) to work on /opt/airflow/dags/dag_updating.py
[2026-09-17T15:35:00.528+0000] {processor.py:830} INFO - Processing file /opt/airflow/dags/dag_updating.py for tasks to queue
[2026-09-17T15:35:00.530+0000] {logging_mixin.py:188} INFO - [2026-09-17T15:35:00.530+0000] {dagbag.py:545} INFO - Filling up the DagBag from /opt/airflow/dags/dag_updating.py
[2026-09-17T15:35:00.573+0000] {processor.py:840} INFO - DAG(s) 'youtube_data_updating' retrieved from /opt/airflow/dags/dag_updating.py
[2026-09-17T15:35:00.595+0000] {logging_mixin.py:188} INFO - [2026-09-17T15:35:00.595+0000] {dag.py:3096} INFO - Sync 1 DAGs
[2026-09-17T15:35:00.617+0000] {logging_mixin.py:188} INFO - [2026-09-17T15:35:00.617+0000] {dag.py:3954} INFO - Setting next_dagrun for youtube_data_updating to 2026-09-17 00:00:00+00:00, run_after=2026-09-18 00:00:00+00:00
[2026-09-17T15:35:00.639+0000] {processor.py:183} INFO - Processing /opt/airflow/dags/dag_updating.py took 0.120 seconds
[2026-09-17T15:35:30.844+0000] {processor.py:161} INFO - Started process (PID=2354) to work on /opt/airflow/dags/dag_updating.py
[2026-09-17T15:35:30.848+0000] {processor.py:830} INFO - Processing file /opt/airflow/dags/dag_updating.py for tasks to queue
[2026-09-17T15:35:30.849+0000] {logging_mixin.py:188} INFO - [2026-09-17T15:35:30.849+0000] {dagbag.py:545} INFO - Filling up the DagBag from /opt/airflow/dags/dag_updating.py
[2026-09-17T15:35:30.897+0000] {processor.py:840} INFO - DAG(s) 'youtube_data_updating' retrieved from /opt/airflow/dags/dag_updating.py
[2026-09-17T15:35:30.921+0000] {logging_mixin.py:188} INFO - [2026-09-17T15:35:30.921+0000] {dag.py:3096} INFO - Sync 1 DAGs
[2026-09-17T15:35:30.943+0000] {logging_mixin.py:188} INFO - [2026-09-17T15:35:30.943+0000] {dag.py:3954} INFO - Setting next_dagrun for youtube_data_updating to 2026-09-17 00:00:00+00:00, run_after=2026-09-18 00:00:00+00:00
[2026-09-17T15:35:30.968+0000] {processor.py:183} INFO - Processing /opt/airflow/dags/dag_updating.py took 0.129 seconds
[2026-09-17T15:36:01.220+0000] {processor.py:161} INFO - Started process (PID=2361) to work on /opt/airflow/dags/dag_updating.py
[2026-09-17T15:36:01.223+0000] {processor.py:830} INFO - Processing file /opt/airflow/dags/dag_updating.py for tasks to queue
[2026-09-17T15:36:01.225+0000] {logging_mixin.py:188} INFO - [2026-09-17T15:36:01.224+0000] {dagbag.py:545} INFO - Filling up the DagBag from /opt/airflow/dags/dag_updating.py
[2026-09-17T15:36:01.267+0000] {processor.py:840} INFO - DAG(s) 'youtube_data_updating' retrieved from /opt/airflow/dags/dag_updating.py
[2026-09-17T15:36:01.287+0000] {logging_mixin.py:188} INFO - [2026-09-17T15:36:01.287+0000] {dag.py:3096} INFO - Sync 1 DAGs
[2026-09-17T15:36:01.306+0000] {logging_mixin.py:188} INFO - [2026-09-17T15:36:01.305+0000] {dag.py:3954} INFO - Setting next_dagrun for youtube_data_updating to 2026-09-17 00:00:00+00:00, run_after=2026-09-18 00:00:00+00:00
[2026-09-17T15:36:01.328+0000] {processor.py:183} INFO - Processing /opt/airflow/dags/dag_updating.py took 0.114 seconds
[2026-09-17T15:36:31.621+0000] {processor.py:161} INFO - Started process (PID=2369) to work on /opt/airflow/dags/dag_updating.py
[2026-09-17T15:36:31.623+0000] {processor.py:830} INFO - Processing file /opt/airflow/dags/dag_updating.py for tasks to queue
[2026-09-17T15:36:31.625+0000] {logging_mixin.py:188} INFO - [2026-09-17T15:36:31.625+0000] {dagbag.py:545} INFO - Filling up the DagBag from /opt/airflow/dags/dag_updating.py
[2026-09-17T15:36:31.668+0000] {processor.py:840} INFO - DAG(s) 'youtube_data_updating' retrieved from /opt/airflow/dags/dag_updating.py
[2026-09-17T15:36:31.689+0000] {logging_mixin.py:188} INFO - [2026-09-17T15:36:31.688+0000] {dag.py:3096} INFO - Sync 1 DAGs
[2026-09-17T15:36:31.710+0000] {logging_mixin.py:188} INFO - [2026-09-17T15:36:31.710+0000] {dag.py:3954} INFO - Setting next_dagrun for youtube_data_updating to 2026-09-17 00:00:00+00:00, run_after=2026-09-18 00:00:00+00:00
[2026-09-17T15:36:31.732+0000] {processor.py:183} INFO - Processing /opt/airflow/dags/dag_updating.py took 0.118 seconds
[2026-09-17T15:37:02.022+0000] {processor.py:161} INFO - Started process (PID=2377) to work on /opt/airflow/dags/dag_updating.py
[2026-09-17T15:37:02.024+0000] {processor.py:830} INFO - Processing file /opt/airflow/dags/dag_updating.py for tasks to queue
[2026-09-17T15:37:02.027+0000] {logging_mixin.py:188} INFO - [2026-09-17T15:37:02.026+0000] {dagbag.py:545} INFO - Filling up the DagBag from /opt/airflow/dags/dag_updating.py
[2026-09-17T15:37:02.063+0000] {processor.py:840} INFO - DAG(s) 'youtube_data_updating' retrieved from /opt/airflow/dags/dag_updating.py
[2026-09-17T15:37:02.083+0000] {logging_mixin.py:188} INFO - [2026-09-17T15:37:02.083+0000] {dag.py:3096} INFO - Sync 1 DAGs
[2026-09-17T15:37:02.102+0000] {logging_mixin.py:188} INFO - [2026-09-17T15:37:02.102+0000] {dag.py:3954} INFO - Setting next_dagrun for youtube_data_updating to 2026-09-17 00:00:00+00:00, run_after=2026-09-18 00:00:00+00:00
[2026-09-17T15:37:02.123+0000] {processor.py:183} INFO - Processing /opt/airflow/dags/dag_updating.py took 0.107 seconds
[2026-09-17T15:37:32.295+0000] {processor.py:161} INFO - Started process (PID=2385) to work on /opt/airflow/dags/dag_updating.py
[2026-09-17T15:37:32.298+0000] {processor.py:830} INFO - Processing file /opt/airflow/dags/dag_updating.py for tasks to queue
[2026-09-17T15:37:32.300+0000] {logging_mixin.py:188} INFO - [2026-09-17T15:37:32.299+0000] {dagbag.py:545} INFO - Filling up the DagBag from /opt/airflow/dags/dag_updating.py
[2026-09-17T15:37:32.358+0000] {processor.py:840} INFO - DAG(s) 'youtube_data_updating' retrieved from /opt/airflow/dags/dag_updating.py
[2026-09-17T15:37:32.384+0000] {logging_mixin.py:188} INFO - [2026-09-17T15:37:32.384+0000] {dag.py:3096} INFO - Sync 1 DAGs
[2026-09-17T15:37:32.411+0000] {logging_mixin.py:188} INFO - [2026-09-17T15:37:32.410+0000] {dag.py:3954} INFO - Setting next_dagrun for youtube_data_updating to 2026-09-17 00:00:00+00:00, run_after=2026-09-18 00:00:00+00:00
[2026-09-17T15:37:32.438+0000] {processor.py:183} INFO - Processing /opt/airflow/dags/dag_updating.py took 0.150 seconds
[2026-09-17T15:38:02.773+0000] {processor.py:161} INFO - Started process (PID=2392) to work on /opt/airflow/dags/dag_updating.py
[2026-09-17T15:38:02.775+0000] {processor.py:830} INFO - Processing file /opt/airflow/dags/dag_updating.py for tasks to queue
[2026-09-17T15:38:02.777+0000] {logging_mixin.py:188} INFO - [2026-09-17T15:38:02.777+0000] {dagbag.py:545} INFO - Filling up the DagBag from /opt/airflow/dags/dag_updating.py
[2026-09-17T15:38:02.819+0000] {processor.py:840} INFO - DAG(s) 'youtube_data_updating' retrieved from /opt/airflow/dags/dag_updating.py
[2026-09-17T15:38:02.839+0000] {logging_mixin.py:188} INFO - [2026-09-17T15:38:02.839+0000] {dag.py:3096} INFO - Sync 1 DAGs
[2026-09-17T15:38:02.860+0000] {logging_mixin.py:188} INFO - [2026-09-17T15:38:02.859+0000] {dag.py:3954} INFO - Setting next_dagrun for youtube_data_updating to 2026-09-17 00:00:00+00:00, run_after=2026-09-18 00:00:00+00:00
[2026-09-17T15:38:02.881+0000] {processor.py:183} INFO - Processing /opt/airflow/dags/dag_updating.py took 0.115 seconds
[2026-09-17T15:38:33.047+0000] {processor.py:161} INFO - Started process (PID=2400) to work on /opt/airflow/dags/dag_updating.py
[2026-09-17T15:38:33.049+0000] {processor.py:830} INFO - Processing file /opt/airflow/dags/dag_updating.py for tasks to queue
[2026-09-17T15:38:33.052+0000] {logging_mixin.py:188} INFO - [2026-09-17T15:38:33.051+0000] {dagbag.py:545} INFO - Filling up the DagBag from /opt/airflow/dags/dag_updating.py
[2026-09-17T15:38:33.094+0000] {processor.py:840} INFO - DAG(s) 'youtube_data_updating' retrieved from /opt/airflow/dags/dag_updating.py
[2026-09-17T15:38:33.119+0000] {logging_mixin.py:188} INFO - [2026-09-17T15:38:33.118+0000] {dag.py:3096} INFO - Sync 1 DAGs
[2026-09-17T15:38:33.140+0000] {logging_mixin.py:188} INFO - [2026-09-17T15:38:33.139+0000] {dag.py:3954} INFO - Setting next_dagrun for youtube_data_updating to 2026-09-17 00:00:00+00:00, run_after=2026-09-18 00:00:00+00:00
[2026-09-17T15:38:33.163+0000] {processor.py:183} INFO - Processing /opt/airflow/dags/dag_updating.py took 0.122 seconds
[2026-09-17T15:39:03.410+0000] {processor.py:161} INFO - Started process (PID=2409) to work on /opt/airflow/dags/dag_updating.py
[2026-09-17T15:39:03.412+0000] {processor.py:830} INFO - Processing file /opt/airflow/dags/dag_updating.py for tasks to queue
[2026-09-17T15:39:03.414+0000] {logging_mixin.py:188} INFO - [2026-09-17T15:39:03.414+0000] {dagbag.py:545} INFO - Filling up the DagBag from /opt/airflow/dags/dag_updating.py
[2026-09-17T15:39:03.456+0000] {processor.py:840} INFO - DAG(s) 'youtube_data_updating' retrieved from /opt/airflow/dags/dag_updating.py
[2026-09-17T15:39:03.477+0000] {logging_mixin.py:188} INFO - [2026-09-17T15:39:03.476+0000] {dag.py:3096} INFO - Sync 1 DAGs
[2026-09-17T15:39:03.497+0000] {logging_mixin.py:188} INFO - [2026-09-17T15:39:03.497+0000] {dag.py:3954} INFO - Setting next_dagrun for youtube_data_updating to 2026-09-17 00:00:00+00:00, run_after=2026-09-18 00:00:00+00:00
[2026-09-17T15:39:03.522+0000] {processor.py:183} INFO - Processing /opt/airflow/dags/dag_updating.py took 0.118 seconds
[2026-09-17T15:39:33.843+0000] {processor.py:161} INFO - Started process (PID=2416) to work on /opt/airflow/dags/dag_updating.py
[2026-09-17T15:39:33.845+0000] {processor.py:830} INFO - Processing file /opt/airflow/dags/dag_updating.py for tasks to queue
[2026-09-17T15:39:33.847+0000] {logging_mixin.py:188} INFO - [2026-09-17T15:39:33.846+0000] {dagbag.py:545} INFO - Filling up the DagBag from /opt/airflow/dags/dag_updating.py
[2026-09-17T15:39:33.887+0000] {processor.py:840} INFO - DAG(s) 'youtube_data_updating' retrieved from /opt/airflow/dags/dag_updating.py
[2026-09-17T15:39:33.907+0000] {logging_mixin.py:188} INFO - [2026-09-17T15:39:33.907+0000] {dag.py:3096} INFO - Sync 1 DAGs
[2026-09-17T15:39:33.926+0000] {logging_mixin.py:188} INFO - [2026-09-17T15:39:33.926+0000] {dag.py:3954} INFO - Setting next_dagrun for youtube_data_updating to 2026-09-17 00:00:00+00:00, run_after=2026-09-18 00:00:00+00:00
[2026-09-17T15:39:33.947+0000] {processor.py:183} INFO - Processing /opt/airflow/dags/dag_updating.py took 0.111 seconds
[2026-09-17T15:40:04.226+0000] {processor.py:161} INFO - Started process (PID=2424) to work on /opt/airflow/dags/dag_updating.py
[2026-09-17T15:40:04.228+0000] {processor.py:830} INFO - Processing file /opt/airflow/dags/dag_updating.py for tasks to queue
[2026-09-17T15:40:04.230+0000] {logging_mixin.py:188} INFO - [2026-09-17T15:40:04.230+0000] {dagbag.py:545} INFO - Filling up the DagBag from /opt/airflow/dags/dag_updating.py
[2026-09-17T15:40:04.272+0000] {processor.py:840} INFO - DAG(s) 'youtube_data_updating' retrieved from /opt/airflow/dags/dag_updating.py
[2026-09-17T15:40:04.297+0000] {logging_mixin.py:188} INFO - [2026-09-17T15:40:04.297+0000] {dag.py:3096} INFO - Sync 1 DAGs
[2026-09-17T15:40:04.320+0000] {logging_mixin.py:188} INFO - [2026-09-17T15:40:04.320+0000] {dag.py:3954} INFO - Setting next_dagrun for youtube_data_updating to 2026-09-17 00:00:00+00:00, run_after=2026-09-18 00:00:00+00:00
[2026-09-17T15:40:04.342+0000] {processor.py:183} INFO - Processing /opt/airflow/dags/dag_updating.py took 0.122 seconds
[2026-09-17T15:40:34.640+0000] {processor.py:161} INFO - Started process (PID=2438) to work on /opt/airflow/dags/dag_updating.py
[2026-09-17T15:40:34.642+0000] {processor.py:830} INFO - Processing file /opt/airflow/dags/dag_updating.py for tasks to queue
[2026-09-17T15:40:34.644+0000] {logging_mixin.py:188} INFO - [2026-09-17T15:40:34.644+0000] {dagbag.py:545} INFO - Filling up the DagBag from /opt/airflow/dags/dag_updating.py
[2026-09-17T15:40:34.685+0000] {processor.py:840} INFO - DAG(s) 'youtube_data_updating' retrieved from /opt/airflow/dags/dag_updating.py
[2026-09-17T15:40:34.706+0000] {logging_mixin.py:188} INFO - [2026-09-17T15:40:34.705+0000] {dag.py:3096} INFO - Sync 1 DAGs
[2026-09-17T15:40:34.725+0000] {logging_mixin.py:188} INFO - [2026-09-17T15:40:34.724+0000] {dag.py:3954} INFO - Setting next_dagrun for youtube_data_updating to 2026-09-17 00:00:00+00:00, run_after=2026-09-18 00:00:00+00:00
[2026-09-17T15:40:34.747+0000] {processor.py:183} INFO - Processing /opt/airflow/dags/dag_updating.py took 0.114 seconds
[2026-09-17T15:41:04.943+0000] {processor.py:161} INFO - Started process (PID=2446) to work on /opt/airflow/dags/dag_updating.py
[2026-09-17T15:41:04.946+0000] {processor.py:830} INFO - Processing file /opt/airflow/dags/dag_updating.py for tasks to queue
[2026-09-17T15:41:04.948+0000] {logging_mixin.py:188} INFO - [2026-09-17T15:41:04.947+0000] {dagbag.py:545} INFO - Filling up the DagBag from /opt/airflow/dags/dag_updating.py
[2026-09-17T15:41:04.989+0000] {processor.py:840} INFO - DAG(s) 'youtube_data_updating' retrieved from /opt/airflow/dags/dag_updating.py
[2026-09-17T15:41:05.010+0000] {logging_mixin.py:188} INFO - [2026-09-17T15:41:05.010+0000] {dag.py:3096} INFO - Sync 1 DAGs
[2026-09-17T15:41:05.037+0000] {logging_mixin.py:188} INFO - [2026-09-17T15:41:05.037+0000] {dag.py:3954} INFO - Setting next_dagrun for youtube_data_updating to 2026-09-17 00:00:00+00:00, run_after=2026-09-18 00:00:00+00:00
[2026-09-17T15:41:05.060+0000] {processor.py:183} INFO - Processing /opt/airflow/dags/dag_updating.py took 0.123 seconds
[2026-09-17T15:41:35.360+0000] {processor.py:161} INFO - Started process (PID=2453) to work on /opt/airflow/dags/dag_updating.py
[2026-09-17T15:41:35.364+0000] {processor.py:830} INFO - Processing file /opt/airflow/dags/dag_updating.py for tasks to queue
[2026-09-17T15:41:35.366+0000] {logging_mixin.py:188} INFO - [2026-09-17T15:41:35.366+0000] {dagbag.py:545} INFO - Filling up the DagBag from /opt/airflow/dags/dag_updating.py
[2026-09-17T15:41:35.415+0000] {processor.py:840} INFO - DAG(s) 'youtube_data_updating' retrieved from /opt/airflow/dags/dag_updating.py
[2026-09-17T15:41:35.436+0000] {logging_mixin.py:188} INFO - [2026-09-17T15:41:35.436+0000] {dag.py:3096} INFO - Sync 1 DAGs
[2026-09-17T15:41:35.455+0000] {logging_mixin.py:188} INFO - [2026-09-17T15:41:35.454+0000] {dag.py:3954} INFO - Setting next_dagrun for youtube_data_updating to 2026-09-17 00:00:00+00:00, run_after=2026-09-18 00:00:00+00:00
[2026-09-17T15:41:35.476+0000] {processor.py:183} INFO - Processing /opt/airflow/dags/dag_updating.py took 0.125 seconds
[2026-09-17T15:42:05.760+0000] {processor.py:161} INFO - Started process (PID=2461) to work on /opt/airflow/dags/dag_updating.py
[2026-09-17T15:42:05.764+0000] {processor.py:830} INFO - Processing file /opt/airflow/dags/dag_updating.py for tasks to queue
[2026-09-17T15:42:05.767+0000] {logging_mixin.py:188} INFO - [2026-09-17T15:42:05.767+0000] {dagbag.py:545} INFO - Filling up the DagBag from /opt/airflow/dags/dag_updating.py
[2026-09-17T15:42:05.804+0000] {processor.py:840} INFO - DAG(s) 'youtube_data_updating' retrieved from /opt/airflow/dags/dag_updating.py
[2026-09-17T15:42:05.823+0000] {logging_mixin.py:188} INFO - [2026-09-17T15:42:05.823+0000] {dag.py:3096} INFO - Sync 1 DAGs
[2026-09-17T15:42:05.841+0000] {logging_mixin.py:188} INFO - [2026-09-17T15:42:05.840+0000] {dag.py:3954} INFO - Setting next_dagrun for youtube_data_updating to 2026-09-17 00:00:00+00:00, run_after=2026-09-18 00:00:00+00:00
[2026-09-17T15:42:05.865+0000] {processor.py:183} INFO - Processing /opt/airflow/dags/dag_updating.py took 0.111 seconds
[2026-09-17T15:42:36.137+0000] {processor.py:161} INFO - Started process (PID=2469) to work on /opt/airflow/dags/dag_updating.py
[2026-09-17T15:42:36.141+0000] {processor.py:830} INFO - Processing file /opt/airflow/dags/dag_updating.py for tasks to queue
[2026-09-17T15:42:36.143+0000] {logging_mixin.py:188} INFO - [2026-09-17T15:42:36.142+0000] {dagbag.py:545} INFO - Filling up the DagBag from /opt/airflow/dags/dag_updating.py
[2026-09-17T15:42:36.191+0000] {processor.py:840} INFO - DAG(s) 'youtube_data_updating' retrieved from /opt/airflow/dags/dag_updating.py
[2026-09-17T15:42:36.216+0000] {logging_mixin.py:188} INFO - [2026-09-17T15:42:36.216+0000] {dag.py:3096} INFO - Sync 1 DAGs
[2026-09-17T15:42:36.249+0000] {logging_mixin.py:188} INFO - [2026-09-17T15:42:36.249+0000] {dag.py:3954} INFO - Setting next_dagrun for youtube_data_updating to 2026-09-17 00:00:00+00:00, run_after=2026-09-18 00:00:00+00:00
[2026-09-17T15:42:36.281+0000] {processor.py:183} INFO - Processing /opt/airflow/dags/dag_updating.py took 0.153 seconds
[2026-09-17T15:43:06.471+0000] {processor.py:161} INFO - Started process (PID=2477) to work on /opt/airflow/dags/dag_updating.py
[2026-09-17T15:43:06.473+0000] {processor.py:830} INFO - Processing file /opt/airflow/dags/dag_updating.py for tasks to queue
[2026-09-17T15:43:06.476+0000] {logging_mixin.py:188} INFO - [2026-09-17T15:43:06.476+0000] {dagbag.py:545} INFO - Filling up the DagBag from /opt/airflow/dags/dag_updating.py
[2026-09-17T15:43:06.526+0000] {processor.py:840} INFO - DAG(s) 'youtube_data_updating' retrieved from /opt/airflow/dags/dag_updating.py
[2026-09-17T15:43:06.555+0000] {logging_mixin.py:188} INFO - [2026-09-17T15:43:06.554+0000] {dag.py:3096} INFO - Sync 1 DAGs
[2026-09-17T15:43:06.582+0000] {logging_mixin.py:188} INFO - [2026-09-17T15:43:06.582+0000] {dag.py:3954} INFO - Setting next_dagrun for youtube_data_updating to 2026-09-17 00:00:00+00:00, run_after=2026-09-18 00:00:00+00:00
[2026-09-17T15:43:06.613+0000] {processor.py:183} INFO - Processing /opt/airflow/dags/dag_updating.py took 0.152 seconds
[2026-09-17T15:43:36.884+0000] {processor.py:161} INFO - Started process (PID=2486) to work on /opt/airflow/dags/dag_updating.py
[2026-09-17T15:43:36.888+0000] {processor.py:830} INFO - Processing file /opt/airflow/dags/dag_updating.py for tasks to queue
[2026-09-17T15:43:36.889+0000] {logging_mixin.py:188} INFO - [2026-09-17T15:43:36.889+0000] {dagbag.py:545} INFO - Filling up the DagBag from /opt/airflow/dags/dag_updating.py
[2026-09-17T15:43:36.935+0000] {processor.py:840} INFO - DAG(s) 'youtube_data_updating' retrieved from /opt/airflow/dags/dag_updating.py
[2026-09-17T15:43:36.955+0000] {logging_mixin.py:188} INFO - [2026-09-17T15:43:36.955+0000] {dag.py:3096} INFO - Sync 1 DAGs
[2026-09-17T15:43:36.974+0000] {logging_mixin.py:188} INFO - [2026-09-17T15:43:36.974+0000] {dag.py:3954} INFO - Setting next_dagrun for youtube_data_updating to 2026-09-17 00:00:00+00:00, run_after=2026-09-18 00:00:00+00:00
[2026-09-17T15:43:36.995+0000] {processor.py:183} INFO - Processing /opt/airflow/dags/dag_updating.py took 0.116 seconds
[2026-09-17T15:44:07.238+0000] {processor.py:161} INFO - Started process (PID=2495) to work on /opt/airflow/dags/dag_updating.py
[2026-09-17T15:44:07.242+0000] {processor.py:830} INFO - Processing file /opt/airflow/dags/dag_updating.py for tasks to queue
[2026-09-17T15:44:07.244+0000] {logging_mixin.py:188} INFO - [2026-09-17T15:44:07.244+0000] {dagbag.py:545} INFO - Filling up the DagBag from /opt/airflow/dags/dag_updating.py
[2026-09-17T15:44:07.287+0000] {processor.py:840} INFO - DAG(s) 'youtube_data_updating' retrieved from /opt/airflow/dags/dag_updating.py
[2026-09-17T15:44:07.306+0000] {logging_mixin.py:188} INFO - [2026-09-17T15:44:07.306+0000] {dag.py:3096} INFO - Sync 1 DAGs
[2026-09-17T15:44:07.324+0000] {logging_mixin.py:188} INFO - [2026-09-17T15:44:07.324+0000] {dag.py:3954} INFO - Setting next_dagrun for youtube_data_updating to 2026-09-17 00:00:00+00:00, run_after=2026-09-18 00:00:00+00:00
[2026-09-17T15:44:07.349+0000] {processor.py:183} INFO - Processing /opt/airflow/dags/dag_updating.py took 0.117 seconds
[2026-09-17T15:44:37.734+0000] {processor.py:161} INFO - Started process (PID=2505) to work on /opt/airflow/dags/dag_updating.py
[2026-09-17T15:44:37.737+0000] {processor.py:830} INFO - Processing file /opt/airflow/dags/dag_updating.py for tasks to queue
[2026-09-17T15:44:37.740+0000] {logging_mixin.py:188} INFO - [2026-09-17T15:44:37.740+0000] {dagbag.py:545} INFO - Filling up the DagBag from /opt/airflow/dags/dag_updating.py
[2026-09-17T15:44:37.783+0000] {processor.py:840} INFO - DAG(s) 'youtube_data_updating' retrieved from /opt/airflow/dags/dag_updating.py
[2026-09-17T15:44:37.808+0000] {logging_mixin.py:188} INFO - [2026-09-17T15:44:37.808+0000] {dag.py:3096} INFO - Sync 1 DAGs
[2026-09-17T15:44:37.830+0000] {logging_mixin.py:188} INFO - [2026-09-17T15:44:37.830+0000] {dag.py:3954} INFO - Setting next_dagrun for youtube_data_updating to 2026-09-17 00:00:00+00:00, run_after=2026-09-18 00:00:00+00:00
[2026-09-17T15:44:37.858+0000] {processor.py:183} INFO - Processing /opt/airflow/dags/dag_updating.py took 0.131 seconds
[2026-09-17T15:45:07.997+0000] {processor.py:161} INFO - Started process (PID=2513) to work on /opt/airflow/dags/dag_updating.py
[2026-09-17T15:45:08.000+0000] {processor.py:830} INFO - Processing file /opt/airflow/dags/dag_updating.py for tasks to queue
[2026-09-17T15:45:08.002+0000] {logging_mixin.py:188} INFO - [2026-09-17T15:45:08.001+0000] {dagbag.py:545} INFO - Filling up the DagBag from /opt/airflow/dags/dag_updating.py
[2026-09-17T15:45:08.044+0000] {processor.py:840} INFO - DAG(s) 'youtube_data_updating' retrieved from /opt/airflow/dags/dag_updating.py
[2026-09-17T15:45:08.067+0000] {logging_mixin.py:188} INFO - [2026-09-17T15:45:08.066+0000] {dag.py:3096} INFO - Sync 1 DAGs
[2026-09-17T15:45:08.091+0000] {logging_mixin.py:188} INFO - [2026-09-17T15:45:08.091+0000] {dag.py:3954} INFO - Setting next_dagrun for youtube_data_updating to 2026-09-17 00:00:00+00:00, run_after=2026-09-18 00:00:00+00:00
[2026-09-17T15:45:08.113+0000] {processor.py:183} INFO - Processing /opt/airflow/dags/dag_updating.py took 0.125 seconds
[2026-09-17T15:45:38.391+0000] {processor.py:161} INFO - Started process (PID=2520) to work on /opt/airflow/dags/dag_updating.py
[2026-09-17T15:45:38.394+0000] {processor.py:830} INFO - Processing file /opt/airflow/dags/dag_updating.py for tasks to queue
[2026-09-17T15:45:38.397+0000] {logging_mixin.py:188} INFO - [2026-09-17T15:45:38.396+0000] {dagbag.py:545} INFO - Filling up the DagBag from /opt/airflow/dags/dag_updating.py
[2026-09-17T15:45:38.445+0000] {processor.py:840} INFO - DAG(s) 'youtube_data_updating' retrieved from /opt/airflow/dags/dag_updating.py
[2026-09-17T15:45:38.471+0000] {logging_mixin.py:188} INFO - [2026-09-17T15:45:38.470+0000] {dag.py:3096} INFO - Sync 1 DAGs
[2026-09-17T15:45:38.497+0000] {logging_mixin.py:188} INFO - [2026-09-17T15:45:38.496+0000] {dag.py:3954} INFO - Setting next_dagrun for youtube_data_updating to 2026-09-17 00:00:00+00:00, run_after=2026-09-18 00:00:00+00:00
[2026-09-17T15:45:38.523+0000] {processor.py:183} INFO - Processing /opt/airflow/dags/dag_updating.py took 0.140 seconds
[2026-09-17T15:46:08.667+0000] {processor.py:161} INFO - Started process (PID=2532) to work on /opt/airflow/dags/dag_updating.py
[2026-09-17T15:46:08.670+0000] {processor.py:830} INFO - Processing file /opt/airflow/dags/dag_updating.py for tasks to queue
[2026-09-17T15:46:08.672+0000] {logging_mixin.py:188} INFO - [2026-09-17T15:46:08.671+0000] {dagbag.py:545} INFO - Filling up the DagBag from /opt/airflow/dags/dag_updating.py
[2026-09-17T15:46:08.735+0000] {processor.py:840} INFO - DAG(s) 'youtube_data_updating' retrieved from /opt/airflow/dags/dag_updating.py
[2026-09-17T15:46:08.762+0000] {logging_mixin.py:188} INFO - [2026-09-17T15:46:08.762+0000] {dag.py:3096} INFO - Sync 1 DAGs
[2026-09-17T15:46:08.784+0000] {logging_mixin.py:188} INFO - [2026-09-17T15:46:08.784+0000] {dag.py:3954} INFO - Setting next_dagrun for youtube_data_updating to 2026-09-17 00:00:00+00:00, run_after=2026-09-18 00:00:00+00:00
[2026-09-17T15:46:08.811+0000] {processor.py:183} INFO - Processing /opt/airflow/dags/dag_updating.py took 0.150 seconds
[2026-09-17T15:46:38.992+0000] {processor.py:161} INFO - Started process (PID=2540) to work on /opt/airflow/dags/dag_updating.py
[2026-09-17T15:46:38.995+0000] {processor.py:830} INFO - Processing file /opt/airflow/dags/dag_updating.py for tasks to queue
[2026-09-17T15:46:38.997+0000] {logging_mixin.py:188} INFO - [2026-09-17T15:46:38.997+0000] {dagbag.py:545} INFO - Filling up the DagBag from /opt/airflow/dags/dag_updating.py
[2026-09-17T15:46:39.034+0000] {processor.py:840} INFO - DAG(s) 'youtube_data_updating' retrieved from /opt/airflow/dags/dag_updating.py
[2026-09-17T15:46:39.056+0000] {logging_mixin.py:188} INFO - [2026-09-17T15:46:39.056+0000] {dag.py:3096} INFO - Sync 1 DAGs
[2026-09-17T15:46:39.079+0000] {logging_mixin.py:188} INFO - [2026-09-17T15:46:39.079+0000] {dag.py:3954} INFO - Setting next_dagrun for youtube_data_updating to 2026-09-17 00:00:00+00:00, run_after=2026-09-18 00:00:00+00:00
[2026-09-17T15:46:39.101+0000] {processor.py:183} INFO - Processing /opt/airflow/dags/dag_updating.py took 0.116 seconds
[2026-09-17T15:47:09.282+0000] {processor.py:161} INFO - Started process (PID=2548) to work on /opt/airflow/dags/dag_updating.py
[2026-09-17T15:47:09.284+0000] {processor.py:830} INFO - Processing file /opt/airflow/dags/dag_updating.py for tasks to queue
[2026-09-17T15:47:09.286+0000] {logging_mixin.py:188} INFO - [2026-09-17T15:47:09.286+0000] {dagbag.py:545} INFO - Filling up the DagBag from /opt/airflow/dags/dag_updating.py
[2026-09-17T15:47:09.336+0000] {processor.py:840} INFO - DAG(s) 'youtube_data_updating' retrieved from /opt/airflow/dags/dag_updating.py
[2026-09-17T15:47:09.361+0000] {logging_mixin.py:188} INFO - [2026-09-17T15:47:09.360+0000] {dag.py:3096} INFO - Sync 1 DAGs
[2026-09-17T15:47:09.388+0000] {logging_mixin.py:188} INFO - [2026-09-17T15:47:09.388+0000] {dag.py:3954} INFO - Setting next_dagrun for youtube_data_updating to 2026-09-17 00:00:00+00:00, run_after=2026-09-18 00:00:00+00:00
[2026-09-17T15:47:09.412+0000] {processor.py:183} INFO - Processing /opt/airflow/dags/dag_updating.py took 0.138 seconds
[2026-09-17T15:47:39.762+0000] {processor.py:161} INFO - Started process (PID=2555) to work on /opt/airflow/dags/dag_updating.py
[2026-09-17T15:47:39.764+0000] {processor.py:830} INFO - Processing file /opt/airflow/dags/dag_updating.py for tasks to queue
[2026-09-17T15:47:39.766+0000] {logging_mixin.py:188} INFO - [2026-09-17T15:47:39.766+0000] {dagbag.py:545} INFO - Filling up the DagBag from /opt/airflow/dags/dag_updating.py
[2026-09-17T15:47:39.809+0000] {processor.py:840} INFO - DAG(s) 'youtube_data_updating' retrieved from /opt/airflow/dags/dag_updating.py
[2026-09-17T15:47:39.830+0000] {logging_mixin.py:188} INFO - [2026-09-17T15:47:39.830+0000] {dag.py:3096} INFO - Sync 1 DAGs
[2026-09-17T15:47:39.852+0000] {logging_mixin.py:188} INFO - [2026-09-17T15:47:39.851+0000] {dag.py:3954} INFO - Setting next_dagrun for youtube_data_updating to 2026-09-17 00:00:00+00:00, run_after=2026-09-18 00:00:00+00:00
[2026-09-17T15:47:39.875+0000] {processor.py:183} INFO - Processing /opt/airflow/dags/dag_updating.py took 0.119 seconds
[2026-09-17T15:48:09.953+0000] {processor.py:161} INFO - Started process (PID=2563) to work on /opt/airflow/dags/dag_updating.py
[2026-09-17T15:48:09.956+0000] {processor.py:830} INFO - Processing file /opt/airflow/dags/dag_updating.py for tasks to queue
[2026-09-17T15:48:09.957+0000] {logging_mixin.py:188} INFO - [2026-09-17T15:48:09.957+0000] {dagbag.py:545} INFO - Filling up the DagBag from /opt/airflow/dags/dag_updating.py
[2026-09-17T15:48:09.996+0000] {processor.py:840} INFO - DAG(s) 'youtube_data_updating' retrieved from /opt/airflow/dags/dag_updating.py
[2026-09-17T15:48:10.016+0000] {logging_mixin.py:188} INFO - [2026-09-17T15:48:10.016+0000] {dag.py:3096} INFO - Sync 1 DAGs
[2026-09-17T15:48:10.035+0000] {logging_mixin.py:188} INFO - [2026-09-17T15:48:10.034+0000] {dag.py:3954} INFO - Setting next_dagrun for youtube_data_updating to 2026-09-17 00:00:00+00:00, run_after=2026-09-18 00:00:00+00:00
[2026-09-17T15:48:10.053+0000] {processor.py:183} INFO - Processing /opt/airflow/dags/dag_updating.py took 0.106 seconds
[2026-09-17T15:48:40.246+0000] {processor.py:161} INFO - Started process (PID=2571) to work on /opt/airflow/dags/dag_updating.py
[2026-09-17T15:48:40.251+0000] {processor.py:830} INFO - Processing file /opt/airflow/dags/dag_updating.py for tasks to queue
[2026-09-17T15:48:40.253+0000] {logging_mixin.py:188} INFO - [2026-09-17T15:48:40.252+0000] {dagbag.py:545} INFO - Filling up the DagBag from /opt/airflow/dags/dag_updating.py
[2026-09-17T15:48:40.300+0000] {processor.py:840} INFO - DAG(s) 'youtube_data_updating' retrieved from /opt/airflow/dags/dag_updating.py
[2026-09-17T15:48:40.323+0000] {logging_mixin.py:188} INFO - [2026-09-17T15:48:40.322+0000] {dag.py:3096} INFO - Sync 1 DAGs
[2026-09-17T15:48:40.344+0000] {logging_mixin.py:188} INFO - [2026-09-17T15:48:40.344+0000] {dag.py:3954} INFO - Setting next_dagrun for youtube_data_updating to 2026-09-17 00:00:00+00:00, run_after=2026-09-18 00:00:00+00:00
[2026-09-17T15:48:40.367+0000] {processor.py:183} INFO - Processing /opt/airflow/dags/dag_updating.py took 0.126 seconds
[2026-09-17T15:49:10.634+0000] {processor.py:161} INFO - Started process (PID=2578) to work on /opt/airflow/dags/dag_updating.py
[2026-09-17T15:49:10.638+0000] {processor.py:830} INFO - Processing file /opt/airflow/dags/dag_updating.py for tasks to queue
[2026-09-17T15:49:10.640+0000] {logging_mixin.py:188} INFO - [2026-09-17T15:49:10.639+0000] {dagbag.py:545} INFO - Filling up the DagBag from /opt/airflow/dags/dag_updating.py
[2026-09-17T15:49:10.679+0000] {processor.py:840} INFO - DAG(s) 'youtube_data_updating' retrieved from /opt/airflow/dags/dag_updating.py
[2026-09-17T15:49:10.699+0000] {logging_mixin.py:188} INFO - [2026-09-17T15:49:10.698+0000] {dag.py:3096} INFO - Sync 1 DAGs
[2026-09-17T15:49:10.717+0000] {logging_mixin.py:188} INFO - [2026-09-17T15:49:10.717+0000] {dag.py:3954} INFO - Setting next_dagrun for youtube_data_updating to 2026-09-17 00:00:00+00:00, run_after=2026-09-18 00:00:00+00:00
[2026-09-17T15:49:10.737+0000] {processor.py:183} INFO - Processing /opt/airflow/dags/dag_updating.py took 0.109 seconds
[2026-09-17T15:49:40.860+0000] {processor.py:161} INFO - Started process (PID=2586) to work on /opt/airflow/dags/dag_updating.py
[2026-09-17T15:49:40.862+0000] {processor.py:830} INFO - Processing file /opt/airflow/dags/dag_updating.py for tasks to queue
[2026-09-17T15:49:40.864+0000] {logging_mixin.py:188} INFO - [2026-09-17T15:49:40.864+0000] {dagbag.py:545} INFO - Filling up the DagBag from /opt/airflow/dags/dag_updating.py
[2026-09-17T15:49:40.903+0000] {processor.py:840} INFO - DAG(s) 'youtube_data_updating' retrieved from /opt/airflow/dags/dag_updating.py
[2026-09-17T15:49:40.925+0000] {logging_mixin.py:188} INFO - [2026-09-17T15:49:40.924+0000] {dag.py:3096} INFO - Sync 1 DAGs
[2026-09-17T15:49:40.948+0000] {logging_mixin.py:188} INFO - [2026-09-17T15:49:40.947+0000] {dag.py:3954} INFO - Setting next_dagrun for youtube_data_updating to 2026-09-17 00:00:00+00:00, run_after=2026-09-18 00:00:00+00:00
[2026-09-17T15:49:40.970+0000] {processor.py:183} INFO - Processing /opt/airflow/dags/dag_updating.py took 0.117 seconds
[2026-09-17T15:50:11.280+0000] {processor.py:161} INFO - Started process (PID=2594) to work on /opt/airflow/dags/dag_updating.py
[2026-09-17T15:50:11.283+0000] {processor.py:830} INFO - Processing file /opt/airflow/dags/dag_updating.py for tasks to queue
[2026-09-17T15:50:11.285+0000] {logging_mixin.py:188} INFO - [2026-09-17T15:50:11.285+0000] {dagbag.py:545} INFO - Filling up the DagBag from /opt/airflow/dags/dag_updating.py
[2026-09-17T15:50:11.329+0000] {processor.py:840} INFO - DAG(s) 'youtube_data_updating' retrieved from /opt/airflow/dags/dag_updating.py
[2026-09-17T15:50:11.355+0000] {logging_mixin.py:188} INFO - [2026-09-17T15:50:11.355+0000] {dag.py:3096} INFO - Sync 1 DAGs
[2026-09-17T15:50:11.381+0000] {logging_mixin.py:188} INFO - [2026-09-17T15:50:11.381+0000] {dag.py:3954} INFO - Setting next_dagrun for youtube_data_updating to 2026-09-17 00:00:00+00:00, run_after=2026-09-18 00:00:00+00:00
[2026-09-17T15:50:11.410+0000] {processor.py:183} INFO - Processing /opt/airflow/dags/dag_updating.py took 0.139 seconds
[2026-09-17T15:50:41.552+0000] {processor.py:161} INFO - Started process (PID=2602) to work on /opt/airflow/dags/dag_updating.py
[2026-09-17T15:50:41.555+0000] {processor.py:830} INFO - Processing file /opt/airflow/dags/dag_updating.py for tasks to queue
[2026-09-17T15:50:41.557+0000] {logging_mixin.py:188} INFO - [2026-09-17T15:50:41.557+0000] {dagbag.py:545} INFO - Filling up the DagBag from /opt/airflow/dags/dag_updating.py
[2026-09-17T15:50:41.602+0000] {processor.py:840} INFO - DAG(s) 'youtube_data_updating' retrieved from /opt/airflow/dags/dag_updating.py
[2026-09-17T15:50:41.628+0000] {logging_mixin.py:188} INFO - [2026-09-17T15:50:41.628+0000] {dag.py:3096} INFO - Sync 1 DAGs
[2026-09-17T15:50:41.655+0000] {logging_mixin.py:188} INFO - [2026-09-17T15:50:41.655+0000] {dag.py:3954} INFO - Setting next_dagrun for youtube_data_updating to 2026-09-17 00:00:00+00:00, run_after=2026-09-18 00:00:00+00:00
[2026-09-17T15:50:41.681+0000] {processor.py:183} INFO - Processing /opt/airflow/dags/dag_updating.py took 0.138 seconds
[2026-09-17T15:51:11.975+0000] {processor.py:161} INFO - Started process (PID=2609) to work on /opt/airflow/dags/dag_updating.py
[2026-09-17T15:51:11.980+0000] {processor.py:830} INFO - Processing file /opt/airflow/dags/dag_updating.py for tasks to queue
[2026-09-17T15:51:11.982+0000] {logging_mixin.py:188} INFO - [2026-09-17T15:51:11.981+0000] {dagbag.py:545} INFO - Filling up the DagBag from /opt/airflow/dags/dag_updating.py
[2026-09-17T15:51:12.032+0000] {processor.py:840} INFO - DAG(s) 'youtube_data_updating' retrieved from /opt/airflow/dags/dag_updating.py
[2026-09-17T15:51:12.054+0000] {logging_mixin.py:188} INFO - [2026-09-17T15:51:12.054+0000] {dag.py:3096} INFO - Sync 1 DAGs
[2026-09-17T15:51:12.077+0000] {logging_mixin.py:188} INFO - [2026-09-17T15:51:12.077+0000] {dag.py:3954} INFO - Setting next_dagrun for youtube_data_updating to 2026-09-17 00:00:00+00:00, run_after=2026-09-18 00:00:00+00:00
[2026-09-17T15:51:12.098+0000] {processor.py:183} INFO - Processing /opt/airflow/dags/dag_updating.py took 0.132 seconds
[2026-09-17T15:51:42.168+0000] {processor.py:161} INFO - Started process (PID=2621) to work on /opt/airflow/dags/dag_updating.py
[2026-09-17T15:51:42.174+0000] {processor.py:830} INFO - Processing file /opt/airflow/dags/dag_updating.py for tasks to queue
[2026-09-17T15:51:42.177+0000] {logging_mixin.py:188} INFO - [2026-09-17T15:51:42.176+0000] {dagbag.py:545} INFO - Filling up the DagBag from /opt/airflow/dags/dag_updating.py
[2026-09-17T15:51:42.229+0000] {processor.py:840} INFO - DAG(s) 'youtube_data_updating' retrieved from /opt/airflow/dags/dag_updating.py
[2026-09-17T15:51:42.255+0000] {logging_mixin.py:188} INFO - [2026-09-17T15:51:42.255+0000] {dag.py:3096} INFO - Sync 1 DAGs
[2026-09-17T15:51:42.280+0000] {logging_mixin.py:188} INFO - [2026-09-17T15:51:42.280+0000] {dag.py:3954} INFO - Setting next_dagrun for youtube_data_updating to 2026-09-17 00:00:00+00:00, run_after=2026-09-18 00:00:00+00:00
[2026-09-17T15:51:42.331+0000] {processor.py:183} INFO - Processing /opt/airflow/dags/dag_updating.py took 0.172 seconds
[2026-09-17T15:52:12.470+0000] {processor.py:161} INFO - Started process (PID=2629) to work on /opt/airflow/dags/dag_updating.py
[2026-09-17T15:52:12.475+0000] {processor.py:830} INFO - Processing file /opt/airflow/dags/dag_updating.py for tasks to queue
[2026-09-17T15:52:12.477+0000] {logging_mixin.py:188} INFO - [2026-09-17T15:52:12.476+0000] {dagbag.py:545} INFO - Filling up the DagBag from /opt/airflow/dags/dag_updating.py
[2026-09-17T15:52:12.519+0000] {processor.py:840} INFO - DAG(s) 'youtube_data_updating' retrieved from /opt/airflow/dags/dag_updating.py
[2026-09-17T15:52:12.551+0000] {logging_mixin.py:188} INFO - [2026-09-17T15:52:12.551+0000] {dag.py:3096} INFO - Sync 1 DAGs
[2026-09-17T15:52:12.576+0000] {logging_mixin.py:188} INFO - [2026-09-17T15:52:12.576+0000] {dag.py:3954} INFO - Setting next_dagrun for youtube_data_updating to 2026-09-17 00:00:00+00:00, run_after=2026-09-18 00:00:00+00:00
[2026-09-17T15:52:12.602+0000] {processor.py:183} INFO - Processing /opt/airflow/dags/dag_updating.py took 0.138 seconds
[2026-09-17T15:52:42.962+0000] {processor.py:161} INFO - Started process (PID=2637) to work on /opt/airflow/dags/dag_updating.py
[2026-09-17T15:52:42.964+0000] {processor.py:830} INFO - Processing file /opt/airflow/dags/dag_updating.py for tasks to queue
[2026-09-17T15:52:42.966+0000] {logging_mixin.py:188} INFO - [2026-09-17T15:52:42.966+0000] {dagbag.py:545} INFO - Filling up the DagBag from /opt/airflow/dags/dag_updating.py
[2026-09-17T15:52:43.016+0000] {processor.py:840} INFO - DAG(s) 'youtube_data_updating' retrieved from /opt/airflow/dags/dag_updating.py
[2026-09-17T15:52:43.044+0000] {logging_mixin.py:188} INFO - [2026-09-17T15:52:43.043+0000] {dag.py:3096} INFO - Sync 1 DAGs
[2026-09-17T15:52:43.068+0000] {logging_mixin.py:188} INFO - [2026-09-17T15:52:43.068+0000] {dag.py:3954} INFO - Setting next_dagrun for youtube_data_updating to 2026-09-17 00:00:00+00:00, run_after=2026-09-18 00:00:00+00:00
[2026-09-17T15:52:43.097+0000] {processor.py:183} INFO - Processing /opt/airflow/dags/dag_updating.py took 0.142 seconds
[2026-09-17T15:53:13.421+0000] {processor.py:161} INFO - Started process (PID=2644) to work on /opt/airflow/dags/dag_updating.py
[2026-09-17T15:53:13.424+0000] {processor.py:830} INFO - Processing file /opt/airflow/dags/dag_updating.py for tasks to queue
[2026-09-17T15:53:13.426+0000] {logging_mixin.py:188} INFO - [2026-09-17T15:53:13.426+0000] {dagbag.py:545} INFO - Filling up the DagBag from /opt/airflow/dags/dag_updating.py
[2026-09-17T15:53:13.466+0000] {processor.py:840} INFO - DAG(s) 'youtube_data_updating' retrieved from /opt/airflow/dags/dag_updating.py
[2026-09-17T15:53:13.487+0000] {logging_mixin.py:188} INFO - [2026-09-17T15:53:13.487+0000] {dag.py:3096} INFO - Sync 1 DAGs
[2026-09-17T15:53:13.509+0000] {logging_mixin.py:188} INFO - [2026-09-17T15:53:13.508+0000] {dag.py:3954} INFO - Setting next_dagrun for youtube_data_updating to 2026-09-17 00:00:00+00:00, run_after=2026-09-18 00:00:00+00:00
[2026-09-17T15:53:13.532+0000] {processor.py:183} INFO - Processing /opt/airflow/dags/dag_updating.py took 0.118 seconds
[2026-09-17T15:53:43.837+0000] {processor.py:161} INFO - Started process (PID=2652) to work on /opt/airflow/dags/dag_updating.py
[2026-09-17T15:53:43.839+0000] {processor.py:830} INFO - Processing file /opt/airflow/dags/dag_updating.py for tasks to queue
[2026-09-17T15:53:43.841+0000] {logging_mixin.py:188} INFO - [2026-09-17T15:53:43.840+0000] {dagbag.py:545} INFO - Filling up the DagBag from /opt/airflow/dags/dag_updating.py
[2026-09-17T15:53:43.880+0000] {processor.py:840} INFO - DAG(s) 'youtube_data_updating' retrieved from /opt/airflow/dags/dag_updating.py
[2026-09-17T15:53:43.902+0000] {logging_mixin.py:188} INFO - [2026-09-17T15:53:43.901+0000] {dag.py:3096} INFO - Sync 1 DAGs
[2026-09-17T15:53:43.923+0000] {logging_mixin.py:188} INFO - [2026-09-17T15:53:43.923+0000] {dag.py:3954} INFO - Setting next_dagrun for youtube_data_updating to 2026-09-17 00:00:00+00:00, run_after=2026-09-18 00:00:00+00:00
[2026-09-17T15:53:43.948+0000] {processor.py:183} INFO - Processing /opt/airflow/dags/dag_updating.py took 0.117 seconds
[2026-09-17T15:54:14.135+0000] {processor.py:161} INFO - Started process (PID=2660) to work on /opt/airflow/dags/dag_updating.py
[2026-09-17T15:54:14.138+0000] {processor.py:830} INFO - Processing file /opt/airflow/dags/dag_updating.py for tasks to queue
[2026-09-17T15:54:14.140+0000] {logging_mixin.py:188} INFO - [2026-09-17T15:54:14.139+0000] {dagbag.py:545} INFO - Filling up the DagBag from /opt/airflow/dags/dag_updating.py
[2026-09-17T15:54:14.182+0000] {processor.py:840} INFO - DAG(s) 'youtube_data_updating' retrieved from /opt/airflow/dags/dag_updating.py
[2026-09-17T15:54:14.207+0000] {logging_mixin.py:188} INFO - [2026-09-17T15:54:14.207+0000] {dag.py:3096} INFO - Sync 1 DAGs
[2026-09-17T15:54:14.230+0000] {logging_mixin.py:188} INFO - [2026-09-17T15:54:14.230+0000] {dag.py:3954} INFO - Setting next_dagrun for youtube_data_updating to 2026-09-17 00:00:00+00:00, run_after=2026-09-18 00:00:00+00:00
[2026-09-17T15:54:14.252+0000] {processor.py:183} INFO - Processing /opt/airflow/dags/dag_updating.py took 0.122 seconds
[2026-09-17T15:54:44.596+0000] {processor.py:161} INFO - Started process (PID=2667) to work on /opt/airflow/dags/dag_updating.py
[2026-09-17T15:54:44.599+0000] {processor.py:830} INFO - Processing file /opt/airflow/dags/dag_updating.py for tasks to queue
[2026-09-17T15:54:44.601+0000] {logging_mixin.py:188} INFO - [2026-09-17T15:54:44.600+0000] {dagbag.py:545} INFO - Filling up the DagBag from /opt/airflow/dags/dag_updating.py
[2026-09-17T15:54:44.646+0000] {processor.py:840} INFO - DAG(s) 'youtube_data_updating' retrieved from /opt/airflow/dags/dag_updating.py
[2026-09-17T15:54:44.668+0000] {logging_mixin.py:188} INFO - [2026-09-17T15:54:44.668+0000] {dag.py:3096} INFO - Sync 1 DAGs
[2026-09-17T15:54:44.688+0000] {logging_mixin.py:188} INFO - [2026-09-17T15:54:44.688+0000] {dag.py:3954} INFO - Setting next_dagrun for youtube_data_updating to 2026-09-17 00:00:00+00:00, run_after=2026-09-18 00:00:00+00:00
[2026-09-17T15:54:44.708+0000] {processor.py:183} INFO - Processing /opt/airflow/dags/dag_updating.py took 0.118 seconds
[2026-09-17T15:55:15.005+0000] {processor.py:161} INFO - Started process (PID=2675) to work on /opt/airflow/dags/dag_updating.py
[2026-09-17T15:55:15.007+0000] {processor.py:830} INFO - Processing file /opt/airflow/dags/dag_updating.py for tasks to queue
[2026-09-17T15:55:15.011+0000] {logging_mixin.py:188} INFO - [2026-09-17T15:55:15.009+0000] {dagbag.py:545} INFO - Filling up the DagBag from /opt/airflow/dags/dag_updating.py
[2026-09-17T15:55:15.063+0000] {processor.py:840} INFO - DAG(s) 'youtube_data_updating' retrieved from /opt/airflow/dags/dag_updating.py
[2026-09-17T15:55:15.085+0000] {logging_mixin.py:188} INFO - [2026-09-17T15:55:15.085+0000] {dag.py:3096} INFO - Sync 1 DAGs
[2026-09-17T15:55:15.108+0000] {logging_mixin.py:188} INFO - [2026-09-17T15:55:15.108+0000] {dag.py:3954} INFO - Setting next_dagrun for youtube_data_updating to 2026-09-17 00:00:00+00:00, run_after=2026-09-18 00:00:00+00:00
[2026-09-17T15:55:15.132+0000] {processor.py:183} INFO - Processing /opt/airflow/dags/dag_updating.py took 0.134 seconds
[2026-09-17T15:55:45.430+0000] {processor.py:161} INFO - Started process (PID=2683) to work on /opt/airflow/dags/dag_updating.py
[2026-09-17T15:55:45.434+0000] {processor.py:830} INFO - Processing file /opt/airflow/dags/dag_updating.py for tasks to queue
[2026-09-17T15:55:45.436+0000] {logging_mixin.py:188} INFO - [2026-09-17T15:55:45.435+0000] {dagbag.py:545} INFO - Filling up the DagBag from /opt/airflow/dags/dag_updating.py
[2026-09-17T15:55:45.486+0000] {processor.py:840} INFO - DAG(s) 'youtube_data_updating' retrieved from /opt/airflow/dags/dag_updating.py
[2026-09-17T15:55:45.513+0000] {logging_mixin.py:188} INFO - [2026-09-17T15:55:45.512+0000] {dag.py:3096} INFO - Sync 1 DAGs
[2026-09-17T15:55:45.543+0000] {logging_mixin.py:188} INFO - [2026-09-17T15:55:45.543+0000] {dag.py:3954} INFO - Setting next_dagrun for youtube_data_updating to 2026-09-17 00:00:00+00:00, run_after=2026-09-18 00:00:00+00:00
[2026-09-17T15:55:45.572+0000] {processor.py:183} INFO - Processing /opt/airflow/dags/dag_updating.py took 0.148 seconds
[2026-09-17T15:56:15.692+0000] {processor.py:161} INFO - Started process (PID=2691) to work on /opt/airflow/dags/dag_updating.py
[2026-09-17T15:56:15.694+0000] {processor.py:830} INFO - Processing file /opt/airflow/dags/dag_updating.py for tasks to queue
[2026-09-17T15:56:15.696+0000] {logging_mixin.py:188} INFO - [2026-09-17T15:56:15.696+0000] {dagbag.py:545} INFO - Filling up the DagBag from /opt/airflow/dags/dag_updating.py
[2026-09-17T15:56:15.735+0000] {processor.py:840} INFO - DAG(s) 'youtube_data_updating' retrieved from /opt/airflow/dags/dag_updating.py
[2026-09-17T15:56:15.757+0000] {logging_mixin.py:188} INFO - [2026-09-17T15:56:15.756+0000] {dag.py:3096} INFO - Sync 1 DAGs
[2026-09-17T15:56:15.776+0000] {logging_mixin.py:188} INFO - [2026-09-17T15:56:15.776+0000] {dag.py:3954} INFO - Setting next_dagrun for youtube_data_updating to 2026-09-17 00:00:00+00:00, run_after=2026-09-18 00:00:00+00:00
[2026-09-17T15:56:15.796+0000] {processor.py:183} INFO - Processing /opt/airflow/dags/dag_updating.py took 0.109 seconds
[2026-09-17T15:56:46.128+0000] {processor.py:161} INFO - Started process (PID=2699) to work on /opt/airflow/dags/dag_updating.py
[2026-09-17T15:56:46.131+0000] {processor.py:830} INFO - Processing file /opt/airflow/dags/dag_updating.py for tasks to queue
[2026-09-17T15:56:46.133+0000] {logging_mixin.py:188} INFO - [2026-09-17T15:56:46.133+0000] {dagbag.py:545} INFO - Filling up the DagBag from /opt/airflow/dags/dag_updating.py
[2026-09-17T15:56:46.178+0000] {processor.py:840} INFO - DAG(s) 'youtube_data_updating' retrieved from /opt/airflow/dags/dag_updating.py
[2026-09-17T15:56:46.197+0000] {logging_mixin.py:188} INFO - [2026-09-17T15:56:46.197+0000] {dag.py:3096} INFO - Sync 1 DAGs
[2026-09-17T15:56:46.218+0000] {logging_mixin.py:188} INFO - [2026-09-17T15:56:46.218+0000] {dag.py:3954} INFO - Setting next_dagrun for youtube_data_updating to 2026-09-17 00:00:00+00:00, run_after=2026-09-18 00:00:00+00:00
[2026-09-17T15:56:46.239+0000] {processor.py:183} INFO - Processing /opt/airflow/dags/dag_updating.py took 0.118 seconds
[2026-09-17T15:57:16.534+0000] {processor.py:161} INFO - Started process (PID=2713) to work on /opt/airflow/dags/dag_updating.py
[2026-09-17T15:57:16.538+0000] {processor.py:830} INFO - Processing file /opt/airflow/dags/dag_updating.py for tasks to queue
[2026-09-17T15:57:16.540+0000] {logging_mixin.py:188} INFO - [2026-09-17T15:57:16.540+0000] {dagbag.py:545} INFO - Filling up the DagBag from /opt/airflow/dags/dag_updating.py
[2026-09-17T15:57:16.584+0000] {processor.py:840} INFO - DAG(s) 'youtube_data_updating' retrieved from /opt/airflow/dags/dag_updating.py
[2026-09-17T15:57:16.605+0000] {logging_mixin.py:188} INFO - [2026-09-17T15:57:16.605+0000] {dag.py:3096} INFO - Sync 1 DAGs
[2026-09-17T15:57:16.626+0000] {logging_mixin.py:188} INFO - [2026-09-17T15:57:16.626+0000] {dag.py:3954} INFO - Setting next_dagrun for youtube_data_updating to 2026-09-17 00:00:00+00:00, run_after=2026-09-18 00:00:00+00:00
[2026-09-17T15:57:16.652+0000] {processor.py:183} INFO - Processing /opt/airflow/dags/dag_updating.py took 0.124 seconds
[2026-09-17T15:57:46.893+0000] {processor.py:161} INFO - Started process (PID=2721) to work on /opt/airflow/dags/dag_updating.py
[2026-09-17T15:57:46.897+0000] {processor.py:830} INFO - Processing file /opt/airflow/dags/dag_updating.py for tasks to queue
[2026-09-17T15:57:46.899+0000] {logging_mixin.py:188} INFO - [2026-09-17T15:57:46.898+0000] {dagbag.py:545} INFO - Filling up the DagBag from /opt/airflow/dags/dag_updating.py
[2026-09-17T15:57:46.942+0000] {processor.py:840} INFO - DAG(s) 'youtube_data_updating' retrieved from /opt/airflow/dags/dag_updating.py
[2026-09-17T15:57:46.963+0000] {logging_mixin.py:188} INFO - [2026-09-17T15:57:46.963+0000] {dag.py:3096} INFO - Sync 1 DAGs
[2026-09-17T15:57:46.988+0000] {logging_mixin.py:188} INFO - [2026-09-17T15:57:46.988+0000] {dag.py:3954} INFO - Setting next_dagrun for youtube_data_updating to 2026-09-17 00:00:00+00:00, run_after=2026-09-18 00:00:00+00:00
[2026-09-17T15:57:47.015+0000] {processor.py:183} INFO - Processing /opt/airflow/dags/dag_updating.py took 0.127 seconds
[2026-09-17T15:58:17.202+0000] {processor.py:161} INFO - Started process (PID=2730) to work on /opt/airflow/dags/dag_updating.py
[2026-09-17T15:58:17.204+0000] {processor.py:830} INFO - Processing file /opt/airflow/dags/dag_updating.py for tasks to queue
[2026-09-17T15:58:17.207+0000] {logging_mixin.py:188} INFO - [2026-09-17T15:58:17.207+0000] {dagbag.py:545} INFO - Filling up the DagBag from /opt/airflow/dags/dag_updating.py
[2026-09-17T15:58:17.254+0000] {processor.py:840} INFO - DAG(s) 'youtube_data_updating' retrieved from /opt/airflow/dags/dag_updating.py
[2026-09-17T15:58:17.279+0000] {logging_mixin.py:188} INFO - [2026-09-17T15:58:17.279+0000] {dag.py:3096} INFO - Sync 1 DAGs
[2026-09-17T15:58:17.303+0000] {logging_mixin.py:188} INFO - [2026-09-17T15:58:17.303+0000] {dag.py:3954} INFO - Setting next_dagrun for youtube_data_updating to 2026-09-17 00:00:00+00:00, run_after=2026-09-18 00:00:00+00:00
[2026-09-17T15:58:17.328+0000] {processor.py:183} INFO - Processing /opt/airflow/dags/dag_updating.py took 0.133 seconds
[2026-09-17T15:58:47.684+0000] {processor.py:161} INFO - Started process (PID=2737) to work on /opt/airflow/dags/dag_updating.py
[2026-09-17T15:58:47.686+0000] {processor.py:830} INFO - Processing file /opt/airflow/dags/dag_updating.py for tasks to queue
[2026-09-17T15:58:47.688+0000] {logging_mixin.py:188} INFO - [2026-09-17T15:58:47.688+0000] {dagbag.py:545} INFO - Filling up the DagBag from /opt/airflow/dags/dag_updating.py
[2026-09-17T15:58:47.739+0000] {processor.py:840} INFO - DAG(s) 'youtube_data_updating' retrieved from /opt/airflow/dags/dag_updating.py
[2026-09-17T15:58:47.764+0000] {logging_mixin.py:188} INFO - [2026-09-17T15:58:47.763+0000] {dag.py:3096} INFO - Sync 1 DAGs
[2026-09-17T15:58:47.784+0000] {logging_mixin.py:188} INFO - [2026-09-17T15:58:47.784+0000] {dag.py:3954} INFO - Setting next_dagrun for youtube_data_updating to 2026-09-17 00:00:00+00:00, run_after=2026-09-18 00:00:00+00:00
[2026-09-17T15:58:47.806+0000] {processor.py:183} INFO - Processing /opt/airflow/dags/dag_updating.py took 0.130 seconds
[2026-09-17T15:59:18.107+0000] {processor.py:161} INFO - Started process (PID=2745) to work on /opt/airflow/dags/dag_updating.py
[2026-09-17T15:59:18.109+0000] {processor.py:830} INFO - Processing file /opt/airflow/dags/dag_updating.py for tasks to queue
[2026-09-17T15:59:18.111+0000] {logging_mixin.py:188} INFO - [2026-09-17T15:59:18.111+0000] {dagbag.py:545} INFO - Filling up the DagBag from /opt/airflow/dags/dag_updating.py
[2026-09-17T15:59:18.159+0000] {processor.py:840} INFO - DAG(s) 'youtube_data_updating' retrieved from /opt/airflow/dags/dag_updating.py
[2026-09-17T15:59:18.181+0000] {logging_mixin.py:188} INFO - [2026-09-17T15:59:18.181+0000] {dag.py:3096} INFO - Sync 1 DAGs
[2026-09-17T15:59:18.207+0000] {logging_mixin.py:188} INFO - [2026-09-17T15:59:18.207+0000] {dag.py:3954} INFO - Setting next_dagrun for youtube_data_updating to 2026-09-17 00:00:00+00:00, run_after=2026-09-18 00:00:00+00:00
[2026-09-17T15:59:18.231+0000] {processor.py:183} INFO - Processing /opt/airflow/dags/dag_updating.py took 0.132 seconds
[2026-09-17T15:59:48.400+0000] {processor.py:161} INFO - Started process (PID=2753) to work on /opt/airflow/dags/dag_updating.py
[2026-09-17T15:59:48.402+0000] {processor.py:830} INFO - Processing file /opt/airflow/dags/dag_updating.py for tasks to queue
[2026-09-17T15:59:48.404+0000] {logging_mixin.py:188} INFO - [2026-09-17T15:59:48.403+0000] {dagbag.py:545} INFO - Filling up the DagBag from /opt/airflow/dags/dag_updating.py
[2026-09-17T15:59:48.447+0000] {processor.py:840} INFO - DAG(s) 'youtube_data_updating' retrieved from /opt/airflow/dags/dag_updating.py
[2026-09-17T15:59:48.467+0000] {logging_mixin.py:188} INFO - [2026-09-17T15:59:48.467+0000] {dag.py:3096} INFO - Sync 1 DAGs
[2026-09-17T15:59:48.488+0000] {logging_mixin.py:188} INFO - [2026-09-17T15:59:48.488+0000] {dag.py:3954} INFO - Setting next_dagrun for youtube_data_updating to 2026-09-17 00:00:00+00:00, run_after=2026-09-18 00:00:00+00:00
[2026-09-17T15:59:48.511+0000] {processor.py:183} INFO - Processing /opt/airflow/dags/dag_updating.py took 0.118 seconds
[2026-09-17T16:00:18.756+0000] {processor.py:161} INFO - Started process (PID=2761) to work on /opt/airflow/dags/dag_updating.py
[2026-09-17T16:00:18.758+0000] {processor.py:830} INFO - Processing file /opt/airflow/dags/dag_updating.py for tasks to queue
[2026-09-17T16:00:18.761+0000] {logging_mixin.py:188} INFO - [2026-09-17T16:00:18.761+0000] {dagbag.py:545} INFO - Filling up the DagBag from /opt/airflow/dags/dag_updating.py
[2026-09-17T16:00:18.813+0000] {processor.py:840} INFO - DAG(s) 'youtube_data_updating' retrieved from /opt/airflow/dags/dag_updating.py
[2026-09-17T16:00:18.838+0000] {logging_mixin.py:188} INFO - [2026-09-17T16:00:18.838+0000] {dag.py:3096} INFO - Sync 1 DAGs
[2026-09-17T16:00:18.860+0000] {logging_mixin.py:188} INFO - [2026-09-17T16:00:18.860+0000] {dag.py:3954} INFO - Setting next_dagrun for youtube_data_updating to 2026-09-17 00:00:00+00:00, run_after=2026-09-18 00:00:00+00:00
[2026-09-17T16:00:18.883+0000] {processor.py:183} INFO - Processing /opt/airflow/dags/dag_updating.py took 0.136 seconds
[2026-09-17T16:00:49.201+0000] {processor.py:161} INFO - Started process (PID=2768) to work on /opt/airflow/dags/dag_updating.py
[2026-09-17T16:00:49.203+0000] {processor.py:830} INFO - Processing file /opt/airflow/dags/dag_updating.py for tasks to queue
[2026-09-17T16:00:49.205+0000] {logging_mixin.py:188} INFO - [2026-09-17T16:00:49.205+0000] {dagbag.py:545} INFO - Filling up the DagBag from /opt/airflow/dags/dag_updating.py
[2026-09-17T16:00:49.242+0000] {processor.py:840} INFO - DAG(s) 'youtube_data_updating' retrieved from /opt/airflow/dags/dag_updating.py
[2026-09-17T16:00:49.265+0000] {logging_mixin.py:188} INFO - [2026-09-17T16:00:49.264+0000] {dag.py:3096} INFO - Sync 1 DAGs
[2026-09-17T16:00:49.285+0000] {logging_mixin.py:188} INFO - [2026-09-17T16:00:49.285+0000] {dag.py:3954} INFO - Setting next_dagrun for youtube_data_updating to 2026-09-17 00:00:00+00:00, run_after=2026-09-18 00:00:00+00:00
[2026-09-17T16:00:49.307+0000] {processor.py:183} INFO - Processing /opt/airflow/dags/dag_updating.py took 0.112 seconds
[2026-09-17T16:01:19.606+0000] {processor.py:161} INFO - Started process (PID=2776) to work on /opt/airflow/dags/dag_updating.py
[2026-09-17T16:01:19.608+0000] {processor.py:830} INFO - Processing file /opt/airflow/dags/dag_updating.py for tasks to queue
[2026-09-17T16:01:19.610+0000] {logging_mixin.py:188} INFO - [2026-09-17T16:01:19.610+0000] {dagbag.py:545} INFO - Filling up the DagBag from /opt/airflow/dags/dag_updating.py
[2026-09-17T16:01:19.649+0000] {processor.py:840} INFO - DAG(s) 'youtube_data_updating' retrieved from /opt/airflow/dags/dag_updating.py
[2026-09-17T16:01:19.670+0000] {logging_mixin.py:188} INFO - [2026-09-17T16:01:19.670+0000] {dag.py:3096} INFO - Sync 1 DAGs
[2026-09-17T16:01:19.688+0000] {logging_mixin.py:188} INFO - [2026-09-17T16:01:19.688+0000] {dag.py:3954} INFO - Setting next_dagrun for youtube_data_updating to 2026-09-17 00:00:00+00:00, run_after=2026-09-18 00:00:00+00:00
[2026-09-17T16:01:19.708+0000] {processor.py:183} INFO - Processing /opt/airflow/dags/dag_updating.py took 0.108 seconds
[2026-09-17T16:01:49.923+0000] {processor.py:161} INFO - Started process (PID=2784) to work on /opt/airflow/dags/dag_updating.py
[2026-09-17T16:01:49.926+0000] {processor.py:830} INFO - Processing file /opt/airflow/dags/dag_updating.py for tasks to queue
[2026-09-17T16:01:49.928+0000] {logging_mixin.py:188} INFO - [2026-09-17T16:01:49.928+0000] {dagbag.py:545} INFO - Filling up the DagBag from /opt/airflow/dags/dag_updating.py
[2026-09-17T16:01:49.966+0000] {processor.py:840} INFO - DAG(s) 'youtube_data_updating' retrieved from /opt/airflow/dags/dag_updating.py
[2026-09-17T16:01:49.986+0000] {logging_mixin.py:188} INFO - [2026-09-17T16:01:49.986+0000] {dag.py:3096} INFO - Sync 1 DAGs
[2026-09-17T16:01:50.004+0000] {logging_mixin.py:188} INFO - [2026-09-17T16:01:50.004+0000] {dag.py:3954} INFO - Setting next_dagrun for youtube_data_updating to 2026-09-17 00:00:00+00:00, run_after=2026-09-18 00:00:00+00:00
[2026-09-17T16:01:50.026+0000] {processor.py:183} INFO - Processing /opt/airflow/dags/dag_updating.py took 0.109 seconds
[2026-09-17T16:02:20.403+0000] {processor.py:161} INFO - Started process (PID=2795) to work on /opt/airflow/dags/dag_updating.py
[2026-09-17T16:02:20.405+0000] {processor.py:830} INFO - Processing file /opt/airflow/dags/dag_updating.py for tasks to queue
[2026-09-17T16:02:20.407+0000] {logging_mixin.py:188} INFO - [2026-09-17T16:02:20.407+0000] {dagbag.py:545} INFO - Filling up the DagBag from /opt/airflow/dags/dag_updating.py
[2026-09-17T16:02:20.445+0000] {processor.py:840} INFO - DAG(s) 'youtube_data_updating' retrieved from /opt/airflow/dags/dag_updating.py
[2026-09-17T16:02:20.463+0000] {logging_mixin.py:188} INFO - [2026-09-17T16:02:20.463+0000] {dag.py:3096} INFO - Sync 1 DAGs
[2026-09-17T16:02:20.482+0000] {logging_mixin.py:188} INFO - [2026-09-17T16:02:20.482+0000] {dag.py:3954} INFO - Setting next_dagrun for youtube_data_updating to 2026-09-17 00:00:00+00:00, run_after=2026-09-18 00:00:00+00:00
[2026-09-17T16:02:20.502+0000] {processor.py:183} INFO - Processing /opt/airflow/dags/dag_updating.py took 0.105 seconds
[2026-09-17T16:02:50.833+0000] {processor.py:161} INFO - Started process (PID=2803) to work on /opt/airflow/dags/dag_updating.py
[2026-09-17T16:02:50.836+0000] {processor.py:830} INFO - Processing file /opt/airflow/dags/dag_updating.py for tasks to queue
[2026-09-17T16:02:50.838+0000] {logging_mixin.py:188} INFO - [2026-09-17T16:02:50.837+0000] {dagbag.py:545} INFO - Filling up the DagBag from /opt/airflow/dags/dag_updating.py
[2026-09-17T16:02:50.878+0000] {processor.py:840} INFO - DAG(s) 'youtube_data_updating' retrieved from /opt/airflow/dags/dag_updating.py
[2026-09-17T16:02:50.904+0000] {logging_mixin.py:188} INFO - [2026-09-17T16:02:50.904+0000] {dag.py:3096} INFO - Sync 1 DAGs
[2026-09-17T16:02:50.926+0000] {logging_mixin.py:188} INFO - [2026-09-17T16:02:50.926+0000] {dag.py:3954} INFO - Setting next_dagrun for youtube_data_updating to 2026-09-17 00:00:00+00:00, run_after=2026-09-18 00:00:00+00:00
[2026-09-17T16:02:50.948+0000] {processor.py:183} INFO - Processing /opt/airflow/dags/dag_updating.py took 0.122 seconds
[2026-09-17T16:03:21.248+0000] {processor.py:161} INFO - Started process (PID=2811) to work on /opt/airflow/dags/dag_updating.py
[2026-09-17T16:03:21.249+0000] {processor.py:830} INFO - Processing file /opt/airflow/dags/dag_updating.py for tasks to queue
[2026-09-17T16:03:21.251+0000] {logging_mixin.py:188} INFO - [2026-09-17T16:03:21.251+0000] {dagbag.py:545} INFO - Filling up the DagBag from /opt/airflow/dags/dag_updating.py
[2026-09-17T16:03:21.295+0000] {processor.py:840} INFO - DAG(s) 'youtube_data_updating' retrieved from /opt/airflow/dags/dag_updating.py
[2026-09-17T16:03:21.319+0000] {logging_mixin.py:188} INFO - [2026-09-17T16:03:21.319+0000] {dag.py:3096} INFO - Sync 1 DAGs
[2026-09-17T16:03:21.343+0000] {logging_mixin.py:188} INFO - [2026-09-17T16:03:21.343+0000] {dag.py:3954} INFO - Setting next_dagrun for youtube_data_updating to 2026-09-17 00:00:00+00:00, run_after=2026-09-18 00:00:00+00:00
[2026-09-17T16:03:21.364+0000] {processor.py:183} INFO - Processing /opt/airflow/dags/dag_updating.py took 0.122 seconds
[2026-09-17T16:03:51.647+0000] {processor.py:161} INFO - Started process (PID=2825) to work on /opt/airflow/dags/dag_updating.py
[2026-09-17T16:03:51.651+0000] {processor.py:830} INFO - Processing file /opt/airflow/dags/dag_updating.py for tasks to queue
[2026-09-17T16:03:51.655+0000] {logging_mixin.py:188} INFO - [2026-09-17T16:03:51.655+0000] {dagbag.py:545} INFO - Filling up the DagBag from /opt/airflow/dags/dag_updating.py
[2026-09-17T16:03:51.763+0000] {processor.py:840} INFO - DAG(s) 'youtube_data_updating' retrieved from /opt/airflow/dags/dag_updating.py
[2026-09-17T16:03:51.818+0000] {logging_mixin.py:188} INFO - [2026-09-17T16:03:51.818+0000] {dag.py:3096} INFO - Sync 1 DAGs
[2026-09-17T16:03:51.880+0000] {logging_mixin.py:188} INFO - [2026-09-17T16:03:51.879+0000] {dag.py:3954} INFO - Setting next_dagrun for youtube_data_updating to 2026-09-17 00:00:00+00:00, run_after=2026-09-18 00:00:00+00:00
[2026-09-17T16:03:51.928+0000] {processor.py:183} INFO - Processing /opt/airflow/dags/dag_updating.py took 0.292 seconds
[2026-09-17T16:04:22.413+0000] {processor.py:161} INFO - Started process (PID=2832) to work on /opt/airflow/dags/dag_updating.py
[2026-09-17T16:04:22.421+0000] {processor.py:830} INFO - Processing file /opt/airflow/dags/dag_updating.py for tasks to queue
[2026-09-17T16:04:22.423+0000] {logging_mixin.py:188} INFO - [2026-09-17T16:04:22.423+0000] {dagbag.py:545} INFO - Filling up the DagBag from /opt/airflow/dags/dag_updating.py
[2026-09-17T16:04:22.526+0000] {processor.py:840} INFO - DAG(s) 'youtube_data_updating' retrieved from /opt/airflow/dags/dag_updating.py
[2026-09-17T16:04:22.576+0000] {logging_mixin.py:188} INFO - [2026-09-17T16:04:22.575+0000] {dag.py:3096} INFO - Sync 1 DAGs
[2026-09-17T16:04:22.602+0000] {logging_mixin.py:188} INFO - [2026-09-17T16:04:22.602+0000] {dag.py:3954} INFO - Setting next_dagrun for youtube_data_updating to 2026-09-17 00:00:00+00:00, run_after=2026-09-18 00:00:00+00:00
[2026-09-17T16:04:22.636+0000] {processor.py:183} INFO - Processing /opt/airflow/dags/dag_updating.py took 0.241 seconds
[2026-09-17T16:04:52.785+0000] {processor.py:161} INFO - Started process (PID=2840) to work on /opt/airflow/dags/dag_updating.py
[2026-09-17T16:04:52.790+0000] {processor.py:830} INFO - Processing file /opt/airflow/dags/dag_updating.py for tasks to queue
[2026-09-17T16:04:52.793+0000] {logging_mixin.py:188} INFO - [2026-09-17T16:04:52.793+0000] {dagbag.py:545} INFO - Filling up the DagBag from /opt/airflow/dags/dag_updating.py
[2026-09-17T16:04:52.855+0000] {processor.py:840} INFO - DAG(s) 'youtube_data_updating' retrieved from /opt/airflow/dags/dag_updating.py
[2026-09-17T16:04:52.885+0000] {logging_mixin.py:188} INFO - [2026-09-17T16:04:52.885+0000] {dag.py:3096} INFO - Sync 1 DAGs
[2026-09-17T16:04:52.912+0000] {logging_mixin.py:188} INFO - [2026-09-17T16:04:52.912+0000] {dag.py:3954} INFO - Setting next_dagrun for youtube_data_updating to 2026-09-17 00:00:00+00:00, run_after=2026-09-18 00:00:00+00:00
[2026-09-17T16:04:52.943+0000] {processor.py:183} INFO - Processing /opt/airflow/dags/dag_updating.py took 0.169 seconds
[2026-09-17T16:05:23.352+0000] {processor.py:161} INFO - Started process (PID=2848) to work on /opt/airflow/dags/dag_updating.py
[2026-09-17T16:05:23.357+0000] {processor.py:830} INFO - Processing file /opt/airflow/dags/dag_updating.py for tasks to queue
[2026-09-17T16:05:23.360+0000] {logging_mixin.py:188} INFO - [2026-09-17T16:05:23.360+0000] {dagbag.py:545} INFO - Filling up the DagBag from /opt/airflow/dags/dag_updating.py
[2026-09-17T16:05:23.469+0000] {processor.py:840} INFO - DAG(s) 'youtube_data_updating' retrieved from /opt/airflow/dags/dag_updating.py
[2026-09-17T16:05:23.523+0000] {logging_mixin.py:188} INFO - [2026-09-17T16:05:23.523+0000] {dag.py:3096} INFO - Sync 1 DAGs
[2026-09-17T16:05:23.571+0000] {logging_mixin.py:188} INFO - [2026-09-17T16:05:23.570+0000] {dag.py:3954} INFO - Setting next_dagrun for youtube_data_updating to 2026-09-17 00:00:00+00:00, run_after=2026-09-18 00:00:00+00:00
[2026-09-17T16:05:23.620+0000] {processor.py:183} INFO - Processing /opt/airflow/dags/dag_updating.py took 0.277 seconds
[2026-09-17T16:06:47.325+0000] {processor.py:161} INFO - Started process (PID=62) to work on /opt/airflow/dags/dag_updating.py
[2026-09-17T16:06:47.329+0000] {processor.py:830} INFO - Processing file /opt/airflow/dags/dag_updating.py for tasks to queue
[2026-09-17T16:06:47.340+0000] {logging_mixin.py:188} INFO - [2026-09-17T16:06:47.340+0000] {dagbag.py:545} INFO - Filling up the DagBag from /opt/airflow/dags/dag_updating.py
[2026-09-17T16:06:47.638+0000] {processor.py:840} INFO - DAG(s) 'youtube_data_updating' retrieved from /opt/airflow/dags/dag_updating.py
[2026-09-17T16:06:48.057+0000] {logging_mixin.py:188} INFO - [2026-09-17T16:06:48.054+0000] {dag.py:3096} INFO - Sync 1 DAGs
[2026-09-17T16:06:48.120+0000] {logging_mixin.py:188} INFO - [2026-09-17T16:06:48.120+0000] {dag.py:3954} INFO - Setting next_dagrun for youtube_data_updating to 2026-09-17 00:00:00+00:00, run_after=2026-09-18 00:00:00+00:00
[2026-09-17T16:06:48.182+0000] {processor.py:183} INFO - Processing /opt/airflow/dags/dag_updating.py took 0.876 seconds
[2026-09-17T16:07:18.296+0000] {processor.py:161} INFO - Started process (PID=69) to work on /opt/airflow/dags/dag_updating.py
[2026-09-17T16:07:18.300+0000] {processor.py:830} INFO - Processing file /opt/airflow/dags/dag_updating.py for tasks to queue
[2026-09-17T16:07:18.304+0000] {logging_mixin.py:188} INFO - [2026-09-17T16:07:18.303+0000] {dagbag.py:545} INFO - Filling up the DagBag from /opt/airflow/dags/dag_updating.py
[2026-09-17T16:07:18.385+0000] {processor.py:840} INFO - DAG(s) 'youtube_data_updating' retrieved from /opt/airflow/dags/dag_updating.py
[2026-09-17T16:07:18.412+0000] {logging_mixin.py:188} INFO - [2026-09-17T16:07:18.412+0000] {dag.py:3096} INFO - Sync 1 DAGs
[2026-09-17T16:07:18.437+0000] {logging_mixin.py:188} INFO - [2026-09-17T16:07:18.437+0000] {dag.py:3954} INFO - Setting next_dagrun for youtube_data_updating to 2026-09-17 00:00:00+00:00, run_after=2026-09-18 00:00:00+00:00
[2026-09-17T16:07:18.464+0000] {processor.py:183} INFO - Processing /opt/airflow/dags/dag_updating.py took 0.183 seconds
[2026-09-17T16:07:48.923+0000] {processor.py:161} INFO - Started process (PID=77) to work on /opt/airflow/dags/dag_updating.py
[2026-09-17T16:07:48.930+0000] {processor.py:830} INFO - Processing file /opt/airflow/dags/dag_updating.py for tasks to queue
[2026-09-17T16:07:48.937+0000] {logging_mixin.py:188} INFO - [2026-09-17T16:07:48.936+0000] {dagbag.py:545} INFO - Filling up the DagBag from /opt/airflow/dags/dag_updating.py
[2026-09-17T16:07:49.074+0000] {processor.py:840} INFO - DAG(s) 'youtube_data_updating' retrieved from /opt/airflow/dags/dag_updating.py
[2026-09-17T16:07:49.125+0000] {logging_mixin.py:188} INFO - [2026-09-17T16:07:49.124+0000] {dag.py:3096} INFO - Sync 1 DAGs
[2026-09-17T16:07:49.169+0000] {logging_mixin.py:188} INFO - [2026-09-17T16:07:49.168+0000] {dag.py:3954} INFO - Setting next_dagrun for youtube_data_updating to 2026-09-17 00:00:00+00:00, run_after=2026-09-18 00:00:00+00:00
[2026-09-17T16:07:49.212+0000] {processor.py:183} INFO - Processing /opt/airflow/dags/dag_updating.py took 0.304 seconds
[2026-09-17T16:08:19.352+0000] {processor.py:161} INFO - Started process (PID=91) to work on /opt/airflow/dags/dag_updating.py
[2026-09-17T16:08:19.361+0000] {processor.py:830} INFO - Processing file /opt/airflow/dags/dag_updating.py for tasks to queue
[2026-09-17T16:08:19.370+0000] {logging_mixin.py:188} INFO - [2026-09-17T16:08:19.369+0000] {dagbag.py:545} INFO - Filling up the DagBag from /opt/airflow/dags/dag_updating.py
[2026-09-17T16:08:19.502+0000] {processor.py:840} INFO - DAG(s) 'youtube_data_updating' retrieved from /opt/airflow/dags/dag_updating.py
[2026-09-17T16:08:19.573+0000] {logging_mixin.py:188} INFO - [2026-09-17T16:08:19.569+0000] {dag.py:3096} INFO - Sync 1 DAGs
[2026-09-17T16:08:19.622+0000] {logging_mixin.py:188} INFO - [2026-09-17T16:08:19.622+0000] {dag.py:3954} INFO - Setting next_dagrun for youtube_data_updating to 2026-09-17 00:00:00+00:00, run_after=2026-09-18 00:00:00+00:00
[2026-09-17T16:08:19.667+0000] {processor.py:183} INFO - Processing /opt/airflow/dags/dag_updating.py took 0.355 seconds
[2026-09-17T16:08:50.044+0000] {processor.py:161} INFO - Started process (PID=98) to work on /opt/airflow/dags/dag_updating.py
[2026-09-17T16:08:50.053+0000] {processor.py:830} INFO - Processing file /opt/airflow/dags/dag_updating.py for tasks to queue
[2026-09-17T16:08:50.065+0000] {logging_mixin.py:188} INFO - [2026-09-17T16:08:50.063+0000] {dagbag.py:545} INFO - Filling up the DagBag from /opt/airflow/dags/dag_updating.py
[2026-09-17T16:08:50.189+0000] {processor.py:840} INFO - DAG(s) 'youtube_data_updating' retrieved from /opt/airflow/dags/dag_updating.py
[2026-09-17T16:08:50.225+0000] {logging_mixin.py:188} INFO - [2026-09-17T16:08:50.225+0000] {dag.py:3096} INFO - Sync 1 DAGs
[2026-09-17T16:08:50.277+0000] {logging_mixin.py:188} INFO - [2026-09-17T16:08:50.277+0000] {dag.py:3954} INFO - Setting next_dagrun for youtube_data_updating to 2026-09-17 00:00:00+00:00, run_after=2026-09-18 00:00:00+00:00
[2026-09-17T16:08:50.322+0000] {processor.py:183} INFO - Processing /opt/airflow/dags/dag_updating.py took 0.301 seconds
[2026-09-17T16:09:20.844+0000] {processor.py:161} INFO - Started process (PID=106) to work on /opt/airflow/dags/dag_updating.py
[2026-09-17T16:09:20.850+0000] {processor.py:830} INFO - Processing file /opt/airflow/dags/dag_updating.py for tasks to queue
[2026-09-17T16:09:20.860+0000] {logging_mixin.py:188} INFO - [2026-09-17T16:09:20.859+0000] {dagbag.py:545} INFO - Filling up the DagBag from /opt/airflow/dags/dag_updating.py
[2026-09-17T16:09:21.027+0000] {processor.py:840} INFO - DAG(s) 'youtube_data_updating' retrieved from /opt/airflow/dags/dag_updating.py
[2026-09-17T16:09:21.083+0000] {logging_mixin.py:188} INFO - [2026-09-17T16:09:21.083+0000] {dag.py:3096} INFO - Sync 1 DAGs
[2026-09-17T16:09:21.145+0000] {logging_mixin.py:188} INFO - [2026-09-17T16:09:21.145+0000] {dag.py:3954} INFO - Setting next_dagrun for youtube_data_updating to 2026-09-17 00:00:00+00:00, run_after=2026-09-18 00:00:00+00:00
[2026-09-17T16:09:21.181+0000] {processor.py:183} INFO - Processing /opt/airflow/dags/dag_updating.py took 0.357 seconds
[2026-09-17T16:09:51.279+0000] {processor.py:161} INFO - Started process (PID=114) to work on /opt/airflow/dags/dag_updating.py
[2026-09-17T16:09:51.285+0000] {processor.py:830} INFO - Processing file /opt/airflow/dags/dag_updating.py for tasks to queue
[2026-09-17T16:09:51.291+0000] {logging_mixin.py:188} INFO - [2026-09-17T16:09:51.290+0000] {dagbag.py:545} INFO - Filling up the DagBag from /opt/airflow/dags/dag_updating.py
[2026-09-17T16:09:51.419+0000] {processor.py:840} INFO - DAG(s) 'youtube_data_updating' retrieved from /opt/airflow/dags/dag_updating.py
[2026-09-17T16:09:51.458+0000] {logging_mixin.py:188} INFO - [2026-09-17T16:09:51.458+0000] {dag.py:3096} INFO - Sync 1 DAGs
[2026-09-17T16:09:51.498+0000] {logging_mixin.py:188} INFO - [2026-09-17T16:09:51.498+0000] {dag.py:3954} INFO - Setting next_dagrun for youtube_data_updating to 2026-09-17 00:00:00+00:00, run_after=2026-09-18 00:00:00+00:00
[2026-09-17T16:09:51.546+0000] {processor.py:183} INFO - Processing /opt/airflow/dags/dag_updating.py took 0.280 seconds
[2026-09-17T16:10:22.132+0000] {processor.py:161} INFO - Started process (PID=121) to work on /opt/airflow/dags/dag_updating.py
[2026-09-17T16:10:22.140+0000] {processor.py:830} INFO - Processing file /opt/airflow/dags/dag_updating.py for tasks to queue
[2026-09-17T16:10:22.150+0000] {logging_mixin.py:188} INFO - [2026-09-17T16:10:22.149+0000] {dagbag.py:545} INFO - Filling up the DagBag from /opt/airflow/dags/dag_updating.py
[2026-09-17T16:10:22.257+0000] {processor.py:840} INFO - DAG(s) 'youtube_data_updating' retrieved from /opt/airflow/dags/dag_updating.py
[2026-09-17T16:10:22.293+0000] {logging_mixin.py:188} INFO - [2026-09-17T16:10:22.293+0000] {dag.py:3096} INFO - Sync 1 DAGs
[2026-09-17T16:10:22.366+0000] {logging_mixin.py:188} INFO - [2026-09-17T16:10:22.365+0000] {dag.py:3954} INFO - Setting next_dagrun for youtube_data_updating to 2026-09-17 00:00:00+00:00, run_after=2026-09-18 00:00:00+00:00
[2026-09-17T16:10:22.426+0000] {processor.py:183} INFO - Processing /opt/airflow/dags/dag_updating.py took 0.320 seconds
[2026-09-17T16:10:52.949+0000] {processor.py:161} INFO - Started process (PID=129) to work on /opt/airflow/dags/dag_updating.py
[2026-09-17T16:10:52.955+0000] {processor.py:830} INFO - Processing file /opt/airflow/dags/dag_updating.py for tasks to queue
[2026-09-17T16:10:52.961+0000] {logging_mixin.py:188} INFO - [2026-09-17T16:10:52.961+0000] {dagbag.py:545} INFO - Filling up the DagBag from /opt/airflow/dags/dag_updating.py
[2026-09-17T16:10:53.047+0000] {processor.py:840} INFO - DAG(s) 'youtube_data_updating' retrieved from /opt/airflow/dags/dag_updating.py
[2026-09-17T16:10:53.076+0000] {logging_mixin.py:188} INFO - [2026-09-17T16:10:53.076+0000] {dag.py:3096} INFO - Sync 1 DAGs
[2026-09-17T16:10:53.131+0000] {logging_mixin.py:188} INFO - [2026-09-17T16:10:53.130+0000] {dag.py:3954} INFO - Setting next_dagrun for youtube_data_updating to 2026-09-17 00:00:00+00:00, run_after=2026-09-18 00:00:00+00:00
[2026-09-17T16:10:53.183+0000] {processor.py:183} INFO - Processing /opt/airflow/dags/dag_updating.py took 0.241 seconds
[2026-09-17T16:11:23.464+0000] {processor.py:161} INFO - Started process (PID=137) to work on /opt/airflow/dags/dag_updating.py
[2026-09-17T16:11:23.469+0000] {processor.py:830} INFO - Processing file /opt/airflow/dags/dag_updating.py for tasks to queue
[2026-09-17T16:11:23.475+0000] {logging_mixin.py:188} INFO - [2026-09-17T16:11:23.474+0000] {dagbag.py:545} INFO - Filling up the DagBag from /opt/airflow/dags/dag_updating.py
[2026-09-17T16:11:23.594+0000] {processor.py:840} INFO - DAG(s) 'youtube_data_updating' retrieved from /opt/airflow/dags/dag_updating.py
[2026-09-17T16:11:23.627+0000] {logging_mixin.py:188} INFO - [2026-09-17T16:11:23.627+0000] {dag.py:3096} INFO - Sync 1 DAGs
[2026-09-17T16:11:23.661+0000] {logging_mixin.py:188} INFO - [2026-09-17T16:11:23.660+0000] {dag.py:3954} INFO - Setting next_dagrun for youtube_data_updating to 2026-09-17 00:00:00+00:00, run_after=2026-09-18 00:00:00+00:00
[2026-09-17T16:11:23.695+0000] {processor.py:183} INFO - Processing /opt/airflow/dags/dag_updating.py took 0.241 seconds
[2026-09-17T16:11:54.380+0000] {processor.py:161} INFO - Started process (PID=145) to work on /opt/airflow/dags/dag_updating.py
[2026-09-17T16:11:54.384+0000] {processor.py:830} INFO - Processing file /opt/airflow/dags/dag_updating.py for tasks to queue
[2026-09-17T16:11:54.390+0000] {logging_mixin.py:188} INFO - [2026-09-17T16:11:54.389+0000] {dagbag.py:545} INFO - Filling up the DagBag from /opt/airflow/dags/dag_updating.py
[2026-09-17T16:11:54.500+0000] {processor.py:840} INFO - DAG(s) 'youtube_data_updating' retrieved from /opt/airflow/dags/dag_updating.py
[2026-09-17T16:11:54.536+0000] {logging_mixin.py:188} INFO - [2026-09-17T16:11:54.536+0000] {dag.py:3096} INFO - Sync 1 DAGs
[2026-09-17T16:11:54.573+0000] {logging_mixin.py:188} INFO - [2026-09-17T16:11:54.572+0000] {dag.py:3954} INFO - Setting next_dagrun for youtube_data_updating to 2026-09-17 00:00:00+00:00, run_after=2026-09-18 00:00:00+00:00
[2026-09-17T16:11:54.607+0000] {processor.py:183} INFO - Processing /opt/airflow/dags/dag_updating.py took 0.244 seconds
[2026-09-17T16:12:25.099+0000] {processor.py:161} INFO - Started process (PID=152) to work on /opt/airflow/dags/dag_updating.py
[2026-09-17T16:12:25.103+0000] {processor.py:830} INFO - Processing file /opt/airflow/dags/dag_updating.py for tasks to queue
[2026-09-17T16:12:25.110+0000] {logging_mixin.py:188} INFO - [2026-09-17T16:12:25.109+0000] {dagbag.py:545} INFO - Filling up the DagBag from /opt/airflow/dags/dag_updating.py
[2026-09-17T16:12:25.175+0000] {processor.py:840} INFO - DAG(s) 'youtube_data_updating' retrieved from /opt/airflow/dags/dag_updating.py
[2026-09-17T16:12:25.210+0000] {logging_mixin.py:188} INFO - [2026-09-17T16:12:25.209+0000] {dag.py:3096} INFO - Sync 1 DAGs
[2026-09-17T16:12:25.251+0000] {logging_mixin.py:188} INFO - [2026-09-17T16:12:25.251+0000] {dag.py:3954} INFO - Setting next_dagrun for youtube_data_updating to 2026-09-17 00:00:00+00:00, run_after=2026-09-18 00:00:00+00:00
[2026-09-17T16:12:25.287+0000] {processor.py:183} INFO - Processing /opt/airflow/dags/dag_updating.py took 0.201 seconds
[2026-09-17T16:12:55.740+0000] {processor.py:161} INFO - Started process (PID=160) to work on /opt/airflow/dags/dag_updating.py
[2026-09-17T16:12:55.745+0000] {processor.py:830} INFO - Processing file /opt/airflow/dags/dag_updating.py for tasks to queue
[2026-09-17T16:12:55.750+0000] {logging_mixin.py:188} INFO - [2026-09-17T16:12:55.750+0000] {dagbag.py:545} INFO - Filling up the DagBag from /opt/airflow/dags/dag_updating.py
[2026-09-17T16:12:55.823+0000] {processor.py:840} INFO - DAG(s) 'youtube_data_updating' retrieved from /opt/airflow/dags/dag_updating.py
[2026-09-17T16:12:55.868+0000] {logging_mixin.py:188} INFO - [2026-09-17T16:12:55.868+0000] {dag.py:3096} INFO - Sync 1 DAGs
[2026-09-17T16:12:55.902+0000] {logging_mixin.py:188} INFO - [2026-09-17T16:12:55.902+0000] {dag.py:3954} INFO - Setting next_dagrun for youtube_data_updating to 2026-09-17 00:00:00+00:00, run_after=2026-09-18 00:00:00+00:00
[2026-09-17T16:12:55.936+0000] {processor.py:183} INFO - Processing /opt/airflow/dags/dag_updating.py took 0.208 seconds
[2026-09-17T16:13:26.153+0000] {processor.py:161} INFO - Started process (PID=168) to work on /opt/airflow/dags/dag_updating.py
[2026-09-17T16:13:26.160+0000] {processor.py:830} INFO - Processing file /opt/airflow/dags/dag_updating.py for tasks to queue
[2026-09-17T16:13:26.167+0000] {logging_mixin.py:188} INFO - [2026-09-17T16:13:26.166+0000] {dagbag.py:545} INFO - Filling up the DagBag from /opt/airflow/dags/dag_updating.py
[2026-09-17T16:13:26.300+0000] {processor.py:840} INFO - DAG(s) 'youtube_data_updating' retrieved from /opt/airflow/dags/dag_updating.py
[2026-09-17T16:13:26.359+0000] {logging_mixin.py:188} INFO - [2026-09-17T16:13:26.358+0000] {dag.py:3096} INFO - Sync 1 DAGs
[2026-09-17T16:13:26.423+0000] {logging_mixin.py:188} INFO - [2026-09-17T16:13:26.422+0000] {dag.py:3954} INFO - Setting next_dagrun for youtube_data_updating to 2026-09-17 00:00:00+00:00, run_after=2026-09-18 00:00:00+00:00
[2026-09-17T16:13:26.466+0000] {processor.py:183} INFO - Processing /opt/airflow/dags/dag_updating.py took 0.331 seconds
[2026-09-17T16:13:56.953+0000] {processor.py:161} INFO - Started process (PID=180) to work on /opt/airflow/dags/dag_updating.py
[2026-09-17T16:13:56.961+0000] {processor.py:830} INFO - Processing file /opt/airflow/dags/dag_updating.py for tasks to queue
[2026-09-17T16:13:56.970+0000] {logging_mixin.py:188} INFO - [2026-09-17T16:13:56.969+0000] {dagbag.py:545} INFO - Filling up the DagBag from /opt/airflow/dags/dag_updating.py
[2026-09-17T16:13:57.093+0000] {processor.py:840} INFO - DAG(s) 'youtube_data_updating' retrieved from /opt/airflow/dags/dag_updating.py
[2026-09-17T16:13:57.126+0000] {logging_mixin.py:188} INFO - [2026-09-17T16:13:57.125+0000] {dag.py:3096} INFO - Sync 1 DAGs
[2026-09-17T16:13:57.154+0000] {logging_mixin.py:188} INFO - [2026-09-17T16:13:57.154+0000] {dag.py:3954} INFO - Setting next_dagrun for youtube_data_updating to 2026-09-17 00:00:00+00:00, run_after=2026-09-18 00:00:00+00:00
[2026-09-17T16:13:57.181+0000] {processor.py:183} INFO - Processing /opt/airflow/dags/dag_updating.py took 0.249 seconds
[2026-09-17T16:14:27.774+0000] {processor.py:161} INFO - Started process (PID=188) to work on /opt/airflow/dags/dag_updating.py
[2026-09-17T16:14:27.782+0000] {processor.py:830} INFO - Processing file /opt/airflow/dags/dag_updating.py for tasks to queue
[2026-09-17T16:14:27.789+0000] {logging_mixin.py:188} INFO - [2026-09-17T16:14:27.788+0000] {dagbag.py:545} INFO - Filling up the DagBag from /opt/airflow/dags/dag_updating.py
[2026-09-17T16:14:27.862+0000] {processor.py:840} INFO - DAG(s) 'youtube_data_updating' retrieved from /opt/airflow/dags/dag_updating.py
[2026-09-17T16:14:27.892+0000] {logging_mixin.py:188} INFO - [2026-09-17T16:14:27.892+0000] {dag.py:3096} INFO - Sync 1 DAGs
[2026-09-17T16:14:27.917+0000] {logging_mixin.py:188} INFO - [2026-09-17T16:14:27.916+0000] {dag.py:3954} INFO - Setting next_dagrun for youtube_data_updating to 2026-09-17 00:00:00+00:00, run_after=2026-09-18 00:00:00+00:00
[2026-09-17T16:14:27.951+0000] {processor.py:183} INFO - Processing /opt/airflow/dags/dag_updating.py took 0.197 seconds
[2026-09-17T16:14:58.283+0000] {processor.py:161} INFO - Started process (PID=196) to work on /opt/airflow/dags/dag_updating.py
[2026-09-17T16:14:58.289+0000] {processor.py:830} INFO - Processing file /opt/airflow/dags/dag_updating.py for tasks to queue
[2026-09-17T16:14:58.303+0000] {logging_mixin.py:188} INFO - [2026-09-17T16:14:58.302+0000] {dagbag.py:545} INFO - Filling up the DagBag from /opt/airflow/dags/dag_updating.py
[2026-09-17T16:14:58.382+0000] {processor.py:840} INFO - DAG(s) 'youtube_data_updating' retrieved from /opt/airflow/dags/dag_updating.py
[2026-09-17T16:14:58.427+0000] {logging_mixin.py:188} INFO - [2026-09-17T16:14:58.427+0000] {dag.py:3096} INFO - Sync 1 DAGs
[2026-09-17T16:14:58.489+0000] {logging_mixin.py:188} INFO - [2026-09-17T16:14:58.489+0000] {dag.py:3954} INFO - Setting next_dagrun for youtube_data_updating to 2026-09-17 00:00:00+00:00, run_after=2026-09-18 00:00:00+00:00
[2026-09-17T16:14:58.525+0000] {processor.py:183} INFO - Processing /opt/airflow/dags/dag_updating.py took 0.267 seconds
[2026-09-17T16:15:28.653+0000] {processor.py:161} INFO - Started process (PID=203) to work on /opt/airflow/dags/dag_updating.py
[2026-09-17T16:15:28.658+0000] {processor.py:830} INFO - Processing file /opt/airflow/dags/dag_updating.py for tasks to queue
[2026-09-17T16:15:28.664+0000] {logging_mixin.py:188} INFO - [2026-09-17T16:15:28.663+0000] {dagbag.py:545} INFO - Filling up the DagBag from /opt/airflow/dags/dag_updating.py
[2026-09-17T16:15:28.752+0000] {processor.py:840} INFO - DAG(s) 'youtube_data_updating' retrieved from /opt/airflow/dags/dag_updating.py
[2026-09-17T16:15:28.793+0000] {logging_mixin.py:188} INFO - [2026-09-17T16:15:28.793+0000] {dag.py:3096} INFO - Sync 1 DAGs
[2026-09-17T16:15:28.822+0000] {logging_mixin.py:188} INFO - [2026-09-17T16:15:28.822+0000] {dag.py:3954} INFO - Setting next_dagrun for youtube_data_updating to 2026-09-17 00:00:00+00:00, run_after=2026-09-18 00:00:00+00:00
[2026-09-17T16:15:28.853+0000] {processor.py:183} INFO - Processing /opt/airflow/dags/dag_updating.py took 0.211 seconds
[2026-09-17T16:15:59.293+0000] {processor.py:161} INFO - Started process (PID=211) to work on /opt/airflow/dags/dag_updating.py
[2026-09-17T16:15:59.298+0000] {processor.py:830} INFO - Processing file /opt/airflow/dags/dag_updating.py for tasks to queue
[2026-09-17T16:15:59.306+0000] {logging_mixin.py:188} INFO - [2026-09-17T16:15:59.305+0000] {dagbag.py:545} INFO - Filling up the DagBag from /opt/airflow/dags/dag_updating.py
[2026-09-17T16:15:59.437+0000] {processor.py:840} INFO - DAG(s) 'youtube_data_updating' retrieved from /opt/airflow/dags/dag_updating.py
[2026-09-17T16:15:59.489+0000] {logging_mixin.py:188} INFO - [2026-09-17T16:15:59.489+0000] {dag.py:3096} INFO - Sync 1 DAGs
[2026-09-17T16:15:59.546+0000] {logging_mixin.py:188} INFO - [2026-09-17T16:15:59.546+0000] {dag.py:3954} INFO - Setting next_dagrun for youtube_data_updating to 2026-09-17 00:00:00+00:00, run_after=2026-09-18 00:00:00+00:00
[2026-09-17T16:15:59.600+0000] {processor.py:183} INFO - Processing /opt/airflow/dags/dag_updating.py took 0.325 seconds
[2026-09-17T16:16:29.715+0000] {processor.py:161} INFO - Started process (PID=219) to work on /opt/airflow/dags/dag_updating.py
[2026-09-17T16:16:29.721+0000] {processor.py:830} INFO - Processing file /opt/airflow/dags/dag_updating.py for tasks to queue
[2026-09-17T16:16:29.725+0000] {logging_mixin.py:188} INFO - [2026-09-17T16:16:29.725+0000] {dagbag.py:545} INFO - Filling up the DagBag from /opt/airflow/dags/dag_updating.py
[2026-09-17T16:16:29.821+0000] {processor.py:840} INFO - DAG(s) 'youtube_data_updating' retrieved from /opt/airflow/dags/dag_updating.py
[2026-09-17T16:16:29.871+0000] {logging_mixin.py:188} INFO - [2026-09-17T16:16:29.871+0000] {dag.py:3096} INFO - Sync 1 DAGs
[2026-09-17T16:16:29.931+0000] {logging_mixin.py:188} INFO - [2026-09-17T16:16:29.931+0000] {dag.py:3954} INFO - Setting next_dagrun for youtube_data_updating to 2026-09-17 00:00:00+00:00, run_after=2026-09-18 00:00:00+00:00
[2026-09-17T16:16:29.969+0000] {processor.py:183} INFO - Processing /opt/airflow/dags/dag_updating.py took 0.263 seconds
[2026-09-17T16:18:28.950+0000] {processor.py:161} INFO - Started process (PID=55) to work on /opt/airflow/dags/dag_updating.py
[2026-09-17T16:18:28.954+0000] {processor.py:830} INFO - Processing file /opt/airflow/dags/dag_updating.py for tasks to queue
[2026-09-17T16:18:28.960+0000] {logging_mixin.py:188} INFO - [2026-09-17T16:18:28.959+0000] {dagbag.py:545} INFO - Filling up the DagBag from /opt/airflow/dags/dag_updating.py
[2026-09-17T16:18:29.132+0000] {processor.py:840} INFO - DAG(s) 'youtube_data_updating' retrieved from /opt/airflow/dags/dag_updating.py
[2026-09-17T16:18:29.468+0000] {logging_mixin.py:188} INFO - [2026-09-17T16:18:29.467+0000] {dag.py:3096} INFO - Sync 1 DAGs
[2026-09-17T16:18:29.503+0000] {logging_mixin.py:188} INFO - [2026-09-17T16:18:29.503+0000] {dag.py:3954} INFO - Setting next_dagrun for youtube_data_updating to 2026-09-17 00:00:00+00:00, run_after=2026-09-18 00:00:00+00:00
[2026-09-17T16:18:29.542+0000] {processor.py:183} INFO - Processing /opt/airflow/dags/dag_updating.py took 0.608 seconds
[2026-09-17T16:18:59.984+0000] {processor.py:161} INFO - Started process (PID=62) to work on /opt/airflow/dags/dag_updating.py
[2026-09-17T16:18:59.991+0000] {processor.py:830} INFO - Processing file /opt/airflow/dags/dag_updating.py for tasks to queue
[2026-09-17T16:18:59.999+0000] {logging_mixin.py:188} INFO - [2026-09-17T16:18:59.997+0000] {dagbag.py:545} INFO - Filling up the DagBag from /opt/airflow/dags/dag_updating.py
[2026-09-17T16:19:00.103+0000] {processor.py:840} INFO - DAG(s) 'youtube_data_updating' retrieved from /opt/airflow/dags/dag_updating.py
[2026-09-17T16:19:00.138+0000] {logging_mixin.py:188} INFO - [2026-09-17T16:19:00.138+0000] {dag.py:3096} INFO - Sync 1 DAGs
[2026-09-17T16:19:00.185+0000] {logging_mixin.py:188} INFO - [2026-09-17T16:19:00.185+0000] {dag.py:3954} INFO - Setting next_dagrun for youtube_data_updating to 2026-09-17 00:00:00+00:00, run_after=2026-09-18 00:00:00+00:00
[2026-09-17T16:19:00.231+0000] {processor.py:183} INFO - Processing /opt/airflow/dags/dag_updating.py took 0.263 seconds
[2026-09-17T16:19:30.755+0000] {processor.py:161} INFO - Started process (PID=76) to work on /opt/airflow/dags/dag_updating.py
[2026-09-17T16:19:30.760+0000] {processor.py:830} INFO - Processing file /opt/airflow/dags/dag_updating.py for tasks to queue
[2026-09-17T16:19:30.766+0000] {logging_mixin.py:188} INFO - [2026-09-17T16:19:30.765+0000] {dagbag.py:545} INFO - Filling up the DagBag from /opt/airflow/dags/dag_updating.py
[2026-09-17T16:19:30.906+0000] {processor.py:840} INFO - DAG(s) 'youtube_data_updating' retrieved from /opt/airflow/dags/dag_updating.py
[2026-09-17T16:19:30.953+0000] {logging_mixin.py:188} INFO - [2026-09-17T16:19:30.951+0000] {dag.py:3096} INFO - Sync 1 DAGs
[2026-09-17T16:19:31.000+0000] {logging_mixin.py:188} INFO - [2026-09-17T16:19:31.000+0000] {dag.py:3954} INFO - Setting next_dagrun for youtube_data_updating to 2026-09-17 00:00:00+00:00, run_after=2026-09-18 00:00:00+00:00
[2026-09-17T16:19:31.039+0000] {processor.py:183} INFO - Processing /opt/airflow/dags/dag_updating.py took 0.295 seconds
[2026-09-17T16:20:01.153+0000] {processor.py:161} INFO - Started process (PID=84) to work on /opt/airflow/dags/dag_updating.py
[2026-09-17T16:20:01.160+0000] {processor.py:830} INFO - Processing file /opt/airflow/dags/dag_updating.py for tasks to queue
[2026-09-17T16:20:01.164+0000] {logging_mixin.py:188} INFO - [2026-09-17T16:20:01.164+0000] {dagbag.py:545} INFO - Filling up the DagBag from /opt/airflow/dags/dag_updating.py
[2026-09-17T16:20:01.253+0000] {processor.py:840} INFO - DAG(s) 'youtube_data_updating' retrieved from /opt/airflow/dags/dag_updating.py
[2026-09-17T16:20:01.312+0000] {logging_mixin.py:188} INFO - [2026-09-17T16:20:01.311+0000] {dag.py:3096} INFO - Sync 1 DAGs
[2026-09-17T16:20:01.381+0000] {logging_mixin.py:188} INFO - [2026-09-17T16:20:01.381+0000] {dag.py:3954} INFO - Setting next_dagrun for youtube_data_updating to 2026-09-17 00:00:00+00:00, run_after=2026-09-18 00:00:00+00:00
[2026-09-17T16:20:01.457+0000] {processor.py:183} INFO - Processing /opt/airflow/dags/dag_updating.py took 0.320 seconds
[2026-09-17T16:20:31.818+0000] {processor.py:161} INFO - Started process (PID=91) to work on /opt/airflow/dags/dag_updating.py
[2026-09-17T16:20:31.826+0000] {processor.py:830} INFO - Processing file /opt/airflow/dags/dag_updating.py for tasks to queue
[2026-09-17T16:20:31.833+0000] {logging_mixin.py:188} INFO - [2026-09-17T16:20:31.832+0000] {dagbag.py:545} INFO - Filling up the DagBag from /opt/airflow/dags/dag_updating.py
[2026-09-17T16:20:31.937+0000] {processor.py:840} INFO - DAG(s) 'youtube_data_updating' retrieved from /opt/airflow/dags/dag_updating.py
[2026-09-17T16:20:31.969+0000] {logging_mixin.py:188} INFO - [2026-09-17T16:20:31.969+0000] {dag.py:3096} INFO - Sync 1 DAGs
[2026-09-17T16:20:32.002+0000] {logging_mixin.py:188} INFO - [2026-09-17T16:20:32.001+0000] {dag.py:3954} INFO - Setting next_dagrun for youtube_data_updating to 2026-09-17 00:00:00+00:00, run_after=2026-09-18 00:00:00+00:00
[2026-09-17T16:20:32.032+0000] {processor.py:183} INFO - Processing /opt/airflow/dags/dag_updating.py took 0.229 seconds
[2026-09-17T16:21:02.489+0000] {processor.py:161} INFO - Started process (PID=99) to work on /opt/airflow/dags/dag_updating.py
[2026-09-17T16:21:02.495+0000] {processor.py:830} INFO - Processing file /opt/airflow/dags/dag_updating.py for tasks to queue
[2026-09-17T16:21:02.501+0000] {logging_mixin.py:188} INFO - [2026-09-17T16:21:02.501+0000] {dagbag.py:545} INFO - Filling up the DagBag from /opt/airflow/dags/dag_updating.py
[2026-09-17T16:21:02.590+0000] {processor.py:840} INFO - DAG(s) 'youtube_data_updating' retrieved from /opt/airflow/dags/dag_updating.py
[2026-09-17T16:21:02.622+0000] {logging_mixin.py:188} INFO - [2026-09-17T16:21:02.622+0000] {dag.py:3096} INFO - Sync 1 DAGs
[2026-09-17T16:21:02.665+0000] {logging_mixin.py:188} INFO - [2026-09-17T16:21:02.665+0000] {dag.py:3954} INFO - Setting next_dagrun for youtube_data_updating to 2026-09-17 00:00:00+00:00, run_after=2026-09-18 00:00:00+00:00
[2026-09-17T16:21:02.700+0000] {processor.py:183} INFO - Processing /opt/airflow/dags/dag_updating.py took 0.225 seconds
[2026-09-17T16:21:32.893+0000] {processor.py:161} INFO - Started process (PID=107) to work on /opt/airflow/dags/dag_updating.py
[2026-09-17T16:21:32.899+0000] {processor.py:830} INFO - Processing file /opt/airflow/dags/dag_updating.py for tasks to queue
[2026-09-17T16:21:32.903+0000] {logging_mixin.py:188} INFO - [2026-09-17T16:21:32.903+0000] {dagbag.py:545} INFO - Filling up the DagBag from /opt/airflow/dags/dag_updating.py
[2026-09-17T16:21:32.970+0000] {processor.py:840} INFO - DAG(s) 'youtube_data_updating' retrieved from /opt/airflow/dags/dag_updating.py
[2026-09-17T16:21:32.999+0000] {logging_mixin.py:188} INFO - [2026-09-17T16:21:32.999+0000] {dag.py:3096} INFO - Sync 1 DAGs
[2026-09-17T16:21:33.030+0000] {logging_mixin.py:188} INFO - [2026-09-17T16:21:33.030+0000] {dag.py:3954} INFO - Setting next_dagrun for youtube_data_updating to 2026-09-17 00:00:00+00:00, run_after=2026-09-18 00:00:00+00:00
[2026-09-17T16:21:33.063+0000] {processor.py:183} INFO - Processing /opt/airflow/dags/dag_updating.py took 0.180 seconds
[2026-09-17T16:22:03.327+0000] {processor.py:161} INFO - Started process (PID=114) to work on /opt/airflow/dags/dag_updating.py
[2026-09-17T16:22:03.332+0000] {processor.py:830} INFO - Processing file /opt/airflow/dags/dag_updating.py for tasks to queue
[2026-09-17T16:22:03.337+0000] {logging_mixin.py:188} INFO - [2026-09-17T16:22:03.336+0000] {dagbag.py:545} INFO - Filling up the DagBag from /opt/airflow/dags/dag_updating.py
[2026-09-17T16:22:03.412+0000] {processor.py:840} INFO - DAG(s) 'youtube_data_updating' retrieved from /opt/airflow/dags/dag_updating.py
[2026-09-17T16:22:03.442+0000] {logging_mixin.py:188} INFO - [2026-09-17T16:22:03.442+0000] {dag.py:3096} INFO - Sync 1 DAGs
[2026-09-17T16:22:03.469+0000] {logging_mixin.py:188} INFO - [2026-09-17T16:22:03.469+0000] {dag.py:3954} INFO - Setting next_dagrun for youtube_data_updating to 2026-09-17 00:00:00+00:00, run_after=2026-09-18 00:00:00+00:00
[2026-09-17T16:22:03.497+0000] {processor.py:183} INFO - Processing /opt/airflow/dags/dag_updating.py took 0.181 seconds
[2026-09-17T16:22:33.942+0000] {processor.py:161} INFO - Started process (PID=128) to work on /opt/airflow/dags/dag_updating.py
[2026-09-17T16:22:33.946+0000] {processor.py:830} INFO - Processing file /opt/airflow/dags/dag_updating.py for tasks to queue
[2026-09-17T16:22:33.954+0000] {logging_mixin.py:188} INFO - [2026-09-17T16:22:33.953+0000] {dagbag.py:545} INFO - Filling up the DagBag from /opt/airflow/dags/dag_updating.py
[2026-09-17T16:22:34.086+0000] {processor.py:840} INFO - DAG(s) 'youtube_data_updating' retrieved from /opt/airflow/dags/dag_updating.py
[2026-09-17T16:22:34.143+0000] {logging_mixin.py:188} INFO - [2026-09-17T16:22:34.142+0000] {dag.py:3096} INFO - Sync 1 DAGs
[2026-09-17T16:22:34.194+0000] {logging_mixin.py:188} INFO - [2026-09-17T16:22:34.194+0000] {dag.py:3954} INFO - Setting next_dagrun for youtube_data_updating to 2026-09-17 00:00:00+00:00, run_after=2026-09-18 00:00:00+00:00
[2026-09-17T16:22:34.247+0000] {processor.py:183} INFO - Processing /opt/airflow/dags/dag_updating.py took 0.326 seconds
[2026-09-17T16:23:04.363+0000] {processor.py:161} INFO - Started process (PID=136) to work on /opt/airflow/dags/dag_updating.py
[2026-09-17T16:23:04.369+0000] {processor.py:830} INFO - Processing file /opt/airflow/dags/dag_updating.py for tasks to queue
[2026-09-17T16:23:04.375+0000] {logging_mixin.py:188} INFO - [2026-09-17T16:23:04.374+0000] {dagbag.py:545} INFO - Filling up the DagBag from /opt/airflow/dags/dag_updating.py
[2026-09-17T16:23:04.436+0000] {processor.py:840} INFO - DAG(s) 'youtube_data_updating' retrieved from /opt/airflow/dags/dag_updating.py
[2026-09-17T16:23:04.461+0000] {logging_mixin.py:188} INFO - [2026-09-17T16:23:04.461+0000] {dag.py:3096} INFO - Sync 1 DAGs
[2026-09-17T16:23:04.486+0000] {logging_mixin.py:188} INFO - [2026-09-17T16:23:04.486+0000] {dag.py:3954} INFO - Setting next_dagrun for youtube_data_updating to 2026-09-17 00:00:00+00:00, run_after=2026-09-18 00:00:00+00:00
[2026-09-17T16:23:04.515+0000] {processor.py:183} INFO - Processing /opt/airflow/dags/dag_updating.py took 0.165 seconds
[2026-09-17T16:23:35.101+0000] {processor.py:161} INFO - Started process (PID=143) to work on /opt/airflow/dags/dag_updating.py
[2026-09-17T16:23:35.106+0000] {processor.py:830} INFO - Processing file /opt/airflow/dags/dag_updating.py for tasks to queue
[2026-09-17T16:23:35.110+0000] {logging_mixin.py:188} INFO - [2026-09-17T16:23:35.109+0000] {dagbag.py:545} INFO - Filling up the DagBag from /opt/airflow/dags/dag_updating.py
[2026-09-17T16:23:35.173+0000] {processor.py:840} INFO - DAG(s) 'youtube_data_updating' retrieved from /opt/airflow/dags/dag_updating.py
[2026-09-17T16:23:35.202+0000] {logging_mixin.py:188} INFO - [2026-09-17T16:23:35.202+0000] {dag.py:3096} INFO - Sync 1 DAGs
[2026-09-17T16:23:35.235+0000] {logging_mixin.py:188} INFO - [2026-09-17T16:23:35.235+0000] {dag.py:3954} INFO - Setting next_dagrun for youtube_data_updating to 2026-09-17 00:00:00+00:00, run_after=2026-09-18 00:00:00+00:00
[2026-09-17T16:23:35.271+0000] {processor.py:183} INFO - Processing /opt/airflow/dags/dag_updating.py took 0.178 seconds
[2026-09-17T16:24:05.795+0000] {processor.py:161} INFO - Started process (PID=151) to work on /opt/airflow/dags/dag_updating.py
[2026-09-17T16:24:05.803+0000] {processor.py:830} INFO - Processing file /opt/airflow/dags/dag_updating.py for tasks to queue
[2026-09-17T16:24:05.812+0000] {logging_mixin.py:188} INFO - [2026-09-17T16:24:05.811+0000] {dagbag.py:545} INFO - Filling up the DagBag from /opt/airflow/dags/dag_updating.py
[2026-09-17T16:24:05.933+0000] {processor.py:840} INFO - DAG(s) 'youtube_data_updating' retrieved from /opt/airflow/dags/dag_updating.py
[2026-09-17T16:24:05.995+0000] {logging_mixin.py:188} INFO - [2026-09-17T16:24:05.995+0000] {dag.py:3096} INFO - Sync 1 DAGs
[2026-09-17T16:24:06.037+0000] {logging_mixin.py:188} INFO - [2026-09-17T16:24:06.036+0000] {dag.py:3954} INFO - Setting next_dagrun for youtube_data_updating to 2026-09-17 00:00:00+00:00, run_after=2026-09-18 00:00:00+00:00
[2026-09-17T16:24:06.110+0000] {processor.py:183} INFO - Processing /opt/airflow/dags/dag_updating.py took 0.333 seconds
[2026-09-17T16:24:36.230+0000] {processor.py:161} INFO - Started process (PID=163) to work on /opt/airflow/dags/dag_updating.py
[2026-09-17T16:24:36.238+0000] {processor.py:830} INFO - Processing file /opt/airflow/dags/dag_updating.py for tasks to queue
[2026-09-17T16:24:36.245+0000] {logging_mixin.py:188} INFO - [2026-09-17T16:24:36.244+0000] {dagbag.py:545} INFO - Filling up the DagBag from /opt/airflow/dags/dag_updating.py
[2026-09-17T16:24:36.374+0000] {processor.py:840} INFO - DAG(s) 'youtube_data_updating' retrieved from /opt/airflow/dags/dag_updating.py
[2026-09-17T16:24:36.416+0000] {logging_mixin.py:188} INFO - [2026-09-17T16:24:36.414+0000] {dag.py:3096} INFO - Sync 1 DAGs
[2026-09-17T16:24:36.456+0000] {logging_mixin.py:188} INFO - [2026-09-17T16:24:36.455+0000] {dag.py:3954} INFO - Setting next_dagrun for youtube_data_updating to 2026-09-17 00:00:00+00:00, run_after=2026-09-18 00:00:00+00:00
[2026-09-17T16:24:36.511+0000] {processor.py:183} INFO - Processing /opt/airflow/dags/dag_updating.py took 0.300 seconds
[2026-09-17T16:25:06.659+0000] {processor.py:161} INFO - Started process (PID=171) to work on /opt/airflow/dags/dag_updating.py
[2026-09-17T16:25:06.665+0000] {processor.py:830} INFO - Processing file /opt/airflow/dags/dag_updating.py for tasks to queue
[2026-09-17T16:25:06.674+0000] {logging_mixin.py:188} INFO - [2026-09-17T16:25:06.673+0000] {dagbag.py:545} INFO - Filling up the DagBag from /opt/airflow/dags/dag_updating.py
[2026-09-17T16:25:06.812+0000] {processor.py:840} INFO - DAG(s) 'youtube_data_updating' retrieved from /opt/airflow/dags/dag_updating.py
[2026-09-17T16:25:06.843+0000] {logging_mixin.py:188} INFO - [2026-09-17T16:25:06.842+0000] {dag.py:3096} INFO - Sync 1 DAGs
[2026-09-17T16:25:06.895+0000] {logging_mixin.py:188} INFO - [2026-09-17T16:25:06.895+0000] {dag.py:3954} INFO - Setting next_dagrun for youtube_data_updating to 2026-09-17 00:00:00+00:00, run_after=2026-09-18 00:00:00+00:00
[2026-09-17T16:25:06.945+0000] {processor.py:183} INFO - Processing /opt/airflow/dags/dag_updating.py took 0.303 seconds
[2026-09-17T16:25:37.879+0000] {processor.py:161} INFO - Started process (PID=179) to work on /opt/airflow/dags/dag_updating.py
[2026-09-17T16:25:37.883+0000] {processor.py:830} INFO - Processing file /opt/airflow/dags/dag_updating.py for tasks to queue
[2026-09-17T16:25:37.888+0000] {logging_mixin.py:188} INFO - [2026-09-17T16:25:37.888+0000] {dagbag.py:545} INFO - Filling up the DagBag from /opt/airflow/dags/dag_updating.py
[2026-09-17T16:25:37.963+0000] {processor.py:840} INFO - DAG(s) 'youtube_data_updating' retrieved from /opt/airflow/dags/dag_updating.py
[2026-09-17T16:25:37.990+0000] {logging_mixin.py:188} INFO - [2026-09-17T16:25:37.989+0000] {dag.py:3096} INFO - Sync 1 DAGs
[2026-09-17T16:25:38.019+0000] {logging_mixin.py:188} INFO - [2026-09-17T16:25:38.018+0000] {dag.py:3954} INFO - Setting next_dagrun for youtube_data_updating to 2026-09-17 00:00:00+00:00, run_after=2026-09-18 00:00:00+00:00
[2026-09-17T16:25:38.049+0000] {processor.py:183} INFO - Processing /opt/airflow/dags/dag_updating.py took 0.178 seconds
[2026-09-17T16:26:08.318+0000] {processor.py:161} INFO - Started process (PID=187) to work on /opt/airflow/dags/dag_updating.py
[2026-09-17T16:26:08.322+0000] {processor.py:830} INFO - Processing file /opt/airflow/dags/dag_updating.py for tasks to queue
[2026-09-17T16:26:08.327+0000] {logging_mixin.py:188} INFO - [2026-09-17T16:26:08.327+0000] {dagbag.py:545} INFO - Filling up the DagBag from /opt/airflow/dags/dag_updating.py
[2026-09-17T16:26:08.396+0000] {processor.py:840} INFO - DAG(s) 'youtube_data_updating' retrieved from /opt/airflow/dags/dag_updating.py
[2026-09-17T16:26:08.434+0000] {logging_mixin.py:188} INFO - [2026-09-17T16:26:08.434+0000] {dag.py:3096} INFO - Sync 1 DAGs
[2026-09-17T16:26:08.483+0000] {logging_mixin.py:188} INFO - [2026-09-17T16:26:08.483+0000] {dag.py:3954} INFO - Setting next_dagrun for youtube_data_updating to 2026-09-17 00:00:00+00:00, run_after=2026-09-18 00:00:00+00:00
[2026-09-17T16:26:08.521+0000] {processor.py:183} INFO - Processing /opt/airflow/dags/dag_updating.py took 0.215 seconds
[2026-09-17T16:26:38.792+0000] {processor.py:161} INFO - Started process (PID=194) to work on /opt/airflow/dags/dag_updating.py
[2026-09-17T16:26:38.797+0000] {processor.py:830} INFO - Processing file /opt/airflow/dags/dag_updating.py for tasks to queue
[2026-09-17T16:26:38.807+0000] {logging_mixin.py:188} INFO - [2026-09-17T16:26:38.806+0000] {dagbag.py:545} INFO - Filling up the DagBag from /opt/airflow/dags/dag_updating.py
[2026-09-17T16:26:38.899+0000] {processor.py:840} INFO - DAG(s) 'youtube_data_updating' retrieved from /opt/airflow/dags/dag_updating.py
[2026-09-17T16:26:38.950+0000] {logging_mixin.py:188} INFO - [2026-09-17T16:26:38.949+0000] {dag.py:3096} INFO - Sync 1 DAGs
[2026-09-17T16:26:39.006+0000] {logging_mixin.py:188} INFO - [2026-09-17T16:26:39.005+0000] {dag.py:3954} INFO - Setting next_dagrun for youtube_data_updating to 2026-09-17 00:00:00+00:00, run_after=2026-09-18 00:00:00+00:00
[2026-09-17T16:26:39.063+0000] {processor.py:183} INFO - Processing /opt/airflow/dags/dag_updating.py took 0.286 seconds
[2026-09-17T16:27:09.411+0000] {processor.py:161} INFO - Started process (PID=202) to work on /opt/airflow/dags/dag_updating.py
[2026-09-17T16:27:09.417+0000] {processor.py:830} INFO - Processing file /opt/airflow/dags/dag_updating.py for tasks to queue
[2026-09-17T16:27:09.426+0000] {logging_mixin.py:188} INFO - [2026-09-17T16:27:09.425+0000] {dagbag.py:545} INFO - Filling up the DagBag from /opt/airflow/dags/dag_updating.py
[2026-09-17T16:27:09.562+0000] {processor.py:840} INFO - DAG(s) 'youtube_data_updating' retrieved from /opt/airflow/dags/dag_updating.py
[2026-09-17T16:27:09.622+0000] {logging_mixin.py:188} INFO - [2026-09-17T16:27:09.621+0000] {dag.py:3096} INFO - Sync 1 DAGs
[2026-09-17T16:27:09.686+0000] {logging_mixin.py:188} INFO - [2026-09-17T16:27:09.685+0000] {dag.py:3954} INFO - Setting next_dagrun for youtube_data_updating to 2026-09-17 00:00:00+00:00, run_after=2026-09-18 00:00:00+00:00
[2026-09-17T16:27:09.745+0000] {processor.py:183} INFO - Processing /opt/airflow/dags/dag_updating.py took 0.368 seconds
[2026-09-17T16:27:39.996+0000] {processor.py:161} INFO - Started process (PID=210) to work on /opt/airflow/dags/dag_updating.py
[2026-09-17T16:27:40.001+0000] {processor.py:830} INFO - Processing file /opt/airflow/dags/dag_updating.py for tasks to queue
[2026-09-17T16:27:40.007+0000] {logging_mixin.py:188} INFO - [2026-09-17T16:27:40.006+0000] {dagbag.py:545} INFO - Filling up the DagBag from /opt/airflow/dags/dag_updating.py
[2026-09-17T16:27:40.114+0000] {processor.py:840} INFO - DAG(s) 'youtube_data_updating' retrieved from /opt/airflow/dags/dag_updating.py
[2026-09-17T16:27:40.146+0000] {logging_mixin.py:188} INFO - [2026-09-17T16:27:40.145+0000] {dag.py:3096} INFO - Sync 1 DAGs
[2026-09-17T16:27:40.175+0000] {logging_mixin.py:188} INFO - [2026-09-17T16:27:40.175+0000] {dag.py:3954} INFO - Setting next_dagrun for youtube_data_updating to 2026-09-17 00:00:00+00:00, run_after=2026-09-18 00:00:00+00:00
[2026-09-17T16:27:40.205+0000] {processor.py:183} INFO - Processing /opt/airflow/dags/dag_updating.py took 0.227 seconds
[2026-09-17T16:28:10.602+0000] {processor.py:161} INFO - Started process (PID=217) to work on /opt/airflow/dags/dag_updating.py
[2026-09-17T16:28:10.605+0000] {processor.py:830} INFO - Processing file /opt/airflow/dags/dag_updating.py for tasks to queue
[2026-09-17T16:28:10.610+0000] {logging_mixin.py:188} INFO - [2026-09-17T16:28:10.609+0000] {dagbag.py:545} INFO - Filling up the DagBag from /opt/airflow/dags/dag_updating.py
[2026-09-17T16:28:10.676+0000] {processor.py:840} INFO - DAG(s) 'youtube_data_updating' retrieved from /opt/airflow/dags/dag_updating.py
[2026-09-17T16:28:10.704+0000] {logging_mixin.py:188} INFO - [2026-09-17T16:28:10.704+0000] {dag.py:3096} INFO - Sync 1 DAGs
[2026-09-17T16:28:10.731+0000] {logging_mixin.py:188} INFO - [2026-09-17T16:28:10.731+0000] {dag.py:3954} INFO - Setting next_dagrun for youtube_data_updating to 2026-09-17 00:00:00+00:00, run_after=2026-09-18 00:00:00+00:00
[2026-09-17T16:28:10.766+0000] {processor.py:183} INFO - Processing /opt/airflow/dags/dag_updating.py took 0.173 seconds
[2026-09-17T16:28:41.423+0000] {processor.py:161} INFO - Started process (PID=225) to work on /opt/airflow/dags/dag_updating.py
[2026-09-17T16:28:41.427+0000] {processor.py:830} INFO - Processing file /opt/airflow/dags/dag_updating.py for tasks to queue
[2026-09-17T16:28:41.435+0000] {logging_mixin.py:188} INFO - [2026-09-17T16:28:41.434+0000] {dagbag.py:545} INFO - Filling up the DagBag from /opt/airflow/dags/dag_updating.py
[2026-09-17T16:28:41.525+0000] {processor.py:840} INFO - DAG(s) 'youtube_data_updating' retrieved from /opt/airflow/dags/dag_updating.py
[2026-09-17T16:28:41.565+0000] {logging_mixin.py:188} INFO - [2026-09-17T16:28:41.565+0000] {dag.py:3096} INFO - Sync 1 DAGs
[2026-09-17T16:28:41.616+0000] {logging_mixin.py:188} INFO - [2026-09-17T16:28:41.616+0000] {dag.py:3954} INFO - Setting next_dagrun for youtube_data_updating to 2026-09-17 00:00:00+00:00, run_after=2026-09-18 00:00:00+00:00
[2026-09-17T16:28:41.680+0000] {processor.py:183} INFO - Processing /opt/airflow/dags/dag_updating.py took 0.277 seconds
[2026-09-17T16:29:12.145+0000] {processor.py:161} INFO - Started process (PID=233) to work on /opt/airflow/dags/dag_updating.py
[2026-09-17T16:29:12.150+0000] {processor.py:830} INFO - Processing file /opt/airflow/dags/dag_updating.py for tasks to queue
[2026-09-17T16:29:12.154+0000] {logging_mixin.py:188} INFO - [2026-09-17T16:29:12.153+0000] {dagbag.py:545} INFO - Filling up the DagBag from /opt/airflow/dags/dag_updating.py
[2026-09-17T16:29:12.230+0000] {processor.py:840} INFO - DAG(s) 'youtube_data_updating' retrieved from /opt/airflow/dags/dag_updating.py
[2026-09-17T16:29:12.291+0000] {logging_mixin.py:188} INFO - [2026-09-17T16:29:12.290+0000] {dag.py:3096} INFO - Sync 1 DAGs
[2026-09-17T16:29:12.368+0000] {logging_mixin.py:188} INFO - [2026-09-17T16:29:12.367+0000] {dag.py:3954} INFO - Setting next_dagrun for youtube_data_updating to 2026-09-17 00:00:00+00:00, run_after=2026-09-18 00:00:00+00:00
[2026-09-17T16:29:12.400+0000] {processor.py:183} INFO - Processing /opt/airflow/dags/dag_updating.py took 0.264 seconds
[2026-09-17T16:29:42.523+0000] {processor.py:161} INFO - Started process (PID=241) to work on /opt/airflow/dags/dag_updating.py
[2026-09-17T16:29:42.528+0000] {processor.py:830} INFO - Processing file /opt/airflow/dags/dag_updating.py for tasks to queue
[2026-09-17T16:29:42.533+0000] {logging_mixin.py:188} INFO - [2026-09-17T16:29:42.532+0000] {dagbag.py:545} INFO - Filling up the DagBag from /opt/airflow/dags/dag_updating.py
[2026-09-17T16:29:42.604+0000] {processor.py:840} INFO - DAG(s) 'youtube_data_updating' retrieved from /opt/airflow/dags/dag_updating.py
[2026-09-17T16:29:42.642+0000] {logging_mixin.py:188} INFO - [2026-09-17T16:29:42.642+0000] {dag.py:3096} INFO - Sync 1 DAGs
[2026-09-17T16:29:42.692+0000] {logging_mixin.py:188} INFO - [2026-09-17T16:29:42.691+0000] {dag.py:3954} INFO - Setting next_dagrun for youtube_data_updating to 2026-09-17 00:00:00+00:00, run_after=2026-09-18 00:00:00+00:00
[2026-09-17T16:29:42.732+0000] {processor.py:183} INFO - Processing /opt/airflow/dags/dag_updating.py took 0.222 seconds
[2026-09-17T16:30:13.158+0000] {processor.py:161} INFO - Started process (PID=248) to work on /opt/airflow/dags/dag_updating.py
[2026-09-17T16:30:13.164+0000] {processor.py:830} INFO - Processing file /opt/airflow/dags/dag_updating.py for tasks to queue
[2026-09-17T16:30:13.170+0000] {logging_mixin.py:188} INFO - [2026-09-17T16:30:13.170+0000] {dagbag.py:545} INFO - Filling up the DagBag from /opt/airflow/dags/dag_updating.py
[2026-09-17T16:30:13.234+0000] {processor.py:840} INFO - DAG(s) 'youtube_data_updating' retrieved from /opt/airflow/dags/dag_updating.py
[2026-09-17T16:30:13.265+0000] {logging_mixin.py:188} INFO - [2026-09-17T16:30:13.264+0000] {dag.py:3096} INFO - Sync 1 DAGs
[2026-09-17T16:30:13.293+0000] {logging_mixin.py:188} INFO - [2026-09-17T16:30:13.293+0000] {dag.py:3954} INFO - Setting next_dagrun for youtube_data_updating to 2026-09-17 00:00:00+00:00, run_after=2026-09-18 00:00:00+00:00
[2026-09-17T16:30:13.320+0000] {processor.py:183} INFO - Processing /opt/airflow/dags/dag_updating.py took 0.176 seconds
[2026-09-17T16:30:43.732+0000] {processor.py:161} INFO - Started process (PID=256) to work on /opt/airflow/dags/dag_updating.py
[2026-09-17T16:30:43.736+0000] {processor.py:830} INFO - Processing file /opt/airflow/dags/dag_updating.py for tasks to queue
[2026-09-17T16:30:43.741+0000] {logging_mixin.py:188} INFO - [2026-09-17T16:30:43.740+0000] {dagbag.py:545} INFO - Filling up the DagBag from /opt/airflow/dags/dag_updating.py
[2026-09-17T16:30:43.828+0000] {processor.py:840} INFO - DAG(s) 'youtube_data_updating' retrieved from /opt/airflow/dags/dag_updating.py
[2026-09-17T16:30:43.862+0000] {logging_mixin.py:188} INFO - [2026-09-17T16:30:43.862+0000] {dag.py:3096} INFO - Sync 1 DAGs
[2026-09-17T16:30:43.895+0000] {logging_mixin.py:188} INFO - [2026-09-17T16:30:43.894+0000] {dag.py:3954} INFO - Setting next_dagrun for youtube_data_updating to 2026-09-17 00:00:00+00:00, run_after=2026-09-18 00:00:00+00:00
[2026-09-17T16:30:43.959+0000] {processor.py:183} INFO - Processing /opt/airflow/dags/dag_updating.py took 0.241 seconds
[2026-09-17T16:31:14.418+0000] {processor.py:161} INFO - Started process (PID=264) to work on /opt/airflow/dags/dag_updating.py
[2026-09-17T16:31:14.422+0000] {processor.py:830} INFO - Processing file /opt/airflow/dags/dag_updating.py for tasks to queue
[2026-09-17T16:31:14.427+0000] {logging_mixin.py:188} INFO - [2026-09-17T16:31:14.426+0000] {dagbag.py:545} INFO - Filling up the DagBag from /opt/airflow/dags/dag_updating.py
[2026-09-17T16:31:14.505+0000] {processor.py:840} INFO - DAG(s) 'youtube_data_updating' retrieved from /opt/airflow/dags/dag_updating.py
[2026-09-17T16:31:14.531+0000] {logging_mixin.py:188} INFO - [2026-09-17T16:31:14.531+0000] {dag.py:3096} INFO - Sync 1 DAGs
[2026-09-17T16:31:14.563+0000] {logging_mixin.py:188} INFO - [2026-09-17T16:31:14.562+0000] {dag.py:3954} INFO - Setting next_dagrun for youtube_data_updating to 2026-09-17 00:00:00+00:00, run_after=2026-09-18 00:00:00+00:00
[2026-09-17T16:31:14.596+0000] {processor.py:183} INFO - Processing /opt/airflow/dags/dag_updating.py took 0.189 seconds
[2026-09-17T16:31:44.828+0000] {processor.py:161} INFO - Started process (PID=271) to work on /opt/airflow/dags/dag_updating.py
[2026-09-17T16:31:44.831+0000] {processor.py:830} INFO - Processing file /opt/airflow/dags/dag_updating.py for tasks to queue
[2026-09-17T16:31:44.837+0000] {logging_mixin.py:188} INFO - [2026-09-17T16:31:44.836+0000] {dagbag.py:545} INFO - Filling up the DagBag from /opt/airflow/dags/dag_updating.py
[2026-09-17T16:31:44.914+0000] {processor.py:840} INFO - DAG(s) 'youtube_data_updating' retrieved from /opt/airflow/dags/dag_updating.py
[2026-09-17T16:31:44.944+0000] {logging_mixin.py:188} INFO - [2026-09-17T16:31:44.944+0000] {dag.py:3096} INFO - Sync 1 DAGs
[2026-09-17T16:31:44.972+0000] {logging_mixin.py:188} INFO - [2026-09-17T16:31:44.972+0000] {dag.py:3954} INFO - Setting next_dagrun for youtube_data_updating to 2026-09-17 00:00:00+00:00, run_after=2026-09-18 00:00:00+00:00
[2026-09-17T16:31:45.006+0000] {processor.py:183} INFO - Processing /opt/airflow/dags/dag_updating.py took 0.187 seconds
[2026-09-17T16:32:15.469+0000] {processor.py:161} INFO - Started process (PID=279) to work on /opt/airflow/dags/dag_updating.py
[2026-09-17T16:32:15.476+0000] {processor.py:830} INFO - Processing file /opt/airflow/dags/dag_updating.py for tasks to queue
[2026-09-17T16:32:15.481+0000] {logging_mixin.py:188} INFO - [2026-09-17T16:32:15.480+0000] {dagbag.py:545} INFO - Filling up the DagBag from /opt/airflow/dags/dag_updating.py
[2026-09-17T16:32:15.537+0000] {processor.py:840} INFO - DAG(s) 'youtube_data_updating' retrieved from /opt/airflow/dags/dag_updating.py
[2026-09-17T16:32:15.563+0000] {logging_mixin.py:188} INFO - [2026-09-17T16:32:15.563+0000] {dag.py:3096} INFO - Sync 1 DAGs
[2026-09-17T16:32:15.648+0000] {logging_mixin.py:188} INFO - [2026-09-17T16:32:15.647+0000] {dag.py:3954} INFO - Setting next_dagrun for youtube_data_updating to 2026-09-17 00:00:00+00:00, run_after=2026-09-18 00:00:00+00:00
[2026-09-17T16:32:15.685+0000] {processor.py:183} INFO - Processing /opt/airflow/dags/dag_updating.py took 0.229 seconds
[2026-09-17T16:32:45.787+0000] {processor.py:161} INFO - Started process (PID=287) to work on /opt/airflow/dags/dag_updating.py
[2026-09-17T16:32:45.793+0000] {processor.py:830} INFO - Processing file /opt/airflow/dags/dag_updating.py for tasks to queue
[2026-09-17T16:32:45.799+0000] {logging_mixin.py:188} INFO - [2026-09-17T16:32:45.798+0000] {dagbag.py:545} INFO - Filling up the DagBag from /opt/airflow/dags/dag_updating.py
[2026-09-17T16:32:45.858+0000] {processor.py:840} INFO - DAG(s) 'youtube_data_updating' retrieved from /opt/airflow/dags/dag_updating.py
[2026-09-17T16:32:45.885+0000] {logging_mixin.py:188} INFO - [2026-09-17T16:32:45.885+0000] {dag.py:3096} INFO - Sync 1 DAGs
[2026-09-17T16:32:45.912+0000] {logging_mixin.py:188} INFO - [2026-09-17T16:32:45.912+0000] {dag.py:3954} INFO - Setting next_dagrun for youtube_data_updating to 2026-09-17 00:00:00+00:00, run_after=2026-09-18 00:00:00+00:00
[2026-09-17T16:32:45.938+0000] {processor.py:183} INFO - Processing /opt/airflow/dags/dag_updating.py took 0.158 seconds
[2026-09-17T16:33:16.242+0000] {processor.py:161} INFO - Started process (PID=296) to work on /opt/airflow/dags/dag_updating.py
[2026-09-17T16:33:16.251+0000] {processor.py:830} INFO - Processing file /opt/airflow/dags/dag_updating.py for tasks to queue
[2026-09-17T16:33:16.264+0000] {logging_mixin.py:188} INFO - [2026-09-17T16:33:16.263+0000] {dagbag.py:545} INFO - Filling up the DagBag from /opt/airflow/dags/dag_updating.py
[2026-09-17T16:33:16.422+0000] {processor.py:840} INFO - DAG(s) 'youtube_data_updating' retrieved from /opt/airflow/dags/dag_updating.py
[2026-09-17T16:33:16.488+0000] {logging_mixin.py:188} INFO - [2026-09-17T16:33:16.487+0000] {dag.py:3096} INFO - Sync 1 DAGs
[2026-09-17T16:33:16.528+0000] {logging_mixin.py:188} INFO - [2026-09-17T16:33:16.528+0000] {dag.py:3954} INFO - Setting next_dagrun for youtube_data_updating to 2026-09-17 00:00:00+00:00, run_after=2026-09-18 00:00:00+00:00
[2026-09-17T16:33:16.564+0000] {processor.py:183} INFO - Processing /opt/airflow/dags/dag_updating.py took 0.347 seconds
[2026-09-17T16:33:46.997+0000] {processor.py:161} INFO - Started process (PID=303) to work on /opt/airflow/dags/dag_updating.py
[2026-09-17T16:33:47.001+0000] {processor.py:830} INFO - Processing file /opt/airflow/dags/dag_updating.py for tasks to queue
[2026-09-17T16:33:47.006+0000] {logging_mixin.py:188} INFO - [2026-09-17T16:33:47.004+0000] {dagbag.py:545} INFO - Filling up the DagBag from /opt/airflow/dags/dag_updating.py
[2026-09-17T16:33:47.069+0000] {processor.py:840} INFO - DAG(s) 'youtube_data_updating' retrieved from /opt/airflow/dags/dag_updating.py
[2026-09-17T16:33:47.101+0000] {logging_mixin.py:188} INFO - [2026-09-17T16:33:47.101+0000] {dag.py:3096} INFO - Sync 1 DAGs
[2026-09-17T16:33:47.134+0000] {logging_mixin.py:188} INFO - [2026-09-17T16:33:47.134+0000] {dag.py:3954} INFO - Setting next_dagrun for youtube_data_updating to 2026-09-17 00:00:00+00:00, run_after=2026-09-18 00:00:00+00:00
[2026-09-17T16:33:47.172+0000] {processor.py:183} INFO - Processing /opt/airflow/dags/dag_updating.py took 0.185 seconds
[2026-09-17T19:19:57.966+0000] {processor.py:161} INFO - Started process (PID=62) to work on /opt/airflow/dags/dag_updating.py
[2026-09-17T19:19:57.972+0000] {processor.py:830} INFO - Processing file /opt/airflow/dags/dag_updating.py for tasks to queue
[2026-09-17T19:19:57.981+0000] {logging_mixin.py:188} INFO - [2026-09-17T19:19:57.980+0000] {dagbag.py:545} INFO - Filling up the DagBag from /opt/airflow/dags/dag_updating.py
[2026-09-17T19:19:58.244+0000] {processor.py:840} INFO - DAG(s) 'youtube_data_updating' retrieved from /opt/airflow/dags/dag_updating.py
[2026-09-17T19:19:58.709+0000] {logging_mixin.py:188} INFO - [2026-09-17T19:19:58.708+0000] {dag.py:3096} INFO - Sync 1 DAGs
[2026-09-17T19:19:58.751+0000] {logging_mixin.py:188} INFO - [2026-09-17T19:19:58.751+0000] {dag.py:3954} INFO - Setting next_dagrun for youtube_data_updating to 2026-09-17 00:00:00+00:00, run_after=2026-09-18 00:00:00+00:00
[2026-09-17T19:19:58.791+0000] {processor.py:183} INFO - Processing /opt/airflow/dags/dag_updating.py took 0.849 seconds
[2026-09-17T19:20:29.105+0000] {processor.py:161} INFO - Started process (PID=70) to work on /opt/airflow/dags/dag_updating.py
[2026-09-17T19:20:29.110+0000] {processor.py:830} INFO - Processing file /opt/airflow/dags/dag_updating.py for tasks to queue
[2026-09-17T19:20:29.116+0000] {logging_mixin.py:188} INFO - [2026-09-17T19:20:29.116+0000] {dagbag.py:545} INFO - Filling up the DagBag from /opt/airflow/dags/dag_updating.py
[2026-09-17T19:20:29.217+0000] {processor.py:840} INFO - DAG(s) 'youtube_data_updating' retrieved from /opt/airflow/dags/dag_updating.py
[2026-09-17T19:20:29.261+0000] {logging_mixin.py:188} INFO - [2026-09-17T19:20:29.261+0000] {dag.py:3096} INFO - Sync 1 DAGs
[2026-09-17T19:20:29.298+0000] {logging_mixin.py:188} INFO - [2026-09-17T19:20:29.298+0000] {dag.py:3954} INFO - Setting next_dagrun for youtube_data_updating to 2026-09-17 00:00:00+00:00, run_after=2026-09-18 00:00:00+00:00
[2026-09-17T19:20:29.332+0000] {processor.py:183} INFO - Processing /opt/airflow/dags/dag_updating.py took 0.239 seconds
[2026-09-17T19:20:59.633+0000] {processor.py:161} INFO - Started process (PID=78) to work on /opt/airflow/dags/dag_updating.py
[2026-09-17T19:20:59.642+0000] {processor.py:830} INFO - Processing file /opt/airflow/dags/dag_updating.py for tasks to queue
[2026-09-17T19:20:59.648+0000] {logging_mixin.py:188} INFO - [2026-09-17T19:20:59.647+0000] {dagbag.py:545} INFO - Filling up the DagBag from /opt/airflow/dags/dag_updating.py
[2026-09-17T19:20:59.789+0000] {processor.py:840} INFO - DAG(s) 'youtube_data_updating' retrieved from /opt/airflow/dags/dag_updating.py
[2026-09-17T19:20:59.826+0000] {logging_mixin.py:188} INFO - [2026-09-17T19:20:59.825+0000] {dag.py:3096} INFO - Sync 1 DAGs
[2026-09-17T19:20:59.859+0000] {logging_mixin.py:188} INFO - [2026-09-17T19:20:59.858+0000] {dag.py:3954} INFO - Setting next_dagrun for youtube_data_updating to 2026-09-17 00:00:00+00:00, run_after=2026-09-18 00:00:00+00:00
[2026-09-17T19:20:59.889+0000] {processor.py:183} INFO - Processing /opt/airflow/dags/dag_updating.py took 0.294 seconds
[2026-09-17T19:21:30.319+0000] {processor.py:161} INFO - Started process (PID=87) to work on /opt/airflow/dags/dag_updating.py
[2026-09-17T19:21:30.323+0000] {processor.py:830} INFO - Processing file /opt/airflow/dags/dag_updating.py for tasks to queue
[2026-09-17T19:21:30.325+0000] {logging_mixin.py:188} INFO - [2026-09-17T19:21:30.325+0000] {dagbag.py:545} INFO - Filling up the DagBag from /opt/airflow/dags/dag_updating.py
[2026-09-17T19:21:30.397+0000] {processor.py:840} INFO - DAG(s) 'youtube_data_updating' retrieved from /opt/airflow/dags/dag_updating.py
[2026-09-17T19:21:30.428+0000] {logging_mixin.py:188} INFO - [2026-09-17T19:21:30.428+0000] {dag.py:3096} INFO - Sync 1 DAGs
[2026-09-17T19:21:30.467+0000] {logging_mixin.py:188} INFO - [2026-09-17T19:21:30.467+0000] {dag.py:3954} INFO - Setting next_dagrun for youtube_data_updating to 2026-09-17 00:00:00+00:00, run_after=2026-09-18 00:00:00+00:00
[2026-09-17T19:21:30.500+0000] {processor.py:183} INFO - Processing /opt/airflow/dags/dag_updating.py took 0.192 seconds
[2026-09-17T19:22:00.791+0000] {processor.py:161} INFO - Started process (PID=94) to work on /opt/airflow/dags/dag_updating.py
[2026-09-17T19:22:00.799+0000] {processor.py:830} INFO - Processing file /opt/airflow/dags/dag_updating.py for tasks to queue
[2026-09-17T19:22:00.803+0000] {logging_mixin.py:188} INFO - [2026-09-17T19:22:00.802+0000] {dagbag.py:545} INFO - Filling up the DagBag from /opt/airflow/dags/dag_updating.py
[2026-09-17T19:22:00.909+0000] {processor.py:840} INFO - DAG(s) 'youtube_data_updating' retrieved from /opt/airflow/dags/dag_updating.py
[2026-09-17T19:22:00.965+0000] {logging_mixin.py:188} INFO - [2026-09-17T19:22:00.964+0000] {dag.py:3096} INFO - Sync 1 DAGs
[2026-09-17T19:22:01.027+0000] {logging_mixin.py:188} INFO - [2026-09-17T19:22:01.027+0000] {dag.py:3954} INFO - Setting next_dagrun for youtube_data_updating to 2026-09-17 00:00:00+00:00, run_after=2026-09-18 00:00:00+00:00
[2026-09-17T19:22:01.067+0000] {processor.py:183} INFO - Processing /opt/airflow/dags/dag_updating.py took 0.302 seconds
[2026-09-17T19:22:31.197+0000] {processor.py:161} INFO - Started process (PID=102) to work on /opt/airflow/dags/dag_updating.py
[2026-09-17T19:22:31.205+0000] {processor.py:830} INFO - Processing file /opt/airflow/dags/dag_updating.py for tasks to queue
[2026-09-17T19:22:31.210+0000] {logging_mixin.py:188} INFO - [2026-09-17T19:22:31.209+0000] {dagbag.py:545} INFO - Filling up the DagBag from /opt/airflow/dags/dag_updating.py
[2026-09-17T19:22:31.347+0000] {processor.py:840} INFO - DAG(s) 'youtube_data_updating' retrieved from /opt/airflow/dags/dag_updating.py
[2026-09-17T19:22:31.435+0000] {logging_mixin.py:188} INFO - [2026-09-17T19:22:31.434+0000] {dag.py:3096} INFO - Sync 1 DAGs
[2026-09-17T19:22:31.504+0000] {logging_mixin.py:188} INFO - [2026-09-17T19:22:31.503+0000] {dag.py:3954} INFO - Setting next_dagrun for youtube_data_updating to 2026-09-17 00:00:00+00:00, run_after=2026-09-18 00:00:00+00:00
[2026-09-17T19:22:31.578+0000] {processor.py:183} INFO - Processing /opt/airflow/dags/dag_updating.py took 0.398 seconds
[2026-09-17T19:23:01.852+0000] {processor.py:161} INFO - Started process (PID=116) to work on /opt/airflow/dags/dag_updating.py
[2026-09-17T19:23:01.862+0000] {processor.py:830} INFO - Processing file /opt/airflow/dags/dag_updating.py for tasks to queue
[2026-09-17T19:23:01.867+0000] {logging_mixin.py:188} INFO - [2026-09-17T19:23:01.866+0000] {dagbag.py:545} INFO - Filling up the DagBag from /opt/airflow/dags/dag_updating.py
[2026-09-17T19:23:01.993+0000] {processor.py:840} INFO - DAG(s) 'youtube_data_updating' retrieved from /opt/airflow/dags/dag_updating.py
[2026-09-17T19:23:02.049+0000] {logging_mixin.py:188} INFO - [2026-09-17T19:23:02.049+0000] {dag.py:3096} INFO - Sync 1 DAGs
[2026-09-17T19:23:02.088+0000] {logging_mixin.py:188} INFO - [2026-09-17T19:23:02.088+0000] {dag.py:3954} INFO - Setting next_dagrun for youtube_data_updating to 2026-09-17 00:00:00+00:00, run_after=2026-09-18 00:00:00+00:00
[2026-09-17T19:23:02.120+0000] {processor.py:183} INFO - Processing /opt/airflow/dags/dag_updating.py took 0.286 seconds
[2026-09-17T19:23:32.425+0000] {processor.py:161} INFO - Started process (PID=124) to work on /opt/airflow/dags/dag_updating.py
[2026-09-17T19:23:32.429+0000] {processor.py:830} INFO - Processing file /opt/airflow/dags/dag_updating.py for tasks to queue
[2026-09-17T19:23:32.434+0000] {logging_mixin.py:188} INFO - [2026-09-17T19:23:32.432+0000] {dagbag.py:545} INFO - Filling up the DagBag from /opt/airflow/dags/dag_updating.py
[2026-09-17T19:23:32.494+0000] {processor.py:840} INFO - DAG(s) 'youtube_data_updating' retrieved from /opt/airflow/dags/dag_updating.py
[2026-09-17T19:23:32.526+0000] {logging_mixin.py:188} INFO - [2026-09-17T19:23:32.526+0000] {dag.py:3096} INFO - Sync 1 DAGs
[2026-09-17T19:23:32.557+0000] {logging_mixin.py:188} INFO - [2026-09-17T19:23:32.557+0000] {dag.py:3954} INFO - Setting next_dagrun for youtube_data_updating to 2026-09-17 00:00:00+00:00, run_after=2026-09-18 00:00:00+00:00
[2026-09-17T19:23:32.587+0000] {processor.py:183} INFO - Processing /opt/airflow/dags/dag_updating.py took 0.171 seconds
[2026-09-17T19:24:02.960+0000] {processor.py:161} INFO - Started process (PID=132) to work on /opt/airflow/dags/dag_updating.py
[2026-09-17T19:24:02.966+0000] {processor.py:830} INFO - Processing file /opt/airflow/dags/dag_updating.py for tasks to queue
[2026-09-17T19:24:02.970+0000] {logging_mixin.py:188} INFO - [2026-09-17T19:24:02.969+0000] {dagbag.py:545} INFO - Filling up the DagBag from /opt/airflow/dags/dag_updating.py
[2026-09-17T19:24:03.075+0000] {processor.py:840} INFO - DAG(s) 'youtube_data_updating' retrieved from /opt/airflow/dags/dag_updating.py
[2026-09-17T19:24:03.109+0000] {logging_mixin.py:188} INFO - [2026-09-17T19:24:03.108+0000] {dag.py:3096} INFO - Sync 1 DAGs
[2026-09-17T19:24:03.157+0000] {logging_mixin.py:188} INFO - [2026-09-17T19:24:03.156+0000] {dag.py:3954} INFO - Setting next_dagrun for youtube_data_updating to 2026-09-17 00:00:00+00:00, run_after=2026-09-18 00:00:00+00:00
[2026-09-17T19:24:03.186+0000] {processor.py:183} INFO - Processing /opt/airflow/dags/dag_updating.py took 0.242 seconds
[2026-09-17T19:24:33.525+0000] {processor.py:161} INFO - Started process (PID=139) to work on /opt/airflow/dags/dag_updating.py
[2026-09-17T19:24:33.531+0000] {processor.py:830} INFO - Processing file /opt/airflow/dags/dag_updating.py for tasks to queue
[2026-09-17T19:24:33.534+0000] {logging_mixin.py:188} INFO - [2026-09-17T19:24:33.534+0000] {dagbag.py:545} INFO - Filling up the DagBag from /opt/airflow/dags/dag_updating.py
[2026-09-17T19:24:33.601+0000] {processor.py:840} INFO - DAG(s) 'youtube_data_updating' retrieved from /opt/airflow/dags/dag_updating.py
[2026-09-17T19:24:33.630+0000] {logging_mixin.py:188} INFO - [2026-09-17T19:24:33.630+0000] {dag.py:3096} INFO - Sync 1 DAGs
[2026-09-17T19:24:33.662+0000] {logging_mixin.py:188} INFO - [2026-09-17T19:24:33.662+0000] {dag.py:3954} INFO - Setting next_dagrun for youtube_data_updating to 2026-09-17 00:00:00+00:00, run_after=2026-09-18 00:00:00+00:00
[2026-09-17T19:24:33.694+0000] {processor.py:183} INFO - Processing /opt/airflow/dags/dag_updating.py took 0.179 seconds
[2026-09-17T19:25:04.231+0000] {processor.py:161} INFO - Started process (PID=147) to work on /opt/airflow/dags/dag_updating.py
[2026-09-17T19:25:04.238+0000] {processor.py:830} INFO - Processing file /opt/airflow/dags/dag_updating.py for tasks to queue
[2026-09-17T19:25:04.242+0000] {logging_mixin.py:188} INFO - [2026-09-17T19:25:04.241+0000] {dagbag.py:545} INFO - Filling up the DagBag from /opt/airflow/dags/dag_updating.py
[2026-09-17T19:25:04.311+0000] {processor.py:840} INFO - DAG(s) 'youtube_data_updating' retrieved from /opt/airflow/dags/dag_updating.py
[2026-09-17T19:25:04.346+0000] {logging_mixin.py:188} INFO - [2026-09-17T19:25:04.346+0000] {dag.py:3096} INFO - Sync 1 DAGs
[2026-09-17T19:25:04.375+0000] {logging_mixin.py:188} INFO - [2026-09-17T19:25:04.375+0000] {dag.py:3954} INFO - Setting next_dagrun for youtube_data_updating to 2026-09-17 00:00:00+00:00, run_after=2026-09-18 00:00:00+00:00
[2026-09-17T19:25:04.405+0000] {processor.py:183} INFO - Processing /opt/airflow/dags/dag_updating.py took 0.186 seconds
[2026-09-17T19:25:34.588+0000] {processor.py:161} INFO - Started process (PID=155) to work on /opt/airflow/dags/dag_updating.py
[2026-09-17T19:25:34.591+0000] {processor.py:830} INFO - Processing file /opt/airflow/dags/dag_updating.py for tasks to queue
[2026-09-17T19:25:34.594+0000] {logging_mixin.py:188} INFO - [2026-09-17T19:25:34.594+0000] {dagbag.py:545} INFO - Filling up the DagBag from /opt/airflow/dags/dag_updating.py
[2026-09-17T19:25:34.658+0000] {processor.py:840} INFO - DAG(s) 'youtube_data_updating' retrieved from /opt/airflow/dags/dag_updating.py
[2026-09-17T19:25:34.682+0000] {logging_mixin.py:188} INFO - [2026-09-17T19:25:34.682+0000] {dag.py:3096} INFO - Sync 1 DAGs
[2026-09-17T19:25:34.707+0000] {logging_mixin.py:188} INFO - [2026-09-17T19:25:34.707+0000] {dag.py:3954} INFO - Setting next_dagrun for youtube_data_updating to 2026-09-17 00:00:00+00:00, run_after=2026-09-18 00:00:00+00:00
[2026-09-17T19:25:34.734+0000] {processor.py:183} INFO - Processing /opt/airflow/dags/dag_updating.py took 0.155 seconds
[2026-09-17T19:26:05.158+0000] {processor.py:161} INFO - Started process (PID=162) to work on /opt/airflow/dags/dag_updating.py
[2026-09-17T19:26:05.163+0000] {processor.py:830} INFO - Processing file /opt/airflow/dags/dag_updating.py for tasks to queue
[2026-09-17T19:26:05.166+0000] {logging_mixin.py:188} INFO - [2026-09-17T19:26:05.165+0000] {dagbag.py:545} INFO - Filling up the DagBag from /opt/airflow/dags/dag_updating.py
[2026-09-17T19:26:05.230+0000] {processor.py:840} INFO - DAG(s) 'youtube_data_updating' retrieved from /opt/airflow/dags/dag_updating.py
[2026-09-17T19:26:05.259+0000] {logging_mixin.py:188} INFO - [2026-09-17T19:26:05.259+0000] {dag.py:3096} INFO - Sync 1 DAGs
[2026-09-17T19:26:05.288+0000] {logging_mixin.py:188} INFO - [2026-09-17T19:26:05.287+0000] {dag.py:3954} INFO - Setting next_dagrun for youtube_data_updating to 2026-09-17 00:00:00+00:00, run_after=2026-09-18 00:00:00+00:00
[2026-09-17T19:26:05.313+0000] {processor.py:183} INFO - Processing /opt/airflow/dags/dag_updating.py took 0.163 seconds
[2026-09-17T19:26:35.547+0000] {processor.py:161} INFO - Started process (PID=170) to work on /opt/airflow/dags/dag_updating.py
[2026-09-17T19:26:35.551+0000] {processor.py:830} INFO - Processing file /opt/airflow/dags/dag_updating.py for tasks to queue
[2026-09-17T19:26:35.556+0000] {logging_mixin.py:188} INFO - [2026-09-17T19:26:35.555+0000] {dagbag.py:545} INFO - Filling up the DagBag from /opt/airflow/dags/dag_updating.py
[2026-09-17T19:26:35.644+0000] {processor.py:840} INFO - DAG(s) 'youtube_data_updating' retrieved from /opt/airflow/dags/dag_updating.py
[2026-09-17T19:26:35.676+0000] {logging_mixin.py:188} INFO - [2026-09-17T19:26:35.676+0000] {dag.py:3096} INFO - Sync 1 DAGs
[2026-09-17T19:26:35.703+0000] {logging_mixin.py:188} INFO - [2026-09-17T19:26:35.703+0000] {dag.py:3954} INFO - Setting next_dagrun for youtube_data_updating to 2026-09-17 00:00:00+00:00, run_after=2026-09-18 00:00:00+00:00
[2026-09-17T19:26:35.731+0000] {processor.py:183} INFO - Processing /opt/airflow/dags/dag_updating.py took 0.203 seconds
[2026-09-17T19:27:06.137+0000] {processor.py:161} INFO - Started process (PID=178) to work on /opt/airflow/dags/dag_updating.py
[2026-09-17T19:27:06.142+0000] {processor.py:830} INFO - Processing file /opt/airflow/dags/dag_updating.py for tasks to queue
[2026-09-17T19:27:06.148+0000] {logging_mixin.py:188} INFO - [2026-09-17T19:27:06.147+0000] {dagbag.py:545} INFO - Filling up the DagBag from /opt/airflow/dags/dag_updating.py
[2026-09-17T19:27:06.251+0000] {processor.py:840} INFO - DAG(s) 'youtube_data_updating' retrieved from /opt/airflow/dags/dag_updating.py
[2026-09-17T19:27:06.299+0000] {logging_mixin.py:188} INFO - [2026-09-17T19:27:06.299+0000] {dag.py:3096} INFO - Sync 1 DAGs
[2026-09-17T19:27:06.348+0000] {logging_mixin.py:188} INFO - [2026-09-17T19:27:06.348+0000] {dag.py:3954} INFO - Setting next_dagrun for youtube_data_updating to 2026-09-17 00:00:00+00:00, run_after=2026-09-18 00:00:00+00:00
[2026-09-17T19:27:06.394+0000] {processor.py:183} INFO - Processing /opt/airflow/dags/dag_updating.py took 0.272 seconds
[2026-09-17T19:27:36.543+0000] {processor.py:161} INFO - Started process (PID=186) to work on /opt/airflow/dags/dag_updating.py
[2026-09-17T19:27:36.546+0000] {processor.py:830} INFO - Processing file /opt/airflow/dags/dag_updating.py for tasks to queue
[2026-09-17T19:27:36.550+0000] {logging_mixin.py:188} INFO - [2026-09-17T19:27:36.549+0000] {dagbag.py:545} INFO - Filling up the DagBag from /opt/airflow/dags/dag_updating.py
[2026-09-17T19:27:36.627+0000] {processor.py:840} INFO - DAG(s) 'youtube_data_updating' retrieved from /opt/airflow/dags/dag_updating.py
[2026-09-17T19:27:36.711+0000] {logging_mixin.py:188} INFO - [2026-09-17T19:27:36.710+0000] {dag.py:3096} INFO - Sync 1 DAGs
[2026-09-17T19:27:36.780+0000] {logging_mixin.py:188} INFO - [2026-09-17T19:27:36.780+0000] {dag.py:3954} INFO - Setting next_dagrun for youtube_data_updating to 2026-09-17 00:00:00+00:00, run_after=2026-09-18 00:00:00+00:00
[2026-09-17T19:27:36.820+0000] {processor.py:183} INFO - Processing /opt/airflow/dags/dag_updating.py took 0.285 seconds
[2026-09-17T19:28:07.321+0000] {processor.py:161} INFO - Started process (PID=193) to work on /opt/airflow/dags/dag_updating.py
[2026-09-17T19:28:07.325+0000] {processor.py:830} INFO - Processing file /opt/airflow/dags/dag_updating.py for tasks to queue
[2026-09-17T19:28:07.328+0000] {logging_mixin.py:188} INFO - [2026-09-17T19:28:07.327+0000] {dagbag.py:545} INFO - Filling up the DagBag from /opt/airflow/dags/dag_updating.py
[2026-09-17T19:28:07.408+0000] {processor.py:840} INFO - DAG(s) 'youtube_data_updating' retrieved from /opt/airflow/dags/dag_updating.py
[2026-09-17T19:28:07.476+0000] {logging_mixin.py:188} INFO - [2026-09-17T19:28:07.476+0000] {dag.py:3096} INFO - Sync 1 DAGs
[2026-09-17T19:28:07.540+0000] {logging_mixin.py:188} INFO - [2026-09-17T19:28:07.539+0000] {dag.py:3954} INFO - Setting next_dagrun for youtube_data_updating to 2026-09-17 00:00:00+00:00, run_after=2026-09-18 00:00:00+00:00
[2026-09-17T19:28:07.612+0000] {processor.py:183} INFO - Processing /opt/airflow/dags/dag_updating.py took 0.303 seconds
[2026-09-17T19:28:38.032+0000] {processor.py:161} INFO - Started process (PID=201) to work on /opt/airflow/dags/dag_updating.py
[2026-09-17T19:28:38.034+0000] {processor.py:830} INFO - Processing file /opt/airflow/dags/dag_updating.py for tasks to queue
[2026-09-17T19:28:38.036+0000] {logging_mixin.py:188} INFO - [2026-09-17T19:28:38.036+0000] {dagbag.py:545} INFO - Filling up the DagBag from /opt/airflow/dags/dag_updating.py
[2026-09-17T19:28:38.105+0000] {processor.py:840} INFO - DAG(s) 'youtube_data_updating' retrieved from /opt/airflow/dags/dag_updating.py
[2026-09-17T19:28:38.134+0000] {logging_mixin.py:188} INFO - [2026-09-17T19:28:38.134+0000] {dag.py:3096} INFO - Sync 1 DAGs
[2026-09-17T19:28:38.185+0000] {logging_mixin.py:188} INFO - [2026-09-17T19:28:38.184+0000] {dag.py:3954} INFO - Setting next_dagrun for youtube_data_updating to 2026-09-17 00:00:00+00:00, run_after=2026-09-18 00:00:00+00:00
[2026-09-17T19:28:38.236+0000] {processor.py:183} INFO - Processing /opt/airflow/dags/dag_updating.py took 0.213 seconds
[2026-09-17T19:29:08.711+0000] {processor.py:161} INFO - Started process (PID=209) to work on /opt/airflow/dags/dag_updating.py
[2026-09-17T19:29:08.715+0000] {processor.py:830} INFO - Processing file /opt/airflow/dags/dag_updating.py for tasks to queue
[2026-09-17T19:29:08.719+0000] {logging_mixin.py:188} INFO - [2026-09-17T19:29:08.719+0000] {dagbag.py:545} INFO - Filling up the DagBag from /opt/airflow/dags/dag_updating.py
[2026-09-17T19:29:08.785+0000] {processor.py:840} INFO - DAG(s) 'youtube_data_updating' retrieved from /opt/airflow/dags/dag_updating.py
[2026-09-17T19:29:08.823+0000] {logging_mixin.py:188} INFO - [2026-09-17T19:29:08.823+0000] {dag.py:3096} INFO - Sync 1 DAGs
[2026-09-17T19:29:08.849+0000] {logging_mixin.py:188} INFO - [2026-09-17T19:29:08.848+0000] {dag.py:3954} INFO - Setting next_dagrun for youtube_data_updating to 2026-09-17 00:00:00+00:00, run_after=2026-09-18 00:00:00+00:00
[2026-09-17T19:29:08.881+0000] {processor.py:183} INFO - Processing /opt/airflow/dags/dag_updating.py took 0.183 seconds
[2026-09-17T19:29:39.372+0000] {processor.py:161} INFO - Started process (PID=217) to work on /opt/airflow/dags/dag_updating.py
[2026-09-17T19:29:39.378+0000] {processor.py:830} INFO - Processing file /opt/airflow/dags/dag_updating.py for tasks to queue
[2026-09-17T19:29:39.383+0000] {logging_mixin.py:188} INFO - [2026-09-17T19:29:39.383+0000] {dagbag.py:545} INFO - Filling up the DagBag from /opt/airflow/dags/dag_updating.py
[2026-09-17T19:29:39.510+0000] {processor.py:840} INFO - DAG(s) 'youtube_data_updating' retrieved from /opt/airflow/dags/dag_updating.py
[2026-09-17T19:29:39.555+0000] {logging_mixin.py:188} INFO - [2026-09-17T19:29:39.554+0000] {dag.py:3096} INFO - Sync 1 DAGs
[2026-09-17T19:29:39.609+0000] {logging_mixin.py:188} INFO - [2026-09-17T19:29:39.608+0000] {dag.py:3954} INFO - Setting next_dagrun for youtube_data_updating to 2026-09-17 00:00:00+00:00, run_after=2026-09-18 00:00:00+00:00
[2026-09-17T19:29:39.661+0000] {processor.py:183} INFO - Processing /opt/airflow/dags/dag_updating.py took 0.306 seconds
[2026-09-17T19:30:09.856+0000] {processor.py:161} INFO - Started process (PID=224) to work on /opt/airflow/dags/dag_updating.py
[2026-09-17T19:30:09.861+0000] {processor.py:830} INFO - Processing file /opt/airflow/dags/dag_updating.py for tasks to queue
[2026-09-17T19:30:09.864+0000] {logging_mixin.py:188} INFO - [2026-09-17T19:30:09.864+0000] {dagbag.py:545} INFO - Filling up the DagBag from /opt/airflow/dags/dag_updating.py
[2026-09-17T19:30:09.922+0000] {processor.py:840} INFO - DAG(s) 'youtube_data_updating' retrieved from /opt/airflow/dags/dag_updating.py
[2026-09-17T19:30:09.950+0000] {logging_mixin.py:188} INFO - [2026-09-17T19:30:09.950+0000] {dag.py:3096} INFO - Sync 1 DAGs
[2026-09-17T19:30:09.983+0000] {logging_mixin.py:188} INFO - [2026-09-17T19:30:09.983+0000] {dag.py:3954} INFO - Setting next_dagrun for youtube_data_updating to 2026-09-17 00:00:00+00:00, run_after=2026-09-18 00:00:00+00:00
[2026-09-17T19:30:10.011+0000] {processor.py:183} INFO - Processing /opt/airflow/dags/dag_updating.py took 0.162 seconds
[2026-09-17T19:30:40.273+0000] {processor.py:161} INFO - Started process (PID=232) to work on /opt/airflow/dags/dag_updating.py
[2026-09-17T19:30:40.281+0000] {processor.py:830} INFO - Processing file /opt/airflow/dags/dag_updating.py for tasks to queue
[2026-09-17T19:30:40.285+0000] {logging_mixin.py:188} INFO - [2026-09-17T19:30:40.284+0000] {dagbag.py:545} INFO - Filling up the DagBag from /opt/airflow/dags/dag_updating.py
[2026-09-17T19:30:40.385+0000] {processor.py:840} INFO - DAG(s) 'youtube_data_updating' retrieved from /opt/airflow/dags/dag_updating.py
[2026-09-17T19:30:40.417+0000] {logging_mixin.py:188} INFO - [2026-09-17T19:30:40.417+0000] {dag.py:3096} INFO - Sync 1 DAGs
[2026-09-17T19:30:40.455+0000] {logging_mixin.py:188} INFO - [2026-09-17T19:30:40.455+0000] {dag.py:3954} INFO - Setting next_dagrun for youtube_data_updating to 2026-09-17 00:00:00+00:00, run_after=2026-09-18 00:00:00+00:00
[2026-09-17T19:30:40.491+0000] {processor.py:183} INFO - Processing /opt/airflow/dags/dag_updating.py took 0.227 seconds
[2026-09-17T19:31:10.878+0000] {processor.py:161} INFO - Started process (PID=240) to work on /opt/airflow/dags/dag_updating.py
[2026-09-17T19:31:10.885+0000] {processor.py:830} INFO - Processing file /opt/airflow/dags/dag_updating.py for tasks to queue
[2026-09-17T19:31:10.890+0000] {logging_mixin.py:188} INFO - [2026-09-17T19:31:10.889+0000] {dagbag.py:545} INFO - Filling up the DagBag from /opt/airflow/dags/dag_updating.py
[2026-09-17T19:31:11.003+0000] {processor.py:840} INFO - DAG(s) 'youtube_data_updating' retrieved from /opt/airflow/dags/dag_updating.py
[2026-09-17T19:31:11.039+0000] {logging_mixin.py:188} INFO - [2026-09-17T19:31:11.039+0000] {dag.py:3096} INFO - Sync 1 DAGs
[2026-09-17T19:31:11.093+0000] {logging_mixin.py:188} INFO - [2026-09-17T19:31:11.092+0000] {dag.py:3954} INFO - Setting next_dagrun for youtube_data_updating to 2026-09-17 00:00:00+00:00, run_after=2026-09-18 00:00:00+00:00
[2026-09-17T19:31:11.143+0000] {processor.py:183} INFO - Processing /opt/airflow/dags/dag_updating.py took 0.282 seconds
[2026-09-17T19:31:41.376+0000] {processor.py:161} INFO - Started process (PID=248) to work on /opt/airflow/dags/dag_updating.py
[2026-09-17T19:31:41.383+0000] {processor.py:830} INFO - Processing file /opt/airflow/dags/dag_updating.py for tasks to queue
[2026-09-17T19:31:41.387+0000] {logging_mixin.py:188} INFO - [2026-09-17T19:31:41.386+0000] {dagbag.py:545} INFO - Filling up the DagBag from /opt/airflow/dags/dag_updating.py
[2026-09-17T19:31:41.467+0000] {processor.py:840} INFO - DAG(s) 'youtube_data_updating' retrieved from /opt/airflow/dags/dag_updating.py
[2026-09-17T19:31:41.495+0000] {logging_mixin.py:188} INFO - [2026-09-17T19:31:41.495+0000] {dag.py:3096} INFO - Sync 1 DAGs
[2026-09-17T19:31:41.523+0000] {logging_mixin.py:188} INFO - [2026-09-17T19:31:41.523+0000] {dag.py:3954} INFO - Setting next_dagrun for youtube_data_updating to 2026-09-17 00:00:00+00:00, run_after=2026-09-18 00:00:00+00:00
[2026-09-17T19:31:41.549+0000] {processor.py:183} INFO - Processing /opt/airflow/dags/dag_updating.py took 0.189 seconds
[2026-09-17T19:32:11.995+0000] {processor.py:161} INFO - Started process (PID=255) to work on /opt/airflow/dags/dag_updating.py
[2026-09-17T19:32:12.001+0000] {processor.py:830} INFO - Processing file /opt/airflow/dags/dag_updating.py for tasks to queue
[2026-09-17T19:32:12.005+0000] {logging_mixin.py:188} INFO - [2026-09-17T19:32:12.004+0000] {dagbag.py:545} INFO - Filling up the DagBag from /opt/airflow/dags/dag_updating.py
[2026-09-17T19:32:12.080+0000] {processor.py:840} INFO - DAG(s) 'youtube_data_updating' retrieved from /opt/airflow/dags/dag_updating.py
[2026-09-17T19:32:12.112+0000] {logging_mixin.py:188} INFO - [2026-09-17T19:32:12.112+0000] {dag.py:3096} INFO - Sync 1 DAGs
[2026-09-17T19:32:12.140+0000] {logging_mixin.py:188} INFO - [2026-09-17T19:32:12.139+0000] {dag.py:3954} INFO - Setting next_dagrun for youtube_data_updating to 2026-09-17 00:00:00+00:00, run_after=2026-09-18 00:00:00+00:00
[2026-09-17T19:32:12.168+0000] {processor.py:183} INFO - Processing /opt/airflow/dags/dag_updating.py took 0.182 seconds
[2026-09-17T19:32:42.554+0000] {processor.py:161} INFO - Started process (PID=263) to work on /opt/airflow/dags/dag_updating.py
[2026-09-17T19:32:42.558+0000] {processor.py:830} INFO - Processing file /opt/airflow/dags/dag_updating.py for tasks to queue
[2026-09-17T19:32:42.560+0000] {logging_mixin.py:188} INFO - [2026-09-17T19:32:42.560+0000] {dagbag.py:545} INFO - Filling up the DagBag from /opt/airflow/dags/dag_updating.py
[2026-09-17T19:32:42.630+0000] {processor.py:840} INFO - DAG(s) 'youtube_data_updating' retrieved from /opt/airflow/dags/dag_updating.py
[2026-09-17T19:32:42.659+0000] {logging_mixin.py:188} INFO - [2026-09-17T19:32:42.659+0000] {dag.py:3096} INFO - Sync 1 DAGs
[2026-09-17T19:32:42.688+0000] {logging_mixin.py:188} INFO - [2026-09-17T19:32:42.688+0000] {dag.py:3954} INFO - Setting next_dagrun for youtube_data_updating to 2026-09-17 00:00:00+00:00, run_after=2026-09-18 00:00:00+00:00
[2026-09-17T19:32:42.720+0000] {processor.py:183} INFO - Processing /opt/airflow/dags/dag_updating.py took 0.177 seconds
[2026-09-17T19:33:12.913+0000] {processor.py:161} INFO - Started process (PID=271) to work on /opt/airflow/dags/dag_updating.py
[2026-09-17T19:33:12.918+0000] {processor.py:830} INFO - Processing file /opt/airflow/dags/dag_updating.py for tasks to queue
[2026-09-17T19:33:12.921+0000] {logging_mixin.py:188} INFO - [2026-09-17T19:33:12.921+0000] {dagbag.py:545} INFO - Filling up the DagBag from /opt/airflow/dags/dag_updating.py
[2026-09-17T19:33:12.991+0000] {processor.py:840} INFO - DAG(s) 'youtube_data_updating' retrieved from /opt/airflow/dags/dag_updating.py
[2026-09-17T19:33:13.046+0000] {logging_mixin.py:188} INFO - [2026-09-17T19:33:13.045+0000] {dag.py:3096} INFO - Sync 1 DAGs
[2026-09-17T19:33:13.104+0000] {logging_mixin.py:188} INFO - [2026-09-17T19:33:13.104+0000] {dag.py:3954} INFO - Setting next_dagrun for youtube_data_updating to 2026-09-17 00:00:00+00:00, run_after=2026-09-18 00:00:00+00:00
[2026-09-17T19:33:13.156+0000] {processor.py:183} INFO - Processing /opt/airflow/dags/dag_updating.py took 0.257 seconds
[2026-09-17T19:33:43.564+0000] {processor.py:161} INFO - Started process (PID=279) to work on /opt/airflow/dags/dag_updating.py
[2026-09-17T19:33:43.568+0000] {processor.py:830} INFO - Processing file /opt/airflow/dags/dag_updating.py for tasks to queue
[2026-09-17T19:33:43.571+0000] {logging_mixin.py:188} INFO - [2026-09-17T19:33:43.570+0000] {dagbag.py:545} INFO - Filling up the DagBag from /opt/airflow/dags/dag_updating.py
[2026-09-17T19:33:43.636+0000] {processor.py:840} INFO - DAG(s) 'youtube_data_updating' retrieved from /opt/airflow/dags/dag_updating.py
[2026-09-17T19:33:43.664+0000] {logging_mixin.py:188} INFO - [2026-09-17T19:33:43.663+0000] {dag.py:3096} INFO - Sync 1 DAGs
[2026-09-17T19:33:43.697+0000] {logging_mixin.py:188} INFO - [2026-09-17T19:33:43.697+0000] {dag.py:3954} INFO - Setting next_dagrun for youtube_data_updating to 2026-09-17 00:00:00+00:00, run_after=2026-09-18 00:00:00+00:00
[2026-09-17T19:33:43.725+0000] {processor.py:183} INFO - Processing /opt/airflow/dags/dag_updating.py took 0.170 seconds
[2026-09-17T19:34:13.922+0000] {processor.py:161} INFO - Started process (PID=286) to work on /opt/airflow/dags/dag_updating.py
[2026-09-17T19:34:13.926+0000] {processor.py:830} INFO - Processing file /opt/airflow/dags/dag_updating.py for tasks to queue
[2026-09-17T19:34:13.930+0000] {logging_mixin.py:188} INFO - [2026-09-17T19:34:13.929+0000] {dagbag.py:545} INFO - Filling up the DagBag from /opt/airflow/dags/dag_updating.py
[2026-09-17T19:34:14.002+0000] {processor.py:840} INFO - DAG(s) 'youtube_data_updating' retrieved from /opt/airflow/dags/dag_updating.py
[2026-09-17T19:34:14.055+0000] {logging_mixin.py:188} INFO - [2026-09-17T19:34:14.055+0000] {dag.py:3096} INFO - Sync 1 DAGs
[2026-09-17T19:34:14.107+0000] {logging_mixin.py:188} INFO - [2026-09-17T19:34:14.107+0000] {dag.py:3954} INFO - Setting next_dagrun for youtube_data_updating to 2026-09-17 00:00:00+00:00, run_after=2026-09-18 00:00:00+00:00
[2026-09-17T19:34:14.160+0000] {processor.py:183} INFO - Processing /opt/airflow/dags/dag_updating.py took 0.250 seconds
[2026-09-17T19:35:37.654+0000] {processor.py:161} INFO - Started process (PID=56) to work on /opt/airflow/dags/dag_updating.py
[2026-09-17T19:35:37.658+0000] {processor.py:830} INFO - Processing file /opt/airflow/dags/dag_updating.py for tasks to queue
[2026-09-17T19:35:37.663+0000] {logging_mixin.py:188} INFO - [2026-09-17T19:35:37.663+0000] {dagbag.py:545} INFO - Filling up the DagBag from /opt/airflow/dags/dag_updating.py
[2026-09-17T19:35:37.979+0000] {processor.py:840} INFO - DAG(s) 'youtube_data_updating' retrieved from /opt/airflow/dags/dag_updating.py
[2026-09-17T19:35:38.742+0000] {logging_mixin.py:188} INFO - [2026-09-17T19:35:38.742+0000] {dag.py:3096} INFO - Sync 1 DAGs
[2026-09-17T19:35:38.806+0000] {logging_mixin.py:188} INFO - [2026-09-17T19:35:38.806+0000] {dag.py:3954} INFO - Setting next_dagrun for youtube_data_updating to 2026-09-17 00:00:00+00:00, run_after=2026-09-18 00:00:00+00:00
[2026-09-17T19:35:38.867+0000] {processor.py:183} INFO - Processing /opt/airflow/dags/dag_updating.py took 1.224 seconds
[2026-09-17T19:36:09.083+0000] {processor.py:161} INFO - Started process (PID=69) to work on /opt/airflow/dags/dag_updating.py
[2026-09-17T19:36:09.093+0000] {processor.py:830} INFO - Processing file /opt/airflow/dags/dag_updating.py for tasks to queue
[2026-09-17T19:36:09.107+0000] {logging_mixin.py:188} INFO - [2026-09-17T19:36:09.105+0000] {dagbag.py:545} INFO - Filling up the DagBag from /opt/airflow/dags/dag_updating.py
[2026-09-17T19:36:09.214+0000] {processor.py:840} INFO - DAG(s) 'youtube_data_updating' retrieved from /opt/airflow/dags/dag_updating.py
[2026-09-17T19:36:09.266+0000] {logging_mixin.py:188} INFO - [2026-09-17T19:36:09.265+0000] {dag.py:3096} INFO - Sync 1 DAGs
[2026-09-17T19:36:09.329+0000] {logging_mixin.py:188} INFO - [2026-09-17T19:36:09.329+0000] {dag.py:3954} INFO - Setting next_dagrun for youtube_data_updating to 2026-09-17 00:00:00+00:00, run_after=2026-09-18 00:00:00+00:00
[2026-09-17T19:36:09.395+0000] {processor.py:183} INFO - Processing /opt/airflow/dags/dag_updating.py took 0.346 seconds
[2026-09-17T19:36:39.536+0000] {processor.py:161} INFO - Started process (PID=77) to work on /opt/airflow/dags/dag_updating.py
[2026-09-17T19:36:39.542+0000] {processor.py:830} INFO - Processing file /opt/airflow/dags/dag_updating.py for tasks to queue
[2026-09-17T19:36:39.548+0000] {logging_mixin.py:188} INFO - [2026-09-17T19:36:39.547+0000] {dagbag.py:545} INFO - Filling up the DagBag from /opt/airflow/dags/dag_updating.py
[2026-09-17T19:36:39.652+0000] {processor.py:840} INFO - DAG(s) 'youtube_data_updating' retrieved from /opt/airflow/dags/dag_updating.py
[2026-09-17T19:36:39.682+0000] {logging_mixin.py:188} INFO - [2026-09-17T19:36:39.681+0000] {dag.py:3096} INFO - Sync 1 DAGs
[2026-09-17T19:36:39.712+0000] {logging_mixin.py:188} INFO - [2026-09-17T19:36:39.712+0000] {dag.py:3954} INFO - Setting next_dagrun for youtube_data_updating to 2026-09-17 00:00:00+00:00, run_after=2026-09-18 00:00:00+00:00
[2026-09-17T19:36:39.750+0000] {processor.py:183} INFO - Processing /opt/airflow/dags/dag_updating.py took 0.226 seconds
[2026-09-17T19:37:10.194+0000] {processor.py:161} INFO - Started process (PID=85) to work on /opt/airflow/dags/dag_updating.py
[2026-09-17T19:37:10.202+0000] {processor.py:830} INFO - Processing file /opt/airflow/dags/dag_updating.py for tasks to queue
[2026-09-17T19:37:10.214+0000] {logging_mixin.py:188} INFO - [2026-09-17T19:37:10.214+0000] {dagbag.py:545} INFO - Filling up the DagBag from /opt/airflow/dags/dag_updating.py
[2026-09-17T19:37:10.318+0000] {processor.py:840} INFO - DAG(s) 'youtube_data_updating' retrieved from /opt/airflow/dags/dag_updating.py
[2026-09-17T19:37:10.358+0000] {logging_mixin.py:188} INFO - [2026-09-17T19:37:10.358+0000] {dag.py:3096} INFO - Sync 1 DAGs
[2026-09-17T19:37:10.401+0000] {logging_mixin.py:188} INFO - [2026-09-17T19:37:10.401+0000] {dag.py:3954} INFO - Setting next_dagrun for youtube_data_updating to 2026-09-17 00:00:00+00:00, run_after=2026-09-18 00:00:00+00:00
[2026-09-17T19:37:10.437+0000] {processor.py:183} INFO - Processing /opt/airflow/dags/dag_updating.py took 0.265 seconds
[2026-09-17T19:37:40.914+0000] {processor.py:161} INFO - Started process (PID=94) to work on /opt/airflow/dags/dag_updating.py
[2026-09-17T19:37:40.921+0000] {processor.py:830} INFO - Processing file /opt/airflow/dags/dag_updating.py for tasks to queue
[2026-09-17T19:37:40.926+0000] {logging_mixin.py:188} INFO - [2026-09-17T19:37:40.926+0000] {dagbag.py:545} INFO - Filling up the DagBag from /opt/airflow/dags/dag_updating.py
[2026-09-17T19:37:41.053+0000] {processor.py:840} INFO - DAG(s) 'youtube_data_updating' retrieved from /opt/airflow/dags/dag_updating.py
[2026-09-17T19:37:41.124+0000] {logging_mixin.py:188} INFO - [2026-09-17T19:37:41.123+0000] {dag.py:3096} INFO - Sync 1 DAGs
[2026-09-17T19:37:41.198+0000] {logging_mixin.py:188} INFO - [2026-09-17T19:37:41.198+0000] {dag.py:3954} INFO - Setting next_dagrun for youtube_data_updating to 2026-09-17 00:00:00+00:00, run_after=2026-09-18 00:00:00+00:00
[2026-09-17T19:37:41.229+0000] {processor.py:183} INFO - Processing /opt/airflow/dags/dag_updating.py took 0.322 seconds
[2026-09-17T19:38:11.361+0000] {processor.py:161} INFO - Started process (PID=101) to work on /opt/airflow/dags/dag_updating.py
[2026-09-17T19:38:11.369+0000] {processor.py:830} INFO - Processing file /opt/airflow/dags/dag_updating.py for tasks to queue
[2026-09-17T19:38:11.378+0000] {logging_mixin.py:188} INFO - [2026-09-17T19:38:11.378+0000] {dagbag.py:545} INFO - Filling up the DagBag from /opt/airflow/dags/dag_updating.py
[2026-09-17T19:38:11.518+0000] {processor.py:840} INFO - DAG(s) 'youtube_data_updating' retrieved from /opt/airflow/dags/dag_updating.py
[2026-09-17T19:38:11.596+0000] {logging_mixin.py:188} INFO - [2026-09-17T19:38:11.595+0000] {dag.py:3096} INFO - Sync 1 DAGs
[2026-09-17T19:38:11.673+0000] {logging_mixin.py:188} INFO - [2026-09-17T19:38:11.671+0000] {dag.py:3954} INFO - Setting next_dagrun for youtube_data_updating to 2026-09-17 00:00:00+00:00, run_after=2026-09-18 00:00:00+00:00
[2026-09-17T19:38:11.733+0000] {processor.py:183} INFO - Processing /opt/airflow/dags/dag_updating.py took 0.397 seconds
[2026-09-17T19:38:41.940+0000] {processor.py:161} INFO - Started process (PID=109) to work on /opt/airflow/dags/dag_updating.py
[2026-09-17T19:38:41.950+0000] {processor.py:830} INFO - Processing file /opt/airflow/dags/dag_updating.py for tasks to queue
[2026-09-17T19:38:41.961+0000] {logging_mixin.py:188} INFO - [2026-09-17T19:38:41.960+0000] {dagbag.py:545} INFO - Filling up the DagBag from /opt/airflow/dags/dag_updating.py
[2026-09-17T19:38:42.050+0000] {processor.py:840} INFO - DAG(s) 'youtube_data_updating' retrieved from /opt/airflow/dags/dag_updating.py
[2026-09-17T19:38:42.116+0000] {logging_mixin.py:188} INFO - [2026-09-17T19:38:42.116+0000] {dag.py:3096} INFO - Sync 1 DAGs
[2026-09-17T19:38:42.198+0000] {logging_mixin.py:188} INFO - [2026-09-17T19:38:42.197+0000] {dag.py:3954} INFO - Setting next_dagrun for youtube_data_updating to 2026-09-17 00:00:00+00:00, run_after=2026-09-18 00:00:00+00:00
[2026-09-17T19:38:42.249+0000] {processor.py:183} INFO - Processing /opt/airflow/dags/dag_updating.py took 0.331 seconds
[2026-09-17T19:39:12.640+0000] {processor.py:161} INFO - Started process (PID=117) to work on /opt/airflow/dags/dag_updating.py
[2026-09-17T19:39:12.645+0000] {processor.py:830} INFO - Processing file /opt/airflow/dags/dag_updating.py for tasks to queue
[2026-09-17T19:39:12.650+0000] {logging_mixin.py:188} INFO - [2026-09-17T19:39:12.649+0000] {dagbag.py:545} INFO - Filling up the DagBag from /opt/airflow/dags/dag_updating.py
[2026-09-17T19:39:12.731+0000] {processor.py:840} INFO - DAG(s) 'youtube_data_updating' retrieved from /opt/airflow/dags/dag_updating.py
[2026-09-17T19:39:12.787+0000] {logging_mixin.py:188} INFO - [2026-09-17T19:39:12.787+0000] {dag.py:3096} INFO - Sync 1 DAGs
[2026-09-17T19:39:12.849+0000] {logging_mixin.py:188} INFO - [2026-09-17T19:39:12.848+0000] {dag.py:3954} INFO - Setting next_dagrun for youtube_data_updating to 2026-09-17 00:00:00+00:00, run_after=2026-09-18 00:00:00+00:00
[2026-09-17T19:39:12.909+0000] {processor.py:183} INFO - Processing /opt/airflow/dags/dag_updating.py took 0.280 seconds
[2026-09-17T19:39:43.073+0000] {processor.py:161} INFO - Started process (PID=125) to work on /opt/airflow/dags/dag_updating.py
[2026-09-17T19:39:43.079+0000] {processor.py:830} INFO - Processing file /opt/airflow/dags/dag_updating.py for tasks to queue
[2026-09-17T19:39:43.087+0000] {logging_mixin.py:188} INFO - [2026-09-17T19:39:43.086+0000] {dagbag.py:545} INFO - Filling up the DagBag from /opt/airflow/dags/dag_updating.py
[2026-09-17T19:39:43.201+0000] {processor.py:840} INFO - DAG(s) 'youtube_data_updating' retrieved from /opt/airflow/dags/dag_updating.py
[2026-09-17T19:39:43.261+0000] {logging_mixin.py:188} INFO - [2026-09-17T19:39:43.260+0000] {dag.py:3096} INFO - Sync 1 DAGs
[2026-09-17T19:39:43.317+0000] {logging_mixin.py:188} INFO - [2026-09-17T19:39:43.316+0000] {dag.py:3954} INFO - Setting next_dagrun for youtube_data_updating to 2026-09-17 00:00:00+00:00, run_after=2026-09-18 00:00:00+00:00
[2026-09-17T19:39:43.362+0000] {processor.py:183} INFO - Processing /opt/airflow/dags/dag_updating.py took 0.310 seconds
[2026-09-17T19:40:13.796+0000] {processor.py:161} INFO - Started process (PID=132) to work on /opt/airflow/dags/dag_updating.py
[2026-09-17T19:40:13.802+0000] {processor.py:830} INFO - Processing file /opt/airflow/dags/dag_updating.py for tasks to queue
[2026-09-17T19:40:13.810+0000] {logging_mixin.py:188} INFO - [2026-09-17T19:40:13.809+0000] {dagbag.py:545} INFO - Filling up the DagBag from /opt/airflow/dags/dag_updating.py
[2026-09-17T19:40:13.959+0000] {processor.py:840} INFO - DAG(s) 'youtube_data_updating' retrieved from /opt/airflow/dags/dag_updating.py
[2026-09-17T19:40:14.021+0000] {logging_mixin.py:188} INFO - [2026-09-17T19:40:14.020+0000] {dag.py:3096} INFO - Sync 1 DAGs
[2026-09-17T19:40:14.066+0000] {logging_mixin.py:188} INFO - [2026-09-17T19:40:14.066+0000] {dag.py:3954} INFO - Setting next_dagrun for youtube_data_updating to 2026-09-17 00:00:00+00:00, run_after=2026-09-18 00:00:00+00:00
[2026-09-17T19:40:14.108+0000] {processor.py:183} INFO - Processing /opt/airflow/dags/dag_updating.py took 0.331 seconds
[2026-09-17T19:40:44.283+0000] {processor.py:161} INFO - Started process (PID=140) to work on /opt/airflow/dags/dag_updating.py
[2026-09-17T19:40:44.288+0000] {processor.py:830} INFO - Processing file /opt/airflow/dags/dag_updating.py for tasks to queue
[2026-09-17T19:40:44.294+0000] {logging_mixin.py:188} INFO - [2026-09-17T19:40:44.294+0000] {dagbag.py:545} INFO - Filling up the DagBag from /opt/airflow/dags/dag_updating.py
[2026-09-17T19:40:44.380+0000] {processor.py:840} INFO - DAG(s) 'youtube_data_updating' retrieved from /opt/airflow/dags/dag_updating.py
[2026-09-17T19:40:44.414+0000] {logging_mixin.py:188} INFO - [2026-09-17T19:40:44.414+0000] {dag.py:3096} INFO - Sync 1 DAGs
[2026-09-17T19:40:44.453+0000] {logging_mixin.py:188} INFO - [2026-09-17T19:40:44.453+0000] {dag.py:3954} INFO - Setting next_dagrun for youtube_data_updating to 2026-09-17 00:00:00+00:00, run_after=2026-09-18 00:00:00+00:00
[2026-09-17T19:40:44.482+0000] {processor.py:183} INFO - Processing /opt/airflow/dags/dag_updating.py took 0.212 seconds
[2026-09-17T19:41:14.904+0000] {processor.py:161} INFO - Started process (PID=148) to work on /opt/airflow/dags/dag_updating.py
[2026-09-17T19:41:14.909+0000] {processor.py:830} INFO - Processing file /opt/airflow/dags/dag_updating.py for tasks to queue
[2026-09-17T19:41:14.917+0000] {logging_mixin.py:188} INFO - [2026-09-17T19:41:14.917+0000] {dagbag.py:545} INFO - Filling up the DagBag from /opt/airflow/dags/dag_updating.py
[2026-09-17T19:41:15.032+0000] {processor.py:840} INFO - DAG(s) 'youtube_data_updating' retrieved from /opt/airflow/dags/dag_updating.py
[2026-09-17T19:41:15.078+0000] {logging_mixin.py:188} INFO - [2026-09-17T19:41:15.077+0000] {dag.py:3096} INFO - Sync 1 DAGs
[2026-09-17T19:41:15.135+0000] {logging_mixin.py:188} INFO - [2026-09-17T19:41:15.135+0000] {dag.py:3954} INFO - Setting next_dagrun for youtube_data_updating to 2026-09-17 00:00:00+00:00, run_after=2026-09-18 00:00:00+00:00
[2026-09-17T19:41:15.188+0000] {processor.py:183} INFO - Processing /opt/airflow/dags/dag_updating.py took 0.301 seconds
[2026-09-17T19:41:45.649+0000] {processor.py:161} INFO - Started process (PID=156) to work on /opt/airflow/dags/dag_updating.py
[2026-09-17T19:41:45.655+0000] {processor.py:830} INFO - Processing file /opt/airflow/dags/dag_updating.py for tasks to queue
[2026-09-17T19:41:45.663+0000] {logging_mixin.py:188} INFO - [2026-09-17T19:41:45.662+0000] {dagbag.py:545} INFO - Filling up the DagBag from /opt/airflow/dags/dag_updating.py
[2026-09-17T19:41:45.729+0000] {processor.py:840} INFO - DAG(s) 'youtube_data_updating' retrieved from /opt/airflow/dags/dag_updating.py
[2026-09-17T19:41:45.767+0000] {logging_mixin.py:188} INFO - [2026-09-17T19:41:45.767+0000] {dag.py:3096} INFO - Sync 1 DAGs
[2026-09-17T19:41:45.803+0000] {logging_mixin.py:188} INFO - [2026-09-17T19:41:45.802+0000] {dag.py:3954} INFO - Setting next_dagrun for youtube_data_updating to 2026-09-17 00:00:00+00:00, run_after=2026-09-18 00:00:00+00:00
[2026-09-17T19:41:45.841+0000] {processor.py:183} INFO - Processing /opt/airflow/dags/dag_updating.py took 0.206 seconds
[2026-09-17T19:42:16.095+0000] {processor.py:161} INFO - Started process (PID=164) to work on /opt/airflow/dags/dag_updating.py
[2026-09-17T19:42:16.101+0000] {processor.py:830} INFO - Processing file /opt/airflow/dags/dag_updating.py for tasks to queue
[2026-09-17T19:42:16.107+0000] {logging_mixin.py:188} INFO - [2026-09-17T19:42:16.106+0000] {dagbag.py:545} INFO - Filling up the DagBag from /opt/airflow/dags/dag_updating.py
[2026-09-17T19:42:16.266+0000] {processor.py:840} INFO - DAG(s) 'youtube_data_updating' retrieved from /opt/airflow/dags/dag_updating.py
[2026-09-17T19:42:16.312+0000] {logging_mixin.py:188} INFO - [2026-09-17T19:42:16.312+0000] {dag.py:3096} INFO - Sync 1 DAGs
[2026-09-17T19:42:16.365+0000] {logging_mixin.py:188} INFO - [2026-09-17T19:42:16.364+0000] {dag.py:3954} INFO - Setting next_dagrun for youtube_data_updating to 2026-09-17 00:00:00+00:00, run_after=2026-09-18 00:00:00+00:00
[2026-09-17T19:42:16.412+0000] {processor.py:183} INFO - Processing /opt/airflow/dags/dag_updating.py took 0.336 seconds
[2026-09-17T19:42:46.895+0000] {processor.py:161} INFO - Started process (PID=171) to work on /opt/airflow/dags/dag_updating.py
[2026-09-17T19:42:46.901+0000] {processor.py:830} INFO - Processing file /opt/airflow/dags/dag_updating.py for tasks to queue
[2026-09-17T19:42:46.908+0000] {logging_mixin.py:188} INFO - [2026-09-17T19:42:46.907+0000] {dagbag.py:545} INFO - Filling up the DagBag from /opt/airflow/dags/dag_updating.py
[2026-09-17T19:42:47.025+0000] {processor.py:840} INFO - DAG(s) 'youtube_data_updating' retrieved from /opt/airflow/dags/dag_updating.py
[2026-09-17T19:42:47.058+0000] {logging_mixin.py:188} INFO - [2026-09-17T19:42:47.058+0000] {dag.py:3096} INFO - Sync 1 DAGs
[2026-09-17T19:42:47.102+0000] {logging_mixin.py:188} INFO - [2026-09-17T19:42:47.102+0000] {dag.py:3954} INFO - Setting next_dagrun for youtube_data_updating to 2026-09-17 00:00:00+00:00, run_after=2026-09-18 00:00:00+00:00
[2026-09-17T19:42:47.140+0000] {processor.py:183} INFO - Processing /opt/airflow/dags/dag_updating.py took 0.264 seconds
[2026-09-17T19:43:53.540+0000] {processor.py:161} INFO - Started process (PID=56) to work on /opt/airflow/dags/dag_updating.py
[2026-09-17T19:43:53.545+0000] {processor.py:830} INFO - Processing file /opt/airflow/dags/dag_updating.py for tasks to queue
[2026-09-17T19:43:53.552+0000] {logging_mixin.py:188} INFO - [2026-09-17T19:43:53.551+0000] {dagbag.py:545} INFO - Filling up the DagBag from /opt/airflow/dags/dag_updating.py
[2026-09-17T19:43:53.734+0000] {processor.py:840} INFO - DAG(s) 'youtube_data_updating' retrieved from /opt/airflow/dags/dag_updating.py
[2026-09-17T19:43:54.041+0000] {logging_mixin.py:188} INFO - [2026-09-17T19:43:54.041+0000] {dag.py:3096} INFO - Sync 1 DAGs
[2026-09-17T19:43:54.080+0000] {logging_mixin.py:188} INFO - [2026-09-17T19:43:54.080+0000] {dag.py:3954} INFO - Setting next_dagrun for youtube_data_updating to 2026-09-17 00:00:00+00:00, run_after=2026-09-18 00:00:00+00:00
[2026-09-17T19:43:54.120+0000] {processor.py:183} INFO - Processing /opt/airflow/dags/dag_updating.py took 0.595 seconds
[2026-09-17T19:44:24.265+0000] {processor.py:161} INFO - Started process (PID=67) to work on /opt/airflow/dags/dag_updating.py
[2026-09-17T19:44:24.269+0000] {processor.py:830} INFO - Processing file /opt/airflow/dags/dag_updating.py for tasks to queue
[2026-09-17T19:44:24.274+0000] {logging_mixin.py:188} INFO - [2026-09-17T19:44:24.273+0000] {dagbag.py:545} INFO - Filling up the DagBag from /opt/airflow/dags/dag_updating.py
[2026-09-17T19:44:24.366+0000] {processor.py:840} INFO - DAG(s) 'youtube_data_updating' retrieved from /opt/airflow/dags/dag_updating.py
[2026-09-17T19:44:24.403+0000] {logging_mixin.py:188} INFO - [2026-09-17T19:44:24.403+0000] {dag.py:3096} INFO - Sync 1 DAGs
[2026-09-17T19:44:24.428+0000] {logging_mixin.py:188} INFO - [2026-09-17T19:44:24.428+0000] {dag.py:3954} INFO - Setting next_dagrun for youtube_data_updating to 2026-09-17 00:00:00+00:00, run_after=2026-09-18 00:00:00+00:00
[2026-09-17T19:44:24.464+0000] {processor.py:183} INFO - Processing /opt/airflow/dags/dag_updating.py took 0.208 seconds
[2026-09-17T19:44:54.898+0000] {processor.py:161} INFO - Started process (PID=75) to work on /opt/airflow/dags/dag_updating.py
[2026-09-17T19:44:54.903+0000] {processor.py:830} INFO - Processing file /opt/airflow/dags/dag_updating.py for tasks to queue
[2026-09-17T19:44:54.909+0000] {logging_mixin.py:188} INFO - [2026-09-17T19:44:54.909+0000] {dagbag.py:545} INFO - Filling up the DagBag from /opt/airflow/dags/dag_updating.py
[2026-09-17T19:44:55.014+0000] {processor.py:840} INFO - DAG(s) 'youtube_data_updating' retrieved from /opt/airflow/dags/dag_updating.py
[2026-09-17T19:44:55.072+0000] {logging_mixin.py:188} INFO - [2026-09-17T19:44:55.071+0000] {dag.py:3096} INFO - Sync 1 DAGs
[2026-09-17T19:44:55.129+0000] {logging_mixin.py:188} INFO - [2026-09-17T19:44:55.129+0000] {dag.py:3954} INFO - Setting next_dagrun for youtube_data_updating to 2026-09-17 00:00:00+00:00, run_after=2026-09-18 00:00:00+00:00
[2026-09-17T19:44:55.193+0000] {processor.py:183} INFO - Processing /opt/airflow/dags/dag_updating.py took 0.307 seconds
[2026-09-17T19:45:25.663+0000] {processor.py:161} INFO - Started process (PID=89) to work on /opt/airflow/dags/dag_updating.py
[2026-09-17T19:45:25.669+0000] {processor.py:830} INFO - Processing file /opt/airflow/dags/dag_updating.py for tasks to queue
[2026-09-17T19:45:25.675+0000] {logging_mixin.py:188} INFO - [2026-09-17T19:45:25.674+0000] {dagbag.py:545} INFO - Filling up the DagBag from /opt/airflow/dags/dag_updating.py
[2026-09-17T19:45:25.762+0000] {processor.py:840} INFO - DAG(s) 'youtube_data_updating' retrieved from /opt/airflow/dags/dag_updating.py
[2026-09-17T19:45:25.811+0000] {logging_mixin.py:188} INFO - [2026-09-17T19:45:25.811+0000] {dag.py:3096} INFO - Sync 1 DAGs
[2026-09-17T19:45:25.855+0000] {logging_mixin.py:188} INFO - [2026-09-17T19:45:25.854+0000] {dag.py:3954} INFO - Setting next_dagrun for youtube_data_updating to 2026-09-17 00:00:00+00:00, run_after=2026-09-18 00:00:00+00:00
[2026-09-17T19:45:25.919+0000] {processor.py:183} INFO - Processing /opt/airflow/dags/dag_updating.py took 0.267 seconds
[2026-09-17T19:45:56.360+0000] {processor.py:161} INFO - Started process (PID=96) to work on /opt/airflow/dags/dag_updating.py
[2026-09-17T19:45:56.364+0000] {processor.py:830} INFO - Processing file /opt/airflow/dags/dag_updating.py for tasks to queue
[2026-09-17T19:45:56.369+0000] {logging_mixin.py:188} INFO - [2026-09-17T19:45:56.369+0000] {dagbag.py:545} INFO - Filling up the DagBag from /opt/airflow/dags/dag_updating.py
[2026-09-17T19:45:56.450+0000] {processor.py:840} INFO - DAG(s) 'youtube_data_updating' retrieved from /opt/airflow/dags/dag_updating.py
[2026-09-17T19:45:56.483+0000] {logging_mixin.py:188} INFO - [2026-09-17T19:45:56.482+0000] {dag.py:3096} INFO - Sync 1 DAGs
[2026-09-17T19:45:56.518+0000] {logging_mixin.py:188} INFO - [2026-09-17T19:45:56.518+0000] {dag.py:3954} INFO - Setting next_dagrun for youtube_data_updating to 2026-09-17 00:00:00+00:00, run_after=2026-09-18 00:00:00+00:00
[2026-09-17T19:45:56.556+0000] {processor.py:183} INFO - Processing /opt/airflow/dags/dag_updating.py took 0.205 seconds
[2026-09-17T19:46:26.816+0000] {processor.py:161} INFO - Started process (PID=104) to work on /opt/airflow/dags/dag_updating.py
[2026-09-17T19:46:26.821+0000] {processor.py:830} INFO - Processing file /opt/airflow/dags/dag_updating.py for tasks to queue
[2026-09-17T19:46:26.827+0000] {logging_mixin.py:188} INFO - [2026-09-17T19:46:26.826+0000] {dagbag.py:545} INFO - Filling up the DagBag from /opt/airflow/dags/dag_updating.py
[2026-09-17T19:46:26.902+0000] {processor.py:840} INFO - DAG(s) 'youtube_data_updating' retrieved from /opt/airflow/dags/dag_updating.py
[2026-09-17T19:46:26.941+0000] {logging_mixin.py:188} INFO - [2026-09-17T19:46:26.940+0000] {dag.py:3096} INFO - Sync 1 DAGs
[2026-09-17T19:46:26.979+0000] {logging_mixin.py:188} INFO - [2026-09-17T19:46:26.979+0000] {dag.py:3954} INFO - Setting next_dagrun for youtube_data_updating to 2026-09-17 00:00:00+00:00, run_after=2026-09-18 00:00:00+00:00
[2026-09-17T19:46:27.015+0000] {processor.py:183} INFO - Processing /opt/airflow/dags/dag_updating.py took 0.213 seconds
[2026-09-17T19:46:57.543+0000] {processor.py:161} INFO - Started process (PID=112) to work on /opt/airflow/dags/dag_updating.py
[2026-09-17T19:46:57.547+0000] {processor.py:830} INFO - Processing file /opt/airflow/dags/dag_updating.py for tasks to queue
[2026-09-17T19:46:57.554+0000] {logging_mixin.py:188} INFO - [2026-09-17T19:46:57.553+0000] {dagbag.py:545} INFO - Filling up the DagBag from /opt/airflow/dags/dag_updating.py
[2026-09-17T19:46:57.625+0000] {processor.py:840} INFO - DAG(s) 'youtube_data_updating' retrieved from /opt/airflow/dags/dag_updating.py
[2026-09-17T19:46:57.657+0000] {logging_mixin.py:188} INFO - [2026-09-17T19:46:57.657+0000] {dag.py:3096} INFO - Sync 1 DAGs
[2026-09-17T19:46:57.686+0000] {logging_mixin.py:188} INFO - [2026-09-17T19:46:57.686+0000] {dag.py:3954} INFO - Setting next_dagrun for youtube_data_updating to 2026-09-17 00:00:00+00:00, run_after=2026-09-18 00:00:00+00:00
[2026-09-17T19:46:57.716+0000] {processor.py:183} INFO - Processing /opt/airflow/dags/dag_updating.py took 0.188 seconds
[2026-09-17T19:47:27.994+0000] {processor.py:161} INFO - Started process (PID=120) to work on /opt/airflow/dags/dag_updating.py
[2026-09-17T19:47:28.007+0000] {processor.py:830} INFO - Processing file /opt/airflow/dags/dag_updating.py for tasks to queue
[2026-09-17T19:47:28.019+0000] {logging_mixin.py:188} INFO - [2026-09-17T19:47:28.018+0000] {dagbag.py:545} INFO - Filling up the DagBag from /opt/airflow/dags/dag_updating.py
[2026-09-17T19:47:28.124+0000] {processor.py:840} INFO - DAG(s) 'youtube_data_updating' retrieved from /opt/airflow/dags/dag_updating.py
[2026-09-17T19:47:28.169+0000] {logging_mixin.py:188} INFO - [2026-09-17T19:47:28.168+0000] {dag.py:3096} INFO - Sync 1 DAGs
[2026-09-17T19:47:28.240+0000] {logging_mixin.py:188} INFO - [2026-09-17T19:47:28.240+0000] {dag.py:3954} INFO - Setting next_dagrun for youtube_data_updating to 2026-09-17 00:00:00+00:00, run_after=2026-09-18 00:00:00+00:00
[2026-09-17T19:47:28.306+0000] {processor.py:183} INFO - Processing /opt/airflow/dags/dag_updating.py took 0.347 seconds
[2026-09-17T19:47:58.449+0000] {processor.py:161} INFO - Started process (PID=133) to work on /opt/airflow/dags/dag_updating.py
[2026-09-17T19:47:58.455+0000] {processor.py:830} INFO - Processing file /opt/airflow/dags/dag_updating.py for tasks to queue
[2026-09-17T19:47:58.460+0000] {logging_mixin.py:188} INFO - [2026-09-17T19:47:58.459+0000] {dagbag.py:545} INFO - Filling up the DagBag from /opt/airflow/dags/dag_updating.py
[2026-09-17T19:47:58.547+0000] {processor.py:840} INFO - DAG(s) 'youtube_data_updating' retrieved from /opt/airflow/dags/dag_updating.py
[2026-09-17T19:47:58.582+0000] {logging_mixin.py:188} INFO - [2026-09-17T19:47:58.580+0000] {dag.py:3096} INFO - Sync 1 DAGs
[2026-09-17T19:47:58.620+0000] {logging_mixin.py:188} INFO - [2026-09-17T19:47:58.619+0000] {dag.py:3954} INFO - Setting next_dagrun for youtube_data_updating to 2026-09-17 00:00:00+00:00, run_after=2026-09-18 00:00:00+00:00
[2026-09-17T19:47:58.668+0000] {processor.py:183} INFO - Processing /opt/airflow/dags/dag_updating.py took 0.232 seconds
[2026-09-17T19:48:28.853+0000] {processor.py:161} INFO - Started process (PID=141) to work on /opt/airflow/dags/dag_updating.py
[2026-09-17T19:48:28.858+0000] {processor.py:830} INFO - Processing file /opt/airflow/dags/dag_updating.py for tasks to queue
[2026-09-17T19:48:28.864+0000] {logging_mixin.py:188} INFO - [2026-09-17T19:48:28.863+0000] {dagbag.py:545} INFO - Filling up the DagBag from /opt/airflow/dags/dag_updating.py
[2026-09-17T19:48:28.950+0000] {processor.py:840} INFO - DAG(s) 'youtube_data_updating' retrieved from /opt/airflow/dags/dag_updating.py
[2026-09-17T19:48:29.016+0000] {logging_mixin.py:188} INFO - [2026-09-17T19:48:29.016+0000] {dag.py:3096} INFO - Sync 1 DAGs
[2026-09-17T19:48:29.052+0000] {logging_mixin.py:188} INFO - [2026-09-17T19:48:29.052+0000] {dag.py:3954} INFO - Setting next_dagrun for youtube_data_updating to 2026-09-17 00:00:00+00:00, run_after=2026-09-18 00:00:00+00:00
[2026-09-17T19:48:29.088+0000] {processor.py:183} INFO - Processing /opt/airflow/dags/dag_updating.py took 0.248 seconds
[2026-09-17T19:48:59.675+0000] {processor.py:161} INFO - Started process (PID=149) to work on /opt/airflow/dags/dag_updating.py
[2026-09-17T19:48:59.681+0000] {processor.py:830} INFO - Processing file /opt/airflow/dags/dag_updating.py for tasks to queue
[2026-09-17T19:48:59.685+0000] {logging_mixin.py:188} INFO - [2026-09-17T19:48:59.684+0000] {dagbag.py:545} INFO - Filling up the DagBag from /opt/airflow/dags/dag_updating.py
[2026-09-17T19:48:59.794+0000] {processor.py:840} INFO - DAG(s) 'youtube_data_updating' retrieved from /opt/airflow/dags/dag_updating.py
[2026-09-17T19:48:59.823+0000] {logging_mixin.py:188} INFO - [2026-09-17T19:48:59.823+0000] {dag.py:3096} INFO - Sync 1 DAGs
[2026-09-17T19:48:59.866+0000] {logging_mixin.py:188} INFO - [2026-09-17T19:48:59.866+0000] {dag.py:3954} INFO - Setting next_dagrun for youtube_data_updating to 2026-09-17 00:00:00+00:00, run_after=2026-09-18 00:00:00+00:00
[2026-09-17T19:48:59.928+0000] {processor.py:183} INFO - Processing /opt/airflow/dags/dag_updating.py took 0.266 seconds
[2026-09-17T19:49:30.355+0000] {processor.py:161} INFO - Started process (PID=161) to work on /opt/airflow/dags/dag_updating.py
[2026-09-17T19:49:30.361+0000] {processor.py:830} INFO - Processing file /opt/airflow/dags/dag_updating.py for tasks to queue
[2026-09-17T19:49:30.364+0000] {logging_mixin.py:188} INFO - [2026-09-17T19:49:30.363+0000] {dagbag.py:545} INFO - Filling up the DagBag from /opt/airflow/dags/dag_updating.py
[2026-09-17T19:49:30.430+0000] {processor.py:840} INFO - DAG(s) 'youtube_data_updating' retrieved from /opt/airflow/dags/dag_updating.py
[2026-09-17T19:49:30.473+0000] {logging_mixin.py:188} INFO - [2026-09-17T19:49:30.473+0000] {dag.py:3096} INFO - Sync 1 DAGs
[2026-09-17T19:49:30.522+0000] {logging_mixin.py:188} INFO - [2026-09-17T19:49:30.521+0000] {dag.py:3954} INFO - Setting next_dagrun for youtube_data_updating to 2026-09-17 00:00:00+00:00, run_after=2026-09-18 00:00:00+00:00
[2026-09-17T19:49:30.569+0000] {processor.py:183} INFO - Processing /opt/airflow/dags/dag_updating.py took 0.223 seconds
[2026-09-17T19:50:30.880+0000] {processor.py:161} INFO - Started process (PID=50) to work on /opt/airflow/dags/dag_updating.py
[2026-09-17T19:50:30.884+0000] {processor.py:830} INFO - Processing file /opt/airflow/dags/dag_updating.py for tasks to queue
[2026-09-17T19:50:30.889+0000] {logging_mixin.py:188} INFO - [2026-09-17T19:50:30.888+0000] {dagbag.py:545} INFO - Filling up the DagBag from /opt/airflow/dags/dag_updating.py
[2026-09-17T19:50:31.075+0000] {processor.py:840} INFO - DAG(s) 'youtube_data_updating' retrieved from /opt/airflow/dags/dag_updating.py
[2026-09-17T19:50:31.409+0000] {logging_mixin.py:188} INFO - [2026-09-17T19:50:31.409+0000] {dag.py:3096} INFO - Sync 1 DAGs
[2026-09-17T19:50:31.440+0000] {logging_mixin.py:188} INFO - [2026-09-17T19:50:31.439+0000] {dag.py:3954} INFO - Setting next_dagrun for youtube_data_updating to 2026-09-17 00:00:00+00:00, run_after=2026-09-18 00:00:00+00:00
[2026-09-17T19:50:31.469+0000] {processor.py:183} INFO - Processing /opt/airflow/dags/dag_updating.py took 0.601 seconds
[2026-09-17T19:51:01.895+0000] {processor.py:161} INFO - Started process (PID=70) to work on /opt/airflow/dags/dag_updating.py
[2026-09-17T19:51:01.899+0000] {processor.py:830} INFO - Processing file /opt/airflow/dags/dag_updating.py for tasks to queue
[2026-09-17T19:51:01.904+0000] {logging_mixin.py:188} INFO - [2026-09-17T19:51:01.903+0000] {dagbag.py:545} INFO - Filling up the DagBag from /opt/airflow/dags/dag_updating.py
[2026-09-17T19:51:01.982+0000] {processor.py:840} INFO - DAG(s) 'youtube_data_updating' retrieved from /opt/airflow/dags/dag_updating.py
[2026-09-17T19:51:02.042+0000] {logging_mixin.py:188} INFO - [2026-09-17T19:51:02.042+0000] {dag.py:3096} INFO - Sync 1 DAGs
[2026-09-17T19:51:02.092+0000] {logging_mixin.py:188} INFO - [2026-09-17T19:51:02.092+0000] {dag.py:3954} INFO - Setting next_dagrun for youtube_data_updating to 2026-09-17 00:00:00+00:00, run_after=2026-09-18 00:00:00+00:00
[2026-09-17T19:51:02.127+0000] {processor.py:183} INFO - Processing /opt/airflow/dags/dag_updating.py took 0.246 seconds
[2026-09-17T19:51:32.575+0000] {processor.py:161} INFO - Started process (PID=78) to work on /opt/airflow/dags/dag_updating.py
[2026-09-17T19:51:32.578+0000] {processor.py:830} INFO - Processing file /opt/airflow/dags/dag_updating.py for tasks to queue
[2026-09-17T19:51:32.582+0000] {logging_mixin.py:188} INFO - [2026-09-17T19:51:32.582+0000] {dagbag.py:545} INFO - Filling up the DagBag from /opt/airflow/dags/dag_updating.py
[2026-09-17T19:51:32.643+0000] {processor.py:840} INFO - DAG(s) 'youtube_data_updating' retrieved from /opt/airflow/dags/dag_updating.py
[2026-09-17T19:51:32.676+0000] {logging_mixin.py:188} INFO - [2026-09-17T19:51:32.676+0000] {dag.py:3096} INFO - Sync 1 DAGs
[2026-09-17T19:51:32.703+0000] {logging_mixin.py:188} INFO - [2026-09-17T19:51:32.703+0000] {dag.py:3954} INFO - Setting next_dagrun for youtube_data_updating to 2026-09-17 00:00:00+00:00, run_after=2026-09-18 00:00:00+00:00
[2026-09-17T19:51:32.730+0000] {processor.py:183} INFO - Processing /opt/airflow/dags/dag_updating.py took 0.168 seconds
[2026-09-17T19:52:03.224+0000] {processor.py:161} INFO - Started process (PID=86) to work on /opt/airflow/dags/dag_updating.py
[2026-09-17T19:52:03.229+0000] {processor.py:830} INFO - Processing file /opt/airflow/dags/dag_updating.py for tasks to queue
[2026-09-17T19:52:03.234+0000] {logging_mixin.py:188} INFO - [2026-09-17T19:52:03.234+0000] {dagbag.py:545} INFO - Filling up the DagBag from /opt/airflow/dags/dag_updating.py
[2026-09-17T19:52:03.299+0000] {processor.py:840} INFO - DAG(s) 'youtube_data_updating' retrieved from /opt/airflow/dags/dag_updating.py
[2026-09-17T19:52:03.328+0000] {logging_mixin.py:188} INFO - [2026-09-17T19:52:03.327+0000] {dag.py:3096} INFO - Sync 1 DAGs
[2026-09-17T19:52:03.358+0000] {logging_mixin.py:188} INFO - [2026-09-17T19:52:03.358+0000] {dag.py:3954} INFO - Setting next_dagrun for youtube_data_updating to 2026-09-17 00:00:00+00:00, run_after=2026-09-18 00:00:00+00:00
[2026-09-17T19:52:03.401+0000] {processor.py:183} INFO - Processing /opt/airflow/dags/dag_updating.py took 0.183 seconds
[2026-09-17T19:52:33.850+0000] {processor.py:161} INFO - Started process (PID=94) to work on /opt/airflow/dags/dag_updating.py
[2026-09-17T19:52:33.854+0000] {processor.py:830} INFO - Processing file /opt/airflow/dags/dag_updating.py for tasks to queue
[2026-09-17T19:52:33.859+0000] {logging_mixin.py:188} INFO - [2026-09-17T19:52:33.859+0000] {dagbag.py:545} INFO - Filling up the DagBag from /opt/airflow/dags/dag_updating.py
[2026-09-17T19:52:33.925+0000] {processor.py:840} INFO - DAG(s) 'youtube_data_updating' retrieved from /opt/airflow/dags/dag_updating.py
[2026-09-17T19:52:33.956+0000] {logging_mixin.py:188} INFO - [2026-09-17T19:52:33.956+0000] {dag.py:3096} INFO - Sync 1 DAGs
[2026-09-17T19:52:33.988+0000] {logging_mixin.py:188} INFO - [2026-09-17T19:52:33.987+0000] {dag.py:3954} INFO - Setting next_dagrun for youtube_data_updating to 2026-09-17 00:00:00+00:00, run_after=2026-09-18 00:00:00+00:00
[2026-09-17T19:52:34.015+0000] {processor.py:183} INFO - Processing /opt/airflow/dags/dag_updating.py took 0.176 seconds
[2026-09-17T19:53:04.465+0000] {processor.py:161} INFO - Started process (PID=102) to work on /opt/airflow/dags/dag_updating.py
[2026-09-17T19:53:04.468+0000] {processor.py:830} INFO - Processing file /opt/airflow/dags/dag_updating.py for tasks to queue
[2026-09-17T19:53:04.472+0000] {logging_mixin.py:188} INFO - [2026-09-17T19:53:04.472+0000] {dagbag.py:545} INFO - Filling up the DagBag from /opt/airflow/dags/dag_updating.py
[2026-09-17T19:53:04.533+0000] {processor.py:840} INFO - DAG(s) 'youtube_data_updating' retrieved from /opt/airflow/dags/dag_updating.py
[2026-09-17T19:53:04.568+0000] {logging_mixin.py:188} INFO - [2026-09-17T19:53:04.568+0000] {dag.py:3096} INFO - Sync 1 DAGs
[2026-09-17T19:53:04.599+0000] {logging_mixin.py:188} INFO - [2026-09-17T19:53:04.598+0000] {dag.py:3954} INFO - Setting next_dagrun for youtube_data_updating to 2026-09-17 00:00:00+00:00, run_after=2026-09-18 00:00:00+00:00
[2026-09-17T19:53:04.629+0000] {processor.py:183} INFO - Processing /opt/airflow/dags/dag_updating.py took 0.176 seconds
[2026-09-17T19:53:35.074+0000] {processor.py:161} INFO - Started process (PID=110) to work on /opt/airflow/dags/dag_updating.py
[2026-09-17T19:53:35.079+0000] {processor.py:830} INFO - Processing file /opt/airflow/dags/dag_updating.py for tasks to queue
[2026-09-17T19:53:35.083+0000] {logging_mixin.py:188} INFO - [2026-09-17T19:53:35.083+0000] {dagbag.py:545} INFO - Filling up the DagBag from /opt/airflow/dags/dag_updating.py
[2026-09-17T19:53:35.147+0000] {processor.py:840} INFO - DAG(s) 'youtube_data_updating' retrieved from /opt/airflow/dags/dag_updating.py
[2026-09-17T19:53:35.178+0000] {logging_mixin.py:188} INFO - [2026-09-17T19:53:35.178+0000] {dag.py:3096} INFO - Sync 1 DAGs
[2026-09-17T19:53:35.207+0000] {logging_mixin.py:188} INFO - [2026-09-17T19:53:35.207+0000] {dag.py:3954} INFO - Setting next_dagrun for youtube_data_updating to 2026-09-17 00:00:00+00:00, run_after=2026-09-18 00:00:00+00:00
[2026-09-17T19:53:35.234+0000] {processor.py:183} INFO - Processing /opt/airflow/dags/dag_updating.py took 0.171 seconds
[2026-09-17T19:54:05.727+0000] {processor.py:161} INFO - Started process (PID=118) to work on /opt/airflow/dags/dag_updating.py
[2026-09-17T19:54:05.732+0000] {processor.py:830} INFO - Processing file /opt/airflow/dags/dag_updating.py for tasks to queue
[2026-09-17T19:54:05.738+0000] {logging_mixin.py:188} INFO - [2026-09-17T19:54:05.737+0000] {dagbag.py:545} INFO - Filling up the DagBag from /opt/airflow/dags/dag_updating.py
[2026-09-17T19:54:05.852+0000] {processor.py:840} INFO - DAG(s) 'youtube_data_updating' retrieved from /opt/airflow/dags/dag_updating.py
[2026-09-17T19:54:05.894+0000] {logging_mixin.py:188} INFO - [2026-09-17T19:54:05.893+0000] {dag.py:3096} INFO - Sync 1 DAGs
[2026-09-17T19:54:05.930+0000] {logging_mixin.py:188} INFO - [2026-09-17T19:54:05.930+0000] {dag.py:3954} INFO - Setting next_dagrun for youtube_data_updating to 2026-09-17 00:00:00+00:00, run_after=2026-09-18 00:00:00+00:00
[2026-09-17T19:54:05.962+0000] {processor.py:183} INFO - Processing /opt/airflow/dags/dag_updating.py took 0.256 seconds
[2026-09-17T19:54:36.429+0000] {processor.py:161} INFO - Started process (PID=126) to work on /opt/airflow/dags/dag_updating.py
[2026-09-17T19:54:36.433+0000] {processor.py:830} INFO - Processing file /opt/airflow/dags/dag_updating.py for tasks to queue
[2026-09-17T19:54:36.437+0000] {logging_mixin.py:188} INFO - [2026-09-17T19:54:36.437+0000] {dagbag.py:545} INFO - Filling up the DagBag from /opt/airflow/dags/dag_updating.py
[2026-09-17T19:54:36.501+0000] {processor.py:840} INFO - DAG(s) 'youtube_data_updating' retrieved from /opt/airflow/dags/dag_updating.py
[2026-09-17T19:54:36.528+0000] {logging_mixin.py:188} INFO - [2026-09-17T19:54:36.528+0000] {dag.py:3096} INFO - Sync 1 DAGs
[2026-09-17T19:54:36.553+0000] {logging_mixin.py:188} INFO - [2026-09-17T19:54:36.553+0000] {dag.py:3954} INFO - Setting next_dagrun for youtube_data_updating to 2026-09-17 00:00:00+00:00, run_after=2026-09-18 00:00:00+00:00
[2026-09-17T19:54:36.580+0000] {processor.py:183} INFO - Processing /opt/airflow/dags/dag_updating.py took 0.158 seconds
[2026-09-17T19:55:07.138+0000] {processor.py:161} INFO - Started process (PID=134) to work on /opt/airflow/dags/dag_updating.py
[2026-09-17T19:55:07.143+0000] {processor.py:830} INFO - Processing file /opt/airflow/dags/dag_updating.py for tasks to queue
[2026-09-17T19:55:07.147+0000] {logging_mixin.py:188} INFO - [2026-09-17T19:55:07.147+0000] {dagbag.py:545} INFO - Filling up the DagBag from /opt/airflow/dags/dag_updating.py
[2026-09-17T19:55:07.258+0000] {processor.py:840} INFO - DAG(s) 'youtube_data_updating' retrieved from /opt/airflow/dags/dag_updating.py
[2026-09-17T19:55:07.312+0000] {logging_mixin.py:188} INFO - [2026-09-17T19:55:07.312+0000] {dag.py:3096} INFO - Sync 1 DAGs
[2026-09-17T19:55:07.365+0000] {logging_mixin.py:188} INFO - [2026-09-17T19:55:07.364+0000] {dag.py:3954} INFO - Setting next_dagrun for youtube_data_updating to 2026-09-17 00:00:00+00:00, run_after=2026-09-18 00:00:00+00:00
[2026-09-17T19:55:07.407+0000] {processor.py:183} INFO - Processing /opt/airflow/dags/dag_updating.py took 0.281 seconds
[2026-09-17T19:55:38.176+0000] {processor.py:161} INFO - Started process (PID=142) to work on /opt/airflow/dags/dag_updating.py
[2026-09-17T19:55:38.182+0000] {processor.py:830} INFO - Processing file /opt/airflow/dags/dag_updating.py for tasks to queue
[2026-09-17T19:55:38.189+0000] {logging_mixin.py:188} INFO - [2026-09-17T19:55:38.189+0000] {dagbag.py:545} INFO - Filling up the DagBag from /opt/airflow/dags/dag_updating.py
[2026-09-17T19:55:38.269+0000] {processor.py:840} INFO - DAG(s) 'youtube_data_updating' retrieved from /opt/airflow/dags/dag_updating.py
[2026-09-17T19:55:38.308+0000] {logging_mixin.py:188} INFO - [2026-09-17T19:55:38.307+0000] {dag.py:3096} INFO - Sync 1 DAGs
[2026-09-17T19:55:38.370+0000] {logging_mixin.py:188} INFO - [2026-09-17T19:55:38.369+0000] {dag.py:3954} INFO - Setting next_dagrun for youtube_data_updating to 2026-09-17 00:00:00+00:00, run_after=2026-09-18 00:00:00+00:00
[2026-09-17T19:55:38.423+0000] {processor.py:183} INFO - Processing /opt/airflow/dags/dag_updating.py took 0.259 seconds
[2026-09-17T19:56:08.883+0000] {processor.py:161} INFO - Started process (PID=150) to work on /opt/airflow/dags/dag_updating.py
[2026-09-17T19:56:08.887+0000] {processor.py:830} INFO - Processing file /opt/airflow/dags/dag_updating.py for tasks to queue
[2026-09-17T19:56:08.892+0000] {logging_mixin.py:188} INFO - [2026-09-17T19:56:08.892+0000] {dagbag.py:545} INFO - Filling up the DagBag from /opt/airflow/dags/dag_updating.py
[2026-09-17T19:56:08.962+0000] {processor.py:840} INFO - DAG(s) 'youtube_data_updating' retrieved from /opt/airflow/dags/dag_updating.py
[2026-09-17T19:56:08.997+0000] {logging_mixin.py:188} INFO - [2026-09-17T19:56:08.997+0000] {dag.py:3096} INFO - Sync 1 DAGs
[2026-09-17T19:56:09.032+0000] {logging_mixin.py:188} INFO - [2026-09-17T19:56:09.032+0000] {dag.py:3954} INFO - Setting next_dagrun for youtube_data_updating to 2026-09-17 00:00:00+00:00, run_after=2026-09-18 00:00:00+00:00
[2026-09-17T19:56:09.062+0000] {processor.py:183} INFO - Processing /opt/airflow/dags/dag_updating.py took 0.191 seconds
[2026-09-17T19:56:39.495+0000] {processor.py:161} INFO - Started process (PID=158) to work on /opt/airflow/dags/dag_updating.py
[2026-09-17T19:56:39.498+0000] {processor.py:830} INFO - Processing file /opt/airflow/dags/dag_updating.py for tasks to queue
[2026-09-17T19:56:39.502+0000] {logging_mixin.py:188} INFO - [2026-09-17T19:56:39.501+0000] {dagbag.py:545} INFO - Filling up the DagBag from /opt/airflow/dags/dag_updating.py
[2026-09-17T19:56:39.571+0000] {processor.py:840} INFO - DAG(s) 'youtube_data_updating' retrieved from /opt/airflow/dags/dag_updating.py
[2026-09-17T19:56:39.603+0000] {logging_mixin.py:188} INFO - [2026-09-17T19:56:39.603+0000] {dag.py:3096} INFO - Sync 1 DAGs
[2026-09-17T19:56:39.638+0000] {logging_mixin.py:188} INFO - [2026-09-17T19:56:39.638+0000] {dag.py:3954} INFO - Setting next_dagrun for youtube_data_updating to 2026-09-17 00:00:00+00:00, run_after=2026-09-18 00:00:00+00:00
[2026-09-17T19:56:39.673+0000] {processor.py:183} INFO - Processing /opt/airflow/dags/dag_updating.py took 0.188 seconds
[2026-09-17T19:57:10.129+0000] {processor.py:161} INFO - Started process (PID=167) to work on /opt/airflow/dags/dag_updating.py
[2026-09-17T19:57:10.132+0000] {processor.py:830} INFO - Processing file /opt/airflow/dags/dag_updating.py for tasks to queue
[2026-09-17T19:57:10.137+0000] {logging_mixin.py:188} INFO - [2026-09-17T19:57:10.136+0000] {dagbag.py:545} INFO - Filling up the DagBag from /opt/airflow/dags/dag_updating.py
[2026-09-17T19:57:10.201+0000] {processor.py:840} INFO - DAG(s) 'youtube_data_updating' retrieved from /opt/airflow/dags/dag_updating.py
[2026-09-17T19:57:10.233+0000] {logging_mixin.py:188} INFO - [2026-09-17T19:57:10.233+0000] {dag.py:3096} INFO - Sync 1 DAGs
[2026-09-17T19:57:10.262+0000] {logging_mixin.py:188} INFO - [2026-09-17T19:57:10.261+0000] {dag.py:3954} INFO - Setting next_dagrun for youtube_data_updating to 2026-09-17 00:00:00+00:00, run_after=2026-09-18 00:00:00+00:00
[2026-09-17T19:57:10.291+0000] {processor.py:183} INFO - Processing /opt/airflow/dags/dag_updating.py took 0.174 seconds
[2026-09-17T19:57:40.858+0000] {processor.py:161} INFO - Started process (PID=175) to work on /opt/airflow/dags/dag_updating.py
[2026-09-17T19:57:40.862+0000] {processor.py:830} INFO - Processing file /opt/airflow/dags/dag_updating.py for tasks to queue
[2026-09-17T19:57:40.869+0000] {logging_mixin.py:188} INFO - [2026-09-17T19:57:40.868+0000] {dagbag.py:545} INFO - Filling up the DagBag from /opt/airflow/dags/dag_updating.py
[2026-09-17T19:57:40.987+0000] {processor.py:840} INFO - DAG(s) 'youtube_data_updating' retrieved from /opt/airflow/dags/dag_updating.py
[2026-09-17T19:57:41.028+0000] {logging_mixin.py:188} INFO - [2026-09-17T19:57:41.027+0000] {dag.py:3096} INFO - Sync 1 DAGs
[2026-09-17T19:57:41.073+0000] {logging_mixin.py:188} INFO - [2026-09-17T19:57:41.073+0000] {dag.py:3954} INFO - Setting next_dagrun for youtube_data_updating to 2026-09-17 00:00:00+00:00, run_after=2026-09-18 00:00:00+00:00
[2026-09-17T19:57:41.151+0000] {processor.py:183} INFO - Processing /opt/airflow/dags/dag_updating.py took 0.307 seconds
[2026-09-17T19:58:11.688+0000] {processor.py:161} INFO - Started process (PID=184) to work on /opt/airflow/dags/dag_updating.py
[2026-09-17T19:58:11.691+0000] {processor.py:830} INFO - Processing file /opt/airflow/dags/dag_updating.py for tasks to queue
[2026-09-17T19:58:11.696+0000] {logging_mixin.py:188} INFO - [2026-09-17T19:58:11.696+0000] {dagbag.py:545} INFO - Filling up the DagBag from /opt/airflow/dags/dag_updating.py
[2026-09-17T19:58:11.779+0000] {processor.py:840} INFO - DAG(s) 'youtube_data_updating' retrieved from /opt/airflow/dags/dag_updating.py
[2026-09-17T19:58:11.811+0000] {logging_mixin.py:188} INFO - [2026-09-17T19:58:11.811+0000] {dag.py:3096} INFO - Sync 1 DAGs
[2026-09-17T19:58:11.843+0000] {logging_mixin.py:188} INFO - [2026-09-17T19:58:11.843+0000] {dag.py:3954} INFO - Setting next_dagrun for youtube_data_updating to 2026-09-17 00:00:00+00:00, run_after=2026-09-18 00:00:00+00:00
[2026-09-17T19:58:11.875+0000] {processor.py:183} INFO - Processing /opt/airflow/dags/dag_updating.py took 0.199 seconds
[2026-09-17T19:58:42.343+0000] {processor.py:161} INFO - Started process (PID=192) to work on /opt/airflow/dags/dag_updating.py
[2026-09-17T19:58:42.346+0000] {processor.py:830} INFO - Processing file /opt/airflow/dags/dag_updating.py for tasks to queue
[2026-09-17T19:58:42.352+0000] {logging_mixin.py:188} INFO - [2026-09-17T19:58:42.351+0000] {dagbag.py:545} INFO - Filling up the DagBag from /opt/airflow/dags/dag_updating.py
[2026-09-17T19:58:42.421+0000] {processor.py:840} INFO - DAG(s) 'youtube_data_updating' retrieved from /opt/airflow/dags/dag_updating.py
[2026-09-17T19:58:42.453+0000] {logging_mixin.py:188} INFO - [2026-09-17T19:58:42.452+0000] {dag.py:3096} INFO - Sync 1 DAGs
[2026-09-17T19:58:42.484+0000] {logging_mixin.py:188} INFO - [2026-09-17T19:58:42.484+0000] {dag.py:3954} INFO - Setting next_dagrun for youtube_data_updating to 2026-09-17 00:00:00+00:00, run_after=2026-09-18 00:00:00+00:00
[2026-09-17T19:58:42.518+0000] {processor.py:183} INFO - Processing /opt/airflow/dags/dag_updating.py took 0.185 seconds
[2026-09-17T19:59:12.959+0000] {processor.py:161} INFO - Started process (PID=200) to work on /opt/airflow/dags/dag_updating.py
[2026-09-17T19:59:12.963+0000] {processor.py:830} INFO - Processing file /opt/airflow/dags/dag_updating.py for tasks to queue
[2026-09-17T19:59:12.968+0000] {logging_mixin.py:188} INFO - [2026-09-17T19:59:12.967+0000] {dagbag.py:545} INFO - Filling up the DagBag from /opt/airflow/dags/dag_updating.py
[2026-09-17T19:59:13.038+0000] {processor.py:840} INFO - DAG(s) 'youtube_data_updating' retrieved from /opt/airflow/dags/dag_updating.py
[2026-09-17T19:59:13.070+0000] {logging_mixin.py:188} INFO - [2026-09-17T19:59:13.070+0000] {dag.py:3096} INFO - Sync 1 DAGs
[2026-09-17T19:59:13.100+0000] {logging_mixin.py:188} INFO - [2026-09-17T19:59:13.100+0000] {dag.py:3954} INFO - Setting next_dagrun for youtube_data_updating to 2026-09-17 00:00:00+00:00, run_after=2026-09-18 00:00:00+00:00
[2026-09-17T19:59:13.129+0000] {processor.py:183} INFO - Processing /opt/airflow/dags/dag_updating.py took 0.183 seconds
[2026-09-17T19:59:43.587+0000] {processor.py:161} INFO - Started process (PID=208) to work on /opt/airflow/dags/dag_updating.py
[2026-09-17T19:59:43.591+0000] {processor.py:830} INFO - Processing file /opt/airflow/dags/dag_updating.py for tasks to queue
[2026-09-17T19:59:43.595+0000] {logging_mixin.py:188} INFO - [2026-09-17T19:59:43.595+0000] {dagbag.py:545} INFO - Filling up the DagBag from /opt/airflow/dags/dag_updating.py
[2026-09-17T19:59:43.653+0000] {processor.py:840} INFO - DAG(s) 'youtube_data_updating' retrieved from /opt/airflow/dags/dag_updating.py
[2026-09-17T19:59:43.683+0000] {logging_mixin.py:188} INFO - [2026-09-17T19:59:43.682+0000] {dag.py:3096} INFO - Sync 1 DAGs
[2026-09-17T19:59:43.714+0000] {logging_mixin.py:188} INFO - [2026-09-17T19:59:43.713+0000] {dag.py:3954} INFO - Setting next_dagrun for youtube_data_updating to 2026-09-17 00:00:00+00:00, run_after=2026-09-18 00:00:00+00:00
[2026-09-17T19:59:43.744+0000] {processor.py:183} INFO - Processing /opt/airflow/dags/dag_updating.py took 0.166 seconds
[2026-09-17T20:00:14.176+0000] {processor.py:161} INFO - Started process (PID=216) to work on /opt/airflow/dags/dag_updating.py
[2026-09-17T20:00:14.178+0000] {processor.py:830} INFO - Processing file /opt/airflow/dags/dag_updating.py for tasks to queue
[2026-09-17T20:00:14.182+0000] {logging_mixin.py:188} INFO - [2026-09-17T20:00:14.182+0000] {dagbag.py:545} INFO - Filling up the DagBag from /opt/airflow/dags/dag_updating.py
[2026-09-17T20:00:14.256+0000] {processor.py:840} INFO - DAG(s) 'youtube_data_updating' retrieved from /opt/airflow/dags/dag_updating.py
[2026-09-17T20:00:14.292+0000] {logging_mixin.py:188} INFO - [2026-09-17T20:00:14.292+0000] {dag.py:3096} INFO - Sync 1 DAGs
[2026-09-17T20:00:14.331+0000] {logging_mixin.py:188} INFO - [2026-09-17T20:00:14.331+0000] {dag.py:3954} INFO - Setting next_dagrun for youtube_data_updating to 2026-09-17 00:00:00+00:00, run_after=2026-09-18 00:00:00+00:00
[2026-09-17T20:00:14.365+0000] {processor.py:183} INFO - Processing /opt/airflow/dags/dag_updating.py took 0.200 seconds
[2026-09-17T20:00:44.993+0000] {processor.py:161} INFO - Started process (PID=224) to work on /opt/airflow/dags/dag_updating.py
[2026-09-17T20:00:44.998+0000] {processor.py:830} INFO - Processing file /opt/airflow/dags/dag_updating.py for tasks to queue
[2026-09-17T20:00:45.003+0000] {logging_mixin.py:188} INFO - [2026-09-17T20:00:45.003+0000] {dagbag.py:545} INFO - Filling up the DagBag from /opt/airflow/dags/dag_updating.py
[2026-09-17T20:00:45.129+0000] {processor.py:840} INFO - DAG(s) 'youtube_data_updating' retrieved from /opt/airflow/dags/dag_updating.py
[2026-09-17T20:00:45.177+0000] {logging_mixin.py:188} INFO - [2026-09-17T20:00:45.177+0000] {dag.py:3096} INFO - Sync 1 DAGs
[2026-09-17T20:00:45.224+0000] {logging_mixin.py:188} INFO - [2026-09-17T20:00:45.223+0000] {dag.py:3954} INFO - Setting next_dagrun for youtube_data_updating to 2026-09-17 00:00:00+00:00, run_after=2026-09-18 00:00:00+00:00
[2026-09-17T20:00:45.271+0000] {processor.py:183} INFO - Processing /opt/airflow/dags/dag_updating.py took 0.288 seconds
[2026-09-17T20:01:15.774+0000] {processor.py:161} INFO - Started process (PID=232) to work on /opt/airflow/dags/dag_updating.py
[2026-09-17T20:01:15.779+0000] {processor.py:830} INFO - Processing file /opt/airflow/dags/dag_updating.py for tasks to queue
[2026-09-17T20:01:15.785+0000] {logging_mixin.py:188} INFO - [2026-09-17T20:01:15.784+0000] {dagbag.py:545} INFO - Filling up the DagBag from /opt/airflow/dags/dag_updating.py
[2026-09-17T20:01:15.876+0000] {processor.py:840} INFO - DAG(s) 'youtube_data_updating' retrieved from /opt/airflow/dags/dag_updating.py
[2026-09-17T20:01:15.915+0000] {logging_mixin.py:188} INFO - [2026-09-17T20:01:15.915+0000] {dag.py:3096} INFO - Sync 1 DAGs
[2026-09-17T20:01:15.961+0000] {logging_mixin.py:188} INFO - [2026-09-17T20:01:15.961+0000] {dag.py:3954} INFO - Setting next_dagrun for youtube_data_updating to 2026-09-17 00:00:00+00:00, run_after=2026-09-18 00:00:00+00:00
[2026-09-17T20:01:15.996+0000] {processor.py:183} INFO - Processing /opt/airflow/dags/dag_updating.py took 0.236 seconds
[2026-09-17T20:01:46.504+0000] {processor.py:161} INFO - Started process (PID=240) to work on /opt/airflow/dags/dag_updating.py
[2026-09-17T20:01:46.510+0000] {processor.py:830} INFO - Processing file /opt/airflow/dags/dag_updating.py for tasks to queue
[2026-09-17T20:01:46.518+0000] {logging_mixin.py:188} INFO - [2026-09-17T20:01:46.517+0000] {dagbag.py:545} INFO - Filling up the DagBag from /opt/airflow/dags/dag_updating.py
[2026-09-17T20:01:46.638+0000] {processor.py:840} INFO - DAG(s) 'youtube_data_updating' retrieved from /opt/airflow/dags/dag_updating.py
[2026-09-17T20:01:46.669+0000] {logging_mixin.py:188} INFO - [2026-09-17T20:01:46.669+0000] {dag.py:3096} INFO - Sync 1 DAGs
[2026-09-17T20:01:46.703+0000] {logging_mixin.py:188} INFO - [2026-09-17T20:01:46.703+0000] {dag.py:3954} INFO - Setting next_dagrun for youtube_data_updating to 2026-09-17 00:00:00+00:00, run_after=2026-09-18 00:00:00+00:00
[2026-09-17T20:01:46.730+0000] {processor.py:183} INFO - Processing /opt/airflow/dags/dag_updating.py took 0.250 seconds
[2026-09-17T20:02:17.170+0000] {processor.py:161} INFO - Started process (PID=248) to work on /opt/airflow/dags/dag_updating.py
[2026-09-17T20:02:17.173+0000] {processor.py:830} INFO - Processing file /opt/airflow/dags/dag_updating.py for tasks to queue
[2026-09-17T20:02:17.178+0000] {logging_mixin.py:188} INFO - [2026-09-17T20:02:17.177+0000] {dagbag.py:545} INFO - Filling up the DagBag from /opt/airflow/dags/dag_updating.py
[2026-09-17T20:02:17.246+0000] {processor.py:840} INFO - DAG(s) 'youtube_data_updating' retrieved from /opt/airflow/dags/dag_updating.py
[2026-09-17T20:02:17.280+0000] {logging_mixin.py:188} INFO - [2026-09-17T20:02:17.279+0000] {dag.py:3096} INFO - Sync 1 DAGs
[2026-09-17T20:02:17.311+0000] {logging_mixin.py:188} INFO - [2026-09-17T20:02:17.311+0000] {dag.py:3954} INFO - Setting next_dagrun for youtube_data_updating to 2026-09-17 00:00:00+00:00, run_after=2026-09-18 00:00:00+00:00
[2026-09-17T20:02:17.343+0000] {processor.py:183} INFO - Processing /opt/airflow/dags/dag_updating.py took 0.183 seconds
[2026-09-17T20:02:47.866+0000] {processor.py:161} INFO - Started process (PID=256) to work on /opt/airflow/dags/dag_updating.py
[2026-09-17T20:02:47.869+0000] {processor.py:830} INFO - Processing file /opt/airflow/dags/dag_updating.py for tasks to queue
[2026-09-17T20:02:47.874+0000] {logging_mixin.py:188} INFO - [2026-09-17T20:02:47.873+0000] {dagbag.py:545} INFO - Filling up the DagBag from /opt/airflow/dags/dag_updating.py
[2026-09-17T20:02:47.971+0000] {processor.py:840} INFO - DAG(s) 'youtube_data_updating' retrieved from /opt/airflow/dags/dag_updating.py
[2026-09-17T20:02:48.014+0000] {logging_mixin.py:188} INFO - [2026-09-17T20:02:48.014+0000] {dag.py:3096} INFO - Sync 1 DAGs
[2026-09-17T20:02:48.055+0000] {logging_mixin.py:188} INFO - [2026-09-17T20:02:48.054+0000] {dag.py:3954} INFO - Setting next_dagrun for youtube_data_updating to 2026-09-17 00:00:00+00:00, run_after=2026-09-18 00:00:00+00:00
[2026-09-17T20:02:48.087+0000] {processor.py:183} INFO - Processing /opt/airflow/dags/dag_updating.py took 0.233 seconds
[2026-09-17T20:03:18.590+0000] {processor.py:161} INFO - Started process (PID=264) to work on /opt/airflow/dags/dag_updating.py
[2026-09-17T20:03:18.596+0000] {processor.py:830} INFO - Processing file /opt/airflow/dags/dag_updating.py for tasks to queue
[2026-09-17T20:03:18.604+0000] {logging_mixin.py:188} INFO - [2026-09-17T20:03:18.603+0000] {dagbag.py:545} INFO - Filling up the DagBag from /opt/airflow/dags/dag_updating.py
[2026-09-17T20:03:18.696+0000] {processor.py:840} INFO - DAG(s) 'youtube_data_updating' retrieved from /opt/airflow/dags/dag_updating.py
[2026-09-17T20:03:18.725+0000] {logging_mixin.py:188} INFO - [2026-09-17T20:03:18.725+0000] {dag.py:3096} INFO - Sync 1 DAGs
[2026-09-17T20:03:18.766+0000] {logging_mixin.py:188} INFO - [2026-09-17T20:03:18.765+0000] {dag.py:3954} INFO - Setting next_dagrun for youtube_data_updating to 2026-09-17 00:00:00+00:00, run_after=2026-09-18 00:00:00+00:00
[2026-09-17T20:03:18.814+0000] {processor.py:183} INFO - Processing /opt/airflow/dags/dag_updating.py took 0.248 seconds
[2026-09-17T20:03:49.347+0000] {processor.py:161} INFO - Started process (PID=272) to work on /opt/airflow/dags/dag_updating.py
[2026-09-17T20:03:49.352+0000] {processor.py:830} INFO - Processing file /opt/airflow/dags/dag_updating.py for tasks to queue
[2026-09-17T20:03:49.358+0000] {logging_mixin.py:188} INFO - [2026-09-17T20:03:49.357+0000] {dagbag.py:545} INFO - Filling up the DagBag from /opt/airflow/dags/dag_updating.py
[2026-09-17T20:03:49.480+0000] {processor.py:840} INFO - DAG(s) 'youtube_data_updating' retrieved from /opt/airflow/dags/dag_updating.py
[2026-09-17T20:03:49.534+0000] {logging_mixin.py:188} INFO - [2026-09-17T20:03:49.533+0000] {dag.py:3096} INFO - Sync 1 DAGs
[2026-09-17T20:03:49.600+0000] {logging_mixin.py:188} INFO - [2026-09-17T20:03:49.599+0000] {dag.py:3954} INFO - Setting next_dagrun for youtube_data_updating to 2026-09-17 00:00:00+00:00, run_after=2026-09-18 00:00:00+00:00
[2026-09-17T20:03:49.645+0000] {processor.py:183} INFO - Processing /opt/airflow/dags/dag_updating.py took 0.310 seconds
[2026-09-17T20:04:20.136+0000] {processor.py:161} INFO - Started process (PID=280) to work on /opt/airflow/dags/dag_updating.py
[2026-09-17T20:04:20.140+0000] {processor.py:830} INFO - Processing file /opt/airflow/dags/dag_updating.py for tasks to queue
[2026-09-17T20:04:20.148+0000] {logging_mixin.py:188} INFO - [2026-09-17T20:04:20.147+0000] {dagbag.py:545} INFO - Filling up the DagBag from /opt/airflow/dags/dag_updating.py
[2026-09-17T20:04:20.279+0000] {processor.py:840} INFO - DAG(s) 'youtube_data_updating' retrieved from /opt/airflow/dags/dag_updating.py
[2026-09-17T20:04:20.336+0000] {logging_mixin.py:188} INFO - [2026-09-17T20:04:20.335+0000] {dag.py:3096} INFO - Sync 1 DAGs
[2026-09-17T20:04:20.399+0000] {logging_mixin.py:188} INFO - [2026-09-17T20:04:20.398+0000] {dag.py:3954} INFO - Setting next_dagrun for youtube_data_updating to 2026-09-17 00:00:00+00:00, run_after=2026-09-18 00:00:00+00:00
[2026-09-17T20:04:20.436+0000] {processor.py:183} INFO - Processing /opt/airflow/dags/dag_updating.py took 0.311 seconds
[2026-09-17T20:04:50.885+0000] {processor.py:161} INFO - Started process (PID=288) to work on /opt/airflow/dags/dag_updating.py
[2026-09-17T20:04:50.889+0000] {processor.py:830} INFO - Processing file /opt/airflow/dags/dag_updating.py for tasks to queue
[2026-09-17T20:04:50.896+0000] {logging_mixin.py:188} INFO - [2026-09-17T20:04:50.895+0000] {dagbag.py:545} INFO - Filling up the DagBag from /opt/airflow/dags/dag_updating.py
[2026-09-17T20:04:51.038+0000] {processor.py:840} INFO - DAG(s) 'youtube_data_updating' retrieved from /opt/airflow/dags/dag_updating.py
[2026-09-17T20:04:51.084+0000] {logging_mixin.py:188} INFO - [2026-09-17T20:04:51.083+0000] {dag.py:3096} INFO - Sync 1 DAGs
[2026-09-17T20:04:51.133+0000] {logging_mixin.py:188} INFO - [2026-09-17T20:04:51.133+0000] {dag.py:3954} INFO - Setting next_dagrun for youtube_data_updating to 2026-09-17 00:00:00+00:00, run_after=2026-09-18 00:00:00+00:00
[2026-09-17T20:04:51.171+0000] {processor.py:183} INFO - Processing /opt/airflow/dags/dag_updating.py took 0.295 seconds
