[2026-09-17T09:36:03.666+0000] {processor.py:161} INFO - Started process (PID=48) to work on /opt/airflow/dags/dag_extraction.py
[2026-09-17T09:36:03.668+0000] {processor.py:830} INFO - Processing file /opt/airflow/dags/dag_extraction.py for tasks to queue
[2026-09-17T09:36:03.672+0000] {logging_mixin.py:188} INFO - [2026-09-17T09:36:03.672+0000] {dagbag.py:545} INFO - Filling up the DagBag from /opt/airflow/dags/dag_extraction.py
[2026-09-17T09:36:03.986+0000] {processor.py:840} INFO - DAG(s) 'youtube_extraction' retrieved from /opt/airflow/dags/dag_extraction.py
[2026-09-17T09:36:04.725+0000] {logging_mixin.py:188} INFO - [2026-09-17T09:36:04.718+0000] {override.py:1829} INFO - Created Permission View: can delete on DAG:youtube_extraction
[2026-09-17T09:36:04.763+0000] {logging_mixin.py:188} INFO - [2026-09-17T09:36:04.762+0000] {override.py:1829} INFO - Created Permission View: can edit on DAG:youtube_extraction
[2026-09-17T09:36:04.787+0000] {logging_mixin.py:188} INFO - [2026-09-17T09:36:04.787+0000] {override.py:1829} INFO - Created Permission View: can read on DAG:youtube_extraction
[2026-09-17T09:36:04.790+0000] {logging_mixin.py:188} INFO - [2026-09-17T09:36:04.790+0000] {dag.py:3096} INFO - Sync 1 DAGs
[2026-09-17T09:36:04.835+0000] {logging_mixin.py:188} INFO - [2026-09-17T09:36:04.834+0000] {dag.py:3118} INFO - Creating ORM DAG for youtube_extraction
[2026-09-17T09:36:04.866+0000] {logging_mixin.py:188} INFO - [2026-09-17T09:36:04.866+0000] {dag.py:3954} INFO - Setting next_dagrun for youtube_extraction to 2026-09-16 00:00:00+00:00, run_after=2026-09-17 00:00:00+00:00
[2026-09-17T09:36:04.915+0000] {processor.py:183} INFO - Processing /opt/airflow/dags/dag_extraction.py took 1.259 seconds
[2026-09-17T09:36:35.162+0000] {processor.py:161} INFO - Started process (PID=55) to work on /opt/airflow/dags/dag_extraction.py
[2026-09-17T09:36:35.164+0000] {processor.py:830} INFO - Processing file /opt/airflow/dags/dag_extraction.py for tasks to queue
[2026-09-17T09:36:35.168+0000] {logging_mixin.py:188} INFO - [2026-09-17T09:36:35.167+0000] {dagbag.py:545} INFO - Filling up the DagBag from /opt/airflow/dags/dag_extraction.py
[2026-09-17T09:36:35.238+0000] {processor.py:840} INFO - DAG(s) 'youtube_extraction' retrieved from /opt/airflow/dags/dag_extraction.py
[2026-09-17T09:36:35.267+0000] {logging_mixin.py:188} INFO - [2026-09-17T09:36:35.267+0000] {dag.py:3096} INFO - Sync 1 DAGs
[2026-09-17T09:36:35.290+0000] {logging_mixin.py:188} INFO - [2026-09-17T09:36:35.290+0000] {dag.py:3954} INFO - Setting next_dagrun for youtube_extraction to 2026-09-16 00:00:00+00:00, run_after=2026-09-17 00:00:00+00:00
[2026-09-17T09:36:35.312+0000] {processor.py:183} INFO - Processing /opt/airflow/dags/dag_extraction.py took 0.155 seconds
[2026-09-17T09:37:05.359+0000] {processor.py:161} INFO - Started process (PID=68) to work on /opt/airflow/dags/dag_extraction.py
[2026-09-17T09:37:05.360+0000] {processor.py:830} INFO - Processing file /opt/airflow/dags/dag_extraction.py for tasks to queue
[2026-09-17T09:37:05.363+0000] {logging_mixin.py:188} INFO - [2026-09-17T09:37:05.362+0000] {dagbag.py:545} INFO - Filling up the DagBag from /opt/airflow/dags/dag_extraction.py
[2026-09-17T09:37:05.428+0000] {processor.py:840} INFO - DAG(s) 'youtube_extraction' retrieved from /opt/airflow/dags/dag_extraction.py
[2026-09-17T09:37:05.459+0000] {logging_mixin.py:188} INFO - [2026-09-17T09:37:05.459+0000] {dag.py:3096} INFO - Sync 1 DAGs
[2026-09-17T09:37:05.482+0000] {logging_mixin.py:188} INFO - [2026-09-17T09:37:05.482+0000] {dag.py:3954} INFO - Setting next_dagrun for youtube_extraction to 2026-09-16 00:00:00+00:00, run_after=2026-09-17 00:00:00+00:00
[2026-09-17T09:37:05.508+0000] {processor.py:183} INFO - Processing /opt/airflow/dags/dag_extraction.py took 0.158 seconds
[2026-09-17T09:37:35.732+0000] {processor.py:161} INFO - Started process (PID=75) to work on /opt/airflow/dags/dag_extraction.py
[2026-09-17T09:37:35.734+0000] {processor.py:830} INFO - Processing file /opt/airflow/dags/dag_extraction.py for tasks to queue
[2026-09-17T09:37:35.737+0000] {logging_mixin.py:188} INFO - [2026-09-17T09:37:35.737+0000] {dagbag.py:545} INFO - Filling up the DagBag from /opt/airflow/dags/dag_extraction.py
[2026-09-17T09:37:35.805+0000] {processor.py:840} INFO - DAG(s) 'youtube_extraction' retrieved from /opt/airflow/dags/dag_extraction.py
[2026-09-17T09:37:35.832+0000] {logging_mixin.py:188} INFO - [2026-09-17T09:37:35.832+0000] {dag.py:3096} INFO - Sync 1 DAGs
[2026-09-17T09:37:35.853+0000] {logging_mixin.py:188} INFO - [2026-09-17T09:37:35.852+0000] {dag.py:3954} INFO - Setting next_dagrun for youtube_extraction to 2026-09-16 00:00:00+00:00, run_after=2026-09-17 00:00:00+00:00
[2026-09-17T09:37:35.877+0000] {processor.py:183} INFO - Processing /opt/airflow/dags/dag_extraction.py took 0.153 seconds
[2026-09-17T09:38:05.976+0000] {processor.py:161} INFO - Started process (PID=82) to work on /opt/airflow/dags/dag_extraction.py
[2026-09-17T09:38:05.980+0000] {processor.py:830} INFO - Processing file /opt/airflow/dags/dag_extraction.py for tasks to queue
[2026-09-17T09:38:05.985+0000] {logging_mixin.py:188} INFO - [2026-09-17T09:38:05.984+0000] {dagbag.py:545} INFO - Filling up the DagBag from /opt/airflow/dags/dag_extraction.py
[2026-09-17T09:38:06.085+0000] {processor.py:840} INFO - DAG(s) 'youtube_extraction' retrieved from /opt/airflow/dags/dag_extraction.py
[2026-09-17T09:38:06.131+0000] {logging_mixin.py:188} INFO - [2026-09-17T09:38:06.131+0000] {dag.py:3096} INFO - Sync 1 DAGs
[2026-09-17T09:38:06.170+0000] {logging_mixin.py:188} INFO - [2026-09-17T09:38:06.170+0000] {dag.py:3954} INFO - Setting next_dagrun for youtube_extraction to 2026-09-16 00:00:00+00:00, run_after=2026-09-17 00:00:00+00:00
[2026-09-17T09:38:06.199+0000] {processor.py:183} INFO - Processing /opt/airflow/dags/dag_extraction.py took 0.230 seconds
[2026-09-17T09:38:36.312+0000] {processor.py:161} INFO - Started process (PID=89) to work on /opt/airflow/dags/dag_extraction.py
[2026-09-17T09:38:36.314+0000] {processor.py:830} INFO - Processing file /opt/airflow/dags/dag_extraction.py for tasks to queue
[2026-09-17T09:38:36.317+0000] {logging_mixin.py:188} INFO - [2026-09-17T09:38:36.317+0000] {dagbag.py:545} INFO - Filling up the DagBag from /opt/airflow/dags/dag_extraction.py
[2026-09-17T09:38:36.378+0000] {processor.py:840} INFO - DAG(s) 'youtube_extraction' retrieved from /opt/airflow/dags/dag_extraction.py
[2026-09-17T09:38:36.405+0000] {logging_mixin.py:188} INFO - [2026-09-17T09:38:36.405+0000] {dag.py:3096} INFO - Sync 1 DAGs
[2026-09-17T09:38:36.424+0000] {logging_mixin.py:188} INFO - [2026-09-17T09:38:36.424+0000] {dag.py:3954} INFO - Setting next_dagrun for youtube_extraction to 2026-09-16 00:00:00+00:00, run_after=2026-09-17 00:00:00+00:00
[2026-09-17T09:38:36.444+0000] {processor.py:183} INFO - Processing /opt/airflow/dags/dag_extraction.py took 0.137 seconds
[2026-09-17T09:39:06.641+0000] {processor.py:161} INFO - Started process (PID=96) to work on /opt/airflow/dags/dag_extraction.py
[2026-09-17T09:39:06.643+0000] {processor.py:830} INFO - Processing file /opt/airflow/dags/dag_extraction.py for tasks to queue
[2026-09-17T09:39:06.646+0000] {logging_mixin.py:188} INFO - [2026-09-17T09:39:06.646+0000] {dagbag.py:545} INFO - Filling up the DagBag from /opt/airflow/dags/dag_extraction.py
[2026-09-17T09:39:06.705+0000] {processor.py:840} INFO - DAG(s) 'youtube_extraction' retrieved from /opt/airflow/dags/dag_extraction.py
[2026-09-17T09:39:06.737+0000] {logging_mixin.py:188} INFO - [2026-09-17T09:39:06.737+0000] {dag.py:3096} INFO - Sync 1 DAGs
[2026-09-17T09:39:06.771+0000] {logging_mixin.py:188} INFO - [2026-09-17T09:39:06.771+0000] {dag.py:3954} INFO - Setting next_dagrun for youtube_extraction to 2026-09-16 00:00:00+00:00, run_after=2026-09-17 00:00:00+00:00
[2026-09-17T09:39:06.800+0000] {processor.py:183} INFO - Processing /opt/airflow/dags/dag_extraction.py took 0.165 seconds
[2026-09-17T09:39:36.893+0000] {processor.py:161} INFO - Started process (PID=103) to work on /opt/airflow/dags/dag_extraction.py
[2026-09-17T09:39:36.896+0000] {processor.py:830} INFO - Processing file /opt/airflow/dags/dag_extraction.py for tasks to queue
[2026-09-17T09:39:36.898+0000] {logging_mixin.py:188} INFO - [2026-09-17T09:39:36.898+0000] {dagbag.py:545} INFO - Filling up the DagBag from /opt/airflow/dags/dag_extraction.py
[2026-09-17T09:39:36.959+0000] {processor.py:840} INFO - DAG(s) 'youtube_extraction' retrieved from /opt/airflow/dags/dag_extraction.py
[2026-09-17T09:39:36.987+0000] {logging_mixin.py:188} INFO - [2026-09-17T09:39:36.986+0000] {dag.py:3096} INFO - Sync 1 DAGs
[2026-09-17T09:39:37.006+0000] {logging_mixin.py:188} INFO - [2026-09-17T09:39:37.006+0000] {dag.py:3954} INFO - Setting next_dagrun for youtube_extraction to 2026-09-16 00:00:00+00:00, run_after=2026-09-17 00:00:00+00:00
[2026-09-17T09:39:37.026+0000] {processor.py:183} INFO - Processing /opt/airflow/dags/dag_extraction.py took 0.140 seconds
[2026-09-17T09:40:07.290+0000] {processor.py:161} INFO - Started process (PID=110) to work on /opt/airflow/dags/dag_extraction.py
[2026-09-17T09:40:07.295+0000] {processor.py:830} INFO - Processing file /opt/airflow/dags/dag_extraction.py for tasks to queue
[2026-09-17T09:40:07.303+0000] {logging_mixin.py:188} INFO - [2026-09-17T09:40:07.302+0000] {dagbag.py:545} INFO - Filling up the DagBag from /opt/airflow/dags/dag_extraction.py
[2026-09-17T09:40:07.390+0000] {processor.py:840} INFO - DAG(s) 'youtube_extraction' retrieved from /opt/airflow/dags/dag_extraction.py
[2026-09-17T09:40:07.520+0000] {logging_mixin.py:188} INFO - [2026-09-17T09:40:07.519+0000] {dag.py:3096} INFO - Sync 1 DAGs
[2026-09-17T09:40:07.544+0000] {logging_mixin.py:188} INFO - [2026-09-17T09:40:07.544+0000] {dag.py:3954} INFO - Setting next_dagrun for youtube_extraction to 2026-09-16 00:00:00+00:00, run_after=2026-09-17 00:00:00+00:00
[2026-09-17T09:40:07.574+0000] {processor.py:183} INFO - Processing /opt/airflow/dags/dag_extraction.py took 0.306 seconds
[2026-09-17T09:40:37.809+0000] {processor.py:161} INFO - Started process (PID=117) to work on /opt/airflow/dags/dag_extraction.py
[2026-09-17T09:40:37.811+0000] {processor.py:830} INFO - Processing file /opt/airflow/dags/dag_extraction.py for tasks to queue
[2026-09-17T09:40:37.814+0000] {logging_mixin.py:188} INFO - [2026-09-17T09:40:37.813+0000] {dagbag.py:545} INFO - Filling up the DagBag from /opt/airflow/dags/dag_extraction.py
[2026-09-17T09:40:37.880+0000] {processor.py:840} INFO - DAG(s) 'youtube_extraction' retrieved from /opt/airflow/dags/dag_extraction.py
[2026-09-17T09:40:37.907+0000] {logging_mixin.py:188} INFO - [2026-09-17T09:40:37.907+0000] {dag.py:3096} INFO - Sync 1 DAGs
[2026-09-17T09:40:37.926+0000] {logging_mixin.py:188} INFO - [2026-09-17T09:40:37.926+0000] {dag.py:3954} INFO - Setting next_dagrun for youtube_extraction to 2026-09-16 00:00:00+00:00, run_after=2026-09-17 00:00:00+00:00
[2026-09-17T09:40:37.946+0000] {processor.py:183} INFO - Processing /opt/airflow/dags/dag_extraction.py took 0.146 seconds
[2026-09-17T09:41:08.053+0000] {processor.py:161} INFO - Started process (PID=124) to work on /opt/airflow/dags/dag_extraction.py
[2026-09-17T09:41:08.055+0000] {processor.py:830} INFO - Processing file /opt/airflow/dags/dag_extraction.py for tasks to queue
[2026-09-17T09:41:08.058+0000] {logging_mixin.py:188} INFO - [2026-09-17T09:41:08.058+0000] {dagbag.py:545} INFO - Filling up the DagBag from /opt/airflow/dags/dag_extraction.py
[2026-09-17T09:41:08.195+0000] {processor.py:840} INFO - DAG(s) 'youtube_extraction' retrieved from /opt/airflow/dags/dag_extraction.py
[2026-09-17T09:41:08.233+0000] {logging_mixin.py:188} INFO - [2026-09-17T09:41:08.233+0000] {dag.py:3096} INFO - Sync 1 DAGs
[2026-09-17T09:41:08.322+0000] {logging_mixin.py:188} INFO - [2026-09-17T09:41:08.322+0000] {dag.py:3954} INFO - Setting next_dagrun for youtube_extraction to 2026-09-17 00:00:00+00:00, run_after=2026-09-18 00:00:00+00:00
[2026-09-17T09:41:08.352+0000] {processor.py:183} INFO - Processing /opt/airflow/dags/dag_extraction.py took 0.308 seconds
[2026-09-17T09:41:38.584+0000] {processor.py:161} INFO - Started process (PID=135) to work on /opt/airflow/dags/dag_extraction.py
[2026-09-17T09:41:38.586+0000] {processor.py:830} INFO - Processing file /opt/airflow/dags/dag_extraction.py for tasks to queue
[2026-09-17T09:41:38.589+0000] {logging_mixin.py:188} INFO - [2026-09-17T09:41:38.588+0000] {dagbag.py:545} INFO - Filling up the DagBag from /opt/airflow/dags/dag_extraction.py
[2026-09-17T09:41:38.649+0000] {processor.py:840} INFO - DAG(s) 'youtube_extraction' retrieved from /opt/airflow/dags/dag_extraction.py
[2026-09-17T09:41:38.673+0000] {logging_mixin.py:188} INFO - [2026-09-17T09:41:38.673+0000] {dag.py:3096} INFO - Sync 1 DAGs
[2026-09-17T09:41:38.694+0000] {logging_mixin.py:188} INFO - [2026-09-17T09:41:38.694+0000] {dag.py:3954} INFO - Setting next_dagrun for youtube_extraction to 2026-09-17 00:00:00+00:00, run_after=2026-09-18 00:00:00+00:00
[2026-09-17T09:41:38.716+0000] {processor.py:183} INFO - Processing /opt/airflow/dags/dag_extraction.py took 0.138 seconds
[2026-09-17T09:42:08.815+0000] {processor.py:161} INFO - Started process (PID=142) to work on /opt/airflow/dags/dag_extraction.py
[2026-09-17T09:42:08.817+0000] {processor.py:830} INFO - Processing file /opt/airflow/dags/dag_extraction.py for tasks to queue
[2026-09-17T09:42:08.820+0000] {logging_mixin.py:188} INFO - [2026-09-17T09:42:08.820+0000] {dagbag.py:545} INFO - Filling up the DagBag from /opt/airflow/dags/dag_extraction.py
[2026-09-17T09:42:08.877+0000] {processor.py:840} INFO - DAG(s) 'youtube_extraction' retrieved from /opt/airflow/dags/dag_extraction.py
[2026-09-17T09:42:08.901+0000] {logging_mixin.py:188} INFO - [2026-09-17T09:42:08.900+0000] {dag.py:3096} INFO - Sync 1 DAGs
[2026-09-17T09:42:08.922+0000] {logging_mixin.py:188} INFO - [2026-09-17T09:42:08.922+0000] {dag.py:3954} INFO - Setting next_dagrun for youtube_extraction to 2026-09-17 00:00:00+00:00, run_after=2026-09-18 00:00:00+00:00
[2026-09-17T09:42:08.942+0000] {processor.py:183} INFO - Processing /opt/airflow/dags/dag_extraction.py took 0.132 seconds
[2026-09-17T09:42:39.159+0000] {processor.py:161} INFO - Started process (PID=149) to work on /opt/airflow/dags/dag_extraction.py
[2026-09-17T09:42:39.162+0000] {processor.py:830} INFO - Processing file /opt/airflow/dags/dag_extraction.py for tasks to queue
[2026-09-17T09:42:39.165+0000] {logging_mixin.py:188} INFO - [2026-09-17T09:42:39.165+0000] {dagbag.py:545} INFO - Filling up the DagBag from /opt/airflow/dags/dag_extraction.py
[2026-09-17T09:42:39.239+0000] {processor.py:840} INFO - DAG(s) 'youtube_extraction' retrieved from /opt/airflow/dags/dag_extraction.py
[2026-09-17T09:42:39.269+0000] {logging_mixin.py:188} INFO - [2026-09-17T09:42:39.269+0000] {dag.py:3096} INFO - Sync 1 DAGs
[2026-09-17T09:42:39.292+0000] {logging_mixin.py:188} INFO - [2026-09-17T09:42:39.292+0000] {dag.py:3954} INFO - Setting next_dagrun for youtube_extraction to 2026-09-17 00:00:00+00:00, run_after=2026-09-18 00:00:00+00:00
[2026-09-17T09:42:39.315+0000] {processor.py:183} INFO - Processing /opt/airflow/dags/dag_extraction.py took 0.163 seconds
[2026-09-17T09:43:09.438+0000] {processor.py:161} INFO - Started process (PID=156) to work on /opt/airflow/dags/dag_extraction.py
[2026-09-17T09:43:09.441+0000] {processor.py:830} INFO - Processing file /opt/airflow/dags/dag_extraction.py for tasks to queue
[2026-09-17T09:43:09.444+0000] {logging_mixin.py:188} INFO - [2026-09-17T09:43:09.444+0000] {dagbag.py:545} INFO - Filling up the DagBag from /opt/airflow/dags/dag_extraction.py
[2026-09-17T09:43:09.514+0000] {processor.py:840} INFO - DAG(s) 'youtube_extraction' retrieved from /opt/airflow/dags/dag_extraction.py
[2026-09-17T09:43:09.540+0000] {logging_mixin.py:188} INFO - [2026-09-17T09:43:09.539+0000] {dag.py:3096} INFO - Sync 1 DAGs
[2026-09-17T09:43:09.560+0000] {logging_mixin.py:188} INFO - [2026-09-17T09:43:09.560+0000] {dag.py:3954} INFO - Setting next_dagrun for youtube_extraction to 2026-09-17 00:00:00+00:00, run_after=2026-09-18 00:00:00+00:00
[2026-09-17T09:43:09.581+0000] {processor.py:183} INFO - Processing /opt/airflow/dags/dag_extraction.py took 0.152 seconds
[2026-09-17T09:43:39.800+0000] {processor.py:161} INFO - Started process (PID=163) to work on /opt/airflow/dags/dag_extraction.py
[2026-09-17T09:43:39.803+0000] {processor.py:830} INFO - Processing file /opt/airflow/dags/dag_extraction.py for tasks to queue
[2026-09-17T09:43:39.807+0000] {logging_mixin.py:188} INFO - [2026-09-17T09:43:39.806+0000] {dagbag.py:545} INFO - Filling up the DagBag from /opt/airflow/dags/dag_extraction.py
[2026-09-17T09:43:39.879+0000] {processor.py:840} INFO - DAG(s) 'youtube_extraction' retrieved from /opt/airflow/dags/dag_extraction.py
[2026-09-17T09:43:39.910+0000] {logging_mixin.py:188} INFO - [2026-09-17T09:43:39.909+0000] {dag.py:3096} INFO - Sync 1 DAGs
[2026-09-17T09:43:39.935+0000] {logging_mixin.py:188} INFO - [2026-09-17T09:43:39.934+0000] {dag.py:3954} INFO - Setting next_dagrun for youtube_extraction to 2026-09-17 00:00:00+00:00, run_after=2026-09-18 00:00:00+00:00
[2026-09-17T09:43:39.958+0000] {processor.py:183} INFO - Processing /opt/airflow/dags/dag_extraction.py took 0.166 seconds
[2026-09-17T09:44:10.047+0000] {processor.py:161} INFO - Started process (PID=170) to work on /opt/airflow/dags/dag_extraction.py
[2026-09-17T09:44:10.049+0000] {processor.py:830} INFO - Processing file /opt/airflow/dags/dag_extraction.py for tasks to queue
[2026-09-17T09:44:10.052+0000] {logging_mixin.py:188} INFO - [2026-09-17T09:44:10.052+0000] {dagbag.py:545} INFO - Filling up the DagBag from /opt/airflow/dags/dag_extraction.py
[2026-09-17T09:44:10.117+0000] {processor.py:840} INFO - DAG(s) 'youtube_extraction' retrieved from /opt/airflow/dags/dag_extraction.py
[2026-09-17T09:44:10.143+0000] {logging_mixin.py:188} INFO - [2026-09-17T09:44:10.142+0000] {dag.py:3096} INFO - Sync 1 DAGs
[2026-09-17T09:44:10.164+0000] {logging_mixin.py:188} INFO - [2026-09-17T09:44:10.164+0000] {dag.py:3954} INFO - Setting next_dagrun for youtube_extraction to 2026-09-17 00:00:00+00:00, run_after=2026-09-18 00:00:00+00:00
[2026-09-17T09:44:10.187+0000] {processor.py:183} INFO - Processing /opt/airflow/dags/dag_extraction.py took 0.146 seconds
[2026-09-17T09:44:40.407+0000] {processor.py:161} INFO - Started process (PID=177) to work on /opt/airflow/dags/dag_extraction.py
[2026-09-17T09:44:40.409+0000] {processor.py:830} INFO - Processing file /opt/airflow/dags/dag_extraction.py for tasks to queue
[2026-09-17T09:44:40.412+0000] {logging_mixin.py:188} INFO - [2026-09-17T09:44:40.411+0000] {dagbag.py:545} INFO - Filling up the DagBag from /opt/airflow/dags/dag_extraction.py
[2026-09-17T09:44:40.467+0000] {processor.py:840} INFO - DAG(s) 'youtube_extraction' retrieved from /opt/airflow/dags/dag_extraction.py
[2026-09-17T09:44:40.488+0000] {logging_mixin.py:188} INFO - [2026-09-17T09:44:40.488+0000] {dag.py:3096} INFO - Sync 1 DAGs
[2026-09-17T09:44:40.508+0000] {logging_mixin.py:188} INFO - [2026-09-17T09:44:40.508+0000] {dag.py:3954} INFO - Setting next_dagrun for youtube_extraction to 2026-09-17 00:00:00+00:00, run_after=2026-09-18 00:00:00+00:00
[2026-09-17T09:44:40.531+0000] {processor.py:183} INFO - Processing /opt/airflow/dags/dag_extraction.py took 0.129 seconds
[2026-09-17T09:45:10.674+0000] {processor.py:161} INFO - Started process (PID=184) to work on /opt/airflow/dags/dag_extraction.py
[2026-09-17T09:45:10.676+0000] {processor.py:830} INFO - Processing file /opt/airflow/dags/dag_extraction.py for tasks to queue
[2026-09-17T09:45:10.678+0000] {logging_mixin.py:188} INFO - [2026-09-17T09:45:10.678+0000] {dagbag.py:545} INFO - Filling up the DagBag from /opt/airflow/dags/dag_extraction.py
[2026-09-17T09:45:10.736+0000] {processor.py:840} INFO - DAG(s) 'youtube_extraction' retrieved from /opt/airflow/dags/dag_extraction.py
[2026-09-17T09:45:10.758+0000] {logging_mixin.py:188} INFO - [2026-09-17T09:45:10.758+0000] {dag.py:3096} INFO - Sync 1 DAGs
[2026-09-17T09:45:10.778+0000] {logging_mixin.py:188} INFO - [2026-09-17T09:45:10.778+0000] {dag.py:3954} INFO - Setting next_dagrun for youtube_extraction to 2026-09-17 00:00:00+00:00, run_after=2026-09-18 00:00:00+00:00
[2026-09-17T09:45:10.799+0000] {processor.py:183} INFO - Processing /opt/airflow/dags/dag_extraction.py took 0.131 seconds
[2026-09-17T09:45:41.013+0000] {processor.py:161} INFO - Started process (PID=191) to work on /opt/airflow/dags/dag_extraction.py
[2026-09-17T09:45:41.014+0000] {processor.py:830} INFO - Processing file /opt/airflow/dags/dag_extraction.py for tasks to queue
[2026-09-17T09:45:41.017+0000] {logging_mixin.py:188} INFO - [2026-09-17T09:45:41.017+0000] {dagbag.py:545} INFO - Filling up the DagBag from /opt/airflow/dags/dag_extraction.py
[2026-09-17T09:45:41.080+0000] {processor.py:840} INFO - DAG(s) 'youtube_extraction' retrieved from /opt/airflow/dags/dag_extraction.py
[2026-09-17T09:45:41.105+0000] {logging_mixin.py:188} INFO - [2026-09-17T09:45:41.105+0000] {dag.py:3096} INFO - Sync 1 DAGs
[2026-09-17T09:45:41.124+0000] {logging_mixin.py:188} INFO - [2026-09-17T09:45:41.124+0000] {dag.py:3954} INFO - Setting next_dagrun for youtube_extraction to 2026-09-17 00:00:00+00:00, run_after=2026-09-18 00:00:00+00:00
[2026-09-17T09:45:41.144+0000] {processor.py:183} INFO - Processing /opt/airflow/dags/dag_extraction.py took 0.138 seconds
[2026-09-17T09:46:11.300+0000] {processor.py:161} INFO - Started process (PID=198) to work on /opt/airflow/dags/dag_extraction.py
[2026-09-17T09:46:11.303+0000] {processor.py:830} INFO - Processing file /opt/airflow/dags/dag_extraction.py for tasks to queue
[2026-09-17T09:46:11.305+0000] {logging_mixin.py:188} INFO - [2026-09-17T09:46:11.305+0000] {dagbag.py:545} INFO - Filling up the DagBag from /opt/airflow/dags/dag_extraction.py
[2026-09-17T09:46:11.368+0000] {processor.py:840} INFO - DAG(s) 'youtube_extraction' retrieved from /opt/airflow/dags/dag_extraction.py
[2026-09-17T09:46:11.391+0000] {logging_mixin.py:188} INFO - [2026-09-17T09:46:11.390+0000] {dag.py:3096} INFO - Sync 1 DAGs
[2026-09-17T09:46:11.409+0000] {logging_mixin.py:188} INFO - [2026-09-17T09:46:11.409+0000] {dag.py:3954} INFO - Setting next_dagrun for youtube_extraction to 2026-09-17 00:00:00+00:00, run_after=2026-09-18 00:00:00+00:00
[2026-09-17T09:46:11.439+0000] {processor.py:183} INFO - Processing /opt/airflow/dags/dag_extraction.py took 0.144 seconds
[2026-09-17T09:46:41.612+0000] {processor.py:161} INFO - Started process (PID=205) to work on /opt/airflow/dags/dag_extraction.py
[2026-09-17T09:46:41.614+0000] {processor.py:830} INFO - Processing file /opt/airflow/dags/dag_extraction.py for tasks to queue
[2026-09-17T09:46:41.617+0000] {logging_mixin.py:188} INFO - [2026-09-17T09:46:41.617+0000] {dagbag.py:545} INFO - Filling up the DagBag from /opt/airflow/dags/dag_extraction.py
[2026-09-17T09:46:41.681+0000] {processor.py:840} INFO - DAG(s) 'youtube_extraction' retrieved from /opt/airflow/dags/dag_extraction.py
[2026-09-17T09:46:41.707+0000] {logging_mixin.py:188} INFO - [2026-09-17T09:46:41.706+0000] {dag.py:3096} INFO - Sync 1 DAGs
[2026-09-17T09:46:41.730+0000] {logging_mixin.py:188} INFO - [2026-09-17T09:46:41.730+0000] {dag.py:3954} INFO - Setting next_dagrun for youtube_extraction to 2026-09-17 00:00:00+00:00, run_after=2026-09-18 00:00:00+00:00
[2026-09-17T09:46:41.751+0000] {processor.py:183} INFO - Processing /opt/airflow/dags/dag_extraction.py took 0.145 seconds
[2026-09-17T09:47:11.949+0000] {processor.py:161} INFO - Started process (PID=212) to work on /opt/airflow/dags/dag_extraction.py
[2026-09-17T09:47:11.951+0000] {processor.py:830} INFO - Processing file /opt/airflow/dags/dag_extraction.py for tasks to queue
[2026-09-17T09:47:11.954+0000] {logging_mixin.py:188} INFO - [2026-09-17T09:47:11.954+0000] {dagbag.py:545} INFO - Filling up the DagBag from /opt/airflow/dags/dag_extraction.py
[2026-09-17T09:47:12.013+0000] {processor.py:840} INFO - DAG(s) 'youtube_extraction' retrieved from /opt/airflow/dags/dag_extraction.py
[2026-09-17T09:47:12.036+0000] {logging_mixin.py:188} INFO - [2026-09-17T09:47:12.036+0000] {dag.py:3096} INFO - Sync 1 DAGs
[2026-09-17T09:47:12.056+0000] {logging_mixin.py:188} INFO - [2026-09-17T09:47:12.056+0000] {dag.py:3954} INFO - Setting next_dagrun for youtube_extraction to 2026-09-17 00:00:00+00:00, run_after=2026-09-18 00:00:00+00:00
[2026-09-17T09:47:12.078+0000] {processor.py:183} INFO - Processing /opt/airflow/dags/dag_extraction.py took 0.135 seconds
[2026-09-17T09:47:42.223+0000] {processor.py:161} INFO - Started process (PID=219) to work on /opt/airflow/dags/dag_extraction.py
[2026-09-17T09:47:42.225+0000] {processor.py:830} INFO - Processing file /opt/airflow/dags/dag_extraction.py for tasks to queue
[2026-09-17T09:47:42.228+0000] {logging_mixin.py:188} INFO - [2026-09-17T09:47:42.228+0000] {dagbag.py:545} INFO - Filling up the DagBag from /opt/airflow/dags/dag_extraction.py
[2026-09-17T09:47:42.292+0000] {processor.py:840} INFO - DAG(s) 'youtube_extraction' retrieved from /opt/airflow/dags/dag_extraction.py
[2026-09-17T09:47:42.314+0000] {logging_mixin.py:188} INFO - [2026-09-17T09:47:42.314+0000] {dag.py:3096} INFO - Sync 1 DAGs
[2026-09-17T09:47:42.334+0000] {logging_mixin.py:188} INFO - [2026-09-17T09:47:42.334+0000] {dag.py:3954} INFO - Setting next_dagrun for youtube_extraction to 2026-09-17 00:00:00+00:00, run_after=2026-09-18 00:00:00+00:00
[2026-09-17T09:47:42.354+0000] {processor.py:183} INFO - Processing /opt/airflow/dags/dag_extraction.py took 0.137 seconds
[2026-09-17T09:48:12.523+0000] {processor.py:161} INFO - Started process (PID=226) to work on /opt/airflow/dags/dag_extraction.py
[2026-09-17T09:48:12.525+0000] {processor.py:830} INFO - Processing file /opt/airflow/dags/dag_extraction.py for tasks to queue
[2026-09-17T09:48:12.529+0000] {logging_mixin.py:188} INFO - [2026-09-17T09:48:12.528+0000] {dagbag.py:545} INFO - Filling up the DagBag from /opt/airflow/dags/dag_extraction.py
[2026-09-17T09:48:12.609+0000] {processor.py:840} INFO - DAG(s) 'youtube_extraction' retrieved from /opt/airflow/dags/dag_extraction.py
[2026-09-17T09:48:12.642+0000] {logging_mixin.py:188} INFO - [2026-09-17T09:48:12.641+0000] {dag.py:3096} INFO - Sync 1 DAGs
[2026-09-17T09:48:12.670+0000] {logging_mixin.py:188} INFO - [2026-09-17T09:48:12.670+0000] {dag.py:3954} INFO - Setting next_dagrun for youtube_extraction to 2026-09-17 00:00:00+00:00, run_after=2026-09-18 00:00:00+00:00
[2026-09-17T09:48:12.697+0000] {processor.py:183} INFO - Processing /opt/airflow/dags/dag_extraction.py took 0.184 seconds
[2026-09-17T09:48:42.772+0000] {processor.py:161} INFO - Started process (PID=233) to work on /opt/airflow/dags/dag_extraction.py
[2026-09-17T09:48:42.775+0000] {processor.py:830} INFO - Processing file /opt/airflow/dags/dag_extraction.py for tasks to queue
[2026-09-17T09:48:42.779+0000] {logging_mixin.py:188} INFO - [2026-09-17T09:48:42.778+0000] {dagbag.py:545} INFO - Filling up the DagBag from /opt/airflow/dags/dag_extraction.py
[2026-09-17T09:48:42.847+0000] {processor.py:840} INFO - DAG(s) 'youtube_extraction' retrieved from /opt/airflow/dags/dag_extraction.py
[2026-09-17T09:48:42.871+0000] {logging_mixin.py:188} INFO - [2026-09-17T09:48:42.871+0000] {dag.py:3096} INFO - Sync 1 DAGs
[2026-09-17T09:48:42.892+0000] {logging_mixin.py:188} INFO - [2026-09-17T09:48:42.892+0000] {dag.py:3954} INFO - Setting next_dagrun for youtube_extraction to 2026-09-17 00:00:00+00:00, run_after=2026-09-18 00:00:00+00:00
[2026-09-17T09:48:42.913+0000] {processor.py:183} INFO - Processing /opt/airflow/dags/dag_extraction.py took 0.147 seconds
[2026-09-17T09:49:13.172+0000] {processor.py:161} INFO - Started process (PID=240) to work on /opt/airflow/dags/dag_extraction.py
[2026-09-17T09:49:13.174+0000] {processor.py:830} INFO - Processing file /opt/airflow/dags/dag_extraction.py for tasks to queue
[2026-09-17T09:49:13.176+0000] {logging_mixin.py:188} INFO - [2026-09-17T09:49:13.176+0000] {dagbag.py:545} INFO - Filling up the DagBag from /opt/airflow/dags/dag_extraction.py
[2026-09-17T09:49:13.234+0000] {processor.py:840} INFO - DAG(s) 'youtube_extraction' retrieved from /opt/airflow/dags/dag_extraction.py
[2026-09-17T09:49:13.256+0000] {logging_mixin.py:188} INFO - [2026-09-17T09:49:13.255+0000] {dag.py:3096} INFO - Sync 1 DAGs
[2026-09-17T09:49:13.273+0000] {logging_mixin.py:188} INFO - [2026-09-17T09:49:13.273+0000] {dag.py:3954} INFO - Setting next_dagrun for youtube_extraction to 2026-09-17 00:00:00+00:00, run_after=2026-09-18 00:00:00+00:00
[2026-09-17T09:49:13.294+0000] {processor.py:183} INFO - Processing /opt/airflow/dags/dag_extraction.py took 0.127 seconds
[2026-09-17T09:49:39.398+0000] {processor.py:161} INFO - Started process (PID=247) to work on /opt/airflow/dags/dag_extraction.py
[2026-09-17T09:49:39.400+0000] {processor.py:830} INFO - Processing file /opt/airflow/dags/dag_extraction.py for tasks to queue
[2026-09-17T09:49:39.403+0000] {logging_mixin.py:188} INFO - [2026-09-17T09:49:39.402+0000] {dagbag.py:545} INFO - Filling up the DagBag from /opt/airflow/dags/dag_extraction.py
[2026-09-17T09:49:39.494+0000] {processor.py:840} INFO - DAG(s) 'youtube_extraction' retrieved from /opt/airflow/dags/dag_extraction.py
[2026-09-17T09:49:39.522+0000] {logging_mixin.py:188} INFO - [2026-09-17T09:49:39.522+0000] {dag.py:3096} INFO - Sync 1 DAGs
[2026-09-17T09:49:39.547+0000] {logging_mixin.py:188} INFO - [2026-09-17T09:49:39.547+0000] {dag.py:3954} INFO - Setting next_dagrun for youtube_extraction to 2026-09-17 00:00:00+00:00, run_after=2026-09-18 00:00:00+00:00
[2026-09-17T09:49:39.578+0000] {processor.py:183} INFO - Processing /opt/airflow/dags/dag_extraction.py took 0.186 seconds
[2026-09-17T09:49:41.506+0000] {processor.py:161} INFO - Started process (PID=248) to work on /opt/airflow/dags/dag_extraction.py
[2026-09-17T09:49:41.507+0000] {processor.py:830} INFO - Processing file /opt/airflow/dags/dag_extraction.py for tasks to queue
[2026-09-17T09:49:41.510+0000] {logging_mixin.py:188} INFO - [2026-09-17T09:49:41.510+0000] {dagbag.py:545} INFO - Filling up the DagBag from /opt/airflow/dags/dag_extraction.py
[2026-09-17T09:49:41.607+0000] {processor.py:840} INFO - DAG(s) 'youtube_extraction' retrieved from /opt/airflow/dags/dag_extraction.py
[2026-09-17T09:49:41.643+0000] {logging_mixin.py:188} INFO - [2026-09-17T09:49:41.642+0000] {dag.py:3096} INFO - Sync 1 DAGs
[2026-09-17T09:49:41.673+0000] {logging_mixin.py:188} INFO - [2026-09-17T09:49:41.672+0000] {dag.py:3954} INFO - Setting next_dagrun for youtube_extraction to 2026-09-17 00:00:00+00:00, run_after=2026-09-18 00:00:00+00:00
[2026-09-17T09:49:41.708+0000] {processor.py:183} INFO - Processing /opt/airflow/dags/dag_extraction.py took 0.212 seconds
[2026-09-17T09:49:54.722+0000] {processor.py:161} INFO - Started process (PID=249) to work on /opt/airflow/dags/dag_extraction.py
[2026-09-17T09:49:54.724+0000] {processor.py:830} INFO - Processing file /opt/airflow/dags/dag_extraction.py for tasks to queue
[2026-09-17T09:49:54.726+0000] {logging_mixin.py:188} INFO - [2026-09-17T09:49:54.726+0000] {dagbag.py:545} INFO - Filling up the DagBag from /opt/airflow/dags/dag_extraction.py
[2026-09-17T09:49:54.807+0000] {processor.py:840} INFO - DAG(s) 'youtube_extraction' retrieved from /opt/airflow/dags/dag_extraction.py
[2026-09-17T09:49:54.833+0000] {logging_mixin.py:188} INFO - [2026-09-17T09:49:54.833+0000] {dag.py:3096} INFO - Sync 1 DAGs
[2026-09-17T09:49:54.858+0000] {logging_mixin.py:188} INFO - [2026-09-17T09:49:54.858+0000] {dag.py:3954} INFO - Setting next_dagrun for youtube_extraction to 2026-09-17 00:00:00+00:00, run_after=2026-09-18 00:00:00+00:00
[2026-09-17T09:49:54.886+0000] {processor.py:183} INFO - Processing /opt/airflow/dags/dag_extraction.py took 0.171 seconds
[2026-09-17T09:50:02.877+0000] {processor.py:161} INFO - Started process (PID=250) to work on /opt/airflow/dags/dag_extraction.py
[2026-09-17T09:50:02.878+0000] {processor.py:830} INFO - Processing file /opt/airflow/dags/dag_extraction.py for tasks to queue
[2026-09-17T09:50:02.881+0000] {logging_mixin.py:188} INFO - [2026-09-17T09:50:02.881+0000] {dagbag.py:545} INFO - Filling up the DagBag from /opt/airflow/dags/dag_extraction.py
[2026-09-17T09:50:02.950+0000] {processor.py:840} INFO - DAG(s) 'youtube_extraction' retrieved from /opt/airflow/dags/dag_extraction.py
[2026-09-17T09:50:02.974+0000] {logging_mixin.py:188} INFO - [2026-09-17T09:50:02.974+0000] {dag.py:3096} INFO - Sync 1 DAGs
[2026-09-17T09:50:02.995+0000] {logging_mixin.py:188} INFO - [2026-09-17T09:50:02.995+0000] {dag.py:3954} INFO - Setting next_dagrun for youtube_extraction to 2026-09-17 00:00:00+00:00, run_after=2026-09-18 00:00:00+00:00
[2026-09-17T09:50:03.020+0000] {processor.py:183} INFO - Processing /opt/airflow/dags/dag_extraction.py took 0.150 seconds
[2026-09-17T09:50:33.174+0000] {processor.py:161} INFO - Started process (PID=257) to work on /opt/airflow/dags/dag_extraction.py
[2026-09-17T09:50:33.176+0000] {processor.py:830} INFO - Processing file /opt/airflow/dags/dag_extraction.py for tasks to queue
[2026-09-17T09:50:33.179+0000] {logging_mixin.py:188} INFO - [2026-09-17T09:50:33.179+0000] {dagbag.py:545} INFO - Filling up the DagBag from /opt/airflow/dags/dag_extraction.py
[2026-09-17T09:50:33.257+0000] {processor.py:840} INFO - DAG(s) 'youtube_extraction' retrieved from /opt/airflow/dags/dag_extraction.py
[2026-09-17T09:50:33.289+0000] {logging_mixin.py:188} INFO - [2026-09-17T09:50:33.288+0000] {dag.py:3096} INFO - Sync 1 DAGs
[2026-09-17T09:50:33.314+0000] {logging_mixin.py:188} INFO - [2026-09-17T09:50:33.313+0000] {dag.py:3954} INFO - Setting next_dagrun for youtube_extraction to 2026-09-17 00:00:00+00:00, run_after=2026-09-18 00:00:00+00:00
[2026-09-17T09:50:33.338+0000] {processor.py:183} INFO - Processing /opt/airflow/dags/dag_extraction.py took 0.171 seconds
[2026-09-17T09:51:03.532+0000] {processor.py:161} INFO - Started process (PID=264) to work on /opt/airflow/dags/dag_extraction.py
[2026-09-17T09:51:03.534+0000] {processor.py:830} INFO - Processing file /opt/airflow/dags/dag_extraction.py for tasks to queue
[2026-09-17T09:51:03.537+0000] {logging_mixin.py:188} INFO - [2026-09-17T09:51:03.536+0000] {dagbag.py:545} INFO - Filling up the DagBag from /opt/airflow/dags/dag_extraction.py
[2026-09-17T09:51:03.597+0000] {processor.py:840} INFO - DAG(s) 'youtube_extraction' retrieved from /opt/airflow/dags/dag_extraction.py
[2026-09-17T09:51:03.620+0000] {logging_mixin.py:188} INFO - [2026-09-17T09:51:03.619+0000] {dag.py:3096} INFO - Sync 1 DAGs
[2026-09-17T09:51:03.639+0000] {logging_mixin.py:188} INFO - [2026-09-17T09:51:03.639+0000] {dag.py:3954} INFO - Setting next_dagrun for youtube_extraction to 2026-09-17 00:00:00+00:00, run_after=2026-09-18 00:00:00+00:00
[2026-09-17T09:51:03.659+0000] {processor.py:183} INFO - Processing /opt/airflow/dags/dag_extraction.py took 0.134 seconds
[2026-09-17T09:51:33.816+0000] {processor.py:161} INFO - Started process (PID=271) to work on /opt/airflow/dags/dag_extraction.py
[2026-09-17T09:51:33.818+0000] {processor.py:830} INFO - Processing file /opt/airflow/dags/dag_extraction.py for tasks to queue
[2026-09-17T09:51:33.821+0000] {logging_mixin.py:188} INFO - [2026-09-17T09:51:33.820+0000] {dagbag.py:545} INFO - Filling up the DagBag from /opt/airflow/dags/dag_extraction.py
[2026-09-17T09:51:33.888+0000] {processor.py:840} INFO - DAG(s) 'youtube_extraction' retrieved from /opt/airflow/dags/dag_extraction.py
[2026-09-17T09:51:33.913+0000] {logging_mixin.py:188} INFO - [2026-09-17T09:51:33.912+0000] {dag.py:3096} INFO - Sync 1 DAGs
[2026-09-17T09:51:33.933+0000] {logging_mixin.py:188} INFO - [2026-09-17T09:51:33.933+0000] {dag.py:3954} INFO - Setting next_dagrun for youtube_extraction to 2026-09-17 00:00:00+00:00, run_after=2026-09-18 00:00:00+00:00
[2026-09-17T09:51:33.956+0000] {processor.py:183} INFO - Processing /opt/airflow/dags/dag_extraction.py took 0.147 seconds
[2026-09-17T09:52:04.094+0000] {processor.py:161} INFO - Started process (PID=278) to work on /opt/airflow/dags/dag_extraction.py
[2026-09-17T09:52:04.096+0000] {processor.py:830} INFO - Processing file /opt/airflow/dags/dag_extraction.py for tasks to queue
[2026-09-17T09:52:04.098+0000] {logging_mixin.py:188} INFO - [2026-09-17T09:52:04.098+0000] {dagbag.py:545} INFO - Filling up the DagBag from /opt/airflow/dags/dag_extraction.py
[2026-09-17T09:52:04.158+0000] {processor.py:840} INFO - DAG(s) 'youtube_extraction' retrieved from /opt/airflow/dags/dag_extraction.py
[2026-09-17T09:52:04.180+0000] {logging_mixin.py:188} INFO - [2026-09-17T09:52:04.179+0000] {dag.py:3096} INFO - Sync 1 DAGs
[2026-09-17T09:52:04.201+0000] {logging_mixin.py:188} INFO - [2026-09-17T09:52:04.201+0000] {dag.py:3954} INFO - Setting next_dagrun for youtube_extraction to 2026-09-17 00:00:00+00:00, run_after=2026-09-18 00:00:00+00:00
[2026-09-17T09:52:04.222+0000] {processor.py:183} INFO - Processing /opt/airflow/dags/dag_extraction.py took 0.134 seconds
[2026-09-17T09:52:34.411+0000] {processor.py:161} INFO - Started process (PID=285) to work on /opt/airflow/dags/dag_extraction.py
[2026-09-17T09:52:34.412+0000] {processor.py:830} INFO - Processing file /opt/airflow/dags/dag_extraction.py for tasks to queue
[2026-09-17T09:52:34.416+0000] {logging_mixin.py:188} INFO - [2026-09-17T09:52:34.415+0000] {dagbag.py:545} INFO - Filling up the DagBag from /opt/airflow/dags/dag_extraction.py
[2026-09-17T09:52:34.477+0000] {processor.py:840} INFO - DAG(s) 'youtube_extraction' retrieved from /opt/airflow/dags/dag_extraction.py
[2026-09-17T09:52:34.502+0000] {logging_mixin.py:188} INFO - [2026-09-17T09:52:34.502+0000] {dag.py:3096} INFO - Sync 1 DAGs
[2026-09-17T09:52:34.522+0000] {logging_mixin.py:188} INFO - [2026-09-17T09:52:34.522+0000] {dag.py:3954} INFO - Setting next_dagrun for youtube_extraction to 2026-09-17 00:00:00+00:00, run_after=2026-09-18 00:00:00+00:00
[2026-09-17T09:52:34.541+0000] {processor.py:183} INFO - Processing /opt/airflow/dags/dag_extraction.py took 0.136 seconds
[2026-09-17T09:53:04.690+0000] {processor.py:161} INFO - Started process (PID=292) to work on /opt/airflow/dags/dag_extraction.py
[2026-09-17T09:53:04.692+0000] {processor.py:830} INFO - Processing file /opt/airflow/dags/dag_extraction.py for tasks to queue
[2026-09-17T09:53:04.695+0000] {logging_mixin.py:188} INFO - [2026-09-17T09:53:04.695+0000] {dagbag.py:545} INFO - Filling up the DagBag from /opt/airflow/dags/dag_extraction.py
[2026-09-17T09:53:04.768+0000] {processor.py:840} INFO - DAG(s) 'youtube_extraction' retrieved from /opt/airflow/dags/dag_extraction.py
[2026-09-17T09:53:04.795+0000] {logging_mixin.py:188} INFO - [2026-09-17T09:53:04.795+0000] {dag.py:3096} INFO - Sync 1 DAGs
[2026-09-17T09:53:04.819+0000] {logging_mixin.py:188} INFO - [2026-09-17T09:53:04.819+0000] {dag.py:3954} INFO - Setting next_dagrun for youtube_extraction to 2026-09-17 00:00:00+00:00, run_after=2026-09-18 00:00:00+00:00
[2026-09-17T09:53:04.847+0000] {processor.py:183} INFO - Processing /opt/airflow/dags/dag_extraction.py took 0.163 seconds
[2026-09-17T09:53:34.960+0000] {processor.py:161} INFO - Started process (PID=299) to work on /opt/airflow/dags/dag_extraction.py
[2026-09-17T09:53:34.962+0000] {processor.py:830} INFO - Processing file /opt/airflow/dags/dag_extraction.py for tasks to queue
[2026-09-17T09:53:34.965+0000] {logging_mixin.py:188} INFO - [2026-09-17T09:53:34.965+0000] {dagbag.py:545} INFO - Filling up the DagBag from /opt/airflow/dags/dag_extraction.py
[2026-09-17T09:53:35.027+0000] {processor.py:840} INFO - DAG(s) 'youtube_extraction' retrieved from /opt/airflow/dags/dag_extraction.py
[2026-09-17T09:53:35.056+0000] {logging_mixin.py:188} INFO - [2026-09-17T09:53:35.055+0000] {dag.py:3096} INFO - Sync 1 DAGs
[2026-09-17T09:53:35.079+0000] {logging_mixin.py:188} INFO - [2026-09-17T09:53:35.079+0000] {dag.py:3954} INFO - Setting next_dagrun for youtube_extraction to 2026-09-17 00:00:00+00:00, run_after=2026-09-18 00:00:00+00:00
[2026-09-17T09:53:35.101+0000] {processor.py:183} INFO - Processing /opt/airflow/dags/dag_extraction.py took 0.146 seconds
[2026-09-17T09:54:05.295+0000] {processor.py:161} INFO - Started process (PID=306) to work on /opt/airflow/dags/dag_extraction.py
[2026-09-17T09:54:05.297+0000] {processor.py:830} INFO - Processing file /opt/airflow/dags/dag_extraction.py for tasks to queue
[2026-09-17T09:54:05.301+0000] {logging_mixin.py:188} INFO - [2026-09-17T09:54:05.300+0000] {dagbag.py:545} INFO - Filling up the DagBag from /opt/airflow/dags/dag_extraction.py
[2026-09-17T09:54:05.372+0000] {processor.py:840} INFO - DAG(s) 'youtube_extraction' retrieved from /opt/airflow/dags/dag_extraction.py
[2026-09-17T09:54:05.402+0000] {logging_mixin.py:188} INFO - [2026-09-17T09:54:05.401+0000] {dag.py:3096} INFO - Sync 1 DAGs
[2026-09-17T09:54:05.423+0000] {logging_mixin.py:188} INFO - [2026-09-17T09:54:05.422+0000] {dag.py:3954} INFO - Setting next_dagrun for youtube_extraction to 2026-09-17 00:00:00+00:00, run_after=2026-09-18 00:00:00+00:00
[2026-09-17T09:54:05.446+0000] {processor.py:183} INFO - Processing /opt/airflow/dags/dag_extraction.py took 0.157 seconds
[2026-09-17T09:54:35.544+0000] {processor.py:161} INFO - Started process (PID=313) to work on /opt/airflow/dags/dag_extraction.py
[2026-09-17T09:54:35.546+0000] {processor.py:830} INFO - Processing file /opt/airflow/dags/dag_extraction.py for tasks to queue
[2026-09-17T09:54:35.549+0000] {logging_mixin.py:188} INFO - [2026-09-17T09:54:35.549+0000] {dagbag.py:545} INFO - Filling up the DagBag from /opt/airflow/dags/dag_extraction.py
[2026-09-17T09:54:35.622+0000] {processor.py:840} INFO - DAG(s) 'youtube_extraction' retrieved from /opt/airflow/dags/dag_extraction.py
[2026-09-17T09:54:35.649+0000] {logging_mixin.py:188} INFO - [2026-09-17T09:54:35.649+0000] {dag.py:3096} INFO - Sync 1 DAGs
[2026-09-17T09:54:35.674+0000] {logging_mixin.py:188} INFO - [2026-09-17T09:54:35.673+0000] {dag.py:3954} INFO - Setting next_dagrun for youtube_extraction to 2026-09-17 00:00:00+00:00, run_after=2026-09-18 00:00:00+00:00
[2026-09-17T09:54:35.696+0000] {processor.py:183} INFO - Processing /opt/airflow/dags/dag_extraction.py took 0.159 seconds
[2026-09-17T09:55:05.841+0000] {processor.py:161} INFO - Started process (PID=320) to work on /opt/airflow/dags/dag_extraction.py
[2026-09-17T09:55:05.843+0000] {processor.py:830} INFO - Processing file /opt/airflow/dags/dag_extraction.py for tasks to queue
[2026-09-17T09:55:05.845+0000] {logging_mixin.py:188} INFO - [2026-09-17T09:55:05.845+0000] {dagbag.py:545} INFO - Filling up the DagBag from /opt/airflow/dags/dag_extraction.py
[2026-09-17T09:55:05.905+0000] {processor.py:840} INFO - DAG(s) 'youtube_extraction' retrieved from /opt/airflow/dags/dag_extraction.py
[2026-09-17T09:55:05.927+0000] {logging_mixin.py:188} INFO - [2026-09-17T09:55:05.927+0000] {dag.py:3096} INFO - Sync 1 DAGs
[2026-09-17T09:55:05.947+0000] {logging_mixin.py:188} INFO - [2026-09-17T09:55:05.947+0000] {dag.py:3954} INFO - Setting next_dagrun for youtube_extraction to 2026-09-17 00:00:00+00:00, run_after=2026-09-18 00:00:00+00:00
[2026-09-17T09:55:05.968+0000] {processor.py:183} INFO - Processing /opt/airflow/dags/dag_extraction.py took 0.132 seconds
[2026-09-17T09:55:36.132+0000] {processor.py:161} INFO - Started process (PID=327) to work on /opt/airflow/dags/dag_extraction.py
[2026-09-17T09:55:36.135+0000] {processor.py:830} INFO - Processing file /opt/airflow/dags/dag_extraction.py for tasks to queue
[2026-09-17T09:55:36.137+0000] {logging_mixin.py:188} INFO - [2026-09-17T09:55:36.137+0000] {dagbag.py:545} INFO - Filling up the DagBag from /opt/airflow/dags/dag_extraction.py
[2026-09-17T09:55:36.205+0000] {processor.py:840} INFO - DAG(s) 'youtube_extraction' retrieved from /opt/airflow/dags/dag_extraction.py
[2026-09-17T09:55:36.232+0000] {logging_mixin.py:188} INFO - [2026-09-17T09:55:36.232+0000] {dag.py:3096} INFO - Sync 1 DAGs
[2026-09-17T09:55:36.261+0000] {logging_mixin.py:188} INFO - [2026-09-17T09:55:36.261+0000] {dag.py:3954} INFO - Setting next_dagrun for youtube_extraction to 2026-09-17 00:00:00+00:00, run_after=2026-09-18 00:00:00+00:00
[2026-09-17T09:55:36.295+0000] {processor.py:183} INFO - Processing /opt/airflow/dags/dag_extraction.py took 0.169 seconds
[2026-09-17T09:56:06.526+0000] {processor.py:161} INFO - Started process (PID=335) to work on /opt/airflow/dags/dag_extraction.py
[2026-09-17T09:56:06.528+0000] {processor.py:830} INFO - Processing file /opt/airflow/dags/dag_extraction.py for tasks to queue
[2026-09-17T09:56:06.531+0000] {logging_mixin.py:188} INFO - [2026-09-17T09:56:06.530+0000] {dagbag.py:545} INFO - Filling up the DagBag from /opt/airflow/dags/dag_extraction.py
[2026-09-17T09:56:06.599+0000] {processor.py:840} INFO - DAG(s) 'youtube_extraction' retrieved from /opt/airflow/dags/dag_extraction.py
[2026-09-17T09:56:06.625+0000] {logging_mixin.py:188} INFO - [2026-09-17T09:56:06.625+0000] {dag.py:3096} INFO - Sync 1 DAGs
[2026-09-17T09:56:06.646+0000] {logging_mixin.py:188} INFO - [2026-09-17T09:56:06.646+0000] {dag.py:3954} INFO - Setting next_dagrun for youtube_extraction to 2026-09-17 00:00:00+00:00, run_after=2026-09-18 00:00:00+00:00
[2026-09-17T09:56:06.666+0000] {processor.py:183} INFO - Processing /opt/airflow/dags/dag_extraction.py took 0.148 seconds
[2026-09-17T09:56:37.461+0000] {processor.py:161} INFO - Started process (PID=360) to work on /opt/airflow/dags/dag_extraction.py
[2026-09-17T09:56:37.464+0000] {processor.py:830} INFO - Processing file /opt/airflow/dags/dag_extraction.py for tasks to queue
[2026-09-17T09:56:37.471+0000] {logging_mixin.py:188} INFO - [2026-09-17T09:56:37.470+0000] {dagbag.py:545} INFO - Filling up the DagBag from /opt/airflow/dags/dag_extraction.py
[2026-09-17T09:56:37.587+0000] {processor.py:840} INFO - DAG(s) 'youtube_extraction' retrieved from /opt/airflow/dags/dag_extraction.py
[2026-09-17T09:56:37.620+0000] {logging_mixin.py:188} INFO - [2026-09-17T09:56:37.619+0000] {dag.py:3096} INFO - Sync 1 DAGs
[2026-09-17T09:56:37.657+0000] {logging_mixin.py:188} INFO - [2026-09-17T09:56:37.657+0000] {dag.py:3954} INFO - Setting next_dagrun for youtube_extraction to 2026-09-17 00:00:00+00:00, run_after=2026-09-18 00:00:00+00:00
[2026-09-17T09:56:37.699+0000] {processor.py:183} INFO - Processing /opt/airflow/dags/dag_extraction.py took 0.255 seconds
[2026-09-17T09:57:08.488+0000] {processor.py:161} INFO - Started process (PID=375) to work on /opt/airflow/dags/dag_extraction.py
[2026-09-17T09:57:08.490+0000] {processor.py:830} INFO - Processing file /opt/airflow/dags/dag_extraction.py for tasks to queue
[2026-09-17T09:57:08.492+0000] {logging_mixin.py:188} INFO - [2026-09-17T09:57:08.492+0000] {dagbag.py:545} INFO - Filling up the DagBag from /opt/airflow/dags/dag_extraction.py
[2026-09-17T09:57:08.567+0000] {processor.py:840} INFO - DAG(s) 'youtube_extraction' retrieved from /opt/airflow/dags/dag_extraction.py
[2026-09-17T09:57:08.598+0000] {logging_mixin.py:188} INFO - [2026-09-17T09:57:08.597+0000] {dag.py:3096} INFO - Sync 1 DAGs
[2026-09-17T09:57:08.620+0000] {logging_mixin.py:188} INFO - [2026-09-17T09:57:08.620+0000] {dag.py:3954} INFO - Setting next_dagrun for youtube_extraction to 2026-09-17 00:00:00+00:00, run_after=2026-09-18 00:00:00+00:00
[2026-09-17T09:57:08.646+0000] {processor.py:183} INFO - Processing /opt/airflow/dags/dag_extraction.py took 0.168 seconds
[2026-09-17T09:57:39.152+0000] {processor.py:161} INFO - Started process (PID=390) to work on /opt/airflow/dags/dag_extraction.py
[2026-09-17T09:57:39.154+0000] {processor.py:830} INFO - Processing file /opt/airflow/dags/dag_extraction.py for tasks to queue
[2026-09-17T09:57:39.158+0000] {logging_mixin.py:188} INFO - [2026-09-17T09:57:39.158+0000] {dagbag.py:545} INFO - Filling up the DagBag from /opt/airflow/dags/dag_extraction.py
[2026-09-17T09:57:39.219+0000] {processor.py:840} INFO - DAG(s) 'youtube_extraction' retrieved from /opt/airflow/dags/dag_extraction.py
[2026-09-17T09:57:39.244+0000] {logging_mixin.py:188} INFO - [2026-09-17T09:57:39.244+0000] {dag.py:3096} INFO - Sync 1 DAGs
[2026-09-17T09:57:39.278+0000] {logging_mixin.py:188} INFO - [2026-09-17T09:57:39.277+0000] {dag.py:3954} INFO - Setting next_dagrun for youtube_extraction to 2026-09-17 00:00:00+00:00, run_after=2026-09-18 00:00:00+00:00
[2026-09-17T09:57:39.306+0000] {processor.py:183} INFO - Processing /opt/airflow/dags/dag_extraction.py took 0.159 seconds
[2026-09-17T09:58:09.683+0000] {processor.py:161} INFO - Started process (PID=404) to work on /opt/airflow/dags/dag_extraction.py
[2026-09-17T09:58:09.685+0000] {processor.py:830} INFO - Processing file /opt/airflow/dags/dag_extraction.py for tasks to queue
[2026-09-17T09:58:09.687+0000] {logging_mixin.py:188} INFO - [2026-09-17T09:58:09.687+0000] {dagbag.py:545} INFO - Filling up the DagBag from /opt/airflow/dags/dag_extraction.py
[2026-09-17T09:58:09.749+0000] {processor.py:840} INFO - DAG(s) 'youtube_extraction' retrieved from /opt/airflow/dags/dag_extraction.py
[2026-09-17T09:58:09.774+0000] {logging_mixin.py:188} INFO - [2026-09-17T09:58:09.773+0000] {dag.py:3096} INFO - Sync 1 DAGs
[2026-09-17T09:58:09.795+0000] {logging_mixin.py:188} INFO - [2026-09-17T09:58:09.794+0000] {dag.py:3954} INFO - Setting next_dagrun for youtube_extraction to 2026-09-17 00:00:00+00:00, run_after=2026-09-18 00:00:00+00:00
[2026-09-17T09:58:09.819+0000] {processor.py:183} INFO - Processing /opt/airflow/dags/dag_extraction.py took 0.141 seconds
[2026-09-17T09:58:40.084+0000] {processor.py:161} INFO - Started process (PID=412) to work on /opt/airflow/dags/dag_extraction.py
[2026-09-17T09:58:40.086+0000] {processor.py:830} INFO - Processing file /opt/airflow/dags/dag_extraction.py for tasks to queue
[2026-09-17T09:58:40.090+0000] {logging_mixin.py:188} INFO - [2026-09-17T09:58:40.089+0000] {dagbag.py:545} INFO - Filling up the DagBag from /opt/airflow/dags/dag_extraction.py
[2026-09-17T09:58:40.169+0000] {processor.py:840} INFO - DAG(s) 'youtube_extraction' retrieved from /opt/airflow/dags/dag_extraction.py
[2026-09-17T09:58:40.231+0000] {logging_mixin.py:188} INFO - [2026-09-17T09:58:40.231+0000] {dag.py:3096} INFO - Sync 1 DAGs
[2026-09-17T09:58:40.261+0000] {logging_mixin.py:188} INFO - [2026-09-17T09:58:40.261+0000] {dag.py:3954} INFO - Setting next_dagrun for youtube_extraction to 2026-09-17 00:00:00+00:00, run_after=2026-09-18 00:00:00+00:00
[2026-09-17T09:58:40.284+0000] {processor.py:183} INFO - Processing /opt/airflow/dags/dag_extraction.py took 0.210 seconds
[2026-09-17T09:59:10.361+0000] {processor.py:161} INFO - Started process (PID=420) to work on /opt/airflow/dags/dag_extraction.py
[2026-09-17T09:59:10.363+0000] {processor.py:830} INFO - Processing file /opt/airflow/dags/dag_extraction.py for tasks to queue
[2026-09-17T09:59:10.365+0000] {logging_mixin.py:188} INFO - [2026-09-17T09:59:10.365+0000] {dagbag.py:545} INFO - Filling up the DagBag from /opt/airflow/dags/dag_extraction.py
[2026-09-17T09:59:10.462+0000] {processor.py:840} INFO - DAG(s) 'youtube_extraction' retrieved from /opt/airflow/dags/dag_extraction.py
[2026-09-17T09:59:10.498+0000] {logging_mixin.py:188} INFO - [2026-09-17T09:59:10.498+0000] {dag.py:3096} INFO - Sync 1 DAGs
[2026-09-17T09:59:10.530+0000] {logging_mixin.py:188} INFO - [2026-09-17T09:59:10.530+0000] {dag.py:3954} INFO - Setting next_dagrun for youtube_extraction to 2026-09-17 00:00:00+00:00, run_after=2026-09-18 00:00:00+00:00
[2026-09-17T09:59:10.554+0000] {processor.py:183} INFO - Processing /opt/airflow/dags/dag_extraction.py took 0.199 seconds
[2026-09-17T09:59:40.728+0000] {processor.py:161} INFO - Started process (PID=428) to work on /opt/airflow/dags/dag_extraction.py
[2026-09-17T09:59:40.730+0000] {processor.py:830} INFO - Processing file /opt/airflow/dags/dag_extraction.py for tasks to queue
[2026-09-17T09:59:40.733+0000] {logging_mixin.py:188} INFO - [2026-09-17T09:59:40.733+0000] {dagbag.py:545} INFO - Filling up the DagBag from /opt/airflow/dags/dag_extraction.py
[2026-09-17T09:59:40.818+0000] {processor.py:840} INFO - DAG(s) 'youtube_extraction' retrieved from /opt/airflow/dags/dag_extraction.py
[2026-09-17T09:59:40.844+0000] {logging_mixin.py:188} INFO - [2026-09-17T09:59:40.844+0000] {dag.py:3096} INFO - Sync 1 DAGs
[2026-09-17T09:59:40.879+0000] {logging_mixin.py:188} INFO - [2026-09-17T09:59:40.879+0000] {dag.py:3954} INFO - Setting next_dagrun for youtube_extraction to 2026-09-17 00:00:00+00:00, run_after=2026-09-18 00:00:00+00:00
[2026-09-17T09:59:40.903+0000] {processor.py:183} INFO - Processing /opt/airflow/dags/dag_extraction.py took 0.184 seconds
[2026-09-17T10:00:11.062+0000] {processor.py:161} INFO - Started process (PID=436) to work on /opt/airflow/dags/dag_extraction.py
[2026-09-17T10:00:11.065+0000] {processor.py:830} INFO - Processing file /opt/airflow/dags/dag_extraction.py for tasks to queue
[2026-09-17T10:00:11.068+0000] {logging_mixin.py:188} INFO - [2026-09-17T10:00:11.067+0000] {dagbag.py:545} INFO - Filling up the DagBag from /opt/airflow/dags/dag_extraction.py
[2026-09-17T10:00:11.155+0000] {processor.py:840} INFO - DAG(s) 'youtube_extraction' retrieved from /opt/airflow/dags/dag_extraction.py
[2026-09-17T10:00:11.185+0000] {logging_mixin.py:188} INFO - [2026-09-17T10:00:11.185+0000] {dag.py:3096} INFO - Sync 1 DAGs
[2026-09-17T10:00:11.208+0000] {logging_mixin.py:188} INFO - [2026-09-17T10:00:11.208+0000] {dag.py:3954} INFO - Setting next_dagrun for youtube_extraction to 2026-09-17 00:00:00+00:00, run_after=2026-09-18 00:00:00+00:00
[2026-09-17T10:00:11.230+0000] {processor.py:183} INFO - Processing /opt/airflow/dags/dag_extraction.py took 0.177 seconds
[2026-09-17T10:00:41.399+0000] {processor.py:161} INFO - Started process (PID=444) to work on /opt/airflow/dags/dag_extraction.py
[2026-09-17T10:00:41.402+0000] {processor.py:830} INFO - Processing file /opt/airflow/dags/dag_extraction.py for tasks to queue
[2026-09-17T10:00:41.405+0000] {logging_mixin.py:188} INFO - [2026-09-17T10:00:41.404+0000] {dagbag.py:545} INFO - Filling up the DagBag from /opt/airflow/dags/dag_extraction.py
[2026-09-17T10:00:41.515+0000] {processor.py:840} INFO - DAG(s) 'youtube_extraction' retrieved from /opt/airflow/dags/dag_extraction.py
[2026-09-17T10:00:41.552+0000] {logging_mixin.py:188} INFO - [2026-09-17T10:00:41.552+0000] {dag.py:3096} INFO - Sync 1 DAGs
[2026-09-17T10:00:41.584+0000] {logging_mixin.py:188} INFO - [2026-09-17T10:00:41.584+0000] {dag.py:3954} INFO - Setting next_dagrun for youtube_extraction to 2026-09-17 00:00:00+00:00, run_after=2026-09-18 00:00:00+00:00
[2026-09-17T10:00:41.616+0000] {processor.py:183} INFO - Processing /opt/airflow/dags/dag_extraction.py took 0.223 seconds
[2026-09-17T10:01:11.780+0000] {processor.py:161} INFO - Started process (PID=452) to work on /opt/airflow/dags/dag_extraction.py
[2026-09-17T10:01:11.784+0000] {processor.py:830} INFO - Processing file /opt/airflow/dags/dag_extraction.py for tasks to queue
[2026-09-17T10:01:11.789+0000] {logging_mixin.py:188} INFO - [2026-09-17T10:01:11.788+0000] {dagbag.py:545} INFO - Filling up the DagBag from /opt/airflow/dags/dag_extraction.py
[2026-09-17T10:01:11.892+0000] {processor.py:840} INFO - DAG(s) 'youtube_extraction' retrieved from /opt/airflow/dags/dag_extraction.py
[2026-09-17T10:01:11.926+0000] {logging_mixin.py:188} INFO - [2026-09-17T10:01:11.926+0000] {dag.py:3096} INFO - Sync 1 DAGs
[2026-09-17T10:01:11.951+0000] {logging_mixin.py:188} INFO - [2026-09-17T10:01:11.950+0000] {dag.py:3954} INFO - Setting next_dagrun for youtube_extraction to 2026-09-17 00:00:00+00:00, run_after=2026-09-18 00:00:00+00:00
[2026-09-17T10:01:12.039+0000] {processor.py:183} INFO - Processing /opt/airflow/dags/dag_extraction.py took 0.271 seconds
[2026-09-17T10:01:42.314+0000] {processor.py:161} INFO - Started process (PID=462) to work on /opt/airflow/dags/dag_extraction.py
[2026-09-17T10:01:42.316+0000] {processor.py:830} INFO - Processing file /opt/airflow/dags/dag_extraction.py for tasks to queue
[2026-09-17T10:01:42.319+0000] {logging_mixin.py:188} INFO - [2026-09-17T10:01:42.318+0000] {dagbag.py:545} INFO - Filling up the DagBag from /opt/airflow/dags/dag_extraction.py
[2026-09-17T10:01:42.394+0000] {processor.py:840} INFO - DAG(s) 'youtube_extraction' retrieved from /opt/airflow/dags/dag_extraction.py
[2026-09-17T10:01:42.421+0000] {logging_mixin.py:188} INFO - [2026-09-17T10:01:42.421+0000] {dag.py:3096} INFO - Sync 1 DAGs
[2026-09-17T10:01:42.450+0000] {logging_mixin.py:188} INFO - [2026-09-17T10:01:42.450+0000] {dag.py:3954} INFO - Setting next_dagrun for youtube_extraction to 2026-09-17 00:00:00+00:00, run_after=2026-09-18 00:00:00+00:00
[2026-09-17T10:01:42.486+0000] {processor.py:183} INFO - Processing /opt/airflow/dags/dag_extraction.py took 0.179 seconds
[2026-09-17T10:02:13.263+0000] {processor.py:161} INFO - Started process (PID=479) to work on /opt/airflow/dags/dag_extraction.py
[2026-09-17T10:02:13.265+0000] {processor.py:830} INFO - Processing file /opt/airflow/dags/dag_extraction.py for tasks to queue
[2026-09-17T10:02:13.268+0000] {logging_mixin.py:188} INFO - [2026-09-17T10:02:13.267+0000] {dagbag.py:545} INFO - Filling up the DagBag from /opt/airflow/dags/dag_extraction.py
[2026-09-17T10:02:13.347+0000] {processor.py:840} INFO - DAG(s) 'youtube_extraction' retrieved from /opt/airflow/dags/dag_extraction.py
[2026-09-17T10:02:13.374+0000] {logging_mixin.py:188} INFO - [2026-09-17T10:02:13.374+0000] {dag.py:3096} INFO - Sync 1 DAGs
[2026-09-17T10:02:13.399+0000] {logging_mixin.py:188} INFO - [2026-09-17T10:02:13.399+0000] {dag.py:3954} INFO - Setting next_dagrun for youtube_extraction to 2026-09-17 00:00:00+00:00, run_after=2026-09-18 00:00:00+00:00
[2026-09-17T10:02:13.421+0000] {processor.py:183} INFO - Processing /opt/airflow/dags/dag_extraction.py took 0.166 seconds
[2026-09-17T10:02:43.983+0000] {processor.py:161} INFO - Started process (PID=494) to work on /opt/airflow/dags/dag_extraction.py
[2026-09-17T10:02:43.986+0000] {processor.py:830} INFO - Processing file /opt/airflow/dags/dag_extraction.py for tasks to queue
[2026-09-17T10:02:43.989+0000] {logging_mixin.py:188} INFO - [2026-09-17T10:02:43.988+0000] {dagbag.py:545} INFO - Filling up the DagBag from /opt/airflow/dags/dag_extraction.py
[2026-09-17T10:02:44.052+0000] {processor.py:840} INFO - DAG(s) 'youtube_extraction' retrieved from /opt/airflow/dags/dag_extraction.py
[2026-09-17T10:02:44.077+0000] {logging_mixin.py:188} INFO - [2026-09-17T10:02:44.077+0000] {dag.py:3096} INFO - Sync 1 DAGs
[2026-09-17T10:02:44.098+0000] {logging_mixin.py:188} INFO - [2026-09-17T10:02:44.098+0000] {dag.py:3954} INFO - Setting next_dagrun for youtube_extraction to 2026-09-17 00:00:00+00:00, run_after=2026-09-18 00:00:00+00:00
[2026-09-17T10:02:44.121+0000] {processor.py:183} INFO - Processing /opt/airflow/dags/dag_extraction.py took 0.143 seconds
[2026-09-17T10:03:14.538+0000] {processor.py:161} INFO - Started process (PID=506) to work on /opt/airflow/dags/dag_extraction.py
[2026-09-17T10:03:14.541+0000] {processor.py:830} INFO - Processing file /opt/airflow/dags/dag_extraction.py for tasks to queue
[2026-09-17T10:03:14.545+0000] {logging_mixin.py:188} INFO - [2026-09-17T10:03:14.545+0000] {dagbag.py:545} INFO - Filling up the DagBag from /opt/airflow/dags/dag_extraction.py
[2026-09-17T10:03:14.614+0000] {processor.py:840} INFO - DAG(s) 'youtube_extraction' retrieved from /opt/airflow/dags/dag_extraction.py
[2026-09-17T10:03:14.640+0000] {logging_mixin.py:188} INFO - [2026-09-17T10:03:14.640+0000] {dag.py:3096} INFO - Sync 1 DAGs
[2026-09-17T10:03:14.661+0000] {logging_mixin.py:188} INFO - [2026-09-17T10:03:14.661+0000] {dag.py:3954} INFO - Setting next_dagrun for youtube_extraction to 2026-09-17 00:00:00+00:00, run_after=2026-09-18 00:00:00+00:00
[2026-09-17T10:03:14.683+0000] {processor.py:183} INFO - Processing /opt/airflow/dags/dag_extraction.py took 0.152 seconds
[2026-09-17T10:04:32.608+0000] {processor.py:161} INFO - Started process (PID=56) to work on /opt/airflow/dags/dag_extraction.py
[2026-09-17T10:04:32.668+0000] {processor.py:830} INFO - Processing file /opt/airflow/dags/dag_extraction.py for tasks to queue
[2026-09-17T10:04:32.678+0000] {logging_mixin.py:188} INFO - [2026-09-17T10:04:32.677+0000] {dagbag.py:545} INFO - Filling up the DagBag from /opt/airflow/dags/dag_extraction.py
[2026-09-17T10:04:33.157+0000] {processor.py:840} INFO - DAG(s) 'youtube_extraction' retrieved from /opt/airflow/dags/dag_extraction.py
[2026-09-17T10:04:33.625+0000] {logging_mixin.py:188} INFO - [2026-09-17T10:04:33.624+0000] {override.py:1829} INFO - Created Permission View: can read on DAG:youtube_extraction
[2026-09-17T10:04:33.642+0000] {logging_mixin.py:188} INFO - [2026-09-17T10:04:33.642+0000] {override.py:1829} INFO - Created Permission View: can edit on DAG:youtube_extraction
[2026-09-17T10:04:33.656+0000] {logging_mixin.py:188} INFO - [2026-09-17T10:04:33.655+0000] {override.py:1829} INFO - Created Permission View: can delete on DAG:youtube_extraction
[2026-09-17T10:04:33.658+0000] {logging_mixin.py:188} INFO - [2026-09-17T10:04:33.658+0000] {dag.py:3096} INFO - Sync 1 DAGs
[2026-09-17T10:04:33.683+0000] {logging_mixin.py:188} INFO - [2026-09-17T10:04:33.682+0000] {dag.py:3118} INFO - Creating ORM DAG for youtube_extraction
[2026-09-17T10:04:33.706+0000] {logging_mixin.py:188} INFO - [2026-09-17T10:04:33.706+0000] {dag.py:3954} INFO - Setting next_dagrun for youtube_extraction to 2026-09-16 00:00:00+00:00, run_after=2026-09-17 00:00:00+00:00
[2026-09-17T10:04:33.752+0000] {processor.py:183} INFO - Processing /opt/airflow/dags/dag_extraction.py took 1.198 seconds
[2026-09-17T10:05:04.090+0000] {processor.py:161} INFO - Started process (PID=64) to work on /opt/airflow/dags/dag_extraction.py
[2026-09-17T10:05:04.092+0000] {processor.py:830} INFO - Processing file /opt/airflow/dags/dag_extraction.py for tasks to queue
[2026-09-17T10:05:04.094+0000] {logging_mixin.py:188} INFO - [2026-09-17T10:05:04.094+0000] {dagbag.py:545} INFO - Filling up the DagBag from /opt/airflow/dags/dag_extraction.py
[2026-09-17T10:05:04.164+0000] {processor.py:840} INFO - DAG(s) 'youtube_extraction' retrieved from /opt/airflow/dags/dag_extraction.py
[2026-09-17T10:05:04.260+0000] {logging_mixin.py:188} INFO - [2026-09-17T10:05:04.259+0000] {dag.py:3096} INFO - Sync 1 DAGs
[2026-09-17T10:05:04.279+0000] {logging_mixin.py:188} INFO - [2026-09-17T10:05:04.279+0000] {dag.py:3954} INFO - Setting next_dagrun for youtube_extraction to 2026-09-16 00:00:00+00:00, run_after=2026-09-17 00:00:00+00:00
[2026-09-17T10:05:04.303+0000] {processor.py:183} INFO - Processing /opt/airflow/dags/dag_extraction.py took 0.218 seconds
[2026-09-17T10:05:34.397+0000] {processor.py:161} INFO - Started process (PID=72) to work on /opt/airflow/dags/dag_extraction.py
[2026-09-17T10:05:34.400+0000] {processor.py:830} INFO - Processing file /opt/airflow/dags/dag_extraction.py for tasks to queue
[2026-09-17T10:05:34.404+0000] {logging_mixin.py:188} INFO - [2026-09-17T10:05:34.404+0000] {dagbag.py:545} INFO - Filling up the DagBag from /opt/airflow/dags/dag_extraction.py
[2026-09-17T10:05:34.467+0000] {processor.py:840} INFO - DAG(s) 'youtube_extraction' retrieved from /opt/airflow/dags/dag_extraction.py
[2026-09-17T10:05:34.492+0000] {logging_mixin.py:188} INFO - [2026-09-17T10:05:34.492+0000] {dag.py:3096} INFO - Sync 1 DAGs
[2026-09-17T10:05:34.512+0000] {logging_mixin.py:188} INFO - [2026-09-17T10:05:34.512+0000] {dag.py:3954} INFO - Setting next_dagrun for youtube_extraction to 2026-09-16 00:00:00+00:00, run_after=2026-09-17 00:00:00+00:00
[2026-09-17T10:05:34.531+0000] {processor.py:183} INFO - Processing /opt/airflow/dags/dag_extraction.py took 0.140 seconds
[2026-09-17T10:06:04.771+0000] {processor.py:161} INFO - Started process (PID=80) to work on /opt/airflow/dags/dag_extraction.py
[2026-09-17T10:06:04.775+0000] {processor.py:830} INFO - Processing file /opt/airflow/dags/dag_extraction.py for tasks to queue
[2026-09-17T10:06:04.778+0000] {logging_mixin.py:188} INFO - [2026-09-17T10:06:04.777+0000] {dagbag.py:545} INFO - Filling up the DagBag from /opt/airflow/dags/dag_extraction.py
[2026-09-17T10:06:04.839+0000] {processor.py:840} INFO - DAG(s) 'youtube_extraction' retrieved from /opt/airflow/dags/dag_extraction.py
[2026-09-17T10:06:04.863+0000] {logging_mixin.py:188} INFO - [2026-09-17T10:06:04.863+0000] {dag.py:3096} INFO - Sync 1 DAGs
[2026-09-17T10:06:04.883+0000] {logging_mixin.py:188} INFO - [2026-09-17T10:06:04.883+0000] {dag.py:3954} INFO - Setting next_dagrun for youtube_extraction to 2026-09-16 00:00:00+00:00, run_after=2026-09-17 00:00:00+00:00
[2026-09-17T10:06:04.904+0000] {processor.py:183} INFO - Processing /opt/airflow/dags/dag_extraction.py took 0.140 seconds
[2026-09-17T10:06:35.198+0000] {processor.py:161} INFO - Started process (PID=88) to work on /opt/airflow/dags/dag_extraction.py
[2026-09-17T10:06:35.202+0000] {processor.py:830} INFO - Processing file /opt/airflow/dags/dag_extraction.py for tasks to queue
[2026-09-17T10:06:35.205+0000] {logging_mixin.py:188} INFO - [2026-09-17T10:06:35.204+0000] {dagbag.py:545} INFO - Filling up the DagBag from /opt/airflow/dags/dag_extraction.py
[2026-09-17T10:06:35.266+0000] {processor.py:840} INFO - DAG(s) 'youtube_extraction' retrieved from /opt/airflow/dags/dag_extraction.py
[2026-09-17T10:06:35.293+0000] {logging_mixin.py:188} INFO - [2026-09-17T10:06:35.292+0000] {dag.py:3096} INFO - Sync 1 DAGs
[2026-09-17T10:06:35.316+0000] {logging_mixin.py:188} INFO - [2026-09-17T10:06:35.316+0000] {dag.py:3954} INFO - Setting next_dagrun for youtube_extraction to 2026-09-16 00:00:00+00:00, run_after=2026-09-17 00:00:00+00:00
[2026-09-17T10:06:35.336+0000] {processor.py:183} INFO - Processing /opt/airflow/dags/dag_extraction.py took 0.144 seconds
[2026-09-17T10:07:05.509+0000] {processor.py:161} INFO - Started process (PID=96) to work on /opt/airflow/dags/dag_extraction.py
[2026-09-17T10:07:05.513+0000] {processor.py:830} INFO - Processing file /opt/airflow/dags/dag_extraction.py for tasks to queue
[2026-09-17T10:07:05.516+0000] {logging_mixin.py:188} INFO - [2026-09-17T10:07:05.515+0000] {dagbag.py:545} INFO - Filling up the DagBag from /opt/airflow/dags/dag_extraction.py
[2026-09-17T10:07:05.590+0000] {processor.py:840} INFO - DAG(s) 'youtube_extraction' retrieved from /opt/airflow/dags/dag_extraction.py
[2026-09-17T10:07:05.618+0000] {logging_mixin.py:188} INFO - [2026-09-17T10:07:05.618+0000] {dag.py:3096} INFO - Sync 1 DAGs
[2026-09-17T10:07:05.644+0000] {logging_mixin.py:188} INFO - [2026-09-17T10:07:05.644+0000] {dag.py:3954} INFO - Setting next_dagrun for youtube_extraction to 2026-09-16 00:00:00+00:00, run_after=2026-09-17 00:00:00+00:00
[2026-09-17T10:07:05.665+0000] {processor.py:183} INFO - Processing /opt/airflow/dags/dag_extraction.py took 0.162 seconds
[2026-09-17T10:07:35.905+0000] {processor.py:161} INFO - Started process (PID=105) to work on /opt/airflow/dags/dag_extraction.py
[2026-09-17T10:07:35.909+0000] {processor.py:830} INFO - Processing file /opt/airflow/dags/dag_extraction.py for tasks to queue
[2026-09-17T10:07:35.911+0000] {logging_mixin.py:188} INFO - [2026-09-17T10:07:35.911+0000] {dagbag.py:545} INFO - Filling up the DagBag from /opt/airflow/dags/dag_extraction.py
[2026-09-17T10:07:35.974+0000] {processor.py:840} INFO - DAG(s) 'youtube_extraction' retrieved from /opt/airflow/dags/dag_extraction.py
[2026-09-17T10:07:35.989+0000] {logging_mixin.py:188} INFO - [2026-09-17T10:07:35.987+0000] {dag.py:3096} INFO - Sync 1 DAGs
[2026-09-17T10:07:36.009+0000] {logging_mixin.py:188} INFO - [2026-09-17T10:07:36.009+0000] {dag.py:3954} INFO - Setting next_dagrun for youtube_extraction to 2026-09-16 00:00:00+00:00, run_after=2026-09-17 00:00:00+00:00
[2026-09-17T10:07:36.035+0000] {processor.py:183} INFO - Processing /opt/airflow/dags/dag_extraction.py took 0.135 seconds
[2026-09-17T10:08:06.337+0000] {processor.py:161} INFO - Started process (PID=114) to work on /opt/airflow/dags/dag_extraction.py
[2026-09-17T10:08:06.341+0000] {processor.py:830} INFO - Processing file /opt/airflow/dags/dag_extraction.py for tasks to queue
[2026-09-17T10:08:06.343+0000] {logging_mixin.py:188} INFO - [2026-09-17T10:08:06.343+0000] {dagbag.py:545} INFO - Filling up the DagBag from /opt/airflow/dags/dag_extraction.py
[2026-09-17T10:08:06.413+0000] {processor.py:840} INFO - DAG(s) 'youtube_extraction' retrieved from /opt/airflow/dags/dag_extraction.py
[2026-09-17T10:08:06.507+0000] {logging_mixin.py:188} INFO - [2026-09-17T10:08:06.507+0000] {dag.py:3096} INFO - Sync 1 DAGs
[2026-09-17T10:08:06.528+0000] {logging_mixin.py:188} INFO - [2026-09-17T10:08:06.528+0000] {dag.py:3954} INFO - Setting next_dagrun for youtube_extraction to 2026-09-16 00:00:00+00:00, run_after=2026-09-17 00:00:00+00:00
[2026-09-17T10:08:06.555+0000] {processor.py:183} INFO - Processing /opt/airflow/dags/dag_extraction.py took 0.225 seconds
[2026-09-17T10:09:18.710+0000] {processor.py:161} INFO - Started process (PID=55) to work on /opt/airflow/dags/dag_extraction.py
[2026-09-17T10:09:18.714+0000] {processor.py:830} INFO - Processing file /opt/airflow/dags/dag_extraction.py for tasks to queue
[2026-09-17T10:09:18.720+0000] {logging_mixin.py:188} INFO - [2026-09-17T10:09:18.719+0000] {dagbag.py:545} INFO - Filling up the DagBag from /opt/airflow/dags/dag_extraction.py
[2026-09-17T10:09:18.979+0000] {processor.py:840} INFO - DAG(s) 'youtube_extraction' retrieved from /opt/airflow/dags/dag_extraction.py
[2026-09-17T10:09:19.364+0000] {logging_mixin.py:188} INFO - [2026-09-17T10:09:19.364+0000] {override.py:1829} INFO - Created Permission View: can edit on DAG:youtube_extraction
[2026-09-17T10:09:19.384+0000] {logging_mixin.py:188} INFO - [2026-09-17T10:09:19.383+0000] {override.py:1829} INFO - Created Permission View: can delete on DAG:youtube_extraction
[2026-09-17T10:09:19.398+0000] {logging_mixin.py:188} INFO - [2026-09-17T10:09:19.397+0000] {override.py:1829} INFO - Created Permission View: can read on DAG:youtube_extraction
[2026-09-17T10:09:19.400+0000] {logging_mixin.py:188} INFO - [2026-09-17T10:09:19.399+0000] {dag.py:3096} INFO - Sync 1 DAGs
[2026-09-17T10:09:19.421+0000] {logging_mixin.py:188} INFO - [2026-09-17T10:09:19.420+0000] {dag.py:3118} INFO - Creating ORM DAG for youtube_extraction
[2026-09-17T10:09:19.439+0000] {logging_mixin.py:188} INFO - [2026-09-17T10:09:19.438+0000] {dag.py:3954} INFO - Setting next_dagrun for youtube_extraction to 2026-09-16 00:00:00+00:00, run_after=2026-09-17 00:00:00+00:00
[2026-09-17T10:09:19.475+0000] {processor.py:183} INFO - Processing /opt/airflow/dags/dag_extraction.py took 0.784 seconds
[2026-09-17T10:09:49.741+0000] {processor.py:161} INFO - Started process (PID=63) to work on /opt/airflow/dags/dag_extraction.py
[2026-09-17T10:09:49.744+0000] {processor.py:830} INFO - Processing file /opt/airflow/dags/dag_extraction.py for tasks to queue
[2026-09-17T10:09:49.747+0000] {logging_mixin.py:188} INFO - [2026-09-17T10:09:49.747+0000] {dagbag.py:545} INFO - Filling up the DagBag from /opt/airflow/dags/dag_extraction.py
[2026-09-17T10:09:49.815+0000] {processor.py:840} INFO - DAG(s) 'youtube_extraction' retrieved from /opt/airflow/dags/dag_extraction.py
[2026-09-17T10:09:49.845+0000] {logging_mixin.py:188} INFO - [2026-09-17T10:09:49.845+0000] {dag.py:3096} INFO - Sync 1 DAGs
[2026-09-17T10:09:49.867+0000] {logging_mixin.py:188} INFO - [2026-09-17T10:09:49.866+0000] {dag.py:3954} INFO - Setting next_dagrun for youtube_extraction to 2026-09-16 00:00:00+00:00, run_after=2026-09-17 00:00:00+00:00
[2026-09-17T10:09:49.888+0000] {processor.py:183} INFO - Processing /opt/airflow/dags/dag_extraction.py took 0.157 seconds
[2026-09-17T10:10:20.019+0000] {processor.py:161} INFO - Started process (PID=71) to work on /opt/airflow/dags/dag_extraction.py
[2026-09-17T10:10:20.022+0000] {processor.py:830} INFO - Processing file /opt/airflow/dags/dag_extraction.py for tasks to queue
[2026-09-17T10:10:20.028+0000] {logging_mixin.py:188} INFO - [2026-09-17T10:10:20.027+0000] {dagbag.py:545} INFO - Filling up the DagBag from /opt/airflow/dags/dag_extraction.py
[2026-09-17T10:10:20.155+0000] {processor.py:840} INFO - DAG(s) 'youtube_extraction' retrieved from /opt/airflow/dags/dag_extraction.py
[2026-09-17T10:10:20.188+0000] {logging_mixin.py:188} INFO - [2026-09-17T10:10:20.188+0000] {dag.py:3096} INFO - Sync 1 DAGs
[2026-09-17T10:10:20.213+0000] {logging_mixin.py:188} INFO - [2026-09-17T10:10:20.213+0000] {dag.py:3954} INFO - Setting next_dagrun for youtube_extraction to 2026-09-16 00:00:00+00:00, run_after=2026-09-17 00:00:00+00:00
[2026-09-17T10:10:20.236+0000] {processor.py:183} INFO - Processing /opt/airflow/dags/dag_extraction.py took 0.231 seconds
[2026-09-17T10:10:50.537+0000] {processor.py:161} INFO - Started process (PID=79) to work on /opt/airflow/dags/dag_extraction.py
[2026-09-17T10:10:50.539+0000] {processor.py:830} INFO - Processing file /opt/airflow/dags/dag_extraction.py for tasks to queue
[2026-09-17T10:10:50.542+0000] {logging_mixin.py:188} INFO - [2026-09-17T10:10:50.541+0000] {dagbag.py:545} INFO - Filling up the DagBag from /opt/airflow/dags/dag_extraction.py
[2026-09-17T10:10:50.623+0000] {processor.py:840} INFO - DAG(s) 'youtube_extraction' retrieved from /opt/airflow/dags/dag_extraction.py
[2026-09-17T10:10:50.657+0000] {logging_mixin.py:188} INFO - [2026-09-17T10:10:50.657+0000] {dag.py:3096} INFO - Sync 1 DAGs
[2026-09-17T10:10:50.687+0000] {logging_mixin.py:188} INFO - [2026-09-17T10:10:50.687+0000] {dag.py:3954} INFO - Setting next_dagrun for youtube_extraction to 2026-09-16 00:00:00+00:00, run_after=2026-09-17 00:00:00+00:00
[2026-09-17T10:10:50.712+0000] {processor.py:183} INFO - Processing /opt/airflow/dags/dag_extraction.py took 0.182 seconds
[2026-09-17T10:11:21.063+0000] {processor.py:161} INFO - Started process (PID=87) to work on /opt/airflow/dags/dag_extraction.py
[2026-09-17T10:11:21.064+0000] {processor.py:830} INFO - Processing file /opt/airflow/dags/dag_extraction.py for tasks to queue
[2026-09-17T10:11:21.067+0000] {logging_mixin.py:188} INFO - [2026-09-17T10:11:21.067+0000] {dagbag.py:545} INFO - Filling up the DagBag from /opt/airflow/dags/dag_extraction.py
[2026-09-17T10:11:21.128+0000] {processor.py:840} INFO - DAG(s) 'youtube_extraction' retrieved from /opt/airflow/dags/dag_extraction.py
[2026-09-17T10:11:21.156+0000] {logging_mixin.py:188} INFO - [2026-09-17T10:11:21.155+0000] {dag.py:3096} INFO - Sync 1 DAGs
[2026-09-17T10:11:21.178+0000] {logging_mixin.py:188} INFO - [2026-09-17T10:11:21.178+0000] {dag.py:3954} INFO - Setting next_dagrun for youtube_extraction to 2026-09-16 00:00:00+00:00, run_after=2026-09-17 00:00:00+00:00
[2026-09-17T10:11:21.203+0000] {processor.py:183} INFO - Processing /opt/airflow/dags/dag_extraction.py took 0.146 seconds
[2026-09-17T10:11:51.389+0000] {processor.py:161} INFO - Started process (PID=95) to work on /opt/airflow/dags/dag_extraction.py
[2026-09-17T10:11:51.391+0000] {processor.py:830} INFO - Processing file /opt/airflow/dags/dag_extraction.py for tasks to queue
[2026-09-17T10:11:51.394+0000] {logging_mixin.py:188} INFO - [2026-09-17T10:11:51.393+0000] {dagbag.py:545} INFO - Filling up the DagBag from /opt/airflow/dags/dag_extraction.py
[2026-09-17T10:11:51.451+0000] {processor.py:840} INFO - DAG(s) 'youtube_extraction' retrieved from /opt/airflow/dags/dag_extraction.py
[2026-09-17T10:11:51.481+0000] {logging_mixin.py:188} INFO - [2026-09-17T10:11:51.481+0000] {dag.py:3096} INFO - Sync 1 DAGs
[2026-09-17T10:11:51.503+0000] {logging_mixin.py:188} INFO - [2026-09-17T10:11:51.503+0000] {dag.py:3954} INFO - Setting next_dagrun for youtube_extraction to 2026-09-16 00:00:00+00:00, run_after=2026-09-17 00:00:00+00:00
[2026-09-17T10:11:51.525+0000] {processor.py:183} INFO - Processing /opt/airflow/dags/dag_extraction.py took 0.143 seconds
[2026-09-17T10:12:21.802+0000] {processor.py:161} INFO - Started process (PID=103) to work on /opt/airflow/dags/dag_extraction.py
[2026-09-17T10:12:21.804+0000] {processor.py:830} INFO - Processing file /opt/airflow/dags/dag_extraction.py for tasks to queue
[2026-09-17T10:12:21.807+0000] {logging_mixin.py:188} INFO - [2026-09-17T10:12:21.806+0000] {dagbag.py:545} INFO - Filling up the DagBag from /opt/airflow/dags/dag_extraction.py
[2026-09-17T10:12:21.871+0000] {processor.py:840} INFO - DAG(s) 'youtube_extraction' retrieved from /opt/airflow/dags/dag_extraction.py
[2026-09-17T10:12:21.898+0000] {logging_mixin.py:188} INFO - [2026-09-17T10:12:21.898+0000] {dag.py:3096} INFO - Sync 1 DAGs
[2026-09-17T10:12:21.923+0000] {logging_mixin.py:188} INFO - [2026-09-17T10:12:21.922+0000] {dag.py:3954} INFO - Setting next_dagrun for youtube_extraction to 2026-09-16 00:00:00+00:00, run_after=2026-09-17 00:00:00+00:00
[2026-09-17T10:12:21.945+0000] {processor.py:183} INFO - Processing /opt/airflow/dags/dag_extraction.py took 0.149 seconds
[2026-09-17T10:12:52.250+0000] {processor.py:161} INFO - Started process (PID=111) to work on /opt/airflow/dags/dag_extraction.py
[2026-09-17T10:12:52.252+0000] {processor.py:830} INFO - Processing file /opt/airflow/dags/dag_extraction.py for tasks to queue
[2026-09-17T10:12:52.256+0000] {logging_mixin.py:188} INFO - [2026-09-17T10:12:52.255+0000] {dagbag.py:545} INFO - Filling up the DagBag from /opt/airflow/dags/dag_extraction.py
[2026-09-17T10:12:52.327+0000] {processor.py:840} INFO - DAG(s) 'youtube_extraction' retrieved from /opt/airflow/dags/dag_extraction.py
[2026-09-17T10:12:52.353+0000] {logging_mixin.py:188} INFO - [2026-09-17T10:12:52.352+0000] {dag.py:3096} INFO - Sync 1 DAGs
[2026-09-17T10:12:52.375+0000] {logging_mixin.py:188} INFO - [2026-09-17T10:12:52.375+0000] {dag.py:3954} INFO - Setting next_dagrun for youtube_extraction to 2026-09-16 00:00:00+00:00, run_after=2026-09-17 00:00:00+00:00
[2026-09-17T10:12:52.399+0000] {processor.py:183} INFO - Processing /opt/airflow/dags/dag_extraction.py took 0.156 seconds
[2026-09-17T10:13:22.569+0000] {processor.py:161} INFO - Started process (PID=119) to work on /opt/airflow/dags/dag_extraction.py
[2026-09-17T10:13:22.571+0000] {processor.py:830} INFO - Processing file /opt/airflow/dags/dag_extraction.py for tasks to queue
[2026-09-17T10:13:22.574+0000] {logging_mixin.py:188} INFO - [2026-09-17T10:13:22.574+0000] {dagbag.py:545} INFO - Filling up the DagBag from /opt/airflow/dags/dag_extraction.py
[2026-09-17T10:13:22.647+0000] {processor.py:840} INFO - DAG(s) 'youtube_extraction' retrieved from /opt/airflow/dags/dag_extraction.py
[2026-09-17T10:13:22.677+0000] {logging_mixin.py:188} INFO - [2026-09-17T10:13:22.676+0000] {dag.py:3096} INFO - Sync 1 DAGs
[2026-09-17T10:13:22.701+0000] {logging_mixin.py:188} INFO - [2026-09-17T10:13:22.700+0000] {dag.py:3954} INFO - Setting next_dagrun for youtube_extraction to 2026-09-16 00:00:00+00:00, run_after=2026-09-17 00:00:00+00:00
[2026-09-17T10:13:22.722+0000] {processor.py:183} INFO - Processing /opt/airflow/dags/dag_extraction.py took 0.161 seconds
[2026-09-17T10:13:53.060+0000] {processor.py:161} INFO - Started process (PID=127) to work on /opt/airflow/dags/dag_extraction.py
[2026-09-17T10:13:53.062+0000] {processor.py:830} INFO - Processing file /opt/airflow/dags/dag_extraction.py for tasks to queue
[2026-09-17T10:13:53.066+0000] {logging_mixin.py:188} INFO - [2026-09-17T10:13:53.065+0000] {dagbag.py:545} INFO - Filling up the DagBag from /opt/airflow/dags/dag_extraction.py
[2026-09-17T10:13:53.183+0000] {processor.py:840} INFO - DAG(s) 'youtube_extraction' retrieved from /opt/airflow/dags/dag_extraction.py
[2026-09-17T10:13:53.225+0000] {logging_mixin.py:188} INFO - [2026-09-17T10:13:53.224+0000] {dag.py:3096} INFO - Sync 1 DAGs
[2026-09-17T10:13:53.262+0000] {logging_mixin.py:188} INFO - [2026-09-17T10:13:53.262+0000] {dag.py:3954} INFO - Setting next_dagrun for youtube_extraction to 2026-09-16 00:00:00+00:00, run_after=2026-09-17 00:00:00+00:00
[2026-09-17T10:13:53.303+0000] {processor.py:183} INFO - Processing /opt/airflow/dags/dag_extraction.py took 0.249 seconds
[2026-09-17T10:14:23.384+0000] {processor.py:161} INFO - Started process (PID=135) to work on /opt/airflow/dags/dag_extraction.py
[2026-09-17T10:14:23.386+0000] {processor.py:830} INFO - Processing file /opt/airflow/dags/dag_extraction.py for tasks to queue
[2026-09-17T10:14:23.389+0000] {logging_mixin.py:188} INFO - [2026-09-17T10:14:23.389+0000] {dagbag.py:545} INFO - Filling up the DagBag from /opt/airflow/dags/dag_extraction.py
[2026-09-17T10:14:23.452+0000] {processor.py:840} INFO - DAG(s) 'youtube_extraction' retrieved from /opt/airflow/dags/dag_extraction.py
[2026-09-17T10:14:23.485+0000] {logging_mixin.py:188} INFO - [2026-09-17T10:14:23.484+0000] {dag.py:3096} INFO - Sync 1 DAGs
[2026-09-17T10:14:23.510+0000] {logging_mixin.py:188} INFO - [2026-09-17T10:14:23.510+0000] {dag.py:3954} INFO - Setting next_dagrun for youtube_extraction to 2026-09-16 00:00:00+00:00, run_after=2026-09-17 00:00:00+00:00
[2026-09-17T10:14:23.537+0000] {processor.py:183} INFO - Processing /opt/airflow/dags/dag_extraction.py took 0.160 seconds
[2026-09-17T10:14:53.809+0000] {processor.py:161} INFO - Started process (PID=149) to work on /opt/airflow/dags/dag_extraction.py
[2026-09-17T10:14:53.811+0000] {processor.py:830} INFO - Processing file /opt/airflow/dags/dag_extraction.py for tasks to queue
[2026-09-17T10:14:53.814+0000] {logging_mixin.py:188} INFO - [2026-09-17T10:14:53.814+0000] {dagbag.py:545} INFO - Filling up the DagBag from /opt/airflow/dags/dag_extraction.py
[2026-09-17T10:14:53.886+0000] {processor.py:840} INFO - DAG(s) 'youtube_extraction' retrieved from /opt/airflow/dags/dag_extraction.py
[2026-09-17T10:14:53.913+0000] {logging_mixin.py:188} INFO - [2026-09-17T10:14:53.912+0000] {dag.py:3096} INFO - Sync 1 DAGs
[2026-09-17T10:14:53.935+0000] {logging_mixin.py:188} INFO - [2026-09-17T10:14:53.935+0000] {dag.py:3954} INFO - Setting next_dagrun for youtube_extraction to 2026-09-16 00:00:00+00:00, run_after=2026-09-17 00:00:00+00:00
[2026-09-17T10:14:53.957+0000] {processor.py:183} INFO - Processing /opt/airflow/dags/dag_extraction.py took 0.155 seconds
[2026-09-17T10:15:24.111+0000] {processor.py:161} INFO - Started process (PID=157) to work on /opt/airflow/dags/dag_extraction.py
[2026-09-17T10:15:24.113+0000] {processor.py:830} INFO - Processing file /opt/airflow/dags/dag_extraction.py for tasks to queue
[2026-09-17T10:15:24.116+0000] {logging_mixin.py:188} INFO - [2026-09-17T10:15:24.115+0000] {dagbag.py:545} INFO - Filling up the DagBag from /opt/airflow/dags/dag_extraction.py
[2026-09-17T10:15:24.179+0000] {processor.py:840} INFO - DAG(s) 'youtube_extraction' retrieved from /opt/airflow/dags/dag_extraction.py
[2026-09-17T10:15:24.205+0000] {logging_mixin.py:188} INFO - [2026-09-17T10:15:24.205+0000] {dag.py:3096} INFO - Sync 1 DAGs
[2026-09-17T10:15:24.227+0000] {logging_mixin.py:188} INFO - [2026-09-17T10:15:24.226+0000] {dag.py:3954} INFO - Setting next_dagrun for youtube_extraction to 2026-09-16 00:00:00+00:00, run_after=2026-09-17 00:00:00+00:00
[2026-09-17T10:15:24.251+0000] {processor.py:183} INFO - Processing /opt/airflow/dags/dag_extraction.py took 0.146 seconds
[2026-09-17T10:15:54.471+0000] {processor.py:161} INFO - Started process (PID=165) to work on /opt/airflow/dags/dag_extraction.py
[2026-09-17T10:15:54.473+0000] {processor.py:830} INFO - Processing file /opt/airflow/dags/dag_extraction.py for tasks to queue
[2026-09-17T10:15:54.475+0000] {logging_mixin.py:188} INFO - [2026-09-17T10:15:54.475+0000] {dagbag.py:545} INFO - Filling up the DagBag from /opt/airflow/dags/dag_extraction.py
[2026-09-17T10:15:54.553+0000] {processor.py:840} INFO - DAG(s) 'youtube_extraction' retrieved from /opt/airflow/dags/dag_extraction.py
[2026-09-17T10:15:54.582+0000] {logging_mixin.py:188} INFO - [2026-09-17T10:15:54.581+0000] {dag.py:3096} INFO - Sync 1 DAGs
[2026-09-17T10:15:54.604+0000] {logging_mixin.py:188} INFO - [2026-09-17T10:15:54.603+0000] {dag.py:3954} INFO - Setting next_dagrun for youtube_extraction to 2026-09-16 00:00:00+00:00, run_after=2026-09-17 00:00:00+00:00
[2026-09-17T10:15:54.628+0000] {processor.py:183} INFO - Processing /opt/airflow/dags/dag_extraction.py took 0.164 seconds
[2026-09-17T10:16:25.002+0000] {processor.py:161} INFO - Started process (PID=173) to work on /opt/airflow/dags/dag_extraction.py
[2026-09-17T10:16:25.003+0000] {processor.py:830} INFO - Processing file /opt/airflow/dags/dag_extraction.py for tasks to queue
[2026-09-17T10:16:25.006+0000] {logging_mixin.py:188} INFO - [2026-09-17T10:16:25.005+0000] {dagbag.py:545} INFO - Filling up the DagBag from /opt/airflow/dags/dag_extraction.py
[2026-09-17T10:16:25.062+0000] {processor.py:840} INFO - DAG(s) 'youtube_extraction' retrieved from /opt/airflow/dags/dag_extraction.py
[2026-09-17T10:16:25.091+0000] {logging_mixin.py:188} INFO - [2026-09-17T10:16:25.091+0000] {dag.py:3096} INFO - Sync 1 DAGs
[2026-09-17T10:16:25.113+0000] {logging_mixin.py:188} INFO - [2026-09-17T10:16:25.113+0000] {dag.py:3954} INFO - Setting next_dagrun for youtube_extraction to 2026-09-16 00:00:00+00:00, run_after=2026-09-17 00:00:00+00:00
[2026-09-17T10:16:25.134+0000] {processor.py:183} INFO - Processing /opt/airflow/dags/dag_extraction.py took 0.138 seconds
[2026-09-17T10:16:55.311+0000] {processor.py:161} INFO - Started process (PID=181) to work on /opt/airflow/dags/dag_extraction.py
[2026-09-17T10:16:55.313+0000] {processor.py:830} INFO - Processing file /opt/airflow/dags/dag_extraction.py for tasks to queue
[2026-09-17T10:16:55.316+0000] {logging_mixin.py:188} INFO - [2026-09-17T10:16:55.315+0000] {dagbag.py:545} INFO - Filling up the DagBag from /opt/airflow/dags/dag_extraction.py
[2026-09-17T10:16:55.380+0000] {processor.py:840} INFO - DAG(s) 'youtube_extraction' retrieved from /opt/airflow/dags/dag_extraction.py
[2026-09-17T10:16:55.407+0000] {logging_mixin.py:188} INFO - [2026-09-17T10:16:55.407+0000] {dag.py:3096} INFO - Sync 1 DAGs
[2026-09-17T10:16:55.427+0000] {logging_mixin.py:188} INFO - [2026-09-17T10:16:55.427+0000] {dag.py:3954} INFO - Setting next_dagrun for youtube_extraction to 2026-09-16 00:00:00+00:00, run_after=2026-09-17 00:00:00+00:00
[2026-09-17T10:16:55.449+0000] {processor.py:183} INFO - Processing /opt/airflow/dags/dag_extraction.py took 0.144 seconds
[2026-09-17T10:17:25.753+0000] {processor.py:161} INFO - Started process (PID=189) to work on /opt/airflow/dags/dag_extraction.py
[2026-09-17T10:17:25.755+0000] {processor.py:830} INFO - Processing file /opt/airflow/dags/dag_extraction.py for tasks to queue
[2026-09-17T10:17:25.757+0000] {logging_mixin.py:188} INFO - [2026-09-17T10:17:25.757+0000] {dagbag.py:545} INFO - Filling up the DagBag from /opt/airflow/dags/dag_extraction.py
[2026-09-17T10:17:25.821+0000] {processor.py:840} INFO - DAG(s) 'youtube_extraction' retrieved from /opt/airflow/dags/dag_extraction.py
[2026-09-17T10:17:25.854+0000] {logging_mixin.py:188} INFO - [2026-09-17T10:17:25.853+0000] {dag.py:3096} INFO - Sync 1 DAGs
[2026-09-17T10:17:25.882+0000] {logging_mixin.py:188} INFO - [2026-09-17T10:17:25.882+0000] {dag.py:3954} INFO - Setting next_dagrun for youtube_extraction to 2026-09-16 00:00:00+00:00, run_after=2026-09-17 00:00:00+00:00
[2026-09-17T10:17:25.904+0000] {processor.py:183} INFO - Processing /opt/airflow/dags/dag_extraction.py took 0.158 seconds
[2026-09-17T10:17:56.086+0000] {processor.py:161} INFO - Started process (PID=197) to work on /opt/airflow/dags/dag_extraction.py
[2026-09-17T10:17:56.087+0000] {processor.py:830} INFO - Processing file /opt/airflow/dags/dag_extraction.py for tasks to queue
[2026-09-17T10:17:56.090+0000] {logging_mixin.py:188} INFO - [2026-09-17T10:17:56.090+0000] {dagbag.py:545} INFO - Filling up the DagBag from /opt/airflow/dags/dag_extraction.py
[2026-09-17T10:17:56.156+0000] {processor.py:840} INFO - DAG(s) 'youtube_extraction' retrieved from /opt/airflow/dags/dag_extraction.py
[2026-09-17T10:17:56.183+0000] {logging_mixin.py:188} INFO - [2026-09-17T10:17:56.183+0000] {dag.py:3096} INFO - Sync 1 DAGs
[2026-09-17T10:17:56.203+0000] {logging_mixin.py:188} INFO - [2026-09-17T10:17:56.203+0000] {dag.py:3954} INFO - Setting next_dagrun for youtube_extraction to 2026-09-16 00:00:00+00:00, run_after=2026-09-17 00:00:00+00:00
[2026-09-17T10:17:56.226+0000] {processor.py:183} INFO - Processing /opt/airflow/dags/dag_extraction.py took 0.147 seconds
[2026-09-17T10:18:26.589+0000] {processor.py:161} INFO - Started process (PID=205) to work on /opt/airflow/dags/dag_extraction.py
[2026-09-17T10:18:26.592+0000] {processor.py:830} INFO - Processing file /opt/airflow/dags/dag_extraction.py for tasks to queue
[2026-09-17T10:18:26.597+0000] {logging_mixin.py:188} INFO - [2026-09-17T10:18:26.596+0000] {dagbag.py:545} INFO - Filling up the DagBag from /opt/airflow/dags/dag_extraction.py
[2026-09-17T10:18:26.691+0000] {processor.py:840} INFO - DAG(s) 'youtube_extraction' retrieved from /opt/airflow/dags/dag_extraction.py
[2026-09-17T10:18:26.727+0000] {logging_mixin.py:188} INFO - [2026-09-17T10:18:26.727+0000] {dag.py:3096} INFO - Sync 1 DAGs
[2026-09-17T10:18:26.756+0000] {logging_mixin.py:188} INFO - [2026-09-17T10:18:26.756+0000] {dag.py:3954} INFO - Setting next_dagrun for youtube_extraction to 2026-09-16 00:00:00+00:00, run_after=2026-09-17 00:00:00+00:00
[2026-09-17T10:18:26.789+0000] {processor.py:183} INFO - Processing /opt/airflow/dags/dag_extraction.py took 0.209 seconds
[2026-09-17T10:18:57.007+0000] {processor.py:161} INFO - Started process (PID=213) to work on /opt/airflow/dags/dag_extraction.py
[2026-09-17T10:18:57.010+0000] {processor.py:830} INFO - Processing file /opt/airflow/dags/dag_extraction.py for tasks to queue
[2026-09-17T10:18:57.014+0000] {logging_mixin.py:188} INFO - [2026-09-17T10:18:57.014+0000] {dagbag.py:545} INFO - Filling up the DagBag from /opt/airflow/dags/dag_extraction.py
[2026-09-17T10:18:57.178+0000] {processor.py:840} INFO - DAG(s) 'youtube_extraction' retrieved from /opt/airflow/dags/dag_extraction.py
[2026-09-17T10:18:57.217+0000] {logging_mixin.py:188} INFO - [2026-09-17T10:18:57.216+0000] {dag.py:3096} INFO - Sync 1 DAGs
[2026-09-17T10:18:57.257+0000] {logging_mixin.py:188} INFO - [2026-09-17T10:18:57.256+0000] {dag.py:3954} INFO - Setting next_dagrun for youtube_extraction to 2026-09-16 00:00:00+00:00, run_after=2026-09-17 00:00:00+00:00
[2026-09-17T10:18:57.294+0000] {processor.py:183} INFO - Processing /opt/airflow/dags/dag_extraction.py took 0.301 seconds
[2026-09-17T10:19:27.833+0000] {processor.py:161} INFO - Started process (PID=221) to work on /opt/airflow/dags/dag_extraction.py
[2026-09-17T10:19:27.836+0000] {processor.py:830} INFO - Processing file /opt/airflow/dags/dag_extraction.py for tasks to queue
[2026-09-17T10:19:27.841+0000] {logging_mixin.py:188} INFO - [2026-09-17T10:19:27.840+0000] {dagbag.py:545} INFO - Filling up the DagBag from /opt/airflow/dags/dag_extraction.py
[2026-09-17T10:19:27.921+0000] {processor.py:840} INFO - DAG(s) 'youtube_extraction' retrieved from /opt/airflow/dags/dag_extraction.py
[2026-09-17T10:19:27.960+0000] {logging_mixin.py:188} INFO - [2026-09-17T10:19:27.960+0000] {dag.py:3096} INFO - Sync 1 DAGs
[2026-09-17T10:19:27.992+0000] {logging_mixin.py:188} INFO - [2026-09-17T10:19:27.992+0000] {dag.py:3954} INFO - Setting next_dagrun for youtube_extraction to 2026-09-16 00:00:00+00:00, run_after=2026-09-17 00:00:00+00:00
[2026-09-17T10:19:28.021+0000] {processor.py:183} INFO - Processing /opt/airflow/dags/dag_extraction.py took 0.196 seconds
[2026-09-17T10:19:58.262+0000] {processor.py:161} INFO - Started process (PID=229) to work on /opt/airflow/dags/dag_extraction.py
[2026-09-17T10:19:58.265+0000] {processor.py:830} INFO - Processing file /opt/airflow/dags/dag_extraction.py for tasks to queue
[2026-09-17T10:19:58.268+0000] {logging_mixin.py:188} INFO - [2026-09-17T10:19:58.268+0000] {dagbag.py:545} INFO - Filling up the DagBag from /opt/airflow/dags/dag_extraction.py
[2026-09-17T10:19:58.353+0000] {processor.py:840} INFO - DAG(s) 'youtube_extraction' retrieved from /opt/airflow/dags/dag_extraction.py
[2026-09-17T10:19:58.394+0000] {logging_mixin.py:188} INFO - [2026-09-17T10:19:58.394+0000] {dag.py:3096} INFO - Sync 1 DAGs
[2026-09-17T10:19:58.422+0000] {logging_mixin.py:188} INFO - [2026-09-17T10:19:58.421+0000] {dag.py:3954} INFO - Setting next_dagrun for youtube_extraction to 2026-09-16 00:00:00+00:00, run_after=2026-09-17 00:00:00+00:00
[2026-09-17T10:19:58.447+0000] {processor.py:183} INFO - Processing /opt/airflow/dags/dag_extraction.py took 0.195 seconds
[2026-09-17T10:20:28.738+0000] {processor.py:161} INFO - Started process (PID=237) to work on /opt/airflow/dags/dag_extraction.py
[2026-09-17T10:20:28.743+0000] {processor.py:830} INFO - Processing file /opt/airflow/dags/dag_extraction.py for tasks to queue
[2026-09-17T10:20:28.747+0000] {logging_mixin.py:188} INFO - [2026-09-17T10:20:28.747+0000] {dagbag.py:545} INFO - Filling up the DagBag from /opt/airflow/dags/dag_extraction.py
[2026-09-17T10:20:28.852+0000] {processor.py:840} INFO - DAG(s) 'youtube_extraction' retrieved from /opt/airflow/dags/dag_extraction.py
[2026-09-17T10:20:28.885+0000] {logging_mixin.py:188} INFO - [2026-09-17T10:20:28.885+0000] {dag.py:3096} INFO - Sync 1 DAGs
[2026-09-17T10:20:28.914+0000] {logging_mixin.py:188} INFO - [2026-09-17T10:20:28.914+0000] {dag.py:3954} INFO - Setting next_dagrun for youtube_extraction to 2026-09-16 00:00:00+00:00, run_after=2026-09-17 00:00:00+00:00
[2026-09-17T10:20:28.944+0000] {processor.py:183} INFO - Processing /opt/airflow/dags/dag_extraction.py took 0.216 seconds
[2026-09-17T10:20:59.354+0000] {processor.py:161} INFO - Started process (PID=245) to work on /opt/airflow/dags/dag_extraction.py
[2026-09-17T10:20:59.358+0000] {processor.py:830} INFO - Processing file /opt/airflow/dags/dag_extraction.py for tasks to queue
[2026-09-17T10:20:59.363+0000] {logging_mixin.py:188} INFO - [2026-09-17T10:20:59.363+0000] {dagbag.py:545} INFO - Filling up the DagBag from /opt/airflow/dags/dag_extraction.py
[2026-09-17T10:20:59.495+0000] {processor.py:840} INFO - DAG(s) 'youtube_extraction' retrieved from /opt/airflow/dags/dag_extraction.py
[2026-09-17T10:20:59.533+0000] {logging_mixin.py:188} INFO - [2026-09-17T10:20:59.533+0000] {dag.py:3096} INFO - Sync 1 DAGs
[2026-09-17T10:20:59.564+0000] {logging_mixin.py:188} INFO - [2026-09-17T10:20:59.564+0000] {dag.py:3954} INFO - Setting next_dagrun for youtube_extraction to 2026-09-16 00:00:00+00:00, run_after=2026-09-17 00:00:00+00:00
[2026-09-17T10:20:59.595+0000] {processor.py:183} INFO - Processing /opt/airflow/dags/dag_extraction.py took 0.251 seconds
[2026-09-17T10:21:29.773+0000] {processor.py:161} INFO - Started process (PID=253) to work on /opt/airflow/dags/dag_extraction.py
[2026-09-17T10:21:29.778+0000] {processor.py:830} INFO - Processing file /opt/airflow/dags/dag_extraction.py for tasks to queue
[2026-09-17T10:21:29.783+0000] {logging_mixin.py:188} INFO - [2026-09-17T10:21:29.782+0000] {dagbag.py:545} INFO - Filling up the DagBag from /opt/airflow/dags/dag_extraction.py
[2026-09-17T10:21:29.874+0000] {processor.py:840} INFO - DAG(s) 'youtube_extraction' retrieved from /opt/airflow/dags/dag_extraction.py
[2026-09-17T10:21:29.916+0000] {logging_mixin.py:188} INFO - [2026-09-17T10:21:29.915+0000] {dag.py:3096} INFO - Sync 1 DAGs
[2026-09-17T10:21:29.949+0000] {logging_mixin.py:188} INFO - [2026-09-17T10:21:29.949+0000] {dag.py:3954} INFO - Setting next_dagrun for youtube_extraction to 2026-09-16 00:00:00+00:00, run_after=2026-09-17 00:00:00+00:00
[2026-09-17T10:21:29.978+0000] {processor.py:183} INFO - Processing /opt/airflow/dags/dag_extraction.py took 0.216 seconds
[2026-09-17T10:22:00.381+0000] {processor.py:161} INFO - Started process (PID=261) to work on /opt/airflow/dags/dag_extraction.py
[2026-09-17T10:22:00.385+0000] {processor.py:830} INFO - Processing file /opt/airflow/dags/dag_extraction.py for tasks to queue
[2026-09-17T10:22:00.388+0000] {logging_mixin.py:188} INFO - [2026-09-17T10:22:00.388+0000] {dagbag.py:545} INFO - Filling up the DagBag from /opt/airflow/dags/dag_extraction.py
[2026-09-17T10:22:00.509+0000] {processor.py:840} INFO - DAG(s) 'youtube_extraction' retrieved from /opt/airflow/dags/dag_extraction.py
[2026-09-17T10:22:00.565+0000] {logging_mixin.py:188} INFO - [2026-09-17T10:22:00.564+0000] {dag.py:3096} INFO - Sync 1 DAGs
[2026-09-17T10:22:00.602+0000] {logging_mixin.py:188} INFO - [2026-09-17T10:22:00.601+0000] {dag.py:3954} INFO - Setting next_dagrun for youtube_extraction to 2026-09-16 00:00:00+00:00, run_after=2026-09-17 00:00:00+00:00
[2026-09-17T10:22:00.634+0000] {processor.py:183} INFO - Processing /opt/airflow/dags/dag_extraction.py took 0.261 seconds
[2026-09-17T10:22:31.112+0000] {processor.py:161} INFO - Started process (PID=269) to work on /opt/airflow/dags/dag_extraction.py
[2026-09-17T10:22:31.115+0000] {processor.py:830} INFO - Processing file /opt/airflow/dags/dag_extraction.py for tasks to queue
[2026-09-17T10:22:31.119+0000] {logging_mixin.py:188} INFO - [2026-09-17T10:22:31.119+0000] {dagbag.py:545} INFO - Filling up the DagBag from /opt/airflow/dags/dag_extraction.py
[2026-09-17T10:22:31.235+0000] {processor.py:840} INFO - DAG(s) 'youtube_extraction' retrieved from /opt/airflow/dags/dag_extraction.py
[2026-09-17T10:22:31.273+0000] {logging_mixin.py:188} INFO - [2026-09-17T10:22:31.272+0000] {dag.py:3096} INFO - Sync 1 DAGs
[2026-09-17T10:22:31.303+0000] {logging_mixin.py:188} INFO - [2026-09-17T10:22:31.302+0000] {dag.py:3954} INFO - Setting next_dagrun for youtube_extraction to 2026-09-16 00:00:00+00:00, run_after=2026-09-17 00:00:00+00:00
[2026-09-17T10:22:31.338+0000] {processor.py:183} INFO - Processing /opt/airflow/dags/dag_extraction.py took 0.235 seconds
[2026-09-17T10:23:01.539+0000] {processor.py:161} INFO - Started process (PID=277) to work on /opt/airflow/dags/dag_extraction.py
[2026-09-17T10:23:01.542+0000] {processor.py:830} INFO - Processing file /opt/airflow/dags/dag_extraction.py for tasks to queue
[2026-09-17T10:23:01.547+0000] {logging_mixin.py:188} INFO - [2026-09-17T10:23:01.547+0000] {dagbag.py:545} INFO - Filling up the DagBag from /opt/airflow/dags/dag_extraction.py
[2026-09-17T10:23:01.648+0000] {processor.py:840} INFO - DAG(s) 'youtube_extraction' retrieved from /opt/airflow/dags/dag_extraction.py
[2026-09-17T10:23:01.692+0000] {logging_mixin.py:188} INFO - [2026-09-17T10:23:01.691+0000] {dag.py:3096} INFO - Sync 1 DAGs
[2026-09-17T10:23:01.730+0000] {logging_mixin.py:188} INFO - [2026-09-17T10:23:01.729+0000] {dag.py:3954} INFO - Setting next_dagrun for youtube_extraction to 2026-09-16 00:00:00+00:00, run_after=2026-09-17 00:00:00+00:00
[2026-09-17T10:23:01.756+0000] {processor.py:183} INFO - Processing /opt/airflow/dags/dag_extraction.py took 0.226 seconds
[2026-09-17T10:23:32.102+0000] {processor.py:161} INFO - Started process (PID=285) to work on /opt/airflow/dags/dag_extraction.py
[2026-09-17T10:23:32.106+0000] {processor.py:830} INFO - Processing file /opt/airflow/dags/dag_extraction.py for tasks to queue
[2026-09-17T10:23:32.113+0000] {logging_mixin.py:188} INFO - [2026-09-17T10:23:32.112+0000] {dagbag.py:545} INFO - Filling up the DagBag from /opt/airflow/dags/dag_extraction.py
[2026-09-17T10:23:32.231+0000] {processor.py:840} INFO - DAG(s) 'youtube_extraction' retrieved from /opt/airflow/dags/dag_extraction.py
[2026-09-17T10:23:32.275+0000] {logging_mixin.py:188} INFO - [2026-09-17T10:23:32.274+0000] {dag.py:3096} INFO - Sync 1 DAGs
[2026-09-17T10:23:32.320+0000] {logging_mixin.py:188} INFO - [2026-09-17T10:23:32.319+0000] {dag.py:3954} INFO - Setting next_dagrun for youtube_extraction to 2026-09-16 00:00:00+00:00, run_after=2026-09-17 00:00:00+00:00
[2026-09-17T10:23:32.368+0000] {processor.py:183} INFO - Processing /opt/airflow/dags/dag_extraction.py took 0.280 seconds
[2026-09-17T10:24:02.794+0000] {processor.py:161} INFO - Started process (PID=293) to work on /opt/airflow/dags/dag_extraction.py
[2026-09-17T10:24:02.798+0000] {processor.py:830} INFO - Processing file /opt/airflow/dags/dag_extraction.py for tasks to queue
[2026-09-17T10:24:02.802+0000] {logging_mixin.py:188} INFO - [2026-09-17T10:24:02.802+0000] {dagbag.py:545} INFO - Filling up the DagBag from /opt/airflow/dags/dag_extraction.py
[2026-09-17T10:24:02.932+0000] {processor.py:840} INFO - DAG(s) 'youtube_extraction' retrieved from /opt/airflow/dags/dag_extraction.py
[2026-09-17T10:24:02.977+0000] {logging_mixin.py:188} INFO - [2026-09-17T10:24:02.976+0000] {dag.py:3096} INFO - Sync 1 DAGs
[2026-09-17T10:24:03.014+0000] {logging_mixin.py:188} INFO - [2026-09-17T10:24:03.014+0000] {dag.py:3954} INFO - Setting next_dagrun for youtube_extraction to 2026-09-16 00:00:00+00:00, run_after=2026-09-17 00:00:00+00:00
[2026-09-17T10:24:03.049+0000] {processor.py:183} INFO - Processing /opt/airflow/dags/dag_extraction.py took 0.266 seconds
[2026-09-17T10:24:33.547+0000] {processor.py:161} INFO - Started process (PID=301) to work on /opt/airflow/dags/dag_extraction.py
[2026-09-17T10:24:33.551+0000] {processor.py:830} INFO - Processing file /opt/airflow/dags/dag_extraction.py for tasks to queue
[2026-09-17T10:24:33.555+0000] {logging_mixin.py:188} INFO - [2026-09-17T10:24:33.554+0000] {dagbag.py:545} INFO - Filling up the DagBag from /opt/airflow/dags/dag_extraction.py
[2026-09-17T10:24:33.647+0000] {processor.py:840} INFO - DAG(s) 'youtube_extraction' retrieved from /opt/airflow/dags/dag_extraction.py
[2026-09-17T10:24:33.679+0000] {logging_mixin.py:188} INFO - [2026-09-17T10:24:33.679+0000] {dag.py:3096} INFO - Sync 1 DAGs
[2026-09-17T10:24:33.706+0000] {logging_mixin.py:188} INFO - [2026-09-17T10:24:33.706+0000] {dag.py:3954} INFO - Setting next_dagrun for youtube_extraction to 2026-09-16 00:00:00+00:00, run_after=2026-09-17 00:00:00+00:00
[2026-09-17T10:24:33.733+0000] {processor.py:183} INFO - Processing /opt/airflow/dags/dag_extraction.py took 0.196 seconds
[2026-09-17T10:25:04.167+0000] {processor.py:161} INFO - Started process (PID=309) to work on /opt/airflow/dags/dag_extraction.py
[2026-09-17T10:25:04.171+0000] {processor.py:830} INFO - Processing file /opt/airflow/dags/dag_extraction.py for tasks to queue
[2026-09-17T10:25:04.175+0000] {logging_mixin.py:188} INFO - [2026-09-17T10:25:04.175+0000] {dagbag.py:545} INFO - Filling up the DagBag from /opt/airflow/dags/dag_extraction.py
[2026-09-17T10:25:04.262+0000] {processor.py:840} INFO - DAG(s) 'youtube_extraction' retrieved from /opt/airflow/dags/dag_extraction.py
[2026-09-17T10:25:04.300+0000] {logging_mixin.py:188} INFO - [2026-09-17T10:25:04.299+0000] {dag.py:3096} INFO - Sync 1 DAGs
[2026-09-17T10:25:04.346+0000] {logging_mixin.py:188} INFO - [2026-09-17T10:25:04.345+0000] {dag.py:3954} INFO - Setting next_dagrun for youtube_extraction to 2026-09-16 00:00:00+00:00, run_after=2026-09-17 00:00:00+00:00
[2026-09-17T10:25:04.382+0000] {processor.py:183} INFO - Processing /opt/airflow/dags/dag_extraction.py took 0.225 seconds
[2026-09-17T10:25:34.776+0000] {processor.py:161} INFO - Started process (PID=317) to work on /opt/airflow/dags/dag_extraction.py
[2026-09-17T10:25:34.778+0000] {processor.py:830} INFO - Processing file /opt/airflow/dags/dag_extraction.py for tasks to queue
[2026-09-17T10:25:34.781+0000] {logging_mixin.py:188} INFO - [2026-09-17T10:25:34.781+0000] {dagbag.py:545} INFO - Filling up the DagBag from /opt/airflow/dags/dag_extraction.py
[2026-09-17T10:25:34.852+0000] {processor.py:840} INFO - DAG(s) 'youtube_extraction' retrieved from /opt/airflow/dags/dag_extraction.py
[2026-09-17T10:25:34.876+0000] {logging_mixin.py:188} INFO - [2026-09-17T10:25:34.876+0000] {dag.py:3096} INFO - Sync 1 DAGs
[2026-09-17T10:25:34.898+0000] {logging_mixin.py:188} INFO - [2026-09-17T10:25:34.897+0000] {dag.py:3954} INFO - Setting next_dagrun for youtube_extraction to 2026-09-16 00:00:00+00:00, run_after=2026-09-17 00:00:00+00:00
[2026-09-17T10:25:34.921+0000] {processor.py:183} INFO - Processing /opt/airflow/dags/dag_extraction.py took 0.152 seconds
[2026-09-17T10:26:05.084+0000] {processor.py:161} INFO - Started process (PID=325) to work on /opt/airflow/dags/dag_extraction.py
[2026-09-17T10:26:05.086+0000] {processor.py:830} INFO - Processing file /opt/airflow/dags/dag_extraction.py for tasks to queue
[2026-09-17T10:26:05.089+0000] {logging_mixin.py:188} INFO - [2026-09-17T10:26:05.088+0000] {dagbag.py:545} INFO - Filling up the DagBag from /opt/airflow/dags/dag_extraction.py
[2026-09-17T10:26:05.181+0000] {processor.py:840} INFO - DAG(s) 'youtube_extraction' retrieved from /opt/airflow/dags/dag_extraction.py
[2026-09-17T10:26:05.218+0000] {logging_mixin.py:188} INFO - [2026-09-17T10:26:05.218+0000] {dag.py:3096} INFO - Sync 1 DAGs
[2026-09-17T10:26:05.248+0000] {logging_mixin.py:188} INFO - [2026-09-17T10:26:05.248+0000] {dag.py:3954} INFO - Setting next_dagrun for youtube_extraction to 2026-09-16 00:00:00+00:00, run_after=2026-09-17 00:00:00+00:00
[2026-09-17T10:26:05.277+0000] {processor.py:183} INFO - Processing /opt/airflow/dags/dag_extraction.py took 0.204 seconds
[2026-09-17T10:26:35.596+0000] {processor.py:161} INFO - Started process (PID=333) to work on /opt/airflow/dags/dag_extraction.py
[2026-09-17T10:26:35.598+0000] {processor.py:830} INFO - Processing file /opt/airflow/dags/dag_extraction.py for tasks to queue
[2026-09-17T10:26:35.601+0000] {logging_mixin.py:188} INFO - [2026-09-17T10:26:35.600+0000] {dagbag.py:545} INFO - Filling up the DagBag from /opt/airflow/dags/dag_extraction.py
[2026-09-17T10:26:35.677+0000] {processor.py:840} INFO - DAG(s) 'youtube_extraction' retrieved from /opt/airflow/dags/dag_extraction.py
[2026-09-17T10:26:35.705+0000] {logging_mixin.py:188} INFO - [2026-09-17T10:26:35.704+0000] {dag.py:3096} INFO - Sync 1 DAGs
[2026-09-17T10:26:35.730+0000] {logging_mixin.py:188} INFO - [2026-09-17T10:26:35.730+0000] {dag.py:3954} INFO - Setting next_dagrun for youtube_extraction to 2026-09-16 00:00:00+00:00, run_after=2026-09-17 00:00:00+00:00
[2026-09-17T10:26:35.753+0000] {processor.py:183} INFO - Processing /opt/airflow/dags/dag_extraction.py took 0.164 seconds
[2026-09-17T10:27:06.054+0000] {processor.py:161} INFO - Started process (PID=341) to work on /opt/airflow/dags/dag_extraction.py
[2026-09-17T10:27:06.056+0000] {processor.py:830} INFO - Processing file /opt/airflow/dags/dag_extraction.py for tasks to queue
[2026-09-17T10:27:06.059+0000] {logging_mixin.py:188} INFO - [2026-09-17T10:27:06.059+0000] {dagbag.py:545} INFO - Filling up the DagBag from /opt/airflow/dags/dag_extraction.py
[2026-09-17T10:27:06.124+0000] {processor.py:840} INFO - DAG(s) 'youtube_extraction' retrieved from /opt/airflow/dags/dag_extraction.py
[2026-09-17T10:27:06.153+0000] {logging_mixin.py:188} INFO - [2026-09-17T10:27:06.153+0000] {dag.py:3096} INFO - Sync 1 DAGs
[2026-09-17T10:27:06.174+0000] {logging_mixin.py:188} INFO - [2026-09-17T10:27:06.174+0000] {dag.py:3954} INFO - Setting next_dagrun for youtube_extraction to 2026-09-16 00:00:00+00:00, run_after=2026-09-17 00:00:00+00:00
[2026-09-17T10:27:06.199+0000] {processor.py:183} INFO - Processing /opt/airflow/dags/dag_extraction.py took 0.151 seconds
[2026-09-17T10:27:36.562+0000] {processor.py:161} INFO - Started process (PID=349) to work on /opt/airflow/dags/dag_extraction.py
[2026-09-17T10:27:36.566+0000] {processor.py:830} INFO - Processing file /opt/airflow/dags/dag_extraction.py for tasks to queue
[2026-09-17T10:27:36.570+0000] {logging_mixin.py:188} INFO - [2026-09-17T10:27:36.569+0000] {dagbag.py:545} INFO - Filling up the DagBag from /opt/airflow/dags/dag_extraction.py
[2026-09-17T10:27:36.694+0000] {processor.py:840} INFO - DAG(s) 'youtube_extraction' retrieved from /opt/airflow/dags/dag_extraction.py
[2026-09-17T10:27:36.732+0000] {logging_mixin.py:188} INFO - [2026-09-17T10:27:36.731+0000] {dag.py:3096} INFO - Sync 1 DAGs
[2026-09-17T10:27:36.771+0000] {logging_mixin.py:188} INFO - [2026-09-17T10:27:36.770+0000] {dag.py:3954} INFO - Setting next_dagrun for youtube_extraction to 2026-09-16 00:00:00+00:00, run_after=2026-09-17 00:00:00+00:00
[2026-09-17T10:27:36.813+0000] {processor.py:183} INFO - Processing /opt/airflow/dags/dag_extraction.py took 0.263 seconds
[2026-09-17T10:28:07.138+0000] {processor.py:161} INFO - Started process (PID=358) to work on /opt/airflow/dags/dag_extraction.py
[2026-09-17T10:28:07.141+0000] {processor.py:830} INFO - Processing file /opt/airflow/dags/dag_extraction.py for tasks to queue
[2026-09-17T10:28:07.145+0000] {logging_mixin.py:188} INFO - [2026-09-17T10:28:07.144+0000] {dagbag.py:545} INFO - Filling up the DagBag from /opt/airflow/dags/dag_extraction.py
[2026-09-17T10:28:07.220+0000] {processor.py:840} INFO - DAG(s) 'youtube_extraction' retrieved from /opt/airflow/dags/dag_extraction.py
[2026-09-17T10:28:07.258+0000] {logging_mixin.py:188} INFO - [2026-09-17T10:28:07.258+0000] {dag.py:3096} INFO - Sync 1 DAGs
[2026-09-17T10:28:07.284+0000] {logging_mixin.py:188} INFO - [2026-09-17T10:28:07.284+0000] {dag.py:3954} INFO - Setting next_dagrun for youtube_extraction to 2026-09-16 00:00:00+00:00, run_after=2026-09-17 00:00:00+00:00
[2026-09-17T10:28:07.311+0000] {processor.py:183} INFO - Processing /opt/airflow/dags/dag_extraction.py took 0.180 seconds
[2026-09-17T10:28:37.628+0000] {processor.py:161} INFO - Started process (PID=366) to work on /opt/airflow/dags/dag_extraction.py
[2026-09-17T10:28:37.631+0000] {processor.py:830} INFO - Processing file /opt/airflow/dags/dag_extraction.py for tasks to queue
[2026-09-17T10:28:37.636+0000] {logging_mixin.py:188} INFO - [2026-09-17T10:28:37.636+0000] {dagbag.py:545} INFO - Filling up the DagBag from /opt/airflow/dags/dag_extraction.py
[2026-09-17T10:28:37.701+0000] {processor.py:840} INFO - DAG(s) 'youtube_extraction' retrieved from /opt/airflow/dags/dag_extraction.py
[2026-09-17T10:28:37.730+0000] {logging_mixin.py:188} INFO - [2026-09-17T10:28:37.730+0000] {dag.py:3096} INFO - Sync 1 DAGs
[2026-09-17T10:28:37.757+0000] {logging_mixin.py:188} INFO - [2026-09-17T10:28:37.757+0000] {dag.py:3954} INFO - Setting next_dagrun for youtube_extraction to 2026-09-16 00:00:00+00:00, run_after=2026-09-17 00:00:00+00:00
[2026-09-17T10:28:37.792+0000] {processor.py:183} INFO - Processing /opt/airflow/dags/dag_extraction.py took 0.170 seconds
[2026-09-17T10:29:08.072+0000] {processor.py:161} INFO - Started process (PID=374) to work on /opt/airflow/dags/dag_extraction.py
[2026-09-17T10:29:08.076+0000] {processor.py:830} INFO - Processing file /opt/airflow/dags/dag_extraction.py for tasks to queue
[2026-09-17T10:29:08.080+0000] {logging_mixin.py:188} INFO - [2026-09-17T10:29:08.079+0000] {dagbag.py:545} INFO - Filling up the DagBag from /opt/airflow/dags/dag_extraction.py
[2026-09-17T10:29:08.144+0000] {processor.py:840} INFO - DAG(s) 'youtube_extraction' retrieved from /opt/airflow/dags/dag_extraction.py
[2026-09-17T10:29:08.169+0000] {logging_mixin.py:188} INFO - [2026-09-17T10:29:08.169+0000] {dag.py:3096} INFO - Sync 1 DAGs
[2026-09-17T10:29:08.192+0000] {logging_mixin.py:188} INFO - [2026-09-17T10:29:08.192+0000] {dag.py:3954} INFO - Setting next_dagrun for youtube_extraction to 2026-09-16 00:00:00+00:00, run_after=2026-09-17 00:00:00+00:00
[2026-09-17T10:29:08.215+0000] {processor.py:183} INFO - Processing /opt/airflow/dags/dag_extraction.py took 0.149 seconds
[2026-09-17T10:29:38.601+0000] {processor.py:161} INFO - Started process (PID=382) to work on /opt/airflow/dags/dag_extraction.py
[2026-09-17T10:29:38.605+0000] {processor.py:830} INFO - Processing file /opt/airflow/dags/dag_extraction.py for tasks to queue
[2026-09-17T10:29:38.608+0000] {logging_mixin.py:188} INFO - [2026-09-17T10:29:38.608+0000] {dagbag.py:545} INFO - Filling up the DagBag from /opt/airflow/dags/dag_extraction.py
[2026-09-17T10:29:38.675+0000] {processor.py:840} INFO - DAG(s) 'youtube_extraction' retrieved from /opt/airflow/dags/dag_extraction.py
[2026-09-17T10:29:38.703+0000] {logging_mixin.py:188} INFO - [2026-09-17T10:29:38.702+0000] {dag.py:3096} INFO - Sync 1 DAGs
[2026-09-17T10:29:38.723+0000] {logging_mixin.py:188} INFO - [2026-09-17T10:29:38.723+0000] {dag.py:3954} INFO - Setting next_dagrun for youtube_extraction to 2026-09-16 00:00:00+00:00, run_after=2026-09-17 00:00:00+00:00
[2026-09-17T10:29:38.749+0000] {processor.py:183} INFO - Processing /opt/airflow/dags/dag_extraction.py took 0.154 seconds
[2026-09-17T10:30:08.888+0000] {processor.py:161} INFO - Started process (PID=390) to work on /opt/airflow/dags/dag_extraction.py
[2026-09-17T10:30:08.894+0000] {processor.py:830} INFO - Processing file /opt/airflow/dags/dag_extraction.py for tasks to queue
[2026-09-17T10:30:08.897+0000] {logging_mixin.py:188} INFO - [2026-09-17T10:30:08.897+0000] {dagbag.py:545} INFO - Filling up the DagBag from /opt/airflow/dags/dag_extraction.py
[2026-09-17T10:30:08.974+0000] {processor.py:840} INFO - DAG(s) 'youtube_extraction' retrieved from /opt/airflow/dags/dag_extraction.py
[2026-09-17T10:30:09.001+0000] {logging_mixin.py:188} INFO - [2026-09-17T10:30:09.001+0000] {dag.py:3096} INFO - Sync 1 DAGs
[2026-09-17T10:30:09.026+0000] {logging_mixin.py:188} INFO - [2026-09-17T10:30:09.025+0000] {dag.py:3954} INFO - Setting next_dagrun for youtube_extraction to 2026-09-16 00:00:00+00:00, run_after=2026-09-17 00:00:00+00:00
[2026-09-17T10:30:09.047+0000] {processor.py:183} INFO - Processing /opt/airflow/dags/dag_extraction.py took 0.166 seconds
[2026-09-17T10:30:39.340+0000] {processor.py:161} INFO - Started process (PID=398) to work on /opt/airflow/dags/dag_extraction.py
[2026-09-17T10:30:39.342+0000] {processor.py:830} INFO - Processing file /opt/airflow/dags/dag_extraction.py for tasks to queue
[2026-09-17T10:30:39.345+0000] {logging_mixin.py:188} INFO - [2026-09-17T10:30:39.344+0000] {dagbag.py:545} INFO - Filling up the DagBag from /opt/airflow/dags/dag_extraction.py
[2026-09-17T10:30:39.426+0000] {processor.py:840} INFO - DAG(s) 'youtube_extraction' retrieved from /opt/airflow/dags/dag_extraction.py
[2026-09-17T10:30:39.473+0000] {logging_mixin.py:188} INFO - [2026-09-17T10:30:39.472+0000] {dag.py:3096} INFO - Sync 1 DAGs
[2026-09-17T10:30:39.501+0000] {logging_mixin.py:188} INFO - [2026-09-17T10:30:39.500+0000] {dag.py:3954} INFO - Setting next_dagrun for youtube_extraction to 2026-09-16 00:00:00+00:00, run_after=2026-09-17 00:00:00+00:00
[2026-09-17T10:30:39.530+0000] {processor.py:183} INFO - Processing /opt/airflow/dags/dag_extraction.py took 0.197 seconds
[2026-09-17T10:31:09.969+0000] {processor.py:161} INFO - Started process (PID=406) to work on /opt/airflow/dags/dag_extraction.py
[2026-09-17T10:31:09.973+0000] {processor.py:830} INFO - Processing file /opt/airflow/dags/dag_extraction.py for tasks to queue
[2026-09-17T10:31:09.978+0000] {logging_mixin.py:188} INFO - [2026-09-17T10:31:09.977+0000] {dagbag.py:545} INFO - Filling up the DagBag from /opt/airflow/dags/dag_extraction.py
[2026-09-17T10:31:10.064+0000] {processor.py:840} INFO - DAG(s) 'youtube_extraction' retrieved from /opt/airflow/dags/dag_extraction.py
[2026-09-17T10:31:10.091+0000] {logging_mixin.py:188} INFO - [2026-09-17T10:31:10.090+0000] {dag.py:3096} INFO - Sync 1 DAGs
[2026-09-17T10:31:10.113+0000] {logging_mixin.py:188} INFO - [2026-09-17T10:31:10.113+0000] {dag.py:3954} INFO - Setting next_dagrun for youtube_extraction to 2026-09-16 00:00:00+00:00, run_after=2026-09-17 00:00:00+00:00
[2026-09-17T10:31:10.134+0000] {processor.py:183} INFO - Processing /opt/airflow/dags/dag_extraction.py took 0.174 seconds
[2026-09-17T10:31:40.429+0000] {processor.py:161} INFO - Started process (PID=414) to work on /opt/airflow/dags/dag_extraction.py
[2026-09-17T10:31:40.432+0000] {processor.py:830} INFO - Processing file /opt/airflow/dags/dag_extraction.py for tasks to queue
[2026-09-17T10:31:40.435+0000] {logging_mixin.py:188} INFO - [2026-09-17T10:31:40.435+0000] {dagbag.py:545} INFO - Filling up the DagBag from /opt/airflow/dags/dag_extraction.py
[2026-09-17T10:31:40.524+0000] {processor.py:840} INFO - DAG(s) 'youtube_extraction' retrieved from /opt/airflow/dags/dag_extraction.py
[2026-09-17T10:31:40.563+0000] {logging_mixin.py:188} INFO - [2026-09-17T10:31:40.562+0000] {dag.py:3096} INFO - Sync 1 DAGs
[2026-09-17T10:31:40.594+0000] {logging_mixin.py:188} INFO - [2026-09-17T10:31:40.594+0000] {dag.py:3954} INFO - Setting next_dagrun for youtube_extraction to 2026-09-16 00:00:00+00:00, run_after=2026-09-17 00:00:00+00:00
[2026-09-17T10:31:40.623+0000] {processor.py:183} INFO - Processing /opt/airflow/dags/dag_extraction.py took 0.199 seconds
[2026-09-17T10:32:10.710+0000] {processor.py:161} INFO - Started process (PID=422) to work on /opt/airflow/dags/dag_extraction.py
[2026-09-17T10:32:10.714+0000] {processor.py:830} INFO - Processing file /opt/airflow/dags/dag_extraction.py for tasks to queue
[2026-09-17T10:32:10.718+0000] {logging_mixin.py:188} INFO - [2026-09-17T10:32:10.717+0000] {dagbag.py:545} INFO - Filling up the DagBag from /opt/airflow/dags/dag_extraction.py
[2026-09-17T10:32:10.779+0000] {processor.py:840} INFO - DAG(s) 'youtube_extraction' retrieved from /opt/airflow/dags/dag_extraction.py
[2026-09-17T10:32:10.805+0000] {logging_mixin.py:188} INFO - [2026-09-17T10:32:10.804+0000] {dag.py:3096} INFO - Sync 1 DAGs
[2026-09-17T10:32:10.824+0000] {logging_mixin.py:188} INFO - [2026-09-17T10:32:10.824+0000] {dag.py:3954} INFO - Setting next_dagrun for youtube_extraction to 2026-09-16 00:00:00+00:00, run_after=2026-09-17 00:00:00+00:00
[2026-09-17T10:32:10.849+0000] {processor.py:183} INFO - Processing /opt/airflow/dags/dag_extraction.py took 0.145 seconds
[2026-09-17T10:32:41.225+0000] {processor.py:161} INFO - Started process (PID=430) to work on /opt/airflow/dags/dag_extraction.py
[2026-09-17T10:32:41.229+0000] {processor.py:830} INFO - Processing file /opt/airflow/dags/dag_extraction.py for tasks to queue
[2026-09-17T10:32:41.232+0000] {logging_mixin.py:188} INFO - [2026-09-17T10:32:41.231+0000] {dagbag.py:545} INFO - Filling up the DagBag from /opt/airflow/dags/dag_extraction.py
[2026-09-17T10:32:41.301+0000] {processor.py:840} INFO - DAG(s) 'youtube_extraction' retrieved from /opt/airflow/dags/dag_extraction.py
[2026-09-17T10:32:41.333+0000] {logging_mixin.py:188} INFO - [2026-09-17T10:32:41.332+0000] {dag.py:3096} INFO - Sync 1 DAGs
[2026-09-17T10:32:41.358+0000] {logging_mixin.py:188} INFO - [2026-09-17T10:32:41.358+0000] {dag.py:3954} INFO - Setting next_dagrun for youtube_extraction to 2026-09-16 00:00:00+00:00, run_after=2026-09-17 00:00:00+00:00
[2026-09-17T10:32:41.380+0000] {processor.py:183} INFO - Processing /opt/airflow/dags/dag_extraction.py took 0.164 seconds
[2026-09-17T10:33:11.674+0000] {processor.py:161} INFO - Started process (PID=438) to work on /opt/airflow/dags/dag_extraction.py
[2026-09-17T10:33:11.677+0000] {processor.py:830} INFO - Processing file /opt/airflow/dags/dag_extraction.py for tasks to queue
[2026-09-17T10:33:11.680+0000] {logging_mixin.py:188} INFO - [2026-09-17T10:33:11.679+0000] {dagbag.py:545} INFO - Filling up the DagBag from /opt/airflow/dags/dag_extraction.py
[2026-09-17T10:33:11.738+0000] {processor.py:840} INFO - DAG(s) 'youtube_extraction' retrieved from /opt/airflow/dags/dag_extraction.py
[2026-09-17T10:33:11.762+0000] {logging_mixin.py:188} INFO - [2026-09-17T10:33:11.761+0000] {dag.py:3096} INFO - Sync 1 DAGs
[2026-09-17T10:33:11.782+0000] {logging_mixin.py:188} INFO - [2026-09-17T10:33:11.782+0000] {dag.py:3954} INFO - Setting next_dagrun for youtube_extraction to 2026-09-16 00:00:00+00:00, run_after=2026-09-17 00:00:00+00:00
[2026-09-17T10:33:11.802+0000] {processor.py:183} INFO - Processing /opt/airflow/dags/dag_extraction.py took 0.133 seconds
[2026-09-17T10:33:42.103+0000] {processor.py:161} INFO - Started process (PID=446) to work on /opt/airflow/dags/dag_extraction.py
[2026-09-17T10:33:42.106+0000] {processor.py:830} INFO - Processing file /opt/airflow/dags/dag_extraction.py for tasks to queue
[2026-09-17T10:33:42.110+0000] {logging_mixin.py:188} INFO - [2026-09-17T10:33:42.109+0000] {dagbag.py:545} INFO - Filling up the DagBag from /opt/airflow/dags/dag_extraction.py
[2026-09-17T10:33:42.183+0000] {processor.py:840} INFO - DAG(s) 'youtube_extraction' retrieved from /opt/airflow/dags/dag_extraction.py
[2026-09-17T10:33:42.210+0000] {logging_mixin.py:188} INFO - [2026-09-17T10:33:42.209+0000] {dag.py:3096} INFO - Sync 1 DAGs
[2026-09-17T10:33:42.233+0000] {logging_mixin.py:188} INFO - [2026-09-17T10:33:42.233+0000] {dag.py:3954} INFO - Setting next_dagrun for youtube_extraction to 2026-09-16 00:00:00+00:00, run_after=2026-09-17 00:00:00+00:00
[2026-09-17T10:33:42.256+0000] {processor.py:183} INFO - Processing /opt/airflow/dags/dag_extraction.py took 0.159 seconds
[2026-09-17T10:34:12.563+0000] {processor.py:161} INFO - Started process (PID=454) to work on /opt/airflow/dags/dag_extraction.py
[2026-09-17T10:34:12.567+0000] {processor.py:830} INFO - Processing file /opt/airflow/dags/dag_extraction.py for tasks to queue
[2026-09-17T10:34:12.569+0000] {logging_mixin.py:188} INFO - [2026-09-17T10:34:12.569+0000] {dagbag.py:545} INFO - Filling up the DagBag from /opt/airflow/dags/dag_extraction.py
[2026-09-17T10:34:12.630+0000] {processor.py:840} INFO - DAG(s) 'youtube_extraction' retrieved from /opt/airflow/dags/dag_extraction.py
[2026-09-17T10:34:12.655+0000] {logging_mixin.py:188} INFO - [2026-09-17T10:34:12.655+0000] {dag.py:3096} INFO - Sync 1 DAGs
[2026-09-17T10:34:12.674+0000] {logging_mixin.py:188} INFO - [2026-09-17T10:34:12.674+0000] {dag.py:3954} INFO - Setting next_dagrun for youtube_extraction to 2026-09-16 00:00:00+00:00, run_after=2026-09-17 00:00:00+00:00
[2026-09-17T10:34:12.696+0000] {processor.py:183} INFO - Processing /opt/airflow/dags/dag_extraction.py took 0.139 seconds
[2026-09-17T10:34:43.025+0000] {processor.py:161} INFO - Started process (PID=462) to work on /opt/airflow/dags/dag_extraction.py
[2026-09-17T10:34:43.029+0000] {processor.py:830} INFO - Processing file /opt/airflow/dags/dag_extraction.py for tasks to queue
[2026-09-17T10:34:43.031+0000] {logging_mixin.py:188} INFO - [2026-09-17T10:34:43.031+0000] {dagbag.py:545} INFO - Filling up the DagBag from /opt/airflow/dags/dag_extraction.py
[2026-09-17T10:34:43.097+0000] {processor.py:840} INFO - DAG(s) 'youtube_extraction' retrieved from /opt/airflow/dags/dag_extraction.py
[2026-09-17T10:34:43.128+0000] {logging_mixin.py:188} INFO - [2026-09-17T10:34:43.128+0000] {dag.py:3096} INFO - Sync 1 DAGs
[2026-09-17T10:34:43.150+0000] {logging_mixin.py:188} INFO - [2026-09-17T10:34:43.150+0000] {dag.py:3954} INFO - Setting next_dagrun for youtube_extraction to 2026-09-16 00:00:00+00:00, run_after=2026-09-17 00:00:00+00:00
[2026-09-17T10:34:43.178+0000] {processor.py:183} INFO - Processing /opt/airflow/dags/dag_extraction.py took 0.160 seconds
[2026-09-17T10:35:13.506+0000] {processor.py:161} INFO - Started process (PID=470) to work on /opt/airflow/dags/dag_extraction.py
[2026-09-17T10:35:13.508+0000] {processor.py:830} INFO - Processing file /opt/airflow/dags/dag_extraction.py for tasks to queue
[2026-09-17T10:35:13.513+0000] {logging_mixin.py:188} INFO - [2026-09-17T10:35:13.513+0000] {dagbag.py:545} INFO - Filling up the DagBag from /opt/airflow/dags/dag_extraction.py
[2026-09-17T10:35:13.585+0000] {processor.py:840} INFO - DAG(s) 'youtube_extraction' retrieved from /opt/airflow/dags/dag_extraction.py
[2026-09-17T10:35:13.622+0000] {logging_mixin.py:188} INFO - [2026-09-17T10:35:13.621+0000] {dag.py:3096} INFO - Sync 1 DAGs
[2026-09-17T10:35:13.648+0000] {logging_mixin.py:188} INFO - [2026-09-17T10:35:13.648+0000] {dag.py:3954} INFO - Setting next_dagrun for youtube_extraction to 2026-09-16 00:00:00+00:00, run_after=2026-09-17 00:00:00+00:00
[2026-09-17T10:35:13.670+0000] {processor.py:183} INFO - Processing /opt/airflow/dags/dag_extraction.py took 0.170 seconds
[2026-09-17T10:35:43.979+0000] {processor.py:161} INFO - Started process (PID=478) to work on /opt/airflow/dags/dag_extraction.py
[2026-09-17T10:35:43.983+0000] {processor.py:830} INFO - Processing file /opt/airflow/dags/dag_extraction.py for tasks to queue
[2026-09-17T10:35:43.986+0000] {logging_mixin.py:188} INFO - [2026-09-17T10:35:43.986+0000] {dagbag.py:545} INFO - Filling up the DagBag from /opt/airflow/dags/dag_extraction.py
[2026-09-17T10:35:44.054+0000] {processor.py:840} INFO - DAG(s) 'youtube_extraction' retrieved from /opt/airflow/dags/dag_extraction.py
[2026-09-17T10:35:44.077+0000] {logging_mixin.py:188} INFO - [2026-09-17T10:35:44.077+0000] {dag.py:3096} INFO - Sync 1 DAGs
[2026-09-17T10:35:44.096+0000] {logging_mixin.py:188} INFO - [2026-09-17T10:35:44.096+0000] {dag.py:3954} INFO - Setting next_dagrun for youtube_extraction to 2026-09-16 00:00:00+00:00, run_after=2026-09-17 00:00:00+00:00
[2026-09-17T10:35:44.119+0000] {processor.py:183} INFO - Processing /opt/airflow/dags/dag_extraction.py took 0.145 seconds
[2026-09-17T10:36:14.411+0000] {processor.py:161} INFO - Started process (PID=486) to work on /opt/airflow/dags/dag_extraction.py
[2026-09-17T10:36:14.415+0000] {processor.py:830} INFO - Processing file /opt/airflow/dags/dag_extraction.py for tasks to queue
[2026-09-17T10:36:14.417+0000] {logging_mixin.py:188} INFO - [2026-09-17T10:36:14.417+0000] {dagbag.py:545} INFO - Filling up the DagBag from /opt/airflow/dags/dag_extraction.py
[2026-09-17T10:36:14.478+0000] {processor.py:840} INFO - DAG(s) 'youtube_extraction' retrieved from /opt/airflow/dags/dag_extraction.py
[2026-09-17T10:36:14.505+0000] {logging_mixin.py:188} INFO - [2026-09-17T10:36:14.504+0000] {dag.py:3096} INFO - Sync 1 DAGs
[2026-09-17T10:36:14.526+0000] {logging_mixin.py:188} INFO - [2026-09-17T10:36:14.525+0000] {dag.py:3954} INFO - Setting next_dagrun for youtube_extraction to 2026-09-16 00:00:00+00:00, run_after=2026-09-17 00:00:00+00:00
[2026-09-17T10:36:14.548+0000] {processor.py:183} INFO - Processing /opt/airflow/dags/dag_extraction.py took 0.143 seconds
[2026-09-17T10:36:44.815+0000] {processor.py:161} INFO - Started process (PID=494) to work on /opt/airflow/dags/dag_extraction.py
[2026-09-17T10:36:44.819+0000] {processor.py:830} INFO - Processing file /opt/airflow/dags/dag_extraction.py for tasks to queue
[2026-09-17T10:36:44.823+0000] {logging_mixin.py:188} INFO - [2026-09-17T10:36:44.822+0000] {dagbag.py:545} INFO - Filling up the DagBag from /opt/airflow/dags/dag_extraction.py
[2026-09-17T10:36:44.887+0000] {processor.py:840} INFO - DAG(s) 'youtube_extraction' retrieved from /opt/airflow/dags/dag_extraction.py
[2026-09-17T10:36:44.914+0000] {logging_mixin.py:188} INFO - [2026-09-17T10:36:44.914+0000] {dag.py:3096} INFO - Sync 1 DAGs
[2026-09-17T10:36:44.935+0000] {logging_mixin.py:188} INFO - [2026-09-17T10:36:44.935+0000] {dag.py:3954} INFO - Setting next_dagrun for youtube_extraction to 2026-09-16 00:00:00+00:00, run_after=2026-09-17 00:00:00+00:00
[2026-09-17T10:36:44.957+0000] {processor.py:183} INFO - Processing /opt/airflow/dags/dag_extraction.py took 0.148 seconds
[2026-09-17T10:37:15.220+0000] {processor.py:161} INFO - Started process (PID=502) to work on /opt/airflow/dags/dag_extraction.py
[2026-09-17T10:37:15.224+0000] {processor.py:830} INFO - Processing file /opt/airflow/dags/dag_extraction.py for tasks to queue
[2026-09-17T10:37:15.227+0000] {logging_mixin.py:188} INFO - [2026-09-17T10:37:15.227+0000] {dagbag.py:545} INFO - Filling up the DagBag from /opt/airflow/dags/dag_extraction.py
[2026-09-17T10:37:15.287+0000] {processor.py:840} INFO - DAG(s) 'youtube_extraction' retrieved from /opt/airflow/dags/dag_extraction.py
[2026-09-17T10:37:15.318+0000] {logging_mixin.py:188} INFO - [2026-09-17T10:37:15.318+0000] {dag.py:3096} INFO - Sync 1 DAGs
[2026-09-17T10:37:15.348+0000] {logging_mixin.py:188} INFO - [2026-09-17T10:37:15.348+0000] {dag.py:3954} INFO - Setting next_dagrun for youtube_extraction to 2026-09-16 00:00:00+00:00, run_after=2026-09-17 00:00:00+00:00
[2026-09-17T10:37:15.370+0000] {processor.py:183} INFO - Processing /opt/airflow/dags/dag_extraction.py took 0.156 seconds
[2026-09-17T10:37:40.860+0000] {processor.py:161} INFO - Started process (PID=511) to work on /opt/airflow/dags/dag_extraction.py
[2026-09-17T10:37:40.862+0000] {processor.py:830} INFO - Processing file /opt/airflow/dags/dag_extraction.py for tasks to queue
[2026-09-17T10:37:40.864+0000] {logging_mixin.py:188} INFO - [2026-09-17T10:37:40.864+0000] {dagbag.py:545} INFO - Filling up the DagBag from /opt/airflow/dags/dag_extraction.py
[2026-09-17T10:37:40.888+0000] {logging_mixin.py:188} INFO - [2026-09-17T10:37:40.886+0000] {dagbag.py:355} ERROR - Failed to import: /opt/airflow/dags/dag_extraction.py
Traceback (most recent call last):
  File "/home/airflow/.local/lib/python3.10/site-packages/airflow/models/dagbag.py", line 351, in parse
    loader.exec_module(new_module)
  File "<frozen importlib._bootstrap_external>", line 883, in exec_module
  File "<frozen importlib._bootstrap>", line 241, in _call_with_frames_removed
  File "/opt/airflow/dags/dag_extraction.py", line 6, in <module>
    from scripts.extraction import extract_youtube_data
ModuleNotFoundError: No module named 'scripts.extraction'
[2026-09-17T10:37:40.890+0000] {processor.py:842} WARNING - No viable dags retrieved from /opt/airflow/dags/dag_extraction.py
[2026-09-17T10:37:40.911+0000] {processor.py:183} INFO - Processing /opt/airflow/dags/dag_extraction.py took 0.058 seconds
[2026-09-17T10:38:11.199+0000] {processor.py:161} INFO - Started process (PID=519) to work on /opt/airflow/dags/dag_extraction.py
[2026-09-17T10:38:11.203+0000] {processor.py:830} INFO - Processing file /opt/airflow/dags/dag_extraction.py for tasks to queue
[2026-09-17T10:38:11.207+0000] {logging_mixin.py:188} INFO - [2026-09-17T10:38:11.206+0000] {dagbag.py:545} INFO - Filling up the DagBag from /opt/airflow/dags/dag_extraction.py
[2026-09-17T10:38:11.230+0000] {logging_mixin.py:188} INFO - [2026-09-17T10:38:11.226+0000] {dagbag.py:355} ERROR - Failed to import: /opt/airflow/dags/dag_extraction.py
Traceback (most recent call last):
  File "/home/airflow/.local/lib/python3.10/site-packages/airflow/models/dagbag.py", line 351, in parse
    loader.exec_module(new_module)
  File "<frozen importlib._bootstrap_external>", line 883, in exec_module
  File "<frozen importlib._bootstrap>", line 241, in _call_with_frames_removed
  File "/opt/airflow/dags/dag_extraction.py", line 6, in <module>
    from scripts.extraction import extract_youtube_data
ModuleNotFoundError: No module named 'scripts.extraction'
[2026-09-17T10:38:11.233+0000] {processor.py:842} WARNING - No viable dags retrieved from /opt/airflow/dags/dag_extraction.py
[2026-09-17T10:38:11.268+0000] {processor.py:183} INFO - Processing /opt/airflow/dags/dag_extraction.py took 0.076 seconds
[2026-09-17T10:38:41.583+0000] {processor.py:161} INFO - Started process (PID=527) to work on /opt/airflow/dags/dag_extraction.py
[2026-09-17T10:38:41.585+0000] {processor.py:830} INFO - Processing file /opt/airflow/dags/dag_extraction.py for tasks to queue
[2026-09-17T10:38:41.587+0000] {logging_mixin.py:188} INFO - [2026-09-17T10:38:41.587+0000] {dagbag.py:545} INFO - Filling up the DagBag from /opt/airflow/dags/dag_extraction.py
[2026-09-17T10:38:41.602+0000] {logging_mixin.py:188} INFO - [2026-09-17T10:38:41.599+0000] {dagbag.py:355} ERROR - Failed to import: /opt/airflow/dags/dag_extraction.py
Traceback (most recent call last):
  File "/home/airflow/.local/lib/python3.10/site-packages/airflow/models/dagbag.py", line 351, in parse
    loader.exec_module(new_module)
  File "<frozen importlib._bootstrap_external>", line 883, in exec_module
  File "<frozen importlib._bootstrap>", line 241, in _call_with_frames_removed
  File "/opt/airflow/dags/dag_extraction.py", line 6, in <module>
    from scripts.extraction import extract_youtube_data
ModuleNotFoundError: No module named 'scripts.extraction'
[2026-09-17T10:38:41.604+0000] {processor.py:842} WARNING - No viable dags retrieved from /opt/airflow/dags/dag_extraction.py
[2026-09-17T10:38:41.623+0000] {processor.py:183} INFO - Processing /opt/airflow/dags/dag_extraction.py took 0.046 seconds
[2026-09-17T10:39:11.901+0000] {processor.py:161} INFO - Started process (PID=535) to work on /opt/airflow/dags/dag_extraction.py
[2026-09-17T10:39:11.903+0000] {processor.py:830} INFO - Processing file /opt/airflow/dags/dag_extraction.py for tasks to queue
[2026-09-17T10:39:11.905+0000] {logging_mixin.py:188} INFO - [2026-09-17T10:39:11.904+0000] {dagbag.py:545} INFO - Filling up the DagBag from /opt/airflow/dags/dag_extraction.py
[2026-09-17T10:39:11.922+0000] {logging_mixin.py:188} INFO - [2026-09-17T10:39:11.919+0000] {dagbag.py:355} ERROR - Failed to import: /opt/airflow/dags/dag_extraction.py
Traceback (most recent call last):
  File "/home/airflow/.local/lib/python3.10/site-packages/airflow/models/dagbag.py", line 351, in parse
    loader.exec_module(new_module)
  File "<frozen importlib._bootstrap_external>", line 883, in exec_module
  File "<frozen importlib._bootstrap>", line 241, in _call_with_frames_removed
  File "/opt/airflow/dags/dag_extraction.py", line 6, in <module>
    from scripts.extraction import extract_youtube_data
ModuleNotFoundError: No module named 'scripts.extraction'
[2026-09-17T10:39:11.926+0000] {processor.py:842} WARNING - No viable dags retrieved from /opt/airflow/dags/dag_extraction.py
[2026-09-17T10:39:11.947+0000] {processor.py:183} INFO - Processing /opt/airflow/dags/dag_extraction.py took 0.052 seconds
[2026-09-17T10:40:25.766+0000] {processor.py:161} INFO - Started process (PID=49) to work on /opt/airflow/dags/dag_extraction.py
[2026-09-17T10:40:25.770+0000] {processor.py:830} INFO - Processing file /opt/airflow/dags/dag_extraction.py for tasks to queue
[2026-09-17T10:40:25.774+0000] {logging_mixin.py:188} INFO - [2026-09-17T10:40:25.773+0000] {dagbag.py:545} INFO - Filling up the DagBag from /opt/airflow/dags/dag_extraction.py
[2026-09-17T10:40:25.797+0000] {logging_mixin.py:188} INFO - [2026-09-17T10:40:25.793+0000] {dagbag.py:355} ERROR - Failed to import: /opt/airflow/dags/dag_extraction.py
Traceback (most recent call last):
  File "/home/airflow/.local/lib/python3.10/site-packages/airflow/models/dagbag.py", line 351, in parse
    loader.exec_module(new_module)
  File "<frozen importlib._bootstrap_external>", line 883, in exec_module
  File "<frozen importlib._bootstrap>", line 241, in _call_with_frames_removed
  File "/opt/airflow/dags/dag_extraction.py", line 6, in <module>
    from scripts.extraction import extract_youtube_data
ModuleNotFoundError: No module named 'scripts.extraction'
[2026-09-17T10:40:25.800+0000] {processor.py:842} WARNING - No viable dags retrieved from /opt/airflow/dags/dag_extraction.py
[2026-09-17T10:40:25.831+0000] {processor.py:183} INFO - Processing /opt/airflow/dags/dag_extraction.py took 0.076 seconds
[2026-09-17T10:40:56.186+0000] {processor.py:161} INFO - Started process (PID=57) to work on /opt/airflow/dags/dag_extraction.py
[2026-09-17T10:40:56.189+0000] {processor.py:830} INFO - Processing file /opt/airflow/dags/dag_extraction.py for tasks to queue
[2026-09-17T10:40:56.197+0000] {logging_mixin.py:188} INFO - [2026-09-17T10:40:56.196+0000] {dagbag.py:545} INFO - Filling up the DagBag from /opt/airflow/dags/dag_extraction.py
[2026-09-17T10:40:56.230+0000] {logging_mixin.py:188} INFO - [2026-09-17T10:40:56.223+0000] {dagbag.py:355} ERROR - Failed to import: /opt/airflow/dags/dag_extraction.py
Traceback (most recent call last):
  File "/home/airflow/.local/lib/python3.10/site-packages/airflow/models/dagbag.py", line 351, in parse
    loader.exec_module(new_module)
  File "<frozen importlib._bootstrap_external>", line 883, in exec_module
  File "<frozen importlib._bootstrap>", line 241, in _call_with_frames_removed
  File "/opt/airflow/dags/dag_extraction.py", line 4, in <module>
    from scripts.extraction import extract_youtube_data
ModuleNotFoundError: No module named 'scripts.extraction'
[2026-09-17T10:40:56.232+0000] {processor.py:842} WARNING - No viable dags retrieved from /opt/airflow/dags/dag_extraction.py
[2026-09-17T10:40:56.256+0000] {processor.py:183} INFO - Processing /opt/airflow/dags/dag_extraction.py took 0.083 seconds
[2026-09-17T10:41:26.549+0000] {processor.py:161} INFO - Started process (PID=65) to work on /opt/airflow/dags/dag_extraction.py
[2026-09-17T10:41:26.552+0000] {processor.py:830} INFO - Processing file /opt/airflow/dags/dag_extraction.py for tasks to queue
[2026-09-17T10:41:26.555+0000] {logging_mixin.py:188} INFO - [2026-09-17T10:41:26.554+0000] {dagbag.py:545} INFO - Filling up the DagBag from /opt/airflow/dags/dag_extraction.py
[2026-09-17T10:41:26.574+0000] {logging_mixin.py:188} INFO - [2026-09-17T10:41:26.571+0000] {dagbag.py:355} ERROR - Failed to import: /opt/airflow/dags/dag_extraction.py
Traceback (most recent call last):
  File "/home/airflow/.local/lib/python3.10/site-packages/airflow/models/dagbag.py", line 351, in parse
    loader.exec_module(new_module)
  File "<frozen importlib._bootstrap_external>", line 883, in exec_module
  File "<frozen importlib._bootstrap>", line 241, in _call_with_frames_removed
  File "/opt/airflow/dags/dag_extraction.py", line 4, in <module>
    from scripts.extraction import extract_youtube_data
ModuleNotFoundError: No module named 'scripts.extraction'
[2026-09-17T10:41:26.576+0000] {processor.py:842} WARNING - No viable dags retrieved from /opt/airflow/dags/dag_extraction.py
[2026-09-17T10:41:26.604+0000] {processor.py:183} INFO - Processing /opt/airflow/dags/dag_extraction.py took 0.064 seconds
[2026-09-17T10:41:56.892+0000] {processor.py:161} INFO - Started process (PID=73) to work on /opt/airflow/dags/dag_extraction.py
[2026-09-17T10:41:56.893+0000] {processor.py:830} INFO - Processing file /opt/airflow/dags/dag_extraction.py for tasks to queue
[2026-09-17T10:41:56.896+0000] {logging_mixin.py:188} INFO - [2026-09-17T10:41:56.895+0000] {dagbag.py:545} INFO - Filling up the DagBag from /opt/airflow/dags/dag_extraction.py
[2026-09-17T10:41:56.915+0000] {logging_mixin.py:188} INFO - [2026-09-17T10:41:56.912+0000] {dagbag.py:355} ERROR - Failed to import: /opt/airflow/dags/dag_extraction.py
Traceback (most recent call last):
  File "/home/airflow/.local/lib/python3.10/site-packages/airflow/models/dagbag.py", line 351, in parse
    loader.exec_module(new_module)
  File "<frozen importlib._bootstrap_external>", line 883, in exec_module
  File "<frozen importlib._bootstrap>", line 241, in _call_with_frames_removed
  File "/opt/airflow/dags/dag_extraction.py", line 4, in <module>
    from scripts.extraction import extract_youtube_data
ModuleNotFoundError: No module named 'scripts.extraction'
[2026-09-17T10:41:56.916+0000] {processor.py:842} WARNING - No viable dags retrieved from /opt/airflow/dags/dag_extraction.py
[2026-09-17T10:41:56.937+0000] {processor.py:183} INFO - Processing /opt/airflow/dags/dag_extraction.py took 0.052 seconds
[2026-09-17T10:42:27.220+0000] {processor.py:161} INFO - Started process (PID=81) to work on /opt/airflow/dags/dag_extraction.py
[2026-09-17T10:42:27.222+0000] {processor.py:830} INFO - Processing file /opt/airflow/dags/dag_extraction.py for tasks to queue
[2026-09-17T10:42:27.226+0000] {logging_mixin.py:188} INFO - [2026-09-17T10:42:27.225+0000] {dagbag.py:545} INFO - Filling up the DagBag from /opt/airflow/dags/dag_extraction.py
[2026-09-17T10:42:27.247+0000] {logging_mixin.py:188} INFO - [2026-09-17T10:42:27.243+0000] {dagbag.py:355} ERROR - Failed to import: /opt/airflow/dags/dag_extraction.py
Traceback (most recent call last):
  File "/home/airflow/.local/lib/python3.10/site-packages/airflow/models/dagbag.py", line 351, in parse
    loader.exec_module(new_module)
  File "<frozen importlib._bootstrap_external>", line 883, in exec_module
  File "<frozen importlib._bootstrap>", line 241, in _call_with_frames_removed
  File "/opt/airflow/dags/dag_extraction.py", line 4, in <module>
    from scripts.extraction import extract_youtube_data
ModuleNotFoundError: No module named 'scripts.extraction'
[2026-09-17T10:42:27.248+0000] {processor.py:842} WARNING - No viable dags retrieved from /opt/airflow/dags/dag_extraction.py
[2026-09-17T10:42:27.276+0000] {processor.py:183} INFO - Processing /opt/airflow/dags/dag_extraction.py took 0.064 seconds
[2026-09-17T10:42:57.581+0000] {processor.py:161} INFO - Started process (PID=89) to work on /opt/airflow/dags/dag_extraction.py
[2026-09-17T10:42:57.583+0000] {processor.py:830} INFO - Processing file /opt/airflow/dags/dag_extraction.py for tasks to queue
[2026-09-17T10:42:57.586+0000] {logging_mixin.py:188} INFO - [2026-09-17T10:42:57.586+0000] {dagbag.py:545} INFO - Filling up the DagBag from /opt/airflow/dags/dag_extraction.py
[2026-09-17T10:42:57.605+0000] {logging_mixin.py:188} INFO - [2026-09-17T10:42:57.602+0000] {dagbag.py:355} ERROR - Failed to import: /opt/airflow/dags/dag_extraction.py
Traceback (most recent call last):
  File "/home/airflow/.local/lib/python3.10/site-packages/airflow/models/dagbag.py", line 351, in parse
    loader.exec_module(new_module)
  File "<frozen importlib._bootstrap_external>", line 883, in exec_module
  File "<frozen importlib._bootstrap>", line 241, in _call_with_frames_removed
  File "/opt/airflow/dags/dag_extraction.py", line 4, in <module>
    from scripts.extraction import extract_youtube_data
ModuleNotFoundError: No module named 'scripts.extraction'
[2026-09-17T10:42:57.607+0000] {processor.py:842} WARNING - No viable dags retrieved from /opt/airflow/dags/dag_extraction.py
[2026-09-17T10:42:57.627+0000] {processor.py:183} INFO - Processing /opt/airflow/dags/dag_extraction.py took 0.052 seconds
[2026-09-17T10:43:27.952+0000] {processor.py:161} INFO - Started process (PID=97) to work on /opt/airflow/dags/dag_extraction.py
[2026-09-17T10:43:27.956+0000] {processor.py:830} INFO - Processing file /opt/airflow/dags/dag_extraction.py for tasks to queue
[2026-09-17T10:43:27.959+0000] {logging_mixin.py:188} INFO - [2026-09-17T10:43:27.959+0000] {dagbag.py:545} INFO - Filling up the DagBag from /opt/airflow/dags/dag_extraction.py
[2026-09-17T10:43:27.975+0000] {logging_mixin.py:188} INFO - [2026-09-17T10:43:27.972+0000] {dagbag.py:355} ERROR - Failed to import: /opt/airflow/dags/dag_extraction.py
Traceback (most recent call last):
  File "/home/airflow/.local/lib/python3.10/site-packages/airflow/models/dagbag.py", line 351, in parse
    loader.exec_module(new_module)
  File "<frozen importlib._bootstrap_external>", line 883, in exec_module
  File "<frozen importlib._bootstrap>", line 241, in _call_with_frames_removed
  File "/opt/airflow/dags/dag_extraction.py", line 4, in <module>
    from scripts.extraction import extract_youtube_data
ModuleNotFoundError: No module named 'scripts.extraction'
[2026-09-17T10:43:27.977+0000] {processor.py:842} WARNING - No viable dags retrieved from /opt/airflow/dags/dag_extraction.py
[2026-09-17T10:43:27.998+0000] {processor.py:183} INFO - Processing /opt/airflow/dags/dag_extraction.py took 0.053 seconds
[2026-09-17T10:43:58.309+0000] {processor.py:161} INFO - Started process (PID=105) to work on /opt/airflow/dags/dag_extraction.py
[2026-09-17T10:43:58.310+0000] {processor.py:830} INFO - Processing file /opt/airflow/dags/dag_extraction.py for tasks to queue
[2026-09-17T10:43:58.313+0000] {logging_mixin.py:188} INFO - [2026-09-17T10:43:58.313+0000] {dagbag.py:545} INFO - Filling up the DagBag from /opt/airflow/dags/dag_extraction.py
[2026-09-17T10:43:58.329+0000] {logging_mixin.py:188} INFO - [2026-09-17T10:43:58.326+0000] {dagbag.py:355} ERROR - Failed to import: /opt/airflow/dags/dag_extraction.py
Traceback (most recent call last):
  File "/home/airflow/.local/lib/python3.10/site-packages/airflow/models/dagbag.py", line 351, in parse
    loader.exec_module(new_module)
  File "<frozen importlib._bootstrap_external>", line 883, in exec_module
  File "<frozen importlib._bootstrap>", line 241, in _call_with_frames_removed
  File "/opt/airflow/dags/dag_extraction.py", line 4, in <module>
    from scripts.extraction import extract_youtube_data
ModuleNotFoundError: No module named 'scripts.extraction'
[2026-09-17T10:43:58.331+0000] {processor.py:842} WARNING - No viable dags retrieved from /opt/airflow/dags/dag_extraction.py
[2026-09-17T10:43:58.357+0000] {processor.py:183} INFO - Processing /opt/airflow/dags/dag_extraction.py took 0.055 seconds
[2026-09-17T10:44:28.653+0000] {processor.py:161} INFO - Started process (PID=113) to work on /opt/airflow/dags/dag_extraction.py
[2026-09-17T10:44:28.655+0000] {processor.py:830} INFO - Processing file /opt/airflow/dags/dag_extraction.py for tasks to queue
[2026-09-17T10:44:28.657+0000] {logging_mixin.py:188} INFO - [2026-09-17T10:44:28.657+0000] {dagbag.py:545} INFO - Filling up the DagBag from /opt/airflow/dags/dag_extraction.py
[2026-09-17T10:44:28.675+0000] {logging_mixin.py:188} INFO - [2026-09-17T10:44:28.672+0000] {dagbag.py:355} ERROR - Failed to import: /opt/airflow/dags/dag_extraction.py
Traceback (most recent call last):
  File "/home/airflow/.local/lib/python3.10/site-packages/airflow/models/dagbag.py", line 351, in parse
    loader.exec_module(new_module)
  File "<frozen importlib._bootstrap_external>", line 883, in exec_module
  File "<frozen importlib._bootstrap>", line 241, in _call_with_frames_removed
  File "/opt/airflow/dags/dag_extraction.py", line 4, in <module>
    from scripts.extraction import extract_youtube_data
ModuleNotFoundError: No module named 'scripts.extraction'
[2026-09-17T10:44:28.677+0000] {processor.py:842} WARNING - No viable dags retrieved from /opt/airflow/dags/dag_extraction.py
[2026-09-17T10:44:28.699+0000] {processor.py:183} INFO - Processing /opt/airflow/dags/dag_extraction.py took 0.052 seconds
[2026-09-17T10:44:58.962+0000] {processor.py:161} INFO - Started process (PID=121) to work on /opt/airflow/dags/dag_extraction.py
[2026-09-17T10:44:58.963+0000] {processor.py:830} INFO - Processing file /opt/airflow/dags/dag_extraction.py for tasks to queue
[2026-09-17T10:44:58.966+0000] {logging_mixin.py:188} INFO - [2026-09-17T10:44:58.966+0000] {dagbag.py:545} INFO - Filling up the DagBag from /opt/airflow/dags/dag_extraction.py
[2026-09-17T10:44:58.983+0000] {logging_mixin.py:188} INFO - [2026-09-17T10:44:58.979+0000] {dagbag.py:355} ERROR - Failed to import: /opt/airflow/dags/dag_extraction.py
Traceback (most recent call last):
  File "/home/airflow/.local/lib/python3.10/site-packages/airflow/models/dagbag.py", line 351, in parse
    loader.exec_module(new_module)
  File "<frozen importlib._bootstrap_external>", line 883, in exec_module
  File "<frozen importlib._bootstrap>", line 241, in _call_with_frames_removed
  File "/opt/airflow/dags/dag_extraction.py", line 4, in <module>
    from scripts.extraction import extract_youtube_data
ModuleNotFoundError: No module named 'scripts.extraction'
[2026-09-17T10:44:58.985+0000] {processor.py:842} WARNING - No viable dags retrieved from /opt/airflow/dags/dag_extraction.py
[2026-09-17T10:44:59.009+0000] {processor.py:183} INFO - Processing /opt/airflow/dags/dag_extraction.py took 0.054 seconds
[2026-09-17T10:45:29.345+0000] {processor.py:161} INFO - Started process (PID=135) to work on /opt/airflow/dags/dag_extraction.py
[2026-09-17T10:45:29.347+0000] {processor.py:830} INFO - Processing file /opt/airflow/dags/dag_extraction.py for tasks to queue
[2026-09-17T10:45:29.351+0000] {logging_mixin.py:188} INFO - [2026-09-17T10:45:29.350+0000] {dagbag.py:545} INFO - Filling up the DagBag from /opt/airflow/dags/dag_extraction.py
[2026-09-17T10:45:29.375+0000] {logging_mixin.py:188} INFO - [2026-09-17T10:45:29.371+0000] {dagbag.py:355} ERROR - Failed to import: /opt/airflow/dags/dag_extraction.py
Traceback (most recent call last):
  File "/home/airflow/.local/lib/python3.10/site-packages/airflow/models/dagbag.py", line 351, in parse
    loader.exec_module(new_module)
  File "<frozen importlib._bootstrap_external>", line 883, in exec_module
  File "<frozen importlib._bootstrap>", line 241, in _call_with_frames_removed
  File "/opt/airflow/dags/dag_extraction.py", line 4, in <module>
    from scripts.extraction import extract_youtube_data
ModuleNotFoundError: No module named 'scripts.extraction'
[2026-09-17T10:45:29.376+0000] {processor.py:842} WARNING - No viable dags retrieved from /opt/airflow/dags/dag_extraction.py
[2026-09-17T10:45:29.399+0000] {processor.py:183} INFO - Processing /opt/airflow/dags/dag_extraction.py took 0.062 seconds
[2026-09-17T10:45:59.719+0000] {processor.py:161} INFO - Started process (PID=143) to work on /opt/airflow/dags/dag_extraction.py
[2026-09-17T10:45:59.720+0000] {processor.py:830} INFO - Processing file /opt/airflow/dags/dag_extraction.py for tasks to queue
[2026-09-17T10:45:59.723+0000] {logging_mixin.py:188} INFO - [2026-09-17T10:45:59.723+0000] {dagbag.py:545} INFO - Filling up the DagBag from /opt/airflow/dags/dag_extraction.py
[2026-09-17T10:45:59.740+0000] {logging_mixin.py:188} INFO - [2026-09-17T10:45:59.738+0000] {dagbag.py:355} ERROR - Failed to import: /opt/airflow/dags/dag_extraction.py
Traceback (most recent call last):
  File "/home/airflow/.local/lib/python3.10/site-packages/airflow/models/dagbag.py", line 351, in parse
    loader.exec_module(new_module)
  File "<frozen importlib._bootstrap_external>", line 883, in exec_module
  File "<frozen importlib._bootstrap>", line 241, in _call_with_frames_removed
  File "/opt/airflow/dags/dag_extraction.py", line 4, in <module>
    from scripts.extraction import extract_youtube_data
ModuleNotFoundError: No module named 'scripts.extraction'
[2026-09-17T10:45:59.742+0000] {processor.py:842} WARNING - No viable dags retrieved from /opt/airflow/dags/dag_extraction.py
[2026-09-17T10:45:59.765+0000] {processor.py:183} INFO - Processing /opt/airflow/dags/dag_extraction.py took 0.052 seconds
[2026-09-17T10:46:30.089+0000] {processor.py:161} INFO - Started process (PID=151) to work on /opt/airflow/dags/dag_extraction.py
[2026-09-17T10:46:30.091+0000] {processor.py:830} INFO - Processing file /opt/airflow/dags/dag_extraction.py for tasks to queue
[2026-09-17T10:46:30.094+0000] {logging_mixin.py:188} INFO - [2026-09-17T10:46:30.094+0000] {dagbag.py:545} INFO - Filling up the DagBag from /opt/airflow/dags/dag_extraction.py
[2026-09-17T10:46:30.111+0000] {logging_mixin.py:188} INFO - [2026-09-17T10:46:30.108+0000] {dagbag.py:355} ERROR - Failed to import: /opt/airflow/dags/dag_extraction.py
Traceback (most recent call last):
  File "/home/airflow/.local/lib/python3.10/site-packages/airflow/models/dagbag.py", line 351, in parse
    loader.exec_module(new_module)
  File "<frozen importlib._bootstrap_external>", line 883, in exec_module
  File "<frozen importlib._bootstrap>", line 241, in _call_with_frames_removed
  File "/opt/airflow/dags/dag_extraction.py", line 4, in <module>
    from scripts.extraction import extract_youtube_data
ModuleNotFoundError: No module named 'scripts.extraction'
[2026-09-17T10:46:30.114+0000] {processor.py:842} WARNING - No viable dags retrieved from /opt/airflow/dags/dag_extraction.py
[2026-09-17T10:46:30.132+0000] {processor.py:183} INFO - Processing /opt/airflow/dags/dag_extraction.py took 0.049 seconds
[2026-09-17T10:47:00.431+0000] {processor.py:161} INFO - Started process (PID=159) to work on /opt/airflow/dags/dag_extraction.py
[2026-09-17T10:47:00.433+0000] {processor.py:830} INFO - Processing file /opt/airflow/dags/dag_extraction.py for tasks to queue
[2026-09-17T10:47:00.437+0000] {logging_mixin.py:188} INFO - [2026-09-17T10:47:00.437+0000] {dagbag.py:545} INFO - Filling up the DagBag from /opt/airflow/dags/dag_extraction.py
[2026-09-17T10:47:00.462+0000] {logging_mixin.py:188} INFO - [2026-09-17T10:47:00.458+0000] {dagbag.py:355} ERROR - Failed to import: /opt/airflow/dags/dag_extraction.py
Traceback (most recent call last):
  File "/home/airflow/.local/lib/python3.10/site-packages/airflow/models/dagbag.py", line 351, in parse
    loader.exec_module(new_module)
  File "<frozen importlib._bootstrap_external>", line 883, in exec_module
  File "<frozen importlib._bootstrap>", line 241, in _call_with_frames_removed
  File "/opt/airflow/dags/dag_extraction.py", line 4, in <module>
    from scripts.extraction import extract_youtube_data
ModuleNotFoundError: No module named 'scripts.extraction'
[2026-09-17T10:47:00.464+0000] {processor.py:842} WARNING - No viable dags retrieved from /opt/airflow/dags/dag_extraction.py
[2026-09-17T10:47:00.488+0000] {processor.py:183} INFO - Processing /opt/airflow/dags/dag_extraction.py took 0.064 seconds
[2026-09-17T10:47:30.835+0000] {processor.py:161} INFO - Started process (PID=167) to work on /opt/airflow/dags/dag_extraction.py
[2026-09-17T10:47:30.838+0000] {processor.py:830} INFO - Processing file /opt/airflow/dags/dag_extraction.py for tasks to queue
[2026-09-17T10:47:30.851+0000] {logging_mixin.py:188} INFO - [2026-09-17T10:47:30.846+0000] {dagbag.py:545} INFO - Filling up the DagBag from /opt/airflow/dags/dag_extraction.py
[2026-09-17T10:47:30.887+0000] {logging_mixin.py:188} INFO - [2026-09-17T10:47:30.883+0000] {dagbag.py:355} ERROR - Failed to import: /opt/airflow/dags/dag_extraction.py
Traceback (most recent call last):
  File "/home/airflow/.local/lib/python3.10/site-packages/airflow/models/dagbag.py", line 351, in parse
    loader.exec_module(new_module)
  File "<frozen importlib._bootstrap_external>", line 883, in exec_module
  File "<frozen importlib._bootstrap>", line 241, in _call_with_frames_removed
  File "/opt/airflow/dags/dag_extraction.py", line 4, in <module>
    from scripts.extraction import extract_youtube_data
ModuleNotFoundError: No module named 'scripts.extraction'
[2026-09-17T10:47:30.890+0000] {processor.py:842} WARNING - No viable dags retrieved from /opt/airflow/dags/dag_extraction.py
[2026-09-17T10:47:30.925+0000] {processor.py:183} INFO - Processing /opt/airflow/dags/dag_extraction.py took 0.108 seconds
[2026-09-17T10:48:01.223+0000] {processor.py:161} INFO - Started process (PID=175) to work on /opt/airflow/dags/dag_extraction.py
[2026-09-17T10:48:01.226+0000] {processor.py:830} INFO - Processing file /opt/airflow/dags/dag_extraction.py for tasks to queue
[2026-09-17T10:48:01.230+0000] {logging_mixin.py:188} INFO - [2026-09-17T10:48:01.229+0000] {dagbag.py:545} INFO - Filling up the DagBag from /opt/airflow/dags/dag_extraction.py
[2026-09-17T10:48:01.250+0000] {logging_mixin.py:188} INFO - [2026-09-17T10:48:01.247+0000] {dagbag.py:355} ERROR - Failed to import: /opt/airflow/dags/dag_extraction.py
Traceback (most recent call last):
  File "/home/airflow/.local/lib/python3.10/site-packages/airflow/models/dagbag.py", line 351, in parse
    loader.exec_module(new_module)
  File "<frozen importlib._bootstrap_external>", line 883, in exec_module
  File "<frozen importlib._bootstrap>", line 241, in _call_with_frames_removed
  File "/opt/airflow/dags/dag_extraction.py", line 4, in <module>
    from scripts.extraction import extract_youtube_data
ModuleNotFoundError: No module named 'scripts.extraction'
[2026-09-17T10:48:01.252+0000] {processor.py:842} WARNING - No viable dags retrieved from /opt/airflow/dags/dag_extraction.py
[2026-09-17T10:48:01.276+0000] {processor.py:183} INFO - Processing /opt/airflow/dags/dag_extraction.py took 0.059 seconds
[2026-09-17T10:48:46.410+0000] {processor.py:161} INFO - Started process (PID=50) to work on /opt/airflow/dags/dag_extraction.py
[2026-09-17T10:48:46.415+0000] {processor.py:830} INFO - Processing file /opt/airflow/dags/dag_extraction.py for tasks to queue
[2026-09-17T10:48:46.421+0000] {logging_mixin.py:188} INFO - [2026-09-17T10:48:46.420+0000] {dagbag.py:545} INFO - Filling up the DagBag from /opt/airflow/dags/dag_extraction.py
[2026-09-17T10:48:46.459+0000] {logging_mixin.py:188} INFO - [2026-09-17T10:48:46.452+0000] {dagbag.py:355} ERROR - Failed to import: /opt/airflow/dags/dag_extraction.py
Traceback (most recent call last):
  File "/home/airflow/.local/lib/python3.10/site-packages/airflow/models/dagbag.py", line 351, in parse
    loader.exec_module(new_module)
  File "<frozen importlib._bootstrap_external>", line 883, in exec_module
  File "<frozen importlib._bootstrap>", line 241, in _call_with_frames_removed
  File "/opt/airflow/dags/dag_extraction.py", line 4, in <module>
    from scripts.extraction import extract_youtube_data
ModuleNotFoundError: No module named 'scripts.extraction'
[2026-09-17T10:48:46.461+0000] {processor.py:842} WARNING - No viable dags retrieved from /opt/airflow/dags/dag_extraction.py
[2026-09-17T10:48:46.515+0000] {processor.py:183} INFO - Processing /opt/airflow/dags/dag_extraction.py took 0.115 seconds
[2026-09-17T10:49:16.619+0000] {processor.py:161} INFO - Started process (PID=58) to work on /opt/airflow/dags/dag_extraction.py
[2026-09-17T10:49:16.621+0000] {processor.py:830} INFO - Processing file /opt/airflow/dags/dag_extraction.py for tasks to queue
[2026-09-17T10:49:16.626+0000] {logging_mixin.py:188} INFO - [2026-09-17T10:49:16.625+0000] {dagbag.py:545} INFO - Filling up the DagBag from /opt/airflow/dags/dag_extraction.py
[2026-09-17T10:49:16.646+0000] {logging_mixin.py:188} INFO - [2026-09-17T10:49:16.642+0000] {dagbag.py:355} ERROR - Failed to import: /opt/airflow/dags/dag_extraction.py
Traceback (most recent call last):
  File "/home/airflow/.local/lib/python3.10/site-packages/airflow/models/dagbag.py", line 351, in parse
    loader.exec_module(new_module)
  File "<frozen importlib._bootstrap_external>", line 883, in exec_module
  File "<frozen importlib._bootstrap>", line 241, in _call_with_frames_removed
  File "/opt/airflow/dags/dag_extraction.py", line 4, in <module>
    from scripts.extraction import extract_youtube_data
ModuleNotFoundError: No module named 'scripts.extraction'
[2026-09-17T10:49:16.648+0000] {processor.py:842} WARNING - No viable dags retrieved from /opt/airflow/dags/dag_extraction.py
[2026-09-17T10:49:16.677+0000] {processor.py:183} INFO - Processing /opt/airflow/dags/dag_extraction.py took 0.069 seconds
[2026-09-17T10:49:46.962+0000] {processor.py:161} INFO - Started process (PID=66) to work on /opt/airflow/dags/dag_extraction.py
[2026-09-17T10:49:46.965+0000] {processor.py:830} INFO - Processing file /opt/airflow/dags/dag_extraction.py for tasks to queue
[2026-09-17T10:49:46.968+0000] {logging_mixin.py:188} INFO - [2026-09-17T10:49:46.968+0000] {dagbag.py:545} INFO - Filling up the DagBag from /opt/airflow/dags/dag_extraction.py
[2026-09-17T10:49:46.986+0000] {logging_mixin.py:188} INFO - [2026-09-17T10:49:46.983+0000] {dagbag.py:355} ERROR - Failed to import: /opt/airflow/dags/dag_extraction.py
Traceback (most recent call last):
  File "/home/airflow/.local/lib/python3.10/site-packages/airflow/models/dagbag.py", line 351, in parse
    loader.exec_module(new_module)
  File "<frozen importlib._bootstrap_external>", line 883, in exec_module
  File "<frozen importlib._bootstrap>", line 241, in _call_with_frames_removed
  File "/opt/airflow/dags/dag_extraction.py", line 4, in <module>
    from scripts.extraction import extract_youtube_data
ModuleNotFoundError: No module named 'scripts.extraction'
[2026-09-17T10:49:46.987+0000] {processor.py:842} WARNING - No viable dags retrieved from /opt/airflow/dags/dag_extraction.py
[2026-09-17T10:49:47.007+0000] {processor.py:183} INFO - Processing /opt/airflow/dags/dag_extraction.py took 0.051 seconds
[2026-09-17T10:51:00.909+0000] {processor.py:161} INFO - Started process (PID=49) to work on /opt/airflow/dags/dag_extraction.py
[2026-09-17T10:51:00.914+0000] {processor.py:830} INFO - Processing file /opt/airflow/dags/dag_extraction.py for tasks to queue
[2026-09-17T10:51:00.922+0000] {logging_mixin.py:188} INFO - [2026-09-17T10:51:00.921+0000] {dagbag.py:545} INFO - Filling up the DagBag from /opt/airflow/dags/dag_extraction.py
[2026-09-17T10:51:00.950+0000] {logging_mixin.py:188} INFO - [2026-09-17T10:51:00.945+0000] {dagbag.py:355} ERROR - Failed to import: /opt/airflow/dags/dag_extraction.py
Traceback (most recent call last):
  File "/home/airflow/.local/lib/python3.10/site-packages/airflow/models/dagbag.py", line 351, in parse
    loader.exec_module(new_module)
  File "<frozen importlib._bootstrap_external>", line 883, in exec_module
  File "<frozen importlib._bootstrap>", line 241, in _call_with_frames_removed
  File "/opt/airflow/dags/dag_extraction.py", line 4, in <module>
    from scripts.extraction import extract_youtube_data
ModuleNotFoundError: No module named 'scripts.extraction'
[2026-09-17T10:51:00.953+0000] {processor.py:842} WARNING - No viable dags retrieved from /opt/airflow/dags/dag_extraction.py
[2026-09-17T10:51:00.991+0000] {processor.py:183} INFO - Processing /opt/airflow/dags/dag_extraction.py took 0.094 seconds
[2026-09-17T10:51:31.288+0000] {processor.py:161} INFO - Started process (PID=63) to work on /opt/airflow/dags/dag_extraction.py
[2026-09-17T10:51:31.290+0000] {processor.py:830} INFO - Processing file /opt/airflow/dags/dag_extraction.py for tasks to queue
[2026-09-17T10:51:31.292+0000] {logging_mixin.py:188} INFO - [2026-09-17T10:51:31.292+0000] {dagbag.py:545} INFO - Filling up the DagBag from /opt/airflow/dags/dag_extraction.py
[2026-09-17T10:51:31.308+0000] {logging_mixin.py:188} INFO - [2026-09-17T10:51:31.305+0000] {dagbag.py:355} ERROR - Failed to import: /opt/airflow/dags/dag_extraction.py
Traceback (most recent call last):
  File "/home/airflow/.local/lib/python3.10/site-packages/airflow/models/dagbag.py", line 351, in parse
    loader.exec_module(new_module)
  File "<frozen importlib._bootstrap_external>", line 883, in exec_module
  File "<frozen importlib._bootstrap>", line 241, in _call_with_frames_removed
  File "/opt/airflow/dags/dag_extraction.py", line 4, in <module>
    from scripts.extraction import extract_youtube_data
ModuleNotFoundError: No module named 'scripts.extraction'
[2026-09-17T10:51:31.310+0000] {processor.py:842} WARNING - No viable dags retrieved from /opt/airflow/dags/dag_extraction.py
[2026-09-17T10:51:31.330+0000] {processor.py:183} INFO - Processing /opt/airflow/dags/dag_extraction.py took 0.048 seconds
[2026-09-17T10:52:01.630+0000] {processor.py:161} INFO - Started process (PID=77) to work on /opt/airflow/dags/dag_extraction.py
[2026-09-17T10:52:01.632+0000] {processor.py:830} INFO - Processing file /opt/airflow/dags/dag_extraction.py for tasks to queue
[2026-09-17T10:52:01.635+0000] {logging_mixin.py:188} INFO - [2026-09-17T10:52:01.634+0000] {dagbag.py:545} INFO - Filling up the DagBag from /opt/airflow/dags/dag_extraction.py
[2026-09-17T10:52:01.650+0000] {logging_mixin.py:188} INFO - [2026-09-17T10:52:01.648+0000] {dagbag.py:355} ERROR - Failed to import: /opt/airflow/dags/dag_extraction.py
Traceback (most recent call last):
  File "/home/airflow/.local/lib/python3.10/site-packages/airflow/models/dagbag.py", line 351, in parse
    loader.exec_module(new_module)
  File "<frozen importlib._bootstrap_external>", line 883, in exec_module
  File "<frozen importlib._bootstrap>", line 241, in _call_with_frames_removed
  File "/opt/airflow/dags/dag_extraction.py", line 4, in <module>
    from scripts.extraction import extract_youtube_data
ModuleNotFoundError: No module named 'scripts.extraction'
[2026-09-17T10:52:01.652+0000] {processor.py:842} WARNING - No viable dags retrieved from /opt/airflow/dags/dag_extraction.py
[2026-09-17T10:52:01.673+0000] {processor.py:183} INFO - Processing /opt/airflow/dags/dag_extraction.py took 0.048 seconds
[2026-09-17T10:52:31.998+0000] {processor.py:161} INFO - Started process (PID=86) to work on /opt/airflow/dags/dag_extraction.py
[2026-09-17T10:52:32.000+0000] {processor.py:830} INFO - Processing file /opt/airflow/dags/dag_extraction.py for tasks to queue
[2026-09-17T10:52:32.003+0000] {logging_mixin.py:188} INFO - [2026-09-17T10:52:32.003+0000] {dagbag.py:545} INFO - Filling up the DagBag from /opt/airflow/dags/dag_extraction.py
[2026-09-17T10:52:32.029+0000] {logging_mixin.py:188} INFO - [2026-09-17T10:52:32.023+0000] {dagbag.py:355} ERROR - Failed to import: /opt/airflow/dags/dag_extraction.py
Traceback (most recent call last):
  File "/home/airflow/.local/lib/python3.10/site-packages/airflow/models/dagbag.py", line 351, in parse
    loader.exec_module(new_module)
  File "<frozen importlib._bootstrap_external>", line 883, in exec_module
  File "<frozen importlib._bootstrap>", line 241, in _call_with_frames_removed
  File "/opt/airflow/dags/dag_extraction.py", line 4, in <module>
    from scripts.extraction import extract_youtube_data
ModuleNotFoundError: No module named 'scripts.extraction'
[2026-09-17T10:52:32.031+0000] {processor.py:842} WARNING - No viable dags retrieved from /opt/airflow/dags/dag_extraction.py
[2026-09-17T10:52:32.057+0000] {processor.py:183} INFO - Processing /opt/airflow/dags/dag_extraction.py took 0.066 seconds
[2026-09-17T10:53:02.388+0000] {processor.py:161} INFO - Started process (PID=94) to work on /opt/airflow/dags/dag_extraction.py
[2026-09-17T10:53:02.390+0000] {processor.py:830} INFO - Processing file /opt/airflow/dags/dag_extraction.py for tasks to queue
[2026-09-17T10:53:02.393+0000] {logging_mixin.py:188} INFO - [2026-09-17T10:53:02.393+0000] {dagbag.py:545} INFO - Filling up the DagBag from /opt/airflow/dags/dag_extraction.py
[2026-09-17T10:53:02.420+0000] {logging_mixin.py:188} INFO - [2026-09-17T10:53:02.414+0000] {dagbag.py:355} ERROR - Failed to import: /opt/airflow/dags/dag_extraction.py
Traceback (most recent call last):
  File "/home/airflow/.local/lib/python3.10/site-packages/airflow/models/dagbag.py", line 351, in parse
    loader.exec_module(new_module)
  File "<frozen importlib._bootstrap_external>", line 883, in exec_module
  File "<frozen importlib._bootstrap>", line 241, in _call_with_frames_removed
  File "/opt/airflow/dags/dag_extraction.py", line 4, in <module>
    from scripts.extraction import extract_youtube_data
ModuleNotFoundError: No module named 'scripts.extraction'
[2026-09-17T10:53:02.430+0000] {processor.py:842} WARNING - No viable dags retrieved from /opt/airflow/dags/dag_extraction.py
[2026-09-17T10:53:02.468+0000] {processor.py:183} INFO - Processing /opt/airflow/dags/dag_extraction.py took 0.088 seconds
[2026-09-17T10:53:32.859+0000] {processor.py:161} INFO - Started process (PID=102) to work on /opt/airflow/dags/dag_extraction.py
[2026-09-17T10:53:32.861+0000] {processor.py:830} INFO - Processing file /opt/airflow/dags/dag_extraction.py for tasks to queue
[2026-09-17T10:53:32.865+0000] {logging_mixin.py:188} INFO - [2026-09-17T10:53:32.865+0000] {dagbag.py:545} INFO - Filling up the DagBag from /opt/airflow/dags/dag_extraction.py
[2026-09-17T10:53:32.895+0000] {logging_mixin.py:188} INFO - [2026-09-17T10:53:32.891+0000] {dagbag.py:355} ERROR - Failed to import: /opt/airflow/dags/dag_extraction.py
Traceback (most recent call last):
  File "/home/airflow/.local/lib/python3.10/site-packages/airflow/models/dagbag.py", line 351, in parse
    loader.exec_module(new_module)
  File "<frozen importlib._bootstrap_external>", line 883, in exec_module
  File "<frozen importlib._bootstrap>", line 241, in _call_with_frames_removed
  File "/opt/airflow/dags/dag_extraction.py", line 4, in <module>
    from scripts.extraction import extract_youtube_data
ModuleNotFoundError: No module named 'scripts.extraction'
[2026-09-17T10:53:32.898+0000] {processor.py:842} WARNING - No viable dags retrieved from /opt/airflow/dags/dag_extraction.py
[2026-09-17T10:53:32.924+0000] {processor.py:183} INFO - Processing /opt/airflow/dags/dag_extraction.py took 0.075 seconds
[2026-09-17T10:54:03.245+0000] {processor.py:161} INFO - Started process (PID=110) to work on /opt/airflow/dags/dag_extraction.py
[2026-09-17T10:54:03.246+0000] {processor.py:830} INFO - Processing file /opt/airflow/dags/dag_extraction.py for tasks to queue
[2026-09-17T10:54:03.250+0000] {logging_mixin.py:188} INFO - [2026-09-17T10:54:03.250+0000] {dagbag.py:545} INFO - Filling up the DagBag from /opt/airflow/dags/dag_extraction.py
[2026-09-17T10:54:03.269+0000] {logging_mixin.py:188} INFO - [2026-09-17T10:54:03.266+0000] {dagbag.py:355} ERROR - Failed to import: /opt/airflow/dags/dag_extraction.py
Traceback (most recent call last):
  File "/home/airflow/.local/lib/python3.10/site-packages/airflow/models/dagbag.py", line 351, in parse
    loader.exec_module(new_module)
  File "<frozen importlib._bootstrap_external>", line 883, in exec_module
  File "<frozen importlib._bootstrap>", line 241, in _call_with_frames_removed
  File "/opt/airflow/dags/dag_extraction.py", line 4, in <module>
    from scripts.extraction import extract_youtube_data
ModuleNotFoundError: No module named 'scripts.extraction'
[2026-09-17T10:54:03.270+0000] {processor.py:842} WARNING - No viable dags retrieved from /opt/airflow/dags/dag_extraction.py
[2026-09-17T10:54:03.289+0000] {processor.py:183} INFO - Processing /opt/airflow/dags/dag_extraction.py took 0.050 seconds
[2026-09-17T10:54:33.571+0000] {processor.py:161} INFO - Started process (PID=118) to work on /opt/airflow/dags/dag_extraction.py
[2026-09-17T10:54:33.572+0000] {processor.py:830} INFO - Processing file /opt/airflow/dags/dag_extraction.py for tasks to queue
[2026-09-17T10:54:33.575+0000] {logging_mixin.py:188} INFO - [2026-09-17T10:54:33.575+0000] {dagbag.py:545} INFO - Filling up the DagBag from /opt/airflow/dags/dag_extraction.py
[2026-09-17T10:54:33.597+0000] {logging_mixin.py:188} INFO - [2026-09-17T10:54:33.593+0000] {dagbag.py:355} ERROR - Failed to import: /opt/airflow/dags/dag_extraction.py
Traceback (most recent call last):
  File "/home/airflow/.local/lib/python3.10/site-packages/airflow/models/dagbag.py", line 351, in parse
    loader.exec_module(new_module)
  File "<frozen importlib._bootstrap_external>", line 883, in exec_module
  File "<frozen importlib._bootstrap>", line 241, in _call_with_frames_removed
  File "/opt/airflow/dags/dag_extraction.py", line 4, in <module>
    from scripts.extraction import extract_youtube_data
ModuleNotFoundError: No module named 'scripts.extraction'
[2026-09-17T10:54:33.600+0000] {processor.py:842} WARNING - No viable dags retrieved from /opt/airflow/dags/dag_extraction.py
[2026-09-17T10:54:33.625+0000] {processor.py:183} INFO - Processing /opt/airflow/dags/dag_extraction.py took 0.062 seconds
[2026-09-17T10:55:03.937+0000] {processor.py:161} INFO - Started process (PID=126) to work on /opt/airflow/dags/dag_extraction.py
[2026-09-17T10:55:03.939+0000] {processor.py:830} INFO - Processing file /opt/airflow/dags/dag_extraction.py for tasks to queue
[2026-09-17T10:55:03.941+0000] {logging_mixin.py:188} INFO - [2026-09-17T10:55:03.941+0000] {dagbag.py:545} INFO - Filling up the DagBag from /opt/airflow/dags/dag_extraction.py
[2026-09-17T10:55:03.959+0000] {logging_mixin.py:188} INFO - [2026-09-17T10:55:03.956+0000] {dagbag.py:355} ERROR - Failed to import: /opt/airflow/dags/dag_extraction.py
Traceback (most recent call last):
  File "/home/airflow/.local/lib/python3.10/site-packages/airflow/models/dagbag.py", line 351, in parse
    loader.exec_module(new_module)
  File "<frozen importlib._bootstrap_external>", line 883, in exec_module
  File "<frozen importlib._bootstrap>", line 241, in _call_with_frames_removed
  File "/opt/airflow/dags/dag_extraction.py", line 4, in <module>
    from scripts.extraction import extract_youtube_data
ModuleNotFoundError: No module named 'scripts.extraction'
[2026-09-17T10:55:03.961+0000] {processor.py:842} WARNING - No viable dags retrieved from /opt/airflow/dags/dag_extraction.py
[2026-09-17T10:55:03.980+0000] {processor.py:183} INFO - Processing /opt/airflow/dags/dag_extraction.py took 0.049 seconds
[2026-09-17T10:55:34.331+0000] {processor.py:161} INFO - Started process (PID=134) to work on /opt/airflow/dags/dag_extraction.py
[2026-09-17T10:55:34.333+0000] {processor.py:830} INFO - Processing file /opt/airflow/dags/dag_extraction.py for tasks to queue
[2026-09-17T10:55:34.337+0000] {logging_mixin.py:188} INFO - [2026-09-17T10:55:34.336+0000] {dagbag.py:545} INFO - Filling up the DagBag from /opt/airflow/dags/dag_extraction.py
[2026-09-17T10:55:34.358+0000] {logging_mixin.py:188} INFO - [2026-09-17T10:55:34.352+0000] {dagbag.py:355} ERROR - Failed to import: /opt/airflow/dags/dag_extraction.py
Traceback (most recent call last):
  File "/home/airflow/.local/lib/python3.10/site-packages/airflow/models/dagbag.py", line 351, in parse
    loader.exec_module(new_module)
  File "<frozen importlib._bootstrap_external>", line 883, in exec_module
  File "<frozen importlib._bootstrap>", line 241, in _call_with_frames_removed
  File "/opt/airflow/dags/dag_extraction.py", line 4, in <module>
    from scripts.extraction import extract_youtube_data
ModuleNotFoundError: No module named 'scripts.extraction'
[2026-09-17T10:55:34.360+0000] {processor.py:842} WARNING - No viable dags retrieved from /opt/airflow/dags/dag_extraction.py
[2026-09-17T10:55:34.391+0000] {processor.py:183} INFO - Processing /opt/airflow/dags/dag_extraction.py took 0.067 seconds
[2026-09-17T10:56:04.737+0000] {processor.py:161} INFO - Started process (PID=148) to work on /opt/airflow/dags/dag_extraction.py
[2026-09-17T10:56:04.739+0000] {processor.py:830} INFO - Processing file /opt/airflow/dags/dag_extraction.py for tasks to queue
[2026-09-17T10:56:04.742+0000] {logging_mixin.py:188} INFO - [2026-09-17T10:56:04.742+0000] {dagbag.py:545} INFO - Filling up the DagBag from /opt/airflow/dags/dag_extraction.py
[2026-09-17T10:56:04.761+0000] {logging_mixin.py:188} INFO - [2026-09-17T10:56:04.757+0000] {dagbag.py:355} ERROR - Failed to import: /opt/airflow/dags/dag_extraction.py
Traceback (most recent call last):
  File "/home/airflow/.local/lib/python3.10/site-packages/airflow/models/dagbag.py", line 351, in parse
    loader.exec_module(new_module)
  File "<frozen importlib._bootstrap_external>", line 883, in exec_module
  File "<frozen importlib._bootstrap>", line 241, in _call_with_frames_removed
  File "/opt/airflow/dags/dag_extraction.py", line 4, in <module>
    from scripts.extraction import extract_youtube_data
ModuleNotFoundError: No module named 'scripts.extraction'
[2026-09-17T10:56:04.763+0000] {processor.py:842} WARNING - No viable dags retrieved from /opt/airflow/dags/dag_extraction.py
[2026-09-17T10:56:04.784+0000] {processor.py:183} INFO - Processing /opt/airflow/dags/dag_extraction.py took 0.057 seconds
[2026-09-17T10:56:35.086+0000] {processor.py:161} INFO - Started process (PID=156) to work on /opt/airflow/dags/dag_extraction.py
[2026-09-17T10:56:35.089+0000] {processor.py:830} INFO - Processing file /opt/airflow/dags/dag_extraction.py for tasks to queue
[2026-09-17T10:56:35.093+0000] {logging_mixin.py:188} INFO - [2026-09-17T10:56:35.092+0000] {dagbag.py:545} INFO - Filling up the DagBag from /opt/airflow/dags/dag_extraction.py
[2026-09-17T10:56:35.119+0000] {logging_mixin.py:188} INFO - [2026-09-17T10:56:35.110+0000] {dagbag.py:355} ERROR - Failed to import: /opt/airflow/dags/dag_extraction.py
Traceback (most recent call last):
  File "/home/airflow/.local/lib/python3.10/site-packages/airflow/models/dagbag.py", line 351, in parse
    loader.exec_module(new_module)
  File "<frozen importlib._bootstrap_external>", line 883, in exec_module
  File "<frozen importlib._bootstrap>", line 241, in _call_with_frames_removed
  File "/opt/airflow/dags/dag_extraction.py", line 4, in <module>
    from scripts.extraction import extract_youtube_data
ModuleNotFoundError: No module named 'scripts.extraction'
[2026-09-17T10:56:35.122+0000] {processor.py:842} WARNING - No viable dags retrieved from /opt/airflow/dags/dag_extraction.py
[2026-09-17T10:56:35.154+0000] {processor.py:183} INFO - Processing /opt/airflow/dags/dag_extraction.py took 0.077 seconds
[2026-09-17T10:57:19.070+0000] {processor.py:161} INFO - Started process (PID=55) to work on /opt/airflow/dags/dag_extraction.py
[2026-09-17T10:57:19.074+0000] {processor.py:830} INFO - Processing file /opt/airflow/dags/dag_extraction.py for tasks to queue
[2026-09-17T10:57:19.077+0000] {logging_mixin.py:188} INFO - [2026-09-17T10:57:19.077+0000] {dagbag.py:545} INFO - Filling up the DagBag from /opt/airflow/dags/dag_extraction.py
[2026-09-17T10:57:19.250+0000] {processor.py:840} INFO - DAG(s) 'youtube_extraction' retrieved from /opt/airflow/dags/dag_extraction.py
[2026-09-17T10:57:19.498+0000] {logging_mixin.py:188} INFO - [2026-09-17T10:57:19.497+0000] {override.py:1829} INFO - Created Permission View: can delete on DAG:youtube_extraction
[2026-09-17T10:57:19.514+0000] {logging_mixin.py:188} INFO - [2026-09-17T10:57:19.513+0000] {override.py:1829} INFO - Created Permission View: can read on DAG:youtube_extraction
[2026-09-17T10:57:19.525+0000] {logging_mixin.py:188} INFO - [2026-09-17T10:57:19.525+0000] {override.py:1829} INFO - Created Permission View: can edit on DAG:youtube_extraction
[2026-09-17T10:57:19.527+0000] {logging_mixin.py:188} INFO - [2026-09-17T10:57:19.526+0000] {dag.py:3096} INFO - Sync 1 DAGs
[2026-09-17T10:57:19.543+0000] {logging_mixin.py:188} INFO - [2026-09-17T10:57:19.543+0000] {dag.py:3118} INFO - Creating ORM DAG for youtube_extraction
[2026-09-17T10:57:19.556+0000] {logging_mixin.py:188} INFO - [2026-09-17T10:57:19.555+0000] {dag.py:3954} INFO - Setting next_dagrun for youtube_extraction to 2026-09-16 00:00:00+00:00, run_after=2026-09-17 00:00:00+00:00
[2026-09-17T10:57:19.589+0000] {processor.py:183} INFO - Processing /opt/airflow/dags/dag_extraction.py took 0.529 seconds
[2026-09-17T10:57:49.881+0000] {processor.py:161} INFO - Started process (PID=63) to work on /opt/airflow/dags/dag_extraction.py
[2026-09-17T10:57:49.884+0000] {processor.py:830} INFO - Processing file /opt/airflow/dags/dag_extraction.py for tasks to queue
[2026-09-17T10:57:49.889+0000] {logging_mixin.py:188} INFO - [2026-09-17T10:57:49.888+0000] {dagbag.py:545} INFO - Filling up the DagBag from /opt/airflow/dags/dag_extraction.py
[2026-09-17T10:57:50.010+0000] {processor.py:840} INFO - DAG(s) 'youtube_extraction' retrieved from /opt/airflow/dags/dag_extraction.py
[2026-09-17T10:57:50.046+0000] {logging_mixin.py:188} INFO - [2026-09-17T10:57:50.046+0000] {dag.py:3096} INFO - Sync 1 DAGs
[2026-09-17T10:57:50.069+0000] {logging_mixin.py:188} INFO - [2026-09-17T10:57:50.069+0000] {dag.py:3954} INFO - Setting next_dagrun for youtube_extraction to 2026-09-16 00:00:00+00:00, run_after=2026-09-17 00:00:00+00:00
[2026-09-17T10:57:50.095+0000] {processor.py:183} INFO - Processing /opt/airflow/dags/dag_extraction.py took 0.226 seconds
[2026-09-17T10:58:20.193+0000] {processor.py:161} INFO - Started process (PID=71) to work on /opt/airflow/dags/dag_extraction.py
[2026-09-17T10:58:20.195+0000] {processor.py:830} INFO - Processing file /opt/airflow/dags/dag_extraction.py for tasks to queue
[2026-09-17T10:58:20.198+0000] {logging_mixin.py:188} INFO - [2026-09-17T10:58:20.198+0000] {dagbag.py:545} INFO - Filling up the DagBag from /opt/airflow/dags/dag_extraction.py
[2026-09-17T10:58:20.278+0000] {processor.py:840} INFO - DAG(s) 'youtube_extraction' retrieved from /opt/airflow/dags/dag_extraction.py
[2026-09-17T10:58:20.306+0000] {logging_mixin.py:188} INFO - [2026-09-17T10:58:20.306+0000] {dag.py:3096} INFO - Sync 1 DAGs
[2026-09-17T10:58:20.327+0000] {logging_mixin.py:188} INFO - [2026-09-17T10:58:20.326+0000] {dag.py:3954} INFO - Setting next_dagrun for youtube_extraction to 2026-09-16 00:00:00+00:00, run_after=2026-09-17 00:00:00+00:00
[2026-09-17T10:58:20.351+0000] {processor.py:183} INFO - Processing /opt/airflow/dags/dag_extraction.py took 0.166 seconds
[2026-09-17T10:58:50.614+0000] {processor.py:161} INFO - Started process (PID=79) to work on /opt/airflow/dags/dag_extraction.py
[2026-09-17T10:58:50.619+0000] {processor.py:830} INFO - Processing file /opt/airflow/dags/dag_extraction.py for tasks to queue
[2026-09-17T10:58:50.624+0000] {logging_mixin.py:188} INFO - [2026-09-17T10:58:50.623+0000] {dagbag.py:545} INFO - Filling up the DagBag from /opt/airflow/dags/dag_extraction.py
[2026-09-17T10:58:50.700+0000] {processor.py:840} INFO - DAG(s) 'youtube_extraction' retrieved from /opt/airflow/dags/dag_extraction.py
[2026-09-17T10:58:50.729+0000] {logging_mixin.py:188} INFO - [2026-09-17T10:58:50.729+0000] {dag.py:3096} INFO - Sync 1 DAGs
[2026-09-17T10:58:50.750+0000] {logging_mixin.py:188} INFO - [2026-09-17T10:58:50.750+0000] {dag.py:3954} INFO - Setting next_dagrun for youtube_extraction to 2026-09-16 00:00:00+00:00, run_after=2026-09-17 00:00:00+00:00
[2026-09-17T10:58:50.774+0000] {processor.py:183} INFO - Processing /opt/airflow/dags/dag_extraction.py took 0.167 seconds
[2026-09-17T10:59:20.865+0000] {processor.py:161} INFO - Started process (PID=91) to work on /opt/airflow/dags/dag_extraction.py
[2026-09-17T10:59:20.866+0000] {processor.py:830} INFO - Processing file /opt/airflow/dags/dag_extraction.py for tasks to queue
[2026-09-17T10:59:20.869+0000] {logging_mixin.py:188} INFO - [2026-09-17T10:59:20.869+0000] {dagbag.py:545} INFO - Filling up the DagBag from /opt/airflow/dags/dag_extraction.py
[2026-09-17T10:59:20.954+0000] {processor.py:840} INFO - DAG(s) 'youtube_extraction' retrieved from /opt/airflow/dags/dag_extraction.py
[2026-09-17T10:59:20.985+0000] {logging_mixin.py:188} INFO - [2026-09-17T10:59:20.985+0000] {dag.py:3096} INFO - Sync 1 DAGs
[2026-09-17T10:59:21.010+0000] {logging_mixin.py:188} INFO - [2026-09-17T10:59:21.010+0000] {dag.py:3954} INFO - Setting next_dagrun for youtube_extraction to 2026-09-17 00:00:00+00:00, run_after=2026-09-18 00:00:00+00:00
[2026-09-17T10:59:21.033+0000] {processor.py:183} INFO - Processing /opt/airflow/dags/dag_extraction.py took 0.175 seconds
[2026-09-17T10:59:51.244+0000] {processor.py:161} INFO - Started process (PID=99) to work on /opt/airflow/dags/dag_extraction.py
[2026-09-17T10:59:51.245+0000] {processor.py:830} INFO - Processing file /opt/airflow/dags/dag_extraction.py for tasks to queue
[2026-09-17T10:59:51.249+0000] {logging_mixin.py:188} INFO - [2026-09-17T10:59:51.248+0000] {dagbag.py:545} INFO - Filling up the DagBag from /opt/airflow/dags/dag_extraction.py
[2026-09-17T10:59:51.324+0000] {processor.py:840} INFO - DAG(s) 'youtube_extraction' retrieved from /opt/airflow/dags/dag_extraction.py
[2026-09-17T10:59:51.353+0000] {logging_mixin.py:188} INFO - [2026-09-17T10:59:51.353+0000] {dag.py:3096} INFO - Sync 1 DAGs
[2026-09-17T10:59:51.377+0000] {logging_mixin.py:188} INFO - [2026-09-17T10:59:51.377+0000] {dag.py:3954} INFO - Setting next_dagrun for youtube_extraction to 2026-09-17 00:00:00+00:00, run_after=2026-09-18 00:00:00+00:00
[2026-09-17T10:59:51.405+0000] {processor.py:183} INFO - Processing /opt/airflow/dags/dag_extraction.py took 0.169 seconds
[2026-09-17T11:00:21.503+0000] {processor.py:161} INFO - Started process (PID=107) to work on /opt/airflow/dags/dag_extraction.py
[2026-09-17T11:00:21.506+0000] {processor.py:830} INFO - Processing file /opt/airflow/dags/dag_extraction.py for tasks to queue
[2026-09-17T11:00:21.509+0000] {logging_mixin.py:188} INFO - [2026-09-17T11:00:21.509+0000] {dagbag.py:545} INFO - Filling up the DagBag from /opt/airflow/dags/dag_extraction.py
[2026-09-17T11:00:21.585+0000] {processor.py:840} INFO - DAG(s) 'youtube_extraction' retrieved from /opt/airflow/dags/dag_extraction.py
[2026-09-17T11:00:21.614+0000] {logging_mixin.py:188} INFO - [2026-09-17T11:00:21.613+0000] {dag.py:3096} INFO - Sync 1 DAGs
[2026-09-17T11:00:21.635+0000] {logging_mixin.py:188} INFO - [2026-09-17T11:00:21.635+0000] {dag.py:3954} INFO - Setting next_dagrun for youtube_extraction to 2026-09-17 00:00:00+00:00, run_after=2026-09-18 00:00:00+00:00
[2026-09-17T11:00:21.657+0000] {processor.py:183} INFO - Processing /opt/airflow/dags/dag_extraction.py took 0.162 seconds
[2026-09-17T11:00:51.917+0000] {processor.py:161} INFO - Started process (PID=115) to work on /opt/airflow/dags/dag_extraction.py
[2026-09-17T11:00:51.920+0000] {processor.py:830} INFO - Processing file /opt/airflow/dags/dag_extraction.py for tasks to queue
[2026-09-17T11:00:51.926+0000] {logging_mixin.py:188} INFO - [2026-09-17T11:00:51.924+0000] {dagbag.py:545} INFO - Filling up the DagBag from /opt/airflow/dags/dag_extraction.py
[2026-09-17T11:00:52.033+0000] {processor.py:840} INFO - DAG(s) 'youtube_extraction' retrieved from /opt/airflow/dags/dag_extraction.py
[2026-09-17T11:00:52.079+0000] {logging_mixin.py:188} INFO - [2026-09-17T11:00:52.079+0000] {dag.py:3096} INFO - Sync 1 DAGs
[2026-09-17T11:00:52.104+0000] {logging_mixin.py:188} INFO - [2026-09-17T11:00:52.104+0000] {dag.py:3954} INFO - Setting next_dagrun for youtube_extraction to 2026-09-17 00:00:00+00:00, run_after=2026-09-18 00:00:00+00:00
[2026-09-17T11:00:52.131+0000] {processor.py:183} INFO - Processing /opt/airflow/dags/dag_extraction.py took 0.225 seconds
[2026-09-17T11:01:22.217+0000] {processor.py:161} INFO - Started process (PID=123) to work on /opt/airflow/dags/dag_extraction.py
[2026-09-17T11:01:22.219+0000] {processor.py:830} INFO - Processing file /opt/airflow/dags/dag_extraction.py for tasks to queue
[2026-09-17T11:01:22.223+0000] {logging_mixin.py:188} INFO - [2026-09-17T11:01:22.222+0000] {dagbag.py:545} INFO - Filling up the DagBag from /opt/airflow/dags/dag_extraction.py
[2026-09-17T11:01:22.302+0000] {processor.py:840} INFO - DAG(s) 'youtube_extraction' retrieved from /opt/airflow/dags/dag_extraction.py
[2026-09-17T11:01:22.332+0000] {logging_mixin.py:188} INFO - [2026-09-17T11:01:22.332+0000] {dag.py:3096} INFO - Sync 1 DAGs
[2026-09-17T11:01:22.364+0000] {logging_mixin.py:188} INFO - [2026-09-17T11:01:22.364+0000] {dag.py:3954} INFO - Setting next_dagrun for youtube_extraction to 2026-09-17 00:00:00+00:00, run_after=2026-09-18 00:00:00+00:00
[2026-09-17T11:01:22.403+0000] {processor.py:183} INFO - Processing /opt/airflow/dags/dag_extraction.py took 0.196 seconds
[2026-09-17T11:01:52.677+0000] {processor.py:161} INFO - Started process (PID=132) to work on /opt/airflow/dags/dag_extraction.py
[2026-09-17T11:01:52.679+0000] {processor.py:830} INFO - Processing file /opt/airflow/dags/dag_extraction.py for tasks to queue
[2026-09-17T11:01:52.682+0000] {logging_mixin.py:188} INFO - [2026-09-17T11:01:52.681+0000] {dagbag.py:545} INFO - Filling up the DagBag from /opt/airflow/dags/dag_extraction.py
[2026-09-17T11:01:52.751+0000] {processor.py:840} INFO - DAG(s) 'youtube_extraction' retrieved from /opt/airflow/dags/dag_extraction.py
[2026-09-17T11:01:52.777+0000] {logging_mixin.py:188} INFO - [2026-09-17T11:01:52.777+0000] {dag.py:3096} INFO - Sync 1 DAGs
[2026-09-17T11:01:52.799+0000] {logging_mixin.py:188} INFO - [2026-09-17T11:01:52.799+0000] {dag.py:3954} INFO - Setting next_dagrun for youtube_extraction to 2026-09-17 00:00:00+00:00, run_after=2026-09-18 00:00:00+00:00
[2026-09-17T11:01:52.820+0000] {processor.py:183} INFO - Processing /opt/airflow/dags/dag_extraction.py took 0.150 seconds
[2026-09-17T11:03:00.174+0000] {processor.py:161} INFO - Started process (PID=50) to work on /opt/airflow/dags/dag_extraction.py
[2026-09-17T11:03:00.177+0000] {processor.py:830} INFO - Processing file /opt/airflow/dags/dag_extraction.py for tasks to queue
[2026-09-17T11:03:00.181+0000] {logging_mixin.py:188} INFO - [2026-09-17T11:03:00.181+0000] {dagbag.py:545} INFO - Filling up the DagBag from /opt/airflow/dags/dag_extraction.py
[2026-09-17T11:03:00.406+0000] {processor.py:840} INFO - DAG(s) 'youtube_extraction' retrieved from /opt/airflow/dags/dag_extraction.py
[2026-09-17T11:03:00.546+0000] {logging_mixin.py:188} INFO - [2026-09-17T11:03:00.545+0000] {dag.py:3096} INFO - Sync 1 DAGs
[2026-09-17T11:03:00.573+0000] {logging_mixin.py:188} INFO - [2026-09-17T11:03:00.573+0000] {dag.py:3954} INFO - Setting next_dagrun for youtube_extraction to 2026-09-17 00:00:00+00:00, run_after=2026-09-18 00:00:00+00:00
[2026-09-17T11:03:00.601+0000] {processor.py:183} INFO - Processing /opt/airflow/dags/dag_extraction.py took 0.437 seconds
[2026-09-17T11:03:30.895+0000] {processor.py:161} INFO - Started process (PID=58) to work on /opt/airflow/dags/dag_extraction.py
[2026-09-17T11:03:30.898+0000] {processor.py:830} INFO - Processing file /opt/airflow/dags/dag_extraction.py for tasks to queue
[2026-09-17T11:03:30.902+0000] {logging_mixin.py:188} INFO - [2026-09-17T11:03:30.902+0000] {dagbag.py:545} INFO - Filling up the DagBag from /opt/airflow/dags/dag_extraction.py
[2026-09-17T11:03:30.990+0000] {processor.py:840} INFO - DAG(s) 'youtube_extraction' retrieved from /opt/airflow/dags/dag_extraction.py
[2026-09-17T11:03:31.026+0000] {logging_mixin.py:188} INFO - [2026-09-17T11:03:31.025+0000] {dag.py:3096} INFO - Sync 1 DAGs
[2026-09-17T11:03:31.046+0000] {logging_mixin.py:188} INFO - [2026-09-17T11:03:31.046+0000] {dag.py:3954} INFO - Setting next_dagrun for youtube_extraction to 2026-09-17 00:00:00+00:00, run_after=2026-09-18 00:00:00+00:00
[2026-09-17T11:03:31.066+0000] {processor.py:183} INFO - Processing /opt/airflow/dags/dag_extraction.py took 0.178 seconds
[2026-09-17T11:04:01.327+0000] {processor.py:161} INFO - Started process (PID=66) to work on /opt/airflow/dags/dag_extraction.py
[2026-09-17T11:04:01.329+0000] {processor.py:830} INFO - Processing file /opt/airflow/dags/dag_extraction.py for tasks to queue
[2026-09-17T11:04:01.334+0000] {logging_mixin.py:188} INFO - [2026-09-17T11:04:01.333+0000] {dagbag.py:545} INFO - Filling up the DagBag from /opt/airflow/dags/dag_extraction.py
[2026-09-17T11:04:01.429+0000] {processor.py:840} INFO - DAG(s) 'youtube_extraction' retrieved from /opt/airflow/dags/dag_extraction.py
[2026-09-17T11:04:01.462+0000] {logging_mixin.py:188} INFO - [2026-09-17T11:04:01.462+0000] {dag.py:3096} INFO - Sync 1 DAGs
[2026-09-17T11:04:01.490+0000] {logging_mixin.py:188} INFO - [2026-09-17T11:04:01.490+0000] {dag.py:3954} INFO - Setting next_dagrun for youtube_extraction to 2026-09-17 00:00:00+00:00, run_after=2026-09-18 00:00:00+00:00
[2026-09-17T11:04:01.514+0000] {processor.py:183} INFO - Processing /opt/airflow/dags/dag_extraction.py took 0.193 seconds
[2026-09-17T11:04:31.827+0000] {processor.py:161} INFO - Started process (PID=74) to work on /opt/airflow/dags/dag_extraction.py
[2026-09-17T11:04:31.834+0000] {processor.py:830} INFO - Processing file /opt/airflow/dags/dag_extraction.py for tasks to queue
[2026-09-17T11:04:31.842+0000] {logging_mixin.py:188} INFO - [2026-09-17T11:04:31.842+0000] {dagbag.py:545} INFO - Filling up the DagBag from /opt/airflow/dags/dag_extraction.py
[2026-09-17T11:04:31.929+0000] {processor.py:840} INFO - DAG(s) 'youtube_extraction' retrieved from /opt/airflow/dags/dag_extraction.py
[2026-09-17T11:04:31.961+0000] {logging_mixin.py:188} INFO - [2026-09-17T11:04:31.961+0000] {dag.py:3096} INFO - Sync 1 DAGs
[2026-09-17T11:04:31.983+0000] {logging_mixin.py:188} INFO - [2026-09-17T11:04:31.982+0000] {dag.py:3954} INFO - Setting next_dagrun for youtube_extraction to 2026-09-17 00:00:00+00:00, run_after=2026-09-18 00:00:00+00:00
[2026-09-17T11:04:32.010+0000] {processor.py:183} INFO - Processing /opt/airflow/dags/dag_extraction.py took 0.192 seconds
[2026-09-17T11:05:02.283+0000] {processor.py:161} INFO - Started process (PID=82) to work on /opt/airflow/dags/dag_extraction.py
[2026-09-17T11:05:02.285+0000] {processor.py:830} INFO - Processing file /opt/airflow/dags/dag_extraction.py for tasks to queue
[2026-09-17T11:05:02.288+0000] {logging_mixin.py:188} INFO - [2026-09-17T11:05:02.288+0000] {dagbag.py:545} INFO - Filling up the DagBag from /opt/airflow/dags/dag_extraction.py
[2026-09-17T11:05:02.372+0000] {processor.py:840} INFO - DAG(s) 'youtube_extraction' retrieved from /opt/airflow/dags/dag_extraction.py
[2026-09-17T11:05:02.399+0000] {logging_mixin.py:188} INFO - [2026-09-17T11:05:02.398+0000] {dag.py:3096} INFO - Sync 1 DAGs
[2026-09-17T11:05:02.424+0000] {logging_mixin.py:188} INFO - [2026-09-17T11:05:02.424+0000] {dag.py:3954} INFO - Setting next_dagrun for youtube_extraction to 2026-09-17 00:00:00+00:00, run_after=2026-09-18 00:00:00+00:00
[2026-09-17T11:05:02.444+0000] {processor.py:183} INFO - Processing /opt/airflow/dags/dag_extraction.py took 0.168 seconds
[2026-09-17T11:05:32.730+0000] {processor.py:161} INFO - Started process (PID=90) to work on /opt/airflow/dags/dag_extraction.py
[2026-09-17T11:05:32.731+0000] {processor.py:830} INFO - Processing file /opt/airflow/dags/dag_extraction.py for tasks to queue
[2026-09-17T11:05:32.734+0000] {logging_mixin.py:188} INFO - [2026-09-17T11:05:32.733+0000] {dagbag.py:545} INFO - Filling up the DagBag from /opt/airflow/dags/dag_extraction.py
[2026-09-17T11:05:32.801+0000] {processor.py:840} INFO - DAG(s) 'youtube_extraction' retrieved from /opt/airflow/dags/dag_extraction.py
[2026-09-17T11:05:32.827+0000] {logging_mixin.py:188} INFO - [2026-09-17T11:05:32.827+0000] {dag.py:3096} INFO - Sync 1 DAGs
[2026-09-17T11:05:32.850+0000] {logging_mixin.py:188} INFO - [2026-09-17T11:05:32.850+0000] {dag.py:3954} INFO - Setting next_dagrun for youtube_extraction to 2026-09-17 00:00:00+00:00, run_after=2026-09-18 00:00:00+00:00
[2026-09-17T11:05:32.868+0000] {processor.py:183} INFO - Processing /opt/airflow/dags/dag_extraction.py took 0.146 seconds
[2026-09-17T11:06:03.175+0000] {processor.py:161} INFO - Started process (PID=98) to work on /opt/airflow/dags/dag_extraction.py
[2026-09-17T11:06:03.176+0000] {processor.py:830} INFO - Processing file /opt/airflow/dags/dag_extraction.py for tasks to queue
[2026-09-17T11:06:03.179+0000] {logging_mixin.py:188} INFO - [2026-09-17T11:06:03.179+0000] {dagbag.py:545} INFO - Filling up the DagBag from /opt/airflow/dags/dag_extraction.py
[2026-09-17T11:06:03.255+0000] {processor.py:840} INFO - DAG(s) 'youtube_extraction' retrieved from /opt/airflow/dags/dag_extraction.py
[2026-09-17T11:06:03.285+0000] {logging_mixin.py:188} INFO - [2026-09-17T11:06:03.284+0000] {dag.py:3096} INFO - Sync 1 DAGs
[2026-09-17T11:06:03.309+0000] {logging_mixin.py:188} INFO - [2026-09-17T11:06:03.309+0000] {dag.py:3954} INFO - Setting next_dagrun for youtube_extraction to 2026-09-17 00:00:00+00:00, run_after=2026-09-18 00:00:00+00:00
[2026-09-17T11:06:03.332+0000] {processor.py:183} INFO - Processing /opt/airflow/dags/dag_extraction.py took 0.163 seconds
[2026-09-17T11:06:33.581+0000] {processor.py:161} INFO - Started process (PID=106) to work on /opt/airflow/dags/dag_extraction.py
[2026-09-17T11:06:33.583+0000] {processor.py:830} INFO - Processing file /opt/airflow/dags/dag_extraction.py for tasks to queue
[2026-09-17T11:06:33.587+0000] {logging_mixin.py:188} INFO - [2026-09-17T11:06:33.586+0000] {dagbag.py:545} INFO - Filling up the DagBag from /opt/airflow/dags/dag_extraction.py
[2026-09-17T11:06:33.670+0000] {processor.py:840} INFO - DAG(s) 'youtube_extraction' retrieved from /opt/airflow/dags/dag_extraction.py
[2026-09-17T11:06:33.700+0000] {logging_mixin.py:188} INFO - [2026-09-17T11:06:33.699+0000] {dag.py:3096} INFO - Sync 1 DAGs
[2026-09-17T11:06:33.724+0000] {logging_mixin.py:188} INFO - [2026-09-17T11:06:33.724+0000] {dag.py:3954} INFO - Setting next_dagrun for youtube_extraction to 2026-09-17 00:00:00+00:00, run_after=2026-09-18 00:00:00+00:00
[2026-09-17T11:06:33.746+0000] {processor.py:183} INFO - Processing /opt/airflow/dags/dag_extraction.py took 0.173 seconds
[2026-09-17T11:07:03.982+0000] {processor.py:161} INFO - Started process (PID=114) to work on /opt/airflow/dags/dag_extraction.py
[2026-09-17T11:07:03.984+0000] {processor.py:830} INFO - Processing file /opt/airflow/dags/dag_extraction.py for tasks to queue
[2026-09-17T11:07:03.986+0000] {logging_mixin.py:188} INFO - [2026-09-17T11:07:03.986+0000] {dagbag.py:545} INFO - Filling up the DagBag from /opt/airflow/dags/dag_extraction.py
[2026-09-17T11:07:04.061+0000] {processor.py:840} INFO - DAG(s) 'youtube_extraction' retrieved from /opt/airflow/dags/dag_extraction.py
[2026-09-17T11:07:04.088+0000] {logging_mixin.py:188} INFO - [2026-09-17T11:07:04.088+0000] {dag.py:3096} INFO - Sync 1 DAGs
[2026-09-17T11:07:04.111+0000] {logging_mixin.py:188} INFO - [2026-09-17T11:07:04.111+0000] {dag.py:3954} INFO - Setting next_dagrun for youtube_extraction to 2026-09-17 00:00:00+00:00, run_after=2026-09-18 00:00:00+00:00
[2026-09-17T11:07:04.131+0000] {processor.py:183} INFO - Processing /opt/airflow/dags/dag_extraction.py took 0.157 seconds
[2026-09-17T11:07:05.146+0000] {processor.py:161} INFO - Started process (PID=115) to work on /opt/airflow/dags/dag_extraction.py
[2026-09-17T11:07:05.149+0000] {processor.py:830} INFO - Processing file /opt/airflow/dags/dag_extraction.py for tasks to queue
[2026-09-17T11:07:05.152+0000] {logging_mixin.py:188} INFO - [2026-09-17T11:07:05.151+0000] {dagbag.py:545} INFO - Filling up the DagBag from /opt/airflow/dags/dag_extraction.py
[2026-09-17T11:07:05.236+0000] {logging_mixin.py:188} INFO - [2026-09-17T11:07:05.231+0000] {dagbag.py:355} ERROR - Failed to import: /opt/airflow/dags/dag_extraction.py
Traceback (most recent call last):
  File "/home/airflow/.local/lib/python3.10/site-packages/airflow/models/dagbag.py", line 351, in parse
    loader.exec_module(new_module)
  File "<frozen importlib._bootstrap_external>", line 883, in exec_module
  File "<frozen importlib._bootstrap>", line 241, in _call_with_frames_removed
  File "/opt/airflow/dags/dag_extraction.py", line 24, in <module>
    extract_task = PythonOperator(
  File "/home/airflow/.local/lib/python3.10/site-packages/airflow/models/baseoperator.py", line 485, in apply_defaults
    result = func(self, **kwargs, default_args=default_args)
  File "/home/airflow/.local/lib/python3.10/site-packages/airflow/operators/python.py", line 220, in __init__
    super().__init__(**kwargs)
  File "/home/airflow/.local/lib/python3.10/site-packages/airflow/models/baseoperator.py", line 485, in apply_defaults
    result = func(self, **kwargs, default_args=default_args)
  File "/home/airflow/.local/lib/python3.10/site-packages/airflow/models/baseoperator.py", line 900, in __init__
    task_group.add(self)
  File "/home/airflow/.local/lib/python3.10/site-packages/airflow/utils/task_group.py", line 232, in add
    raise DuplicateTaskIdFound(f"{node_type} id '{key}' has already been added to the DAG")
airflow.exceptions.DuplicateTaskIdFound: Task id 'extract_youtube_data' has already been added to the DAG
[2026-09-17T11:07:05.238+0000] {processor.py:842} WARNING - No viable dags retrieved from /opt/airflow/dags/dag_extraction.py
[2026-09-17T11:07:05.259+0000] {processor.py:183} INFO - Processing /opt/airflow/dags/dag_extraction.py took 0.121 seconds
[2026-09-17T11:07:08.211+0000] {processor.py:161} INFO - Started process (PID=116) to work on /opt/airflow/dags/dag_extraction.py
[2026-09-17T11:07:08.214+0000] {processor.py:830} INFO - Processing file /opt/airflow/dags/dag_extraction.py for tasks to queue
[2026-09-17T11:07:08.219+0000] {logging_mixin.py:188} INFO - [2026-09-17T11:07:08.219+0000] {dagbag.py:545} INFO - Filling up the DagBag from /opt/airflow/dags/dag_extraction.py
[2026-09-17T11:07:08.322+0000] {processor.py:840} INFO - DAG(s) 'youtube_extraction' retrieved from /opt/airflow/dags/dag_extraction.py
[2026-09-17T11:07:08.349+0000] {logging_mixin.py:188} INFO - [2026-09-17T11:07:08.349+0000] {dag.py:3096} INFO - Sync 1 DAGs
[2026-09-17T11:07:08.371+0000] {logging_mixin.py:188} INFO - [2026-09-17T11:07:08.371+0000] {dag.py:3954} INFO - Setting next_dagrun for youtube_extraction to 2026-09-17 00:00:00+00:00, run_after=2026-09-18 00:00:00+00:00
[2026-09-17T11:07:08.401+0000] {processor.py:183} INFO - Processing /opt/airflow/dags/dag_extraction.py took 0.200 seconds
[2026-09-17T11:07:10.349+0000] {processor.py:161} INFO - Started process (PID=117) to work on /opt/airflow/dags/dag_extraction.py
[2026-09-17T11:07:10.351+0000] {processor.py:830} INFO - Processing file /opt/airflow/dags/dag_extraction.py for tasks to queue
[2026-09-17T11:07:10.356+0000] {logging_mixin.py:188} INFO - [2026-09-17T11:07:10.355+0000] {dagbag.py:545} INFO - Filling up the DagBag from /opt/airflow/dags/dag_extraction.py
[2026-09-17T11:07:10.464+0000] {processor.py:840} INFO - DAG(s) 'youtube_extraction' retrieved from /opt/airflow/dags/dag_extraction.py
[2026-09-17T11:07:10.489+0000] {logging_mixin.py:188} INFO - [2026-09-17T11:07:10.489+0000] {dag.py:3096} INFO - Sync 1 DAGs
[2026-09-17T11:07:10.516+0000] {logging_mixin.py:188} INFO - [2026-09-17T11:07:10.516+0000] {dag.py:3954} INFO - Setting next_dagrun for youtube_extraction to 2026-09-17 00:00:00+00:00, run_after=2026-09-18 00:00:00+00:00
[2026-09-17T11:07:10.547+0000] {processor.py:183} INFO - Processing /opt/airflow/dags/dag_extraction.py took 0.208 seconds
[2026-09-17T11:07:24.709+0000] {processor.py:161} INFO - Started process (PID=118) to work on /opt/airflow/dags/dag_extraction.py
[2026-09-17T11:07:24.711+0000] {processor.py:830} INFO - Processing file /opt/airflow/dags/dag_extraction.py for tasks to queue
[2026-09-17T11:07:24.714+0000] {logging_mixin.py:188} INFO - [2026-09-17T11:07:24.714+0000] {dagbag.py:545} INFO - Filling up the DagBag from /opt/airflow/dags/dag_extraction.py
[2026-09-17T11:07:24.797+0000] {processor.py:840} INFO - DAG(s) 'youtube_extraction' retrieved from /opt/airflow/dags/dag_extraction.py
[2026-09-17T11:07:24.823+0000] {logging_mixin.py:188} INFO - [2026-09-17T11:07:24.822+0000] {dag.py:3096} INFO - Sync 1 DAGs
[2026-09-17T11:07:24.846+0000] {logging_mixin.py:188} INFO - [2026-09-17T11:07:24.845+0000] {dag.py:3954} INFO - Setting next_dagrun for youtube_extraction to 2026-09-17 00:00:00+00:00, run_after=2026-09-18 00:00:00+00:00
[2026-09-17T11:07:24.873+0000] {processor.py:183} INFO - Processing /opt/airflow/dags/dag_extraction.py took 0.171 seconds
[2026-09-17T11:07:26.937+0000] {processor.py:161} INFO - Started process (PID=119) to work on /opt/airflow/dags/dag_extraction.py
[2026-09-17T11:07:26.939+0000] {processor.py:830} INFO - Processing file /opt/airflow/dags/dag_extraction.py for tasks to queue
[2026-09-17T11:07:26.942+0000] {logging_mixin.py:188} INFO - [2026-09-17T11:07:26.942+0000] {dagbag.py:545} INFO - Filling up the DagBag from /opt/airflow/dags/dag_extraction.py
[2026-09-17T11:07:27.025+0000] {logging_mixin.py:188} INFO - [2026-09-17T11:07:27.019+0000] {dagbag.py:355} ERROR - Failed to import: /opt/airflow/dags/dag_extraction.py
Traceback (most recent call last):
  File "/home/airflow/.local/lib/python3.10/site-packages/airflow/models/dagbag.py", line 351, in parse
    loader.exec_module(new_module)
  File "<frozen importlib._bootstrap_external>", line 883, in exec_module
  File "<frozen importlib._bootstrap>", line 241, in _call_with_frames_removed
  File "/opt/airflow/dags/dag_extraction.py", line 24, in <module>
    extract_task = PythonOperator(
  File "/home/airflow/.local/lib/python3.10/site-packages/airflow/models/baseoperator.py", line 485, in apply_defaults
    result = func(self, **kwargs, default_args=default_args)
  File "/home/airflow/.local/lib/python3.10/site-packages/airflow/operators/python.py", line 220, in __init__
    super().__init__(**kwargs)
  File "/home/airflow/.local/lib/python3.10/site-packages/airflow/models/baseoperator.py", line 485, in apply_defaults
    result = func(self, **kwargs, default_args=default_args)
  File "/home/airflow/.local/lib/python3.10/site-packages/airflow/models/baseoperator.py", line 900, in __init__
    task_group.add(self)
  File "/home/airflow/.local/lib/python3.10/site-packages/airflow/utils/task_group.py", line 232, in add
    raise DuplicateTaskIdFound(f"{node_type} id '{key}' has already been added to the DAG")
airflow.exceptions.DuplicateTaskIdFound: Task id 'extract_youtube_data' has already been added to the DAG
[2026-09-17T11:07:27.026+0000] {processor.py:842} WARNING - No viable dags retrieved from /opt/airflow/dags/dag_extraction.py
[2026-09-17T11:07:27.051+0000] {processor.py:183} INFO - Processing /opt/airflow/dags/dag_extraction.py took 0.120 seconds
[2026-09-17T11:07:37.248+0000] {processor.py:161} INFO - Started process (PID=127) to work on /opt/airflow/dags/dag_extraction.py
[2026-09-17T11:07:37.250+0000] {processor.py:830} INFO - Processing file /opt/airflow/dags/dag_extraction.py for tasks to queue
[2026-09-17T11:07:37.253+0000] {logging_mixin.py:188} INFO - [2026-09-17T11:07:37.253+0000] {dagbag.py:545} INFO - Filling up the DagBag from /opt/airflow/dags/dag_extraction.py
[2026-09-17T11:07:37.341+0000] {logging_mixin.py:188} INFO - [2026-09-17T11:07:37.337+0000] {dagbag.py:355} ERROR - Failed to import: /opt/airflow/dags/dag_extraction.py
Traceback (most recent call last):
  File "/home/airflow/.local/lib/python3.10/site-packages/airflow/models/dagbag.py", line 351, in parse
    loader.exec_module(new_module)
  File "<frozen importlib._bootstrap_external>", line 883, in exec_module
  File "<frozen importlib._bootstrap>", line 241, in _call_with_frames_removed
  File "/opt/airflow/dags/dag_extraction.py", line 25, in <module>
    extract_task = PythonOperator(
  File "/home/airflow/.local/lib/python3.10/site-packages/airflow/models/baseoperator.py", line 485, in apply_defaults
    result = func(self, **kwargs, default_args=default_args)
  File "/home/airflow/.local/lib/python3.10/site-packages/airflow/operators/python.py", line 220, in __init__
    super().__init__(**kwargs)
  File "/home/airflow/.local/lib/python3.10/site-packages/airflow/models/baseoperator.py", line 485, in apply_defaults
    result = func(self, **kwargs, default_args=default_args)
  File "/home/airflow/.local/lib/python3.10/site-packages/airflow/models/baseoperator.py", line 900, in __init__
    task_group.add(self)
  File "/home/airflow/.local/lib/python3.10/site-packages/airflow/utils/task_group.py", line 232, in add
    raise DuplicateTaskIdFound(f"{node_type} id '{key}' has already been added to the DAG")
airflow.exceptions.DuplicateTaskIdFound: Task id 'extract_youtube_data' has already been added to the DAG
[2026-09-17T11:07:37.343+0000] {processor.py:842} WARNING - No viable dags retrieved from /opt/airflow/dags/dag_extraction.py
[2026-09-17T11:07:37.366+0000] {processor.py:183} INFO - Processing /opt/airflow/dags/dag_extraction.py took 0.130 seconds
[2026-09-17T11:07:53.438+0000] {processor.py:161} INFO - Started process (PID=128) to work on /opt/airflow/dags/dag_extraction.py
[2026-09-17T11:07:53.439+0000] {processor.py:830} INFO - Processing file /opt/airflow/dags/dag_extraction.py for tasks to queue
[2026-09-17T11:07:53.442+0000] {logging_mixin.py:188} INFO - [2026-09-17T11:07:53.441+0000] {dagbag.py:545} INFO - Filling up the DagBag from /opt/airflow/dags/dag_extraction.py
[2026-09-17T11:07:53.522+0000] {processor.py:840} INFO - DAG(s) 'youtube_extraction' retrieved from /opt/airflow/dags/dag_extraction.py
[2026-09-17T11:07:53.607+0000] {logging_mixin.py:188} INFO - [2026-09-17T11:07:53.606+0000] {dag.py:3096} INFO - Sync 1 DAGs
[2026-09-17T11:07:53.625+0000] {logging_mixin.py:188} INFO - [2026-09-17T11:07:53.625+0000] {dag.py:3954} INFO - Setting next_dagrun for youtube_extraction to 2026-09-17 00:00:00+00:00, run_after=2026-09-18 00:00:00+00:00
[2026-09-17T11:07:53.652+0000] {processor.py:183} INFO - Processing /opt/airflow/dags/dag_extraction.py took 0.220 seconds
[2026-09-17T11:07:56.549+0000] {processor.py:161} INFO - Started process (PID=129) to work on /opt/airflow/dags/dag_extraction.py
[2026-09-17T11:07:56.552+0000] {processor.py:830} INFO - Processing file /opt/airflow/dags/dag_extraction.py for tasks to queue
[2026-09-17T11:07:56.558+0000] {logging_mixin.py:188} INFO - [2026-09-17T11:07:56.558+0000] {dagbag.py:545} INFO - Filling up the DagBag from /opt/airflow/dags/dag_extraction.py
[2026-09-17T11:07:56.639+0000] {processor.py:840} INFO - DAG(s) 'youtube_extraction' retrieved from /opt/airflow/dags/dag_extraction.py
[2026-09-17T11:07:56.651+0000] {logging_mixin.py:188} INFO - [2026-09-17T11:07:56.651+0000] {dag.py:3096} INFO - Sync 1 DAGs
[2026-09-17T11:07:56.671+0000] {logging_mixin.py:188} INFO - [2026-09-17T11:07:56.670+0000] {dag.py:3954} INFO - Setting next_dagrun for youtube_extraction to 2026-09-17 00:00:00+00:00, run_after=2026-09-18 00:00:00+00:00
[2026-09-17T11:07:56.701+0000] {processor.py:183} INFO - Processing /opt/airflow/dags/dag_extraction.py took 0.160 seconds
[2026-09-17T11:08:27.049+0000] {processor.py:161} INFO - Started process (PID=137) to work on /opt/airflow/dags/dag_extraction.py
[2026-09-17T11:08:27.052+0000] {processor.py:830} INFO - Processing file /opt/airflow/dags/dag_extraction.py for tasks to queue
[2026-09-17T11:08:27.055+0000] {logging_mixin.py:188} INFO - [2026-09-17T11:08:27.055+0000] {dagbag.py:545} INFO - Filling up the DagBag from /opt/airflow/dags/dag_extraction.py
[2026-09-17T11:08:27.120+0000] {processor.py:840} INFO - DAG(s) 'youtube_extraction' retrieved from /opt/airflow/dags/dag_extraction.py
[2026-09-17T11:08:27.140+0000] {logging_mixin.py:188} INFO - [2026-09-17T11:08:27.140+0000] {dag.py:3096} INFO - Sync 1 DAGs
[2026-09-17T11:08:27.161+0000] {logging_mixin.py:188} INFO - [2026-09-17T11:08:27.160+0000] {dag.py:3954} INFO - Setting next_dagrun for youtube_extraction to 2026-09-17 00:00:00+00:00, run_after=2026-09-18 00:00:00+00:00
[2026-09-17T11:08:27.180+0000] {processor.py:183} INFO - Processing /opt/airflow/dags/dag_extraction.py took 0.137 seconds
[2026-09-17T11:08:57.488+0000] {processor.py:161} INFO - Started process (PID=145) to work on /opt/airflow/dags/dag_extraction.py
[2026-09-17T11:08:57.491+0000] {processor.py:830} INFO - Processing file /opt/airflow/dags/dag_extraction.py for tasks to queue
[2026-09-17T11:08:57.494+0000] {logging_mixin.py:188} INFO - [2026-09-17T11:08:57.493+0000] {dagbag.py:545} INFO - Filling up the DagBag from /opt/airflow/dags/dag_extraction.py
[2026-09-17T11:08:57.563+0000] {processor.py:840} INFO - DAG(s) 'youtube_extraction' retrieved from /opt/airflow/dags/dag_extraction.py
[2026-09-17T11:08:57.585+0000] {logging_mixin.py:188} INFO - [2026-09-17T11:08:57.584+0000] {dag.py:3096} INFO - Sync 1 DAGs
[2026-09-17T11:08:57.604+0000] {logging_mixin.py:188} INFO - [2026-09-17T11:08:57.604+0000] {dag.py:3954} INFO - Setting next_dagrun for youtube_extraction to 2026-09-17 00:00:00+00:00, run_after=2026-09-18 00:00:00+00:00
[2026-09-17T11:08:57.624+0000] {processor.py:183} INFO - Processing /opt/airflow/dags/dag_extraction.py took 0.142 seconds
[2026-09-17T11:09:27.949+0000] {processor.py:161} INFO - Started process (PID=153) to work on /opt/airflow/dags/dag_extraction.py
[2026-09-17T11:09:27.951+0000] {processor.py:830} INFO - Processing file /opt/airflow/dags/dag_extraction.py for tasks to queue
[2026-09-17T11:09:27.954+0000] {logging_mixin.py:188} INFO - [2026-09-17T11:09:27.954+0000] {dagbag.py:545} INFO - Filling up the DagBag from /opt/airflow/dags/dag_extraction.py
[2026-09-17T11:09:28.025+0000] {processor.py:840} INFO - DAG(s) 'youtube_extraction' retrieved from /opt/airflow/dags/dag_extraction.py
[2026-09-17T11:09:28.047+0000] {logging_mixin.py:188} INFO - [2026-09-17T11:09:28.047+0000] {dag.py:3096} INFO - Sync 1 DAGs
[2026-09-17T11:09:28.067+0000] {logging_mixin.py:188} INFO - [2026-09-17T11:09:28.067+0000] {dag.py:3954} INFO - Setting next_dagrun for youtube_extraction to 2026-09-17 00:00:00+00:00, run_after=2026-09-18 00:00:00+00:00
[2026-09-17T11:09:28.090+0000] {processor.py:183} INFO - Processing /opt/airflow/dags/dag_extraction.py took 0.146 seconds
[2026-09-17T11:09:58.248+0000] {processor.py:161} INFO - Started process (PID=161) to work on /opt/airflow/dags/dag_extraction.py
[2026-09-17T11:09:58.250+0000] {processor.py:830} INFO - Processing file /opt/airflow/dags/dag_extraction.py for tasks to queue
[2026-09-17T11:09:58.254+0000] {logging_mixin.py:188} INFO - [2026-09-17T11:09:58.253+0000] {dagbag.py:545} INFO - Filling up the DagBag from /opt/airflow/dags/dag_extraction.py
[2026-09-17T11:09:58.328+0000] {processor.py:840} INFO - DAG(s) 'youtube_extraction' retrieved from /opt/airflow/dags/dag_extraction.py
[2026-09-17T11:09:58.355+0000] {logging_mixin.py:188} INFO - [2026-09-17T11:09:58.355+0000] {dag.py:3096} INFO - Sync 1 DAGs
[2026-09-17T11:09:58.381+0000] {logging_mixin.py:188} INFO - [2026-09-17T11:09:58.381+0000] {dag.py:3954} INFO - Setting next_dagrun for youtube_extraction to 2026-09-17 00:00:00+00:00, run_after=2026-09-18 00:00:00+00:00
[2026-09-17T11:09:58.404+0000] {processor.py:183} INFO - Processing /opt/airflow/dags/dag_extraction.py took 0.164 seconds
[2026-09-17T11:10:28.686+0000] {processor.py:161} INFO - Started process (PID=169) to work on /opt/airflow/dags/dag_extraction.py
[2026-09-17T11:10:28.689+0000] {processor.py:830} INFO - Processing file /opt/airflow/dags/dag_extraction.py for tasks to queue
[2026-09-17T11:10:28.692+0000] {logging_mixin.py:188} INFO - [2026-09-17T11:10:28.692+0000] {dagbag.py:545} INFO - Filling up the DagBag from /opt/airflow/dags/dag_extraction.py
[2026-09-17T11:10:28.782+0000] {processor.py:840} INFO - DAG(s) 'youtube_extraction' retrieved from /opt/airflow/dags/dag_extraction.py
[2026-09-17T11:10:28.804+0000] {logging_mixin.py:188} INFO - [2026-09-17T11:10:28.804+0000] {dag.py:3096} INFO - Sync 1 DAGs
[2026-09-17T11:10:28.827+0000] {logging_mixin.py:188} INFO - [2026-09-17T11:10:28.827+0000] {dag.py:3954} INFO - Setting next_dagrun for youtube_extraction to 2026-09-17 00:00:00+00:00, run_after=2026-09-18 00:00:00+00:00
[2026-09-17T11:10:28.852+0000] {processor.py:183} INFO - Processing /opt/airflow/dags/dag_extraction.py took 0.171 seconds
[2026-09-17T11:10:59.165+0000] {processor.py:161} INFO - Started process (PID=177) to work on /opt/airflow/dags/dag_extraction.py
[2026-09-17T11:10:59.167+0000] {processor.py:830} INFO - Processing file /opt/airflow/dags/dag_extraction.py for tasks to queue
[2026-09-17T11:10:59.171+0000] {logging_mixin.py:188} INFO - [2026-09-17T11:10:59.171+0000] {dagbag.py:545} INFO - Filling up the DagBag from /opt/airflow/dags/dag_extraction.py
[2026-09-17T11:10:59.262+0000] {processor.py:840} INFO - DAG(s) 'youtube_extraction' retrieved from /opt/airflow/dags/dag_extraction.py
[2026-09-17T11:10:59.286+0000] {logging_mixin.py:188} INFO - [2026-09-17T11:10:59.286+0000] {dag.py:3096} INFO - Sync 1 DAGs
[2026-09-17T11:10:59.315+0000] {logging_mixin.py:188} INFO - [2026-09-17T11:10:59.315+0000] {dag.py:3954} INFO - Setting next_dagrun for youtube_extraction to 2026-09-17 00:00:00+00:00, run_after=2026-09-18 00:00:00+00:00
[2026-09-17T11:10:59.345+0000] {processor.py:183} INFO - Processing /opt/airflow/dags/dag_extraction.py took 0.190 seconds
[2026-09-17T11:11:29.481+0000] {processor.py:161} INFO - Started process (PID=185) to work on /opt/airflow/dags/dag_extraction.py
[2026-09-17T11:11:29.486+0000] {processor.py:830} INFO - Processing file /opt/airflow/dags/dag_extraction.py for tasks to queue
[2026-09-17T11:11:29.489+0000] {logging_mixin.py:188} INFO - [2026-09-17T11:11:29.489+0000] {dagbag.py:545} INFO - Filling up the DagBag from /opt/airflow/dags/dag_extraction.py
[2026-09-17T11:11:29.575+0000] {processor.py:840} INFO - DAG(s) 'youtube_extraction' retrieved from /opt/airflow/dags/dag_extraction.py
[2026-09-17T11:11:29.599+0000] {logging_mixin.py:188} INFO - [2026-09-17T11:11:29.599+0000] {dag.py:3096} INFO - Sync 1 DAGs
[2026-09-17T11:11:29.619+0000] {logging_mixin.py:188} INFO - [2026-09-17T11:11:29.619+0000] {dag.py:3954} INFO - Setting next_dagrun for youtube_extraction to 2026-09-17 00:00:00+00:00, run_after=2026-09-18 00:00:00+00:00
[2026-09-17T11:11:29.640+0000] {processor.py:183} INFO - Processing /opt/airflow/dags/dag_extraction.py took 0.166 seconds
[2026-09-17T11:11:59.979+0000] {processor.py:161} INFO - Started process (PID=193) to work on /opt/airflow/dags/dag_extraction.py
[2026-09-17T11:11:59.982+0000] {processor.py:830} INFO - Processing file /opt/airflow/dags/dag_extraction.py for tasks to queue
[2026-09-17T11:11:59.985+0000] {logging_mixin.py:188} INFO - [2026-09-17T11:11:59.985+0000] {dagbag.py:545} INFO - Filling up the DagBag from /opt/airflow/dags/dag_extraction.py
[2026-09-17T11:12:00.059+0000] {processor.py:840} INFO - DAG(s) 'youtube_extraction' retrieved from /opt/airflow/dags/dag_extraction.py
[2026-09-17T11:12:00.081+0000] {logging_mixin.py:188} INFO - [2026-09-17T11:12:00.081+0000] {dag.py:3096} INFO - Sync 1 DAGs
[2026-09-17T11:12:00.101+0000] {logging_mixin.py:188} INFO - [2026-09-17T11:12:00.101+0000] {dag.py:3954} INFO - Setting next_dagrun for youtube_extraction to 2026-09-17 00:00:00+00:00, run_after=2026-09-18 00:00:00+00:00
[2026-09-17T11:12:00.123+0000] {processor.py:183} INFO - Processing /opt/airflow/dags/dag_extraction.py took 0.150 seconds
[2026-09-17T11:12:30.421+0000] {processor.py:161} INFO - Started process (PID=201) to work on /opt/airflow/dags/dag_extraction.py
[2026-09-17T11:12:30.425+0000] {processor.py:830} INFO - Processing file /opt/airflow/dags/dag_extraction.py for tasks to queue
[2026-09-17T11:12:30.428+0000] {logging_mixin.py:188} INFO - [2026-09-17T11:12:30.427+0000] {dagbag.py:545} INFO - Filling up the DagBag from /opt/airflow/dags/dag_extraction.py
[2026-09-17T11:12:30.502+0000] {processor.py:840} INFO - DAG(s) 'youtube_extraction' retrieved from /opt/airflow/dags/dag_extraction.py
[2026-09-17T11:12:30.524+0000] {logging_mixin.py:188} INFO - [2026-09-17T11:12:30.524+0000] {dag.py:3096} INFO - Sync 1 DAGs
[2026-09-17T11:12:30.546+0000] {logging_mixin.py:188} INFO - [2026-09-17T11:12:30.546+0000] {dag.py:3954} INFO - Setting next_dagrun for youtube_extraction to 2026-09-17 00:00:00+00:00, run_after=2026-09-18 00:00:00+00:00
[2026-09-17T11:12:30.569+0000] {processor.py:183} INFO - Processing /opt/airflow/dags/dag_extraction.py took 0.153 seconds
[2026-09-17T11:13:00.882+0000] {processor.py:161} INFO - Started process (PID=214) to work on /opt/airflow/dags/dag_extraction.py
[2026-09-17T11:13:00.886+0000] {processor.py:830} INFO - Processing file /opt/airflow/dags/dag_extraction.py for tasks to queue
[2026-09-17T11:13:00.888+0000] {logging_mixin.py:188} INFO - [2026-09-17T11:13:00.888+0000] {dagbag.py:545} INFO - Filling up the DagBag from /opt/airflow/dags/dag_extraction.py
[2026-09-17T11:13:00.978+0000] {processor.py:840} INFO - DAG(s) 'youtube_extraction' retrieved from /opt/airflow/dags/dag_extraction.py
[2026-09-17T11:13:01.001+0000] {logging_mixin.py:188} INFO - [2026-09-17T11:13:01.001+0000] {dag.py:3096} INFO - Sync 1 DAGs
[2026-09-17T11:13:01.023+0000] {logging_mixin.py:188} INFO - [2026-09-17T11:13:01.023+0000] {dag.py:3954} INFO - Setting next_dagrun for youtube_extraction to 2026-09-17 00:00:00+00:00, run_after=2026-09-18 00:00:00+00:00
[2026-09-17T11:13:01.051+0000] {processor.py:183} INFO - Processing /opt/airflow/dags/dag_extraction.py took 0.174 seconds
[2026-09-17T11:13:31.226+0000] {processor.py:161} INFO - Started process (PID=228) to work on /opt/airflow/dags/dag_extraction.py
[2026-09-17T11:13:31.231+0000] {processor.py:830} INFO - Processing file /opt/airflow/dags/dag_extraction.py for tasks to queue
[2026-09-17T11:13:31.245+0000] {logging_mixin.py:188} INFO - [2026-09-17T11:13:31.245+0000] {dagbag.py:545} INFO - Filling up the DagBag from /opt/airflow/dags/dag_extraction.py
[2026-09-17T11:13:31.351+0000] {processor.py:840} INFO - DAG(s) 'youtube_extraction' retrieved from /opt/airflow/dags/dag_extraction.py
[2026-09-17T11:13:31.376+0000] {logging_mixin.py:188} INFO - [2026-09-17T11:13:31.376+0000] {dag.py:3096} INFO - Sync 1 DAGs
[2026-09-17T11:13:31.407+0000] {logging_mixin.py:188} INFO - [2026-09-17T11:13:31.407+0000] {dag.py:3954} INFO - Setting next_dagrun for youtube_extraction to 2026-09-17 00:00:00+00:00, run_after=2026-09-18 00:00:00+00:00
[2026-09-17T11:13:31.431+0000] {processor.py:183} INFO - Processing /opt/airflow/dags/dag_extraction.py took 0.212 seconds
[2026-09-17T11:14:01.553+0000] {processor.py:161} INFO - Started process (PID=236) to work on /opt/airflow/dags/dag_extraction.py
[2026-09-17T11:14:01.557+0000] {processor.py:830} INFO - Processing file /opt/airflow/dags/dag_extraction.py for tasks to queue
[2026-09-17T11:14:01.561+0000] {logging_mixin.py:188} INFO - [2026-09-17T11:14:01.560+0000] {dagbag.py:545} INFO - Filling up the DagBag from /opt/airflow/dags/dag_extraction.py
[2026-09-17T11:14:01.637+0000] {processor.py:840} INFO - DAG(s) 'youtube_extraction' retrieved from /opt/airflow/dags/dag_extraction.py
[2026-09-17T11:14:01.664+0000] {logging_mixin.py:188} INFO - [2026-09-17T11:14:01.664+0000] {dag.py:3096} INFO - Sync 1 DAGs
[2026-09-17T11:14:01.693+0000] {logging_mixin.py:188} INFO - [2026-09-17T11:14:01.693+0000] {dag.py:3954} INFO - Setting next_dagrun for youtube_extraction to 2026-09-17 00:00:00+00:00, run_after=2026-09-18 00:00:00+00:00
[2026-09-17T11:14:01.714+0000] {processor.py:183} INFO - Processing /opt/airflow/dags/dag_extraction.py took 0.167 seconds
[2026-09-17T11:14:32.004+0000] {processor.py:161} INFO - Started process (PID=245) to work on /opt/airflow/dags/dag_extraction.py
[2026-09-17T11:14:32.007+0000] {processor.py:830} INFO - Processing file /opt/airflow/dags/dag_extraction.py for tasks to queue
[2026-09-17T11:14:32.010+0000] {logging_mixin.py:188} INFO - [2026-09-17T11:14:32.010+0000] {dagbag.py:545} INFO - Filling up the DagBag from /opt/airflow/dags/dag_extraction.py
[2026-09-17T11:14:32.080+0000] {processor.py:840} INFO - DAG(s) 'youtube_extraction' retrieved from /opt/airflow/dags/dag_extraction.py
[2026-09-17T11:14:32.105+0000] {logging_mixin.py:188} INFO - [2026-09-17T11:14:32.104+0000] {dag.py:3096} INFO - Sync 1 DAGs
[2026-09-17T11:14:32.125+0000] {logging_mixin.py:188} INFO - [2026-09-17T11:14:32.125+0000] {dag.py:3954} INFO - Setting next_dagrun for youtube_extraction to 2026-09-17 00:00:00+00:00, run_after=2026-09-18 00:00:00+00:00
[2026-09-17T11:14:32.146+0000] {processor.py:183} INFO - Processing /opt/airflow/dags/dag_extraction.py took 0.149 seconds
[2026-09-17T11:15:02.442+0000] {processor.py:161} INFO - Started process (PID=253) to work on /opt/airflow/dags/dag_extraction.py
[2026-09-17T11:15:02.444+0000] {processor.py:830} INFO - Processing file /opt/airflow/dags/dag_extraction.py for tasks to queue
[2026-09-17T11:15:02.448+0000] {logging_mixin.py:188} INFO - [2026-09-17T11:15:02.447+0000] {dagbag.py:545} INFO - Filling up the DagBag from /opt/airflow/dags/dag_extraction.py
[2026-09-17T11:15:02.515+0000] {processor.py:840} INFO - DAG(s) 'youtube_extraction' retrieved from /opt/airflow/dags/dag_extraction.py
[2026-09-17T11:15:02.536+0000] {logging_mixin.py:188} INFO - [2026-09-17T11:15:02.536+0000] {dag.py:3096} INFO - Sync 1 DAGs
[2026-09-17T11:15:02.555+0000] {logging_mixin.py:188} INFO - [2026-09-17T11:15:02.555+0000] {dag.py:3954} INFO - Setting next_dagrun for youtube_extraction to 2026-09-17 00:00:00+00:00, run_after=2026-09-18 00:00:00+00:00
[2026-09-17T11:15:02.576+0000] {processor.py:183} INFO - Processing /opt/airflow/dags/dag_extraction.py took 0.139 seconds
[2026-09-17T11:15:32.835+0000] {processor.py:161} INFO - Started process (PID=261) to work on /opt/airflow/dags/dag_extraction.py
[2026-09-17T11:15:32.838+0000] {processor.py:830} INFO - Processing file /opt/airflow/dags/dag_extraction.py for tasks to queue
[2026-09-17T11:15:32.841+0000] {logging_mixin.py:188} INFO - [2026-09-17T11:15:32.841+0000] {dagbag.py:545} INFO - Filling up the DagBag from /opt/airflow/dags/dag_extraction.py
[2026-09-17T11:15:32.916+0000] {processor.py:840} INFO - DAG(s) 'youtube_extraction' retrieved from /opt/airflow/dags/dag_extraction.py
[2026-09-17T11:15:32.943+0000] {logging_mixin.py:188} INFO - [2026-09-17T11:15:32.942+0000] {dag.py:3096} INFO - Sync 1 DAGs
[2026-09-17T11:15:32.975+0000] {logging_mixin.py:188} INFO - [2026-09-17T11:15:32.975+0000] {dag.py:3954} INFO - Setting next_dagrun for youtube_extraction to 2026-09-17 00:00:00+00:00, run_after=2026-09-18 00:00:00+00:00
[2026-09-17T11:15:32.997+0000] {processor.py:183} INFO - Processing /opt/airflow/dags/dag_extraction.py took 0.168 seconds
[2026-09-17T11:16:03.082+0000] {processor.py:161} INFO - Started process (PID=269) to work on /opt/airflow/dags/dag_extraction.py
[2026-09-17T11:16:03.086+0000] {processor.py:830} INFO - Processing file /opt/airflow/dags/dag_extraction.py for tasks to queue
[2026-09-17T11:16:03.088+0000] {logging_mixin.py:188} INFO - [2026-09-17T11:16:03.088+0000] {dagbag.py:545} INFO - Filling up the DagBag from /opt/airflow/dags/dag_extraction.py
[2026-09-17T11:16:03.154+0000] {processor.py:840} INFO - DAG(s) 'youtube_extraction' retrieved from /opt/airflow/dags/dag_extraction.py
[2026-09-17T11:16:03.183+0000] {logging_mixin.py:188} INFO - [2026-09-17T11:16:03.183+0000] {dag.py:3096} INFO - Sync 1 DAGs
[2026-09-17T11:16:03.209+0000] {logging_mixin.py:188} INFO - [2026-09-17T11:16:03.209+0000] {dag.py:3954} INFO - Setting next_dagrun for youtube_extraction to 2026-09-17 00:00:00+00:00, run_after=2026-09-18 00:00:00+00:00
[2026-09-17T11:16:03.236+0000] {processor.py:183} INFO - Processing /opt/airflow/dags/dag_extraction.py took 0.159 seconds
[2026-09-17T11:16:33.567+0000] {processor.py:161} INFO - Started process (PID=277) to work on /opt/airflow/dags/dag_extraction.py
[2026-09-17T11:16:33.569+0000] {processor.py:830} INFO - Processing file /opt/airflow/dags/dag_extraction.py for tasks to queue
[2026-09-17T11:16:33.571+0000] {logging_mixin.py:188} INFO - [2026-09-17T11:16:33.571+0000] {dagbag.py:545} INFO - Filling up the DagBag from /opt/airflow/dags/dag_extraction.py
[2026-09-17T11:16:33.644+0000] {processor.py:840} INFO - DAG(s) 'youtube_extraction' retrieved from /opt/airflow/dags/dag_extraction.py
[2026-09-17T11:16:33.663+0000] {logging_mixin.py:188} INFO - [2026-09-17T11:16:33.663+0000] {dag.py:3096} INFO - Sync 1 DAGs
[2026-09-17T11:16:33.683+0000] {logging_mixin.py:188} INFO - [2026-09-17T11:16:33.683+0000] {dag.py:3954} INFO - Setting next_dagrun for youtube_extraction to 2026-09-17 00:00:00+00:00, run_after=2026-09-18 00:00:00+00:00
[2026-09-17T11:16:33.703+0000] {processor.py:183} INFO - Processing /opt/airflow/dags/dag_extraction.py took 0.142 seconds
[2026-09-17T11:17:04.019+0000] {processor.py:161} INFO - Started process (PID=285) to work on /opt/airflow/dags/dag_extraction.py
[2026-09-17T11:17:04.020+0000] {processor.py:830} INFO - Processing file /opt/airflow/dags/dag_extraction.py for tasks to queue
[2026-09-17T11:17:04.022+0000] {logging_mixin.py:188} INFO - [2026-09-17T11:17:04.022+0000] {dagbag.py:545} INFO - Filling up the DagBag from /opt/airflow/dags/dag_extraction.py
[2026-09-17T11:17:04.085+0000] {processor.py:840} INFO - DAG(s) 'youtube_extraction' retrieved from /opt/airflow/dags/dag_extraction.py
[2026-09-17T11:17:04.103+0000] {logging_mixin.py:188} INFO - [2026-09-17T11:17:04.103+0000] {dag.py:3096} INFO - Sync 1 DAGs
[2026-09-17T11:17:04.123+0000] {logging_mixin.py:188} INFO - [2026-09-17T11:17:04.122+0000] {dag.py:3954} INFO - Setting next_dagrun for youtube_extraction to 2026-09-17 00:00:00+00:00, run_after=2026-09-18 00:00:00+00:00
[2026-09-17T11:17:04.142+0000] {processor.py:183} INFO - Processing /opt/airflow/dags/dag_extraction.py took 0.129 seconds
[2026-09-17T11:17:34.438+0000] {processor.py:161} INFO - Started process (PID=293) to work on /opt/airflow/dags/dag_extraction.py
[2026-09-17T11:17:34.440+0000] {processor.py:830} INFO - Processing file /opt/airflow/dags/dag_extraction.py for tasks to queue
[2026-09-17T11:17:34.445+0000] {logging_mixin.py:188} INFO - [2026-09-17T11:17:34.444+0000] {dagbag.py:545} INFO - Filling up the DagBag from /opt/airflow/dags/dag_extraction.py
[2026-09-17T11:17:34.533+0000] {processor.py:840} INFO - DAG(s) 'youtube_extraction' retrieved from /opt/airflow/dags/dag_extraction.py
[2026-09-17T11:17:34.556+0000] {logging_mixin.py:188} INFO - [2026-09-17T11:17:34.556+0000] {dag.py:3096} INFO - Sync 1 DAGs
[2026-09-17T11:17:34.579+0000] {logging_mixin.py:188} INFO - [2026-09-17T11:17:34.579+0000] {dag.py:3954} INFO - Setting next_dagrun for youtube_extraction to 2026-09-17 00:00:00+00:00, run_after=2026-09-18 00:00:00+00:00
[2026-09-17T11:17:34.602+0000] {processor.py:183} INFO - Processing /opt/airflow/dags/dag_extraction.py took 0.171 seconds
[2026-09-17T11:18:04.959+0000] {processor.py:161} INFO - Started process (PID=306) to work on /opt/airflow/dags/dag_extraction.py
[2026-09-17T11:18:04.963+0000] {processor.py:830} INFO - Processing file /opt/airflow/dags/dag_extraction.py for tasks to queue
[2026-09-17T11:18:04.968+0000] {logging_mixin.py:188} INFO - [2026-09-17T11:18:04.968+0000] {dagbag.py:545} INFO - Filling up the DagBag from /opt/airflow/dags/dag_extraction.py
[2026-09-17T11:18:05.055+0000] {processor.py:840} INFO - DAG(s) 'youtube_extraction' retrieved from /opt/airflow/dags/dag_extraction.py
[2026-09-17T11:18:05.078+0000] {logging_mixin.py:188} INFO - [2026-09-17T11:18:05.078+0000] {dag.py:3096} INFO - Sync 1 DAGs
[2026-09-17T11:18:05.098+0000] {logging_mixin.py:188} INFO - [2026-09-17T11:18:05.098+0000] {dag.py:3954} INFO - Setting next_dagrun for youtube_extraction to 2026-09-17 00:00:00+00:00, run_after=2026-09-18 00:00:00+00:00
[2026-09-17T11:18:05.120+0000] {processor.py:183} INFO - Processing /opt/airflow/dags/dag_extraction.py took 0.168 seconds
[2026-09-17T11:18:56.182+0000] {processor.py:161} INFO - Started process (PID=49) to work on /opt/airflow/dags/dag_extraction.py
[2026-09-17T11:18:56.186+0000] {processor.py:830} INFO - Processing file /opt/airflow/dags/dag_extraction.py for tasks to queue
[2026-09-17T11:18:56.192+0000] {logging_mixin.py:188} INFO - [2026-09-17T11:18:56.192+0000] {dagbag.py:545} INFO - Filling up the DagBag from /opt/airflow/dags/dag_extraction.py
[2026-09-17T11:18:56.529+0000] {processor.py:840} INFO - DAG(s) 'youtube_extraction' retrieved from /opt/airflow/dags/dag_extraction.py
[2026-09-17T11:18:56.741+0000] {logging_mixin.py:188} INFO - [2026-09-17T11:18:56.740+0000] {dag.py:3096} INFO - Sync 1 DAGs
[2026-09-17T11:18:56.771+0000] {logging_mixin.py:188} INFO - [2026-09-17T11:18:56.770+0000] {dag.py:3954} INFO - Setting next_dagrun for youtube_extraction to 2026-09-17 00:00:00+00:00, run_after=2026-09-18 00:00:00+00:00
[2026-09-17T11:18:56.803+0000] {processor.py:183} INFO - Processing /opt/airflow/dags/dag_extraction.py took 0.641 seconds
[2026-09-17T11:19:27.060+0000] {processor.py:161} INFO - Started process (PID=57) to work on /opt/airflow/dags/dag_extraction.py
[2026-09-17T11:19:27.063+0000] {processor.py:830} INFO - Processing file /opt/airflow/dags/dag_extraction.py for tasks to queue
[2026-09-17T11:19:27.068+0000] {logging_mixin.py:188} INFO - [2026-09-17T11:19:27.067+0000] {dagbag.py:545} INFO - Filling up the DagBag from /opt/airflow/dags/dag_extraction.py
[2026-09-17T11:19:27.153+0000] {processor.py:840} INFO - DAG(s) 'youtube_extraction' retrieved from /opt/airflow/dags/dag_extraction.py
[2026-09-17T11:19:27.177+0000] {logging_mixin.py:188} INFO - [2026-09-17T11:19:27.177+0000] {dag.py:3096} INFO - Sync 1 DAGs
[2026-09-17T11:19:27.205+0000] {logging_mixin.py:188} INFO - [2026-09-17T11:19:27.205+0000] {dag.py:3954} INFO - Setting next_dagrun for youtube_extraction to 2026-09-17 00:00:00+00:00, run_after=2026-09-18 00:00:00+00:00
[2026-09-17T11:19:27.229+0000] {processor.py:183} INFO - Processing /opt/airflow/dags/dag_extraction.py took 0.178 seconds
[2026-09-17T11:19:57.481+0000] {processor.py:161} INFO - Started process (PID=65) to work on /opt/airflow/dags/dag_extraction.py
[2026-09-17T11:19:57.484+0000] {processor.py:830} INFO - Processing file /opt/airflow/dags/dag_extraction.py for tasks to queue
[2026-09-17T11:19:57.487+0000] {logging_mixin.py:188} INFO - [2026-09-17T11:19:57.486+0000] {dagbag.py:545} INFO - Filling up the DagBag from /opt/airflow/dags/dag_extraction.py
[2026-09-17T11:19:57.567+0000] {processor.py:840} INFO - DAG(s) 'youtube_extraction' retrieved from /opt/airflow/dags/dag_extraction.py
[2026-09-17T11:19:57.593+0000] {logging_mixin.py:188} INFO - [2026-09-17T11:19:57.593+0000] {dag.py:3096} INFO - Sync 1 DAGs
[2026-09-17T11:19:57.621+0000] {logging_mixin.py:188} INFO - [2026-09-17T11:19:57.620+0000] {dag.py:3954} INFO - Setting next_dagrun for youtube_extraction to 2026-09-17 00:00:00+00:00, run_after=2026-09-18 00:00:00+00:00
[2026-09-17T11:19:57.643+0000] {processor.py:183} INFO - Processing /opt/airflow/dags/dag_extraction.py took 0.170 seconds
[2026-09-17T11:20:27.889+0000] {processor.py:161} INFO - Started process (PID=73) to work on /opt/airflow/dags/dag_extraction.py
[2026-09-17T11:20:27.892+0000] {processor.py:830} INFO - Processing file /opt/airflow/dags/dag_extraction.py for tasks to queue
[2026-09-17T11:20:27.898+0000] {logging_mixin.py:188} INFO - [2026-09-17T11:20:27.897+0000] {dagbag.py:545} INFO - Filling up the DagBag from /opt/airflow/dags/dag_extraction.py
[2026-09-17T11:20:27.989+0000] {processor.py:840} INFO - DAG(s) 'youtube_extraction' retrieved from /opt/airflow/dags/dag_extraction.py
[2026-09-17T11:20:28.011+0000] {logging_mixin.py:188} INFO - [2026-09-17T11:20:28.011+0000] {dag.py:3096} INFO - Sync 1 DAGs
[2026-09-17T11:20:28.039+0000] {logging_mixin.py:188} INFO - [2026-09-17T11:20:28.039+0000] {dag.py:3954} INFO - Setting next_dagrun for youtube_extraction to 2026-09-17 00:00:00+00:00, run_after=2026-09-18 00:00:00+00:00
[2026-09-17T11:20:28.059+0000] {processor.py:183} INFO - Processing /opt/airflow/dags/dag_extraction.py took 0.181 seconds
[2026-09-17T11:20:58.334+0000] {processor.py:161} INFO - Started process (PID=81) to work on /opt/airflow/dags/dag_extraction.py
[2026-09-17T11:20:58.336+0000] {processor.py:830} INFO - Processing file /opt/airflow/dags/dag_extraction.py for tasks to queue
[2026-09-17T11:20:58.340+0000] {logging_mixin.py:188} INFO - [2026-09-17T11:20:58.339+0000] {dagbag.py:545} INFO - Filling up the DagBag from /opt/airflow/dags/dag_extraction.py
[2026-09-17T11:20:58.411+0000] {processor.py:840} INFO - DAG(s) 'youtube_extraction' retrieved from /opt/airflow/dags/dag_extraction.py
[2026-09-17T11:20:58.432+0000] {logging_mixin.py:188} INFO - [2026-09-17T11:20:58.432+0000] {dag.py:3096} INFO - Sync 1 DAGs
[2026-09-17T11:20:58.455+0000] {logging_mixin.py:188} INFO - [2026-09-17T11:20:58.455+0000] {dag.py:3954} INFO - Setting next_dagrun for youtube_extraction to 2026-09-17 00:00:00+00:00, run_after=2026-09-18 00:00:00+00:00
[2026-09-17T11:20:58.478+0000] {processor.py:183} INFO - Processing /opt/airflow/dags/dag_extraction.py took 0.152 seconds
[2026-09-17T11:21:28.764+0000] {processor.py:161} INFO - Started process (PID=89) to work on /opt/airflow/dags/dag_extraction.py
[2026-09-17T11:21:28.768+0000] {processor.py:830} INFO - Processing file /opt/airflow/dags/dag_extraction.py for tasks to queue
[2026-09-17T11:21:28.772+0000] {logging_mixin.py:188} INFO - [2026-09-17T11:21:28.772+0000] {dagbag.py:545} INFO - Filling up the DagBag from /opt/airflow/dags/dag_extraction.py
[2026-09-17T11:21:28.909+0000] {processor.py:840} INFO - DAG(s) 'youtube_extraction' retrieved from /opt/airflow/dags/dag_extraction.py
[2026-09-17T11:21:28.936+0000] {logging_mixin.py:188} INFO - [2026-09-17T11:21:28.936+0000] {dag.py:3096} INFO - Sync 1 DAGs
[2026-09-17T11:21:28.973+0000] {logging_mixin.py:188} INFO - [2026-09-17T11:21:28.972+0000] {dag.py:3954} INFO - Setting next_dagrun for youtube_extraction to 2026-09-17 00:00:00+00:00, run_after=2026-09-18 00:00:00+00:00
[2026-09-17T11:21:28.999+0000] {processor.py:183} INFO - Processing /opt/airflow/dags/dag_extraction.py took 0.245 seconds
[2026-09-17T11:21:59.254+0000] {processor.py:161} INFO - Started process (PID=103) to work on /opt/airflow/dags/dag_extraction.py
[2026-09-17T11:21:59.256+0000] {processor.py:830} INFO - Processing file /opt/airflow/dags/dag_extraction.py for tasks to queue
[2026-09-17T11:21:59.259+0000] {logging_mixin.py:188} INFO - [2026-09-17T11:21:59.259+0000] {dagbag.py:545} INFO - Filling up the DagBag from /opt/airflow/dags/dag_extraction.py
[2026-09-17T11:21:59.341+0000] {processor.py:840} INFO - DAG(s) 'youtube_extraction' retrieved from /opt/airflow/dags/dag_extraction.py
[2026-09-17T11:21:59.365+0000] {logging_mixin.py:188} INFO - [2026-09-17T11:21:59.364+0000] {dag.py:3096} INFO - Sync 1 DAGs
[2026-09-17T11:21:59.387+0000] {logging_mixin.py:188} INFO - [2026-09-17T11:21:59.387+0000] {dag.py:3954} INFO - Setting next_dagrun for youtube_extraction to 2026-09-17 00:00:00+00:00, run_after=2026-09-18 00:00:00+00:00
[2026-09-17T11:21:59.408+0000] {processor.py:183} INFO - Processing /opt/airflow/dags/dag_extraction.py took 0.162 seconds
[2026-09-17T11:22:29.690+0000] {processor.py:161} INFO - Started process (PID=111) to work on /opt/airflow/dags/dag_extraction.py
[2026-09-17T11:22:29.694+0000] {processor.py:830} INFO - Processing file /opt/airflow/dags/dag_extraction.py for tasks to queue
[2026-09-17T11:22:29.697+0000] {logging_mixin.py:188} INFO - [2026-09-17T11:22:29.697+0000] {dagbag.py:545} INFO - Filling up the DagBag from /opt/airflow/dags/dag_extraction.py
[2026-09-17T11:22:29.777+0000] {processor.py:840} INFO - DAG(s) 'youtube_extraction' retrieved from /opt/airflow/dags/dag_extraction.py
[2026-09-17T11:22:29.798+0000] {logging_mixin.py:188} INFO - [2026-09-17T11:22:29.798+0000] {dag.py:3096} INFO - Sync 1 DAGs
[2026-09-17T11:22:29.820+0000] {logging_mixin.py:188} INFO - [2026-09-17T11:22:29.820+0000] {dag.py:3954} INFO - Setting next_dagrun for youtube_extraction to 2026-09-17 00:00:00+00:00, run_after=2026-09-18 00:00:00+00:00
[2026-09-17T11:22:29.843+0000] {processor.py:183} INFO - Processing /opt/airflow/dags/dag_extraction.py took 0.160 seconds
[2026-09-17T11:23:00.133+0000] {processor.py:161} INFO - Started process (PID=119) to work on /opt/airflow/dags/dag_extraction.py
[2026-09-17T11:23:00.135+0000] {processor.py:830} INFO - Processing file /opt/airflow/dags/dag_extraction.py for tasks to queue
[2026-09-17T11:23:00.139+0000] {logging_mixin.py:188} INFO - [2026-09-17T11:23:00.139+0000] {dagbag.py:545} INFO - Filling up the DagBag from /opt/airflow/dags/dag_extraction.py
[2026-09-17T11:23:00.218+0000] {processor.py:840} INFO - DAG(s) 'youtube_extraction' retrieved from /opt/airflow/dags/dag_extraction.py
[2026-09-17T11:23:00.241+0000] {logging_mixin.py:188} INFO - [2026-09-17T11:23:00.240+0000] {dag.py:3096} INFO - Sync 1 DAGs
[2026-09-17T11:23:00.265+0000] {logging_mixin.py:188} INFO - [2026-09-17T11:23:00.264+0000] {dag.py:3954} INFO - Setting next_dagrun for youtube_extraction to 2026-09-17 00:00:00+00:00, run_after=2026-09-18 00:00:00+00:00
[2026-09-17T11:23:00.287+0000] {processor.py:183} INFO - Processing /opt/airflow/dags/dag_extraction.py took 0.163 seconds
[2026-09-17T11:23:30.542+0000] {processor.py:161} INFO - Started process (PID=127) to work on /opt/airflow/dags/dag_extraction.py
[2026-09-17T11:23:30.546+0000] {processor.py:830} INFO - Processing file /opt/airflow/dags/dag_extraction.py for tasks to queue
[2026-09-17T11:23:30.549+0000] {logging_mixin.py:188} INFO - [2026-09-17T11:23:30.549+0000] {dagbag.py:545} INFO - Filling up the DagBag from /opt/airflow/dags/dag_extraction.py
[2026-09-17T11:23:30.631+0000] {processor.py:840} INFO - DAG(s) 'youtube_extraction' retrieved from /opt/airflow/dags/dag_extraction.py
[2026-09-17T11:23:30.655+0000] {logging_mixin.py:188} INFO - [2026-09-17T11:23:30.654+0000] {dag.py:3096} INFO - Sync 1 DAGs
[2026-09-17T11:23:30.680+0000] {logging_mixin.py:188} INFO - [2026-09-17T11:23:30.680+0000] {dag.py:3954} INFO - Setting next_dagrun for youtube_extraction to 2026-09-17 00:00:00+00:00, run_after=2026-09-18 00:00:00+00:00
[2026-09-17T11:23:30.700+0000] {processor.py:183} INFO - Processing /opt/airflow/dags/dag_extraction.py took 0.167 seconds
[2026-09-17T11:24:01.024+0000] {processor.py:161} INFO - Started process (PID=135) to work on /opt/airflow/dags/dag_extraction.py
[2026-09-17T11:24:01.033+0000] {processor.py:830} INFO - Processing file /opt/airflow/dags/dag_extraction.py for tasks to queue
[2026-09-17T11:24:01.048+0000] {logging_mixin.py:188} INFO - [2026-09-17T11:24:01.048+0000] {dagbag.py:545} INFO - Filling up the DagBag from /opt/airflow/dags/dag_extraction.py
[2026-09-17T11:24:01.218+0000] {processor.py:840} INFO - DAG(s) 'youtube_extraction' retrieved from /opt/airflow/dags/dag_extraction.py
[2026-09-17T11:24:01.245+0000] {logging_mixin.py:188} INFO - [2026-09-17T11:24:01.244+0000] {dag.py:3096} INFO - Sync 1 DAGs
[2026-09-17T11:24:01.275+0000] {logging_mixin.py:188} INFO - [2026-09-17T11:24:01.275+0000] {dag.py:3954} INFO - Setting next_dagrun for youtube_extraction to 2026-09-17 00:00:00+00:00, run_after=2026-09-18 00:00:00+00:00
[2026-09-17T11:24:01.295+0000] {processor.py:183} INFO - Processing /opt/airflow/dags/dag_extraction.py took 0.291 seconds
[2026-09-17T11:44:45.142+0000] {processor.py:161} INFO - Started process (PID=143) to work on /opt/airflow/dags/dag_extraction.py
[2026-09-17T11:44:45.161+0000] {processor.py:830} INFO - Processing file /opt/airflow/dags/dag_extraction.py for tasks to queue
[2026-09-17T11:44:45.184+0000] {logging_mixin.py:188} INFO - [2026-09-17T11:44:45.184+0000] {dagbag.py:545} INFO - Filling up the DagBag from /opt/airflow/dags/dag_extraction.py
[2026-09-17T11:44:45.533+0000] {processor.py:840} INFO - DAG(s) 'youtube_extraction' retrieved from /opt/airflow/dags/dag_extraction.py
[2026-09-17T11:44:45.638+0000] {logging_mixin.py:188} INFO - [2026-09-17T11:44:45.631+0000] {dag.py:3096} INFO - Sync 1 DAGs
[2026-09-17T11:44:45.715+0000] {logging_mixin.py:188} INFO - [2026-09-17T11:44:45.715+0000] {dag.py:3954} INFO - Setting next_dagrun for youtube_extraction to 2026-09-17 00:00:00+00:00, run_after=2026-09-18 00:00:00+00:00
[2026-09-17T11:44:45.812+0000] {processor.py:183} INFO - Processing /opt/airflow/dags/dag_extraction.py took 0.705 seconds
[2026-09-17T13:08:19.613+0000] {processor.py:161} INFO - Started process (PID=41) to work on /opt/airflow/dags/dag_extraction.py
[2026-09-17T13:08:19.617+0000] {processor.py:830} INFO - Processing file /opt/airflow/dags/dag_extraction.py for tasks to queue
[2026-09-17T13:08:19.625+0000] {logging_mixin.py:188} INFO - [2026-09-17T13:08:19.625+0000] {dagbag.py:545} INFO - Filling up the DagBag from /opt/airflow/dags/dag_extraction.py
[2026-09-17T13:08:19.739+0000] {processor.py:840} INFO - DAG(s) 'youtube_extraction' retrieved from /opt/airflow/dags/dag_extraction.py
[2026-09-17T13:08:19.886+0000] {logging_mixin.py:188} INFO - [2026-09-17T13:08:19.886+0000] {dag.py:3096} INFO - Sync 1 DAGs
[2026-09-17T13:08:19.912+0000] {logging_mixin.py:188} INFO - [2026-09-17T13:08:19.911+0000] {dag.py:3954} INFO - Setting next_dagrun for youtube_extraction to 2026-09-17 00:00:00+00:00, run_after=2026-09-18 00:00:00+00:00
[2026-09-17T13:08:19.938+0000] {processor.py:183} INFO - Processing /opt/airflow/dags/dag_extraction.py took 0.346 seconds
[2026-09-17T13:08:50.248+0000] {processor.py:161} INFO - Started process (PID=50) to work on /opt/airflow/dags/dag_extraction.py
[2026-09-17T13:08:50.252+0000] {processor.py:830} INFO - Processing file /opt/airflow/dags/dag_extraction.py for tasks to queue
[2026-09-17T13:08:50.256+0000] {logging_mixin.py:188} INFO - [2026-09-17T13:08:50.255+0000] {dagbag.py:545} INFO - Filling up the DagBag from /opt/airflow/dags/dag_extraction.py
[2026-09-17T13:08:50.360+0000] {processor.py:840} INFO - DAG(s) 'youtube_extraction' retrieved from /opt/airflow/dags/dag_extraction.py
[2026-09-17T13:08:50.458+0000] {logging_mixin.py:188} INFO - [2026-09-17T13:08:50.457+0000] {dag.py:3096} INFO - Sync 1 DAGs
[2026-09-17T13:08:50.481+0000] {logging_mixin.py:188} INFO - [2026-09-17T13:08:50.481+0000] {dag.py:3954} INFO - Setting next_dagrun for youtube_extraction to 2026-09-17 00:00:00+00:00, run_after=2026-09-18 00:00:00+00:00
[2026-09-17T13:08:50.502+0000] {processor.py:183} INFO - Processing /opt/airflow/dags/dag_extraction.py took 0.264 seconds
[2026-09-17T13:09:20.828+0000] {processor.py:161} INFO - Started process (PID=64) to work on /opt/airflow/dags/dag_extraction.py
[2026-09-17T13:09:20.833+0000] {processor.py:830} INFO - Processing file /opt/airflow/dags/dag_extraction.py for tasks to queue
[2026-09-17T13:09:20.837+0000] {logging_mixin.py:188} INFO - [2026-09-17T13:09:20.836+0000] {dagbag.py:545} INFO - Filling up the DagBag from /opt/airflow/dags/dag_extraction.py
[2026-09-17T13:09:20.916+0000] {processor.py:840} INFO - DAG(s) 'youtube_extraction' retrieved from /opt/airflow/dags/dag_extraction.py
[2026-09-17T13:09:20.940+0000] {logging_mixin.py:188} INFO - [2026-09-17T13:09:20.939+0000] {dag.py:3096} INFO - Sync 1 DAGs
[2026-09-17T13:09:20.968+0000] {logging_mixin.py:188} INFO - [2026-09-17T13:09:20.968+0000] {dag.py:3954} INFO - Setting next_dagrun for youtube_extraction to 2026-09-17 00:00:00+00:00, run_after=2026-09-18 00:00:00+00:00
[2026-09-17T13:09:20.988+0000] {processor.py:183} INFO - Processing /opt/airflow/dags/dag_extraction.py took 0.169 seconds
[2026-09-17T13:09:51.248+0000] {processor.py:161} INFO - Started process (PID=72) to work on /opt/airflow/dags/dag_extraction.py
[2026-09-17T13:09:51.251+0000] {processor.py:830} INFO - Processing file /opt/airflow/dags/dag_extraction.py for tasks to queue
[2026-09-17T13:09:51.253+0000] {logging_mixin.py:188} INFO - [2026-09-17T13:09:51.253+0000] {dagbag.py:545} INFO - Filling up the DagBag from /opt/airflow/dags/dag_extraction.py
[2026-09-17T13:09:51.329+0000] {processor.py:840} INFO - DAG(s) 'youtube_extraction' retrieved from /opt/airflow/dags/dag_extraction.py
[2026-09-17T13:09:51.396+0000] {logging_mixin.py:188} INFO - [2026-09-17T13:09:51.395+0000] {dag.py:3096} INFO - Sync 1 DAGs
[2026-09-17T13:09:51.420+0000] {logging_mixin.py:188} INFO - [2026-09-17T13:09:51.420+0000] {dag.py:3954} INFO - Setting next_dagrun for youtube_extraction to 2026-09-17 00:00:00+00:00, run_after=2026-09-18 00:00:00+00:00
[2026-09-17T13:09:51.440+0000] {processor.py:183} INFO - Processing /opt/airflow/dags/dag_extraction.py took 0.199 seconds
[2026-09-17T13:10:21.714+0000] {processor.py:161} INFO - Started process (PID=80) to work on /opt/airflow/dags/dag_extraction.py
[2026-09-17T13:10:21.716+0000] {processor.py:830} INFO - Processing file /opt/airflow/dags/dag_extraction.py for tasks to queue
[2026-09-17T13:10:21.719+0000] {logging_mixin.py:188} INFO - [2026-09-17T13:10:21.719+0000] {dagbag.py:545} INFO - Filling up the DagBag from /opt/airflow/dags/dag_extraction.py
[2026-09-17T13:10:21.801+0000] {processor.py:840} INFO - DAG(s) 'youtube_extraction' retrieved from /opt/airflow/dags/dag_extraction.py
[2026-09-17T13:10:21.826+0000] {logging_mixin.py:188} INFO - [2026-09-17T13:10:21.826+0000] {dag.py:3096} INFO - Sync 1 DAGs
[2026-09-17T13:10:21.849+0000] {logging_mixin.py:188} INFO - [2026-09-17T13:10:21.848+0000] {dag.py:3954} INFO - Setting next_dagrun for youtube_extraction to 2026-09-17 00:00:00+00:00, run_after=2026-09-18 00:00:00+00:00
[2026-09-17T13:10:21.867+0000] {processor.py:183} INFO - Processing /opt/airflow/dags/dag_extraction.py took 0.161 seconds
[2026-09-17T13:10:52.175+0000] {processor.py:161} INFO - Started process (PID=88) to work on /opt/airflow/dags/dag_extraction.py
[2026-09-17T13:10:52.177+0000] {processor.py:830} INFO - Processing file /opt/airflow/dags/dag_extraction.py for tasks to queue
[2026-09-17T13:10:52.180+0000] {logging_mixin.py:188} INFO - [2026-09-17T13:10:52.179+0000] {dagbag.py:545} INFO - Filling up the DagBag from /opt/airflow/dags/dag_extraction.py
[2026-09-17T13:10:52.257+0000] {processor.py:840} INFO - DAG(s) 'youtube_extraction' retrieved from /opt/airflow/dags/dag_extraction.py
[2026-09-17T13:10:52.281+0000] {logging_mixin.py:188} INFO - [2026-09-17T13:10:52.280+0000] {dag.py:3096} INFO - Sync 1 DAGs
[2026-09-17T13:10:52.304+0000] {logging_mixin.py:188} INFO - [2026-09-17T13:10:52.304+0000] {dag.py:3954} INFO - Setting next_dagrun for youtube_extraction to 2026-09-17 00:00:00+00:00, run_after=2026-09-18 00:00:00+00:00
[2026-09-17T13:10:52.324+0000] {processor.py:183} INFO - Processing /opt/airflow/dags/dag_extraction.py took 0.155 seconds
[2026-09-17T13:11:22.668+0000] {processor.py:161} INFO - Started process (PID=96) to work on /opt/airflow/dags/dag_extraction.py
[2026-09-17T13:11:22.670+0000] {processor.py:830} INFO - Processing file /opt/airflow/dags/dag_extraction.py for tasks to queue
[2026-09-17T13:11:22.673+0000] {logging_mixin.py:188} INFO - [2026-09-17T13:11:22.672+0000] {dagbag.py:545} INFO - Filling up the DagBag from /opt/airflow/dags/dag_extraction.py
[2026-09-17T13:11:22.746+0000] {processor.py:840} INFO - DAG(s) 'youtube_extraction' retrieved from /opt/airflow/dags/dag_extraction.py
[2026-09-17T13:11:22.768+0000] {logging_mixin.py:188} INFO - [2026-09-17T13:11:22.768+0000] {dag.py:3096} INFO - Sync 1 DAGs
[2026-09-17T13:11:22.792+0000] {logging_mixin.py:188} INFO - [2026-09-17T13:11:22.792+0000] {dag.py:3954} INFO - Setting next_dagrun for youtube_extraction to 2026-09-17 00:00:00+00:00, run_after=2026-09-18 00:00:00+00:00
[2026-09-17T13:11:22.813+0000] {processor.py:183} INFO - Processing /opt/airflow/dags/dag_extraction.py took 0.155 seconds
[2026-09-17T13:12:30.009+0000] {processor.py:161} INFO - Started process (PID=42) to work on /opt/airflow/dags/dag_extraction.py
[2026-09-17T13:12:30.012+0000] {processor.py:830} INFO - Processing file /opt/airflow/dags/dag_extraction.py for tasks to queue
[2026-09-17T13:12:30.017+0000] {logging_mixin.py:188} INFO - [2026-09-17T13:12:30.016+0000] {dagbag.py:545} INFO - Filling up the DagBag from /opt/airflow/dags/dag_extraction.py
[2026-09-17T13:12:30.283+0000] {processor.py:840} INFO - DAG(s) 'youtube_extraction' retrieved from /opt/airflow/dags/dag_extraction.py
[2026-09-17T13:12:30.431+0000] {logging_mixin.py:188} INFO - [2026-09-17T13:12:30.431+0000] {dag.py:3096} INFO - Sync 1 DAGs
[2026-09-17T13:12:30.452+0000] {logging_mixin.py:188} INFO - [2026-09-17T13:12:30.452+0000] {dag.py:3954} INFO - Setting next_dagrun for youtube_extraction to 2026-09-17 00:00:00+00:00, run_after=2026-09-18 00:00:00+00:00
[2026-09-17T13:12:30.477+0000] {processor.py:183} INFO - Processing /opt/airflow/dags/dag_extraction.py took 0.478 seconds
[2026-09-17T13:13:00.707+0000] {processor.py:161} INFO - Started process (PID=57) to work on /opt/airflow/dags/dag_extraction.py
[2026-09-17T13:13:00.710+0000] {processor.py:830} INFO - Processing file /opt/airflow/dags/dag_extraction.py for tasks to queue
[2026-09-17T13:13:00.716+0000] {logging_mixin.py:188} INFO - [2026-09-17T13:13:00.716+0000] {dagbag.py:545} INFO - Filling up the DagBag from /opt/airflow/dags/dag_extraction.py
[2026-09-17T13:13:00.804+0000] {processor.py:840} INFO - DAG(s) 'youtube_extraction' retrieved from /opt/airflow/dags/dag_extraction.py
[2026-09-17T13:13:00.828+0000] {logging_mixin.py:188} INFO - [2026-09-17T13:13:00.828+0000] {dag.py:3096} INFO - Sync 1 DAGs
[2026-09-17T13:13:00.851+0000] {logging_mixin.py:188} INFO - [2026-09-17T13:13:00.851+0000] {dag.py:3954} INFO - Setting next_dagrun for youtube_extraction to 2026-09-17 00:00:00+00:00, run_after=2026-09-18 00:00:00+00:00
[2026-09-17T13:13:00.870+0000] {processor.py:183} INFO - Processing /opt/airflow/dags/dag_extraction.py took 0.173 seconds
[2026-09-17T13:13:31.140+0000] {processor.py:161} INFO - Started process (PID=65) to work on /opt/airflow/dags/dag_extraction.py
[2026-09-17T13:13:31.142+0000] {processor.py:830} INFO - Processing file /opt/airflow/dags/dag_extraction.py for tasks to queue
[2026-09-17T13:13:31.146+0000] {logging_mixin.py:188} INFO - [2026-09-17T13:13:31.145+0000] {dagbag.py:545} INFO - Filling up the DagBag from /opt/airflow/dags/dag_extraction.py
[2026-09-17T13:13:31.224+0000] {processor.py:840} INFO - DAG(s) 'youtube_extraction' retrieved from /opt/airflow/dags/dag_extraction.py
[2026-09-17T13:13:31.246+0000] {logging_mixin.py:188} INFO - [2026-09-17T13:13:31.246+0000] {dag.py:3096} INFO - Sync 1 DAGs
[2026-09-17T13:13:31.269+0000] {logging_mixin.py:188} INFO - [2026-09-17T13:13:31.269+0000] {dag.py:3954} INFO - Setting next_dagrun for youtube_extraction to 2026-09-17 00:00:00+00:00, run_after=2026-09-18 00:00:00+00:00
[2026-09-17T13:13:31.289+0000] {processor.py:183} INFO - Processing /opt/airflow/dags/dag_extraction.py took 0.158 seconds
[2026-09-17T13:14:01.562+0000] {processor.py:161} INFO - Started process (PID=73) to work on /opt/airflow/dags/dag_extraction.py
[2026-09-17T13:14:01.565+0000] {processor.py:830} INFO - Processing file /opt/airflow/dags/dag_extraction.py for tasks to queue
[2026-09-17T13:14:01.570+0000] {logging_mixin.py:188} INFO - [2026-09-17T13:14:01.570+0000] {dagbag.py:545} INFO - Filling up the DagBag from /opt/airflow/dags/dag_extraction.py
[2026-09-17T13:14:01.699+0000] {processor.py:840} INFO - DAG(s) 'youtube_extraction' retrieved from /opt/airflow/dags/dag_extraction.py
[2026-09-17T13:14:01.724+0000] {logging_mixin.py:188} INFO - [2026-09-17T13:14:01.724+0000] {dag.py:3096} INFO - Sync 1 DAGs
[2026-09-17T13:14:01.748+0000] {logging_mixin.py:188} INFO - [2026-09-17T13:14:01.748+0000] {dag.py:3954} INFO - Setting next_dagrun for youtube_extraction to 2026-09-17 00:00:00+00:00, run_after=2026-09-18 00:00:00+00:00
[2026-09-17T13:14:01.768+0000] {processor.py:183} INFO - Processing /opt/airflow/dags/dag_extraction.py took 0.219 seconds
[2026-09-17T13:14:32.063+0000] {processor.py:161} INFO - Started process (PID=81) to work on /opt/airflow/dags/dag_extraction.py
[2026-09-17T13:14:32.066+0000] {processor.py:830} INFO - Processing file /opt/airflow/dags/dag_extraction.py for tasks to queue
[2026-09-17T13:14:32.071+0000] {logging_mixin.py:188} INFO - [2026-09-17T13:14:32.070+0000] {dagbag.py:545} INFO - Filling up the DagBag from /opt/airflow/dags/dag_extraction.py
[2026-09-17T13:14:32.154+0000] {processor.py:840} INFO - DAG(s) 'youtube_extraction' retrieved from /opt/airflow/dags/dag_extraction.py
[2026-09-17T13:14:32.175+0000] {logging_mixin.py:188} INFO - [2026-09-17T13:14:32.174+0000] {dag.py:3096} INFO - Sync 1 DAGs
[2026-09-17T13:14:32.200+0000] {logging_mixin.py:188} INFO - [2026-09-17T13:14:32.199+0000] {dag.py:3954} INFO - Setting next_dagrun for youtube_extraction to 2026-09-17 00:00:00+00:00, run_after=2026-09-18 00:00:00+00:00
[2026-09-17T13:14:32.218+0000] {processor.py:183} INFO - Processing /opt/airflow/dags/dag_extraction.py took 0.162 seconds
[2026-09-17T13:15:02.535+0000] {processor.py:161} INFO - Started process (PID=89) to work on /opt/airflow/dags/dag_extraction.py
[2026-09-17T13:15:02.539+0000] {processor.py:830} INFO - Processing file /opt/airflow/dags/dag_extraction.py for tasks to queue
[2026-09-17T13:15:02.542+0000] {logging_mixin.py:188} INFO - [2026-09-17T13:15:02.542+0000] {dagbag.py:545} INFO - Filling up the DagBag from /opt/airflow/dags/dag_extraction.py
[2026-09-17T13:15:02.616+0000] {processor.py:840} INFO - DAG(s) 'youtube_extraction' retrieved from /opt/airflow/dags/dag_extraction.py
[2026-09-17T13:15:02.639+0000] {logging_mixin.py:188} INFO - [2026-09-17T13:15:02.638+0000] {dag.py:3096} INFO - Sync 1 DAGs
[2026-09-17T13:15:02.661+0000] {logging_mixin.py:188} INFO - [2026-09-17T13:15:02.661+0000] {dag.py:3954} INFO - Setting next_dagrun for youtube_extraction to 2026-09-17 00:00:00+00:00, run_after=2026-09-18 00:00:00+00:00
[2026-09-17T13:15:02.679+0000] {processor.py:183} INFO - Processing /opt/airflow/dags/dag_extraction.py took 0.154 seconds
[2026-09-17T13:15:32.983+0000] {processor.py:161} INFO - Started process (PID=97) to work on /opt/airflow/dags/dag_extraction.py
[2026-09-17T13:15:32.985+0000] {processor.py:830} INFO - Processing file /opt/airflow/dags/dag_extraction.py for tasks to queue
[2026-09-17T13:15:32.989+0000] {logging_mixin.py:188} INFO - [2026-09-17T13:15:32.988+0000] {dagbag.py:545} INFO - Filling up the DagBag from /opt/airflow/dags/dag_extraction.py
[2026-09-17T13:15:33.062+0000] {processor.py:840} INFO - DAG(s) 'youtube_extraction' retrieved from /opt/airflow/dags/dag_extraction.py
[2026-09-17T13:15:33.084+0000] {logging_mixin.py:188} INFO - [2026-09-17T13:15:33.084+0000] {dag.py:3096} INFO - Sync 1 DAGs
[2026-09-17T13:15:33.107+0000] {logging_mixin.py:188} INFO - [2026-09-17T13:15:33.107+0000] {dag.py:3954} INFO - Setting next_dagrun for youtube_extraction to 2026-09-17 00:00:00+00:00, run_after=2026-09-18 00:00:00+00:00
[2026-09-17T13:15:33.126+0000] {processor.py:183} INFO - Processing /opt/airflow/dags/dag_extraction.py took 0.154 seconds
[2026-09-17T13:16:03.438+0000] {processor.py:161} INFO - Started process (PID=105) to work on /opt/airflow/dags/dag_extraction.py
[2026-09-17T13:16:03.442+0000] {processor.py:830} INFO - Processing file /opt/airflow/dags/dag_extraction.py for tasks to queue
[2026-09-17T13:16:03.445+0000] {logging_mixin.py:188} INFO - [2026-09-17T13:16:03.445+0000] {dagbag.py:545} INFO - Filling up the DagBag from /opt/airflow/dags/dag_extraction.py
[2026-09-17T13:16:03.528+0000] {processor.py:840} INFO - DAG(s) 'youtube_extraction' retrieved from /opt/airflow/dags/dag_extraction.py
[2026-09-17T13:16:03.553+0000] {logging_mixin.py:188} INFO - [2026-09-17T13:16:03.552+0000] {dag.py:3096} INFO - Sync 1 DAGs
[2026-09-17T13:16:03.577+0000] {logging_mixin.py:188} INFO - [2026-09-17T13:16:03.577+0000] {dag.py:3954} INFO - Setting next_dagrun for youtube_extraction to 2026-09-17 00:00:00+00:00, run_after=2026-09-18 00:00:00+00:00
[2026-09-17T13:16:03.599+0000] {processor.py:183} INFO - Processing /opt/airflow/dags/dag_extraction.py took 0.174 seconds
[2026-09-17T13:16:33.853+0000] {processor.py:161} INFO - Started process (PID=113) to work on /opt/airflow/dags/dag_extraction.py
[2026-09-17T13:16:33.859+0000] {processor.py:830} INFO - Processing file /opt/airflow/dags/dag_extraction.py for tasks to queue
[2026-09-17T13:16:33.863+0000] {logging_mixin.py:188} INFO - [2026-09-17T13:16:33.862+0000] {dagbag.py:545} INFO - Filling up the DagBag from /opt/airflow/dags/dag_extraction.py
[2026-09-17T13:16:34.019+0000] {processor.py:840} INFO - DAG(s) 'youtube_extraction' retrieved from /opt/airflow/dags/dag_extraction.py
[2026-09-17T13:16:34.047+0000] {logging_mixin.py:188} INFO - [2026-09-17T13:16:34.047+0000] {dag.py:3096} INFO - Sync 1 DAGs
[2026-09-17T13:16:34.078+0000] {logging_mixin.py:188} INFO - [2026-09-17T13:16:34.078+0000] {dag.py:3954} INFO - Setting next_dagrun for youtube_extraction to 2026-09-17 00:00:00+00:00, run_after=2026-09-18 00:00:00+00:00
[2026-09-17T13:16:34.097+0000] {processor.py:183} INFO - Processing /opt/airflow/dags/dag_extraction.py took 0.256 seconds
[2026-09-17T13:17:04.346+0000] {processor.py:161} INFO - Started process (PID=121) to work on /opt/airflow/dags/dag_extraction.py
[2026-09-17T13:17:04.349+0000] {processor.py:830} INFO - Processing file /opt/airflow/dags/dag_extraction.py for tasks to queue
[2026-09-17T13:17:04.353+0000] {logging_mixin.py:188} INFO - [2026-09-17T13:17:04.352+0000] {dagbag.py:545} INFO - Filling up the DagBag from /opt/airflow/dags/dag_extraction.py
[2026-09-17T13:17:04.440+0000] {processor.py:840} INFO - DAG(s) 'youtube_extraction' retrieved from /opt/airflow/dags/dag_extraction.py
[2026-09-17T13:17:04.464+0000] {logging_mixin.py:188} INFO - [2026-09-17T13:17:04.464+0000] {dag.py:3096} INFO - Sync 1 DAGs
[2026-09-17T13:17:04.490+0000] {logging_mixin.py:188} INFO - [2026-09-17T13:17:04.490+0000] {dag.py:3954} INFO - Setting next_dagrun for youtube_extraction to 2026-09-17 00:00:00+00:00, run_after=2026-09-18 00:00:00+00:00
[2026-09-17T13:17:04.516+0000] {processor.py:183} INFO - Processing /opt/airflow/dags/dag_extraction.py took 0.186 seconds
[2026-09-17T13:17:34.800+0000] {processor.py:161} INFO - Started process (PID=129) to work on /opt/airflow/dags/dag_extraction.py
[2026-09-17T13:17:34.809+0000] {processor.py:830} INFO - Processing file /opt/airflow/dags/dag_extraction.py for tasks to queue
[2026-09-17T13:17:34.812+0000] {logging_mixin.py:188} INFO - [2026-09-17T13:17:34.812+0000] {dagbag.py:545} INFO - Filling up the DagBag from /opt/airflow/dags/dag_extraction.py
[2026-09-17T13:17:34.896+0000] {processor.py:840} INFO - DAG(s) 'youtube_extraction' retrieved from /opt/airflow/dags/dag_extraction.py
[2026-09-17T13:17:34.919+0000] {logging_mixin.py:188} INFO - [2026-09-17T13:17:34.918+0000] {dag.py:3096} INFO - Sync 1 DAGs
[2026-09-17T13:17:34.944+0000] {logging_mixin.py:188} INFO - [2026-09-17T13:17:34.943+0000] {dag.py:3954} INFO - Setting next_dagrun for youtube_extraction to 2026-09-17 00:00:00+00:00, run_after=2026-09-18 00:00:00+00:00
[2026-09-17T13:17:34.963+0000] {processor.py:183} INFO - Processing /opt/airflow/dags/dag_extraction.py took 0.173 seconds
[2026-09-17T13:18:05.267+0000] {processor.py:161} INFO - Started process (PID=137) to work on /opt/airflow/dags/dag_extraction.py
[2026-09-17T13:18:05.270+0000] {processor.py:830} INFO - Processing file /opt/airflow/dags/dag_extraction.py for tasks to queue
[2026-09-17T13:18:05.274+0000] {logging_mixin.py:188} INFO - [2026-09-17T13:18:05.274+0000] {dagbag.py:545} INFO - Filling up the DagBag from /opt/airflow/dags/dag_extraction.py
[2026-09-17T13:18:05.354+0000] {processor.py:840} INFO - DAG(s) 'youtube_extraction' retrieved from /opt/airflow/dags/dag_extraction.py
[2026-09-17T13:18:05.376+0000] {logging_mixin.py:188} INFO - [2026-09-17T13:18:05.375+0000] {dag.py:3096} INFO - Sync 1 DAGs
[2026-09-17T13:18:05.401+0000] {logging_mixin.py:188} INFO - [2026-09-17T13:18:05.401+0000] {dag.py:3954} INFO - Setting next_dagrun for youtube_extraction to 2026-09-17 00:00:00+00:00, run_after=2026-09-18 00:00:00+00:00
[2026-09-17T13:18:05.419+0000] {processor.py:183} INFO - Processing /opt/airflow/dags/dag_extraction.py took 0.162 seconds
[2026-09-17T13:18:35.732+0000] {processor.py:161} INFO - Started process (PID=145) to work on /opt/airflow/dags/dag_extraction.py
[2026-09-17T13:18:35.735+0000] {processor.py:830} INFO - Processing file /opt/airflow/dags/dag_extraction.py for tasks to queue
[2026-09-17T13:18:35.738+0000] {logging_mixin.py:188} INFO - [2026-09-17T13:18:35.737+0000] {dagbag.py:545} INFO - Filling up the DagBag from /opt/airflow/dags/dag_extraction.py
[2026-09-17T13:18:35.808+0000] {processor.py:840} INFO - DAG(s) 'youtube_extraction' retrieved from /opt/airflow/dags/dag_extraction.py
[2026-09-17T13:18:35.831+0000] {logging_mixin.py:188} INFO - [2026-09-17T13:18:35.830+0000] {dag.py:3096} INFO - Sync 1 DAGs
[2026-09-17T13:18:35.854+0000] {logging_mixin.py:188} INFO - [2026-09-17T13:18:35.853+0000] {dag.py:3954} INFO - Setting next_dagrun for youtube_extraction to 2026-09-17 00:00:00+00:00, run_after=2026-09-18 00:00:00+00:00
[2026-09-17T13:18:35.873+0000] {processor.py:183} INFO - Processing /opt/airflow/dags/dag_extraction.py took 0.148 seconds
[2026-09-17T13:19:06.164+0000] {processor.py:161} INFO - Started process (PID=153) to work on /opt/airflow/dags/dag_extraction.py
[2026-09-17T13:19:06.166+0000] {processor.py:830} INFO - Processing file /opt/airflow/dags/dag_extraction.py for tasks to queue
[2026-09-17T13:19:06.169+0000] {logging_mixin.py:188} INFO - [2026-09-17T13:19:06.169+0000] {dagbag.py:545} INFO - Filling up the DagBag from /opt/airflow/dags/dag_extraction.py
[2026-09-17T13:19:06.247+0000] {processor.py:840} INFO - DAG(s) 'youtube_extraction' retrieved from /opt/airflow/dags/dag_extraction.py
[2026-09-17T13:19:06.273+0000] {logging_mixin.py:188} INFO - [2026-09-17T13:19:06.273+0000] {dag.py:3096} INFO - Sync 1 DAGs
[2026-09-17T13:19:06.296+0000] {logging_mixin.py:188} INFO - [2026-09-17T13:19:06.295+0000] {dag.py:3954} INFO - Setting next_dagrun for youtube_extraction to 2026-09-17 00:00:00+00:00, run_after=2026-09-18 00:00:00+00:00
[2026-09-17T13:19:06.315+0000] {processor.py:183} INFO - Processing /opt/airflow/dags/dag_extraction.py took 0.160 seconds
[2026-09-17T13:19:36.602+0000] {processor.py:161} INFO - Started process (PID=161) to work on /opt/airflow/dags/dag_extraction.py
[2026-09-17T13:19:36.604+0000] {processor.py:830} INFO - Processing file /opt/airflow/dags/dag_extraction.py for tasks to queue
[2026-09-17T13:19:36.607+0000] {logging_mixin.py:188} INFO - [2026-09-17T13:19:36.607+0000] {dagbag.py:545} INFO - Filling up the DagBag from /opt/airflow/dags/dag_extraction.py
[2026-09-17T13:19:36.681+0000] {processor.py:840} INFO - DAG(s) 'youtube_extraction' retrieved from /opt/airflow/dags/dag_extraction.py
[2026-09-17T13:19:36.703+0000] {logging_mixin.py:188} INFO - [2026-09-17T13:19:36.703+0000] {dag.py:3096} INFO - Sync 1 DAGs
[2026-09-17T13:19:36.726+0000] {logging_mixin.py:188} INFO - [2026-09-17T13:19:36.725+0000] {dag.py:3954} INFO - Setting next_dagrun for youtube_extraction to 2026-09-17 00:00:00+00:00, run_after=2026-09-18 00:00:00+00:00
[2026-09-17T13:19:36.745+0000] {processor.py:183} INFO - Processing /opt/airflow/dags/dag_extraction.py took 0.151 seconds
[2026-09-17T13:20:07.106+0000] {processor.py:161} INFO - Started process (PID=169) to work on /opt/airflow/dags/dag_extraction.py
[2026-09-17T13:20:07.111+0000] {processor.py:830} INFO - Processing file /opt/airflow/dags/dag_extraction.py for tasks to queue
[2026-09-17T13:20:07.114+0000] {logging_mixin.py:188} INFO - [2026-09-17T13:20:07.114+0000] {dagbag.py:545} INFO - Filling up the DagBag from /opt/airflow/dags/dag_extraction.py
[2026-09-17T13:20:07.193+0000] {processor.py:840} INFO - DAG(s) 'youtube_extraction' retrieved from /opt/airflow/dags/dag_extraction.py
[2026-09-17T13:20:07.216+0000] {logging_mixin.py:188} INFO - [2026-09-17T13:20:07.216+0000] {dag.py:3096} INFO - Sync 1 DAGs
[2026-09-17T13:20:07.245+0000] {logging_mixin.py:188} INFO - [2026-09-17T13:20:07.245+0000] {dag.py:3954} INFO - Setting next_dagrun for youtube_extraction to 2026-09-17 00:00:00+00:00, run_after=2026-09-18 00:00:00+00:00
[2026-09-17T13:20:07.270+0000] {processor.py:183} INFO - Processing /opt/airflow/dags/dag_extraction.py took 0.173 seconds
[2026-09-17T13:20:37.580+0000] {processor.py:161} INFO - Started process (PID=177) to work on /opt/airflow/dags/dag_extraction.py
[2026-09-17T13:20:37.583+0000] {processor.py:830} INFO - Processing file /opt/airflow/dags/dag_extraction.py for tasks to queue
[2026-09-17T13:20:37.587+0000] {logging_mixin.py:188} INFO - [2026-09-17T13:20:37.587+0000] {dagbag.py:545} INFO - Filling up the DagBag from /opt/airflow/dags/dag_extraction.py
[2026-09-17T13:20:37.673+0000] {processor.py:840} INFO - DAG(s) 'youtube_extraction' retrieved from /opt/airflow/dags/dag_extraction.py
[2026-09-17T13:20:37.695+0000] {logging_mixin.py:188} INFO - [2026-09-17T13:20:37.695+0000] {dag.py:3096} INFO - Sync 1 DAGs
[2026-09-17T13:20:37.720+0000] {logging_mixin.py:188} INFO - [2026-09-17T13:20:37.720+0000] {dag.py:3954} INFO - Setting next_dagrun for youtube_extraction to 2026-09-17 00:00:00+00:00, run_after=2026-09-18 00:00:00+00:00
[2026-09-17T13:20:37.740+0000] {processor.py:183} INFO - Processing /opt/airflow/dags/dag_extraction.py took 0.172 seconds
[2026-09-17T13:21:08.011+0000] {processor.py:161} INFO - Started process (PID=185) to work on /opt/airflow/dags/dag_extraction.py
[2026-09-17T13:21:08.013+0000] {processor.py:830} INFO - Processing file /opt/airflow/dags/dag_extraction.py for tasks to queue
[2026-09-17T13:21:08.017+0000] {logging_mixin.py:188} INFO - [2026-09-17T13:21:08.017+0000] {dagbag.py:545} INFO - Filling up the DagBag from /opt/airflow/dags/dag_extraction.py
[2026-09-17T13:21:08.090+0000] {processor.py:840} INFO - DAG(s) 'youtube_extraction' retrieved from /opt/airflow/dags/dag_extraction.py
[2026-09-17T13:21:08.113+0000] {logging_mixin.py:188} INFO - [2026-09-17T13:21:08.112+0000] {dag.py:3096} INFO - Sync 1 DAGs
[2026-09-17T13:21:08.137+0000] {logging_mixin.py:188} INFO - [2026-09-17T13:21:08.137+0000] {dag.py:3954} INFO - Setting next_dagrun for youtube_extraction to 2026-09-17 00:00:00+00:00, run_after=2026-09-18 00:00:00+00:00
[2026-09-17T13:21:08.156+0000] {processor.py:183} INFO - Processing /opt/airflow/dags/dag_extraction.py took 0.153 seconds
[2026-09-17T13:21:38.448+0000] {processor.py:161} INFO - Started process (PID=193) to work on /opt/airflow/dags/dag_extraction.py
[2026-09-17T13:21:38.450+0000] {processor.py:830} INFO - Processing file /opt/airflow/dags/dag_extraction.py for tasks to queue
[2026-09-17T13:21:38.456+0000] {logging_mixin.py:188} INFO - [2026-09-17T13:21:38.455+0000] {dagbag.py:545} INFO - Filling up the DagBag from /opt/airflow/dags/dag_extraction.py
[2026-09-17T13:21:38.544+0000] {processor.py:840} INFO - DAG(s) 'youtube_extraction' retrieved from /opt/airflow/dags/dag_extraction.py
[2026-09-17T13:21:38.572+0000] {logging_mixin.py:188} INFO - [2026-09-17T13:21:38.572+0000] {dag.py:3096} INFO - Sync 1 DAGs
[2026-09-17T13:21:38.605+0000] {logging_mixin.py:188} INFO - [2026-09-17T13:21:38.604+0000] {dag.py:3954} INFO - Setting next_dagrun for youtube_extraction to 2026-09-17 00:00:00+00:00, run_after=2026-09-18 00:00:00+00:00
[2026-09-17T13:21:38.633+0000] {processor.py:183} INFO - Processing /opt/airflow/dags/dag_extraction.py took 0.197 seconds
[2026-09-17T13:22:08.920+0000] {processor.py:161} INFO - Started process (PID=201) to work on /opt/airflow/dags/dag_extraction.py
[2026-09-17T13:22:08.922+0000] {processor.py:830} INFO - Processing file /opt/airflow/dags/dag_extraction.py for tasks to queue
[2026-09-17T13:22:08.926+0000] {logging_mixin.py:188} INFO - [2026-09-17T13:22:08.925+0000] {dagbag.py:545} INFO - Filling up the DagBag from /opt/airflow/dags/dag_extraction.py
[2026-09-17T13:22:09.003+0000] {processor.py:840} INFO - DAG(s) 'youtube_extraction' retrieved from /opt/airflow/dags/dag_extraction.py
[2026-09-17T13:22:09.025+0000] {logging_mixin.py:188} INFO - [2026-09-17T13:22:09.025+0000] {dag.py:3096} INFO - Sync 1 DAGs
[2026-09-17T13:22:09.047+0000] {logging_mixin.py:188} INFO - [2026-09-17T13:22:09.047+0000] {dag.py:3954} INFO - Setting next_dagrun for youtube_extraction to 2026-09-17 00:00:00+00:00, run_after=2026-09-18 00:00:00+00:00
[2026-09-17T13:22:09.067+0000] {processor.py:183} INFO - Processing /opt/airflow/dags/dag_extraction.py took 0.157 seconds
[2026-09-17T13:22:39.388+0000] {processor.py:161} INFO - Started process (PID=209) to work on /opt/airflow/dags/dag_extraction.py
[2026-09-17T13:22:39.390+0000] {processor.py:830} INFO - Processing file /opt/airflow/dags/dag_extraction.py for tasks to queue
[2026-09-17T13:22:39.394+0000] {logging_mixin.py:188} INFO - [2026-09-17T13:22:39.393+0000] {dagbag.py:545} INFO - Filling up the DagBag from /opt/airflow/dags/dag_extraction.py
[2026-09-17T13:22:39.464+0000] {processor.py:840} INFO - DAG(s) 'youtube_extraction' retrieved from /opt/airflow/dags/dag_extraction.py
[2026-09-17T13:22:39.484+0000] {logging_mixin.py:188} INFO - [2026-09-17T13:22:39.484+0000] {dag.py:3096} INFO - Sync 1 DAGs
[2026-09-17T13:22:39.506+0000] {logging_mixin.py:188} INFO - [2026-09-17T13:22:39.506+0000] {dag.py:3954} INFO - Setting next_dagrun for youtube_extraction to 2026-09-17 00:00:00+00:00, run_after=2026-09-18 00:00:00+00:00
[2026-09-17T13:22:39.539+0000] {processor.py:183} INFO - Processing /opt/airflow/dags/dag_extraction.py took 0.158 seconds
[2026-09-17T13:23:09.814+0000] {processor.py:161} INFO - Started process (PID=217) to work on /opt/airflow/dags/dag_extraction.py
[2026-09-17T13:23:09.816+0000] {processor.py:830} INFO - Processing file /opt/airflow/dags/dag_extraction.py for tasks to queue
[2026-09-17T13:23:09.820+0000] {logging_mixin.py:188} INFO - [2026-09-17T13:23:09.819+0000] {dagbag.py:545} INFO - Filling up the DagBag from /opt/airflow/dags/dag_extraction.py
[2026-09-17T13:23:09.905+0000] {processor.py:840} INFO - DAG(s) 'youtube_extraction' retrieved from /opt/airflow/dags/dag_extraction.py
[2026-09-17T13:23:09.926+0000] {logging_mixin.py:188} INFO - [2026-09-17T13:23:09.926+0000] {dag.py:3096} INFO - Sync 1 DAGs
[2026-09-17T13:23:09.951+0000] {logging_mixin.py:188} INFO - [2026-09-17T13:23:09.951+0000] {dag.py:3954} INFO - Setting next_dagrun for youtube_extraction to 2026-09-17 00:00:00+00:00, run_after=2026-09-18 00:00:00+00:00
[2026-09-17T13:23:09.972+0000] {processor.py:183} INFO - Processing /opt/airflow/dags/dag_extraction.py took 0.166 seconds
[2026-09-17T13:23:40.234+0000] {processor.py:161} INFO - Started process (PID=225) to work on /opt/airflow/dags/dag_extraction.py
[2026-09-17T13:23:40.237+0000] {processor.py:830} INFO - Processing file /opt/airflow/dags/dag_extraction.py for tasks to queue
[2026-09-17T13:23:40.240+0000] {logging_mixin.py:188} INFO - [2026-09-17T13:23:40.240+0000] {dagbag.py:545} INFO - Filling up the DagBag from /opt/airflow/dags/dag_extraction.py
[2026-09-17T13:23:40.314+0000] {processor.py:840} INFO - DAG(s) 'youtube_extraction' retrieved from /opt/airflow/dags/dag_extraction.py
[2026-09-17T13:23:40.338+0000] {logging_mixin.py:188} INFO - [2026-09-17T13:23:40.337+0000] {dag.py:3096} INFO - Sync 1 DAGs
[2026-09-17T13:23:40.362+0000] {logging_mixin.py:188} INFO - [2026-09-17T13:23:40.362+0000] {dag.py:3954} INFO - Setting next_dagrun for youtube_extraction to 2026-09-17 00:00:00+00:00, run_after=2026-09-18 00:00:00+00:00
[2026-09-17T13:23:40.383+0000] {processor.py:183} INFO - Processing /opt/airflow/dags/dag_extraction.py took 0.160 seconds
[2026-09-17T13:24:10.643+0000] {processor.py:161} INFO - Started process (PID=233) to work on /opt/airflow/dags/dag_extraction.py
[2026-09-17T13:24:10.646+0000] {processor.py:830} INFO - Processing file /opt/airflow/dags/dag_extraction.py for tasks to queue
[2026-09-17T13:24:10.649+0000] {logging_mixin.py:188} INFO - [2026-09-17T13:24:10.649+0000] {dagbag.py:545} INFO - Filling up the DagBag from /opt/airflow/dags/dag_extraction.py
[2026-09-17T13:24:10.720+0000] {processor.py:840} INFO - DAG(s) 'youtube_extraction' retrieved from /opt/airflow/dags/dag_extraction.py
[2026-09-17T13:24:10.741+0000] {logging_mixin.py:188} INFO - [2026-09-17T13:24:10.741+0000] {dag.py:3096} INFO - Sync 1 DAGs
[2026-09-17T13:24:10.763+0000] {logging_mixin.py:188} INFO - [2026-09-17T13:24:10.763+0000] {dag.py:3954} INFO - Setting next_dagrun for youtube_extraction to 2026-09-17 00:00:00+00:00, run_after=2026-09-18 00:00:00+00:00
[2026-09-17T13:24:10.782+0000] {processor.py:183} INFO - Processing /opt/airflow/dags/dag_extraction.py took 0.146 seconds
[2026-09-17T13:24:41.048+0000] {processor.py:161} INFO - Started process (PID=241) to work on /opt/airflow/dags/dag_extraction.py
[2026-09-17T13:24:41.051+0000] {processor.py:830} INFO - Processing file /opt/airflow/dags/dag_extraction.py for tasks to queue
[2026-09-17T13:24:41.055+0000] {logging_mixin.py:188} INFO - [2026-09-17T13:24:41.055+0000] {dagbag.py:545} INFO - Filling up the DagBag from /opt/airflow/dags/dag_extraction.py
[2026-09-17T13:24:41.140+0000] {processor.py:840} INFO - DAG(s) 'youtube_extraction' retrieved from /opt/airflow/dags/dag_extraction.py
[2026-09-17T13:24:41.164+0000] {logging_mixin.py:188} INFO - [2026-09-17T13:24:41.163+0000] {dag.py:3096} INFO - Sync 1 DAGs
[2026-09-17T13:24:41.189+0000] {logging_mixin.py:188} INFO - [2026-09-17T13:24:41.189+0000] {dag.py:3954} INFO - Setting next_dagrun for youtube_extraction to 2026-09-17 00:00:00+00:00, run_after=2026-09-18 00:00:00+00:00
[2026-09-17T13:24:41.209+0000] {processor.py:183} INFO - Processing /opt/airflow/dags/dag_extraction.py took 0.169 seconds
[2026-09-17T13:25:11.516+0000] {processor.py:161} INFO - Started process (PID=249) to work on /opt/airflow/dags/dag_extraction.py
[2026-09-17T13:25:11.519+0000] {processor.py:830} INFO - Processing file /opt/airflow/dags/dag_extraction.py for tasks to queue
[2026-09-17T13:25:11.523+0000] {logging_mixin.py:188} INFO - [2026-09-17T13:25:11.522+0000] {dagbag.py:545} INFO - Filling up the DagBag from /opt/airflow/dags/dag_extraction.py
[2026-09-17T13:25:11.611+0000] {processor.py:840} INFO - DAG(s) 'youtube_extraction' retrieved from /opt/airflow/dags/dag_extraction.py
[2026-09-17T13:25:11.638+0000] {logging_mixin.py:188} INFO - [2026-09-17T13:25:11.637+0000] {dag.py:3096} INFO - Sync 1 DAGs
[2026-09-17T13:25:11.665+0000] {logging_mixin.py:188} INFO - [2026-09-17T13:25:11.664+0000] {dag.py:3954} INFO - Setting next_dagrun for youtube_extraction to 2026-09-17 00:00:00+00:00, run_after=2026-09-18 00:00:00+00:00
[2026-09-17T13:25:11.685+0000] {processor.py:183} INFO - Processing /opt/airflow/dags/dag_extraction.py took 0.179 seconds
[2026-09-17T13:25:41.932+0000] {processor.py:161} INFO - Started process (PID=261) to work on /opt/airflow/dags/dag_extraction.py
[2026-09-17T13:25:41.933+0000] {processor.py:830} INFO - Processing file /opt/airflow/dags/dag_extraction.py for tasks to queue
[2026-09-17T13:25:41.936+0000] {logging_mixin.py:188} INFO - [2026-09-17T13:25:41.936+0000] {dagbag.py:545} INFO - Filling up the DagBag from /opt/airflow/dags/dag_extraction.py
[2026-09-17T13:25:42.005+0000] {processor.py:840} INFO - DAG(s) 'youtube_extraction' retrieved from /opt/airflow/dags/dag_extraction.py
[2026-09-17T13:25:42.051+0000] {logging_mixin.py:188} INFO - [2026-09-17T13:25:42.050+0000] {dag.py:3096} INFO - Sync 1 DAGs
[2026-09-17T13:25:42.076+0000] {logging_mixin.py:188} INFO - [2026-09-17T13:25:42.075+0000] {dag.py:3954} INFO - Setting next_dagrun for youtube_extraction to 2026-09-17 00:00:00+00:00, run_after=2026-09-18 00:00:00+00:00
[2026-09-17T13:25:42.097+0000] {processor.py:183} INFO - Processing /opt/airflow/dags/dag_extraction.py took 0.174 seconds
[2026-09-17T13:26:12.373+0000] {processor.py:161} INFO - Started process (PID=269) to work on /opt/airflow/dags/dag_extraction.py
[2026-09-17T13:26:12.375+0000] {processor.py:830} INFO - Processing file /opt/airflow/dags/dag_extraction.py for tasks to queue
[2026-09-17T13:26:12.379+0000] {logging_mixin.py:188} INFO - [2026-09-17T13:26:12.378+0000] {dagbag.py:545} INFO - Filling up the DagBag from /opt/airflow/dags/dag_extraction.py
[2026-09-17T13:26:12.462+0000] {processor.py:840} INFO - DAG(s) 'youtube_extraction' retrieved from /opt/airflow/dags/dag_extraction.py
[2026-09-17T13:26:12.485+0000] {logging_mixin.py:188} INFO - [2026-09-17T13:26:12.485+0000] {dag.py:3096} INFO - Sync 1 DAGs
[2026-09-17T13:26:12.510+0000] {logging_mixin.py:188} INFO - [2026-09-17T13:26:12.510+0000] {dag.py:3954} INFO - Setting next_dagrun for youtube_extraction to 2026-09-17 00:00:00+00:00, run_after=2026-09-18 00:00:00+00:00
[2026-09-17T13:26:12.532+0000] {processor.py:183} INFO - Processing /opt/airflow/dags/dag_extraction.py took 0.170 seconds
[2026-09-17T13:26:42.798+0000] {processor.py:161} INFO - Started process (PID=277) to work on /opt/airflow/dags/dag_extraction.py
[2026-09-17T13:26:42.800+0000] {processor.py:830} INFO - Processing file /opt/airflow/dags/dag_extraction.py for tasks to queue
[2026-09-17T13:26:42.804+0000] {logging_mixin.py:188} INFO - [2026-09-17T13:26:42.804+0000] {dagbag.py:545} INFO - Filling up the DagBag from /opt/airflow/dags/dag_extraction.py
[2026-09-17T13:26:42.907+0000] {processor.py:840} INFO - DAG(s) 'youtube_extraction' retrieved from /opt/airflow/dags/dag_extraction.py
[2026-09-17T13:26:42.936+0000] {logging_mixin.py:188} INFO - [2026-09-17T13:26:42.936+0000] {dag.py:3096} INFO - Sync 1 DAGs
[2026-09-17T13:26:42.959+0000] {logging_mixin.py:188} INFO - [2026-09-17T13:26:42.958+0000] {dag.py:3954} INFO - Setting next_dagrun for youtube_extraction to 2026-09-17 00:00:00+00:00, run_after=2026-09-18 00:00:00+00:00
[2026-09-17T13:26:42.978+0000] {processor.py:183} INFO - Processing /opt/airflow/dags/dag_extraction.py took 0.193 seconds
[2026-09-17T13:27:13.277+0000] {processor.py:161} INFO - Started process (PID=286) to work on /opt/airflow/dags/dag_extraction.py
[2026-09-17T13:27:13.280+0000] {processor.py:830} INFO - Processing file /opt/airflow/dags/dag_extraction.py for tasks to queue
[2026-09-17T13:27:13.283+0000] {logging_mixin.py:188} INFO - [2026-09-17T13:27:13.283+0000] {dagbag.py:545} INFO - Filling up the DagBag from /opt/airflow/dags/dag_extraction.py
[2026-09-17T13:27:13.361+0000] {processor.py:840} INFO - DAG(s) 'youtube_extraction' retrieved from /opt/airflow/dags/dag_extraction.py
[2026-09-17T13:27:13.382+0000] {logging_mixin.py:188} INFO - [2026-09-17T13:27:13.382+0000] {dag.py:3096} INFO - Sync 1 DAGs
[2026-09-17T13:27:13.404+0000] {logging_mixin.py:188} INFO - [2026-09-17T13:27:13.404+0000] {dag.py:3954} INFO - Setting next_dagrun for youtube_extraction to 2026-09-17 00:00:00+00:00, run_after=2026-09-18 00:00:00+00:00
[2026-09-17T13:27:13.424+0000] {processor.py:183} INFO - Processing /opt/airflow/dags/dag_extraction.py took 0.157 seconds
[2026-09-17T13:27:43.753+0000] {processor.py:161} INFO - Started process (PID=294) to work on /opt/airflow/dags/dag_extraction.py
[2026-09-17T13:27:43.755+0000] {processor.py:830} INFO - Processing file /opt/airflow/dags/dag_extraction.py for tasks to queue
[2026-09-17T13:27:43.759+0000] {logging_mixin.py:188} INFO - [2026-09-17T13:27:43.758+0000] {dagbag.py:545} INFO - Filling up the DagBag from /opt/airflow/dags/dag_extraction.py
[2026-09-17T13:27:43.859+0000] {processor.py:840} INFO - DAG(s) 'youtube_extraction' retrieved from /opt/airflow/dags/dag_extraction.py
[2026-09-17T13:27:43.883+0000] {logging_mixin.py:188} INFO - [2026-09-17T13:27:43.882+0000] {dag.py:3096} INFO - Sync 1 DAGs
[2026-09-17T13:27:43.919+0000] {logging_mixin.py:188} INFO - [2026-09-17T13:27:43.918+0000] {dag.py:3954} INFO - Setting next_dagrun for youtube_extraction to 2026-09-17 00:00:00+00:00, run_after=2026-09-18 00:00:00+00:00
[2026-09-17T13:27:43.945+0000] {processor.py:183} INFO - Processing /opt/airflow/dags/dag_extraction.py took 0.200 seconds
[2026-09-17T13:28:14.210+0000] {processor.py:161} INFO - Started process (PID=302) to work on /opt/airflow/dags/dag_extraction.py
[2026-09-17T13:28:14.214+0000] {processor.py:830} INFO - Processing file /opt/airflow/dags/dag_extraction.py for tasks to queue
[2026-09-17T13:28:14.218+0000] {logging_mixin.py:188} INFO - [2026-09-17T13:28:14.217+0000] {dagbag.py:545} INFO - Filling up the DagBag from /opt/airflow/dags/dag_extraction.py
[2026-09-17T13:28:14.323+0000] {processor.py:840} INFO - DAG(s) 'youtube_extraction' retrieved from /opt/airflow/dags/dag_extraction.py
[2026-09-17T13:28:14.346+0000] {logging_mixin.py:188} INFO - [2026-09-17T13:28:14.345+0000] {dag.py:3096} INFO - Sync 1 DAGs
[2026-09-17T13:28:14.376+0000] {logging_mixin.py:188} INFO - [2026-09-17T13:28:14.376+0000] {dag.py:3954} INFO - Setting next_dagrun for youtube_extraction to 2026-09-17 00:00:00+00:00, run_after=2026-09-18 00:00:00+00:00
[2026-09-17T13:28:14.407+0000] {processor.py:183} INFO - Processing /opt/airflow/dags/dag_extraction.py took 0.211 seconds
[2026-09-17T13:28:44.626+0000] {processor.py:161} INFO - Started process (PID=310) to work on /opt/airflow/dags/dag_extraction.py
[2026-09-17T13:28:44.628+0000] {processor.py:830} INFO - Processing file /opt/airflow/dags/dag_extraction.py for tasks to queue
[2026-09-17T13:28:44.630+0000] {logging_mixin.py:188} INFO - [2026-09-17T13:28:44.629+0000] {dagbag.py:545} INFO - Filling up the DagBag from /opt/airflow/dags/dag_extraction.py
[2026-09-17T13:28:44.708+0000] {processor.py:840} INFO - DAG(s) 'youtube_extraction' retrieved from /opt/airflow/dags/dag_extraction.py
[2026-09-17T13:28:44.744+0000] {logging_mixin.py:188} INFO - [2026-09-17T13:28:44.743+0000] {dag.py:3096} INFO - Sync 1 DAGs
[2026-09-17T13:28:44.797+0000] {logging_mixin.py:188} INFO - [2026-09-17T13:28:44.797+0000] {dag.py:3954} INFO - Setting next_dagrun for youtube_extraction to 2026-09-17 00:00:00+00:00, run_after=2026-09-18 00:00:00+00:00
[2026-09-17T13:28:44.817+0000] {processor.py:183} INFO - Processing /opt/airflow/dags/dag_extraction.py took 0.198 seconds
[2026-09-17T13:29:15.104+0000] {processor.py:161} INFO - Started process (PID=318) to work on /opt/airflow/dags/dag_extraction.py
[2026-09-17T13:29:15.109+0000] {processor.py:830} INFO - Processing file /opt/airflow/dags/dag_extraction.py for tasks to queue
[2026-09-17T13:29:15.114+0000] {logging_mixin.py:188} INFO - [2026-09-17T13:29:15.113+0000] {dagbag.py:545} INFO - Filling up the DagBag from /opt/airflow/dags/dag_extraction.py
[2026-09-17T13:29:15.319+0000] {processor.py:840} INFO - DAG(s) 'youtube_extraction' retrieved from /opt/airflow/dags/dag_extraction.py
[2026-09-17T13:29:15.348+0000] {logging_mixin.py:188} INFO - [2026-09-17T13:29:15.347+0000] {dag.py:3096} INFO - Sync 1 DAGs
[2026-09-17T13:29:15.376+0000] {logging_mixin.py:188} INFO - [2026-09-17T13:29:15.375+0000] {dag.py:3954} INFO - Setting next_dagrun for youtube_extraction to 2026-09-17 00:00:00+00:00, run_after=2026-09-18 00:00:00+00:00
[2026-09-17T13:29:15.404+0000] {processor.py:183} INFO - Processing /opt/airflow/dags/dag_extraction.py took 0.319 seconds
[2026-09-17T13:29:45.834+0000] {processor.py:161} INFO - Started process (PID=326) to work on /opt/airflow/dags/dag_extraction.py
[2026-09-17T13:29:45.838+0000] {processor.py:830} INFO - Processing file /opt/airflow/dags/dag_extraction.py for tasks to queue
[2026-09-17T13:29:45.841+0000] {logging_mixin.py:188} INFO - [2026-09-17T13:29:45.840+0000] {dagbag.py:545} INFO - Filling up the DagBag from /opt/airflow/dags/dag_extraction.py
[2026-09-17T13:29:45.950+0000] {processor.py:840} INFO - DAG(s) 'youtube_extraction' retrieved from /opt/airflow/dags/dag_extraction.py
[2026-09-17T13:29:45.980+0000] {logging_mixin.py:188} INFO - [2026-09-17T13:29:45.979+0000] {dag.py:3096} INFO - Sync 1 DAGs
[2026-09-17T13:29:46.008+0000] {logging_mixin.py:188} INFO - [2026-09-17T13:29:46.008+0000] {dag.py:3954} INFO - Setting next_dagrun for youtube_extraction to 2026-09-17 00:00:00+00:00, run_after=2026-09-18 00:00:00+00:00
[2026-09-17T13:29:46.034+0000] {processor.py:183} INFO - Processing /opt/airflow/dags/dag_extraction.py took 0.211 seconds
[2026-09-17T13:30:16.429+0000] {processor.py:161} INFO - Started process (PID=334) to work on /opt/airflow/dags/dag_extraction.py
[2026-09-17T13:30:16.436+0000] {processor.py:830} INFO - Processing file /opt/airflow/dags/dag_extraction.py for tasks to queue
[2026-09-17T13:30:16.441+0000] {logging_mixin.py:188} INFO - [2026-09-17T13:30:16.440+0000] {dagbag.py:545} INFO - Filling up the DagBag from /opt/airflow/dags/dag_extraction.py
[2026-09-17T13:30:16.615+0000] {processor.py:840} INFO - DAG(s) 'youtube_extraction' retrieved from /opt/airflow/dags/dag_extraction.py
[2026-09-17T13:30:16.656+0000] {logging_mixin.py:188} INFO - [2026-09-17T13:30:16.655+0000] {dag.py:3096} INFO - Sync 1 DAGs
[2026-09-17T13:30:16.691+0000] {logging_mixin.py:188} INFO - [2026-09-17T13:30:16.690+0000] {dag.py:3954} INFO - Setting next_dagrun for youtube_extraction to 2026-09-17 00:00:00+00:00, run_after=2026-09-18 00:00:00+00:00
[2026-09-17T13:30:16.747+0000] {processor.py:183} INFO - Processing /opt/airflow/dags/dag_extraction.py took 0.335 seconds
[2026-09-17T13:30:47.092+0000] {processor.py:161} INFO - Started process (PID=342) to work on /opt/airflow/dags/dag_extraction.py
[2026-09-17T13:30:47.096+0000] {processor.py:830} INFO - Processing file /opt/airflow/dags/dag_extraction.py for tasks to queue
[2026-09-17T13:30:47.099+0000] {logging_mixin.py:188} INFO - [2026-09-17T13:30:47.098+0000] {dagbag.py:545} INFO - Filling up the DagBag from /opt/airflow/dags/dag_extraction.py
[2026-09-17T13:30:47.213+0000] {processor.py:840} INFO - DAG(s) 'youtube_extraction' retrieved from /opt/airflow/dags/dag_extraction.py
[2026-09-17T13:30:47.238+0000] {logging_mixin.py:188} INFO - [2026-09-17T13:30:47.237+0000] {dag.py:3096} INFO - Sync 1 DAGs
[2026-09-17T13:30:47.262+0000] {logging_mixin.py:188} INFO - [2026-09-17T13:30:47.262+0000] {dag.py:3954} INFO - Setting next_dagrun for youtube_extraction to 2026-09-17 00:00:00+00:00, run_after=2026-09-18 00:00:00+00:00
[2026-09-17T13:30:47.285+0000] {processor.py:183} INFO - Processing /opt/airflow/dags/dag_extraction.py took 0.205 seconds
[2026-09-17T13:31:17.698+0000] {processor.py:161} INFO - Started process (PID=350) to work on /opt/airflow/dags/dag_extraction.py
[2026-09-17T13:31:17.703+0000] {processor.py:830} INFO - Processing file /opt/airflow/dags/dag_extraction.py for tasks to queue
[2026-09-17T13:31:17.708+0000] {logging_mixin.py:188} INFO - [2026-09-17T13:31:17.707+0000] {dagbag.py:545} INFO - Filling up the DagBag from /opt/airflow/dags/dag_extraction.py
[2026-09-17T13:31:17.855+0000] {processor.py:840} INFO - DAG(s) 'youtube_extraction' retrieved from /opt/airflow/dags/dag_extraction.py
[2026-09-17T13:31:17.905+0000] {logging_mixin.py:188} INFO - [2026-09-17T13:31:17.904+0000] {dag.py:3096} INFO - Sync 1 DAGs
[2026-09-17T13:31:17.961+0000] {logging_mixin.py:188} INFO - [2026-09-17T13:31:17.961+0000] {dag.py:3954} INFO - Setting next_dagrun for youtube_extraction to 2026-09-17 00:00:00+00:00, run_after=2026-09-18 00:00:00+00:00
[2026-09-17T13:31:17.996+0000] {processor.py:183} INFO - Processing /opt/airflow/dags/dag_extraction.py took 0.312 seconds
[2026-09-17T13:31:48.439+0000] {processor.py:161} INFO - Started process (PID=358) to work on /opt/airflow/dags/dag_extraction.py
[2026-09-17T13:31:48.443+0000] {processor.py:830} INFO - Processing file /opt/airflow/dags/dag_extraction.py for tasks to queue
[2026-09-17T13:31:48.445+0000] {logging_mixin.py:188} INFO - [2026-09-17T13:31:48.445+0000] {dagbag.py:545} INFO - Filling up the DagBag from /opt/airflow/dags/dag_extraction.py
[2026-09-17T13:31:48.557+0000] {processor.py:840} INFO - DAG(s) 'youtube_extraction' retrieved from /opt/airflow/dags/dag_extraction.py
[2026-09-17T13:31:48.587+0000] {logging_mixin.py:188} INFO - [2026-09-17T13:31:48.587+0000] {dag.py:3096} INFO - Sync 1 DAGs
[2026-09-17T13:31:48.620+0000] {logging_mixin.py:188} INFO - [2026-09-17T13:31:48.620+0000] {dag.py:3954} INFO - Setting next_dagrun for youtube_extraction to 2026-09-17 00:00:00+00:00, run_after=2026-09-18 00:00:00+00:00
[2026-09-17T13:31:48.648+0000] {processor.py:183} INFO - Processing /opt/airflow/dags/dag_extraction.py took 0.220 seconds
[2026-09-17T13:32:19.113+0000] {processor.py:161} INFO - Started process (PID=366) to work on /opt/airflow/dags/dag_extraction.py
[2026-09-17T13:32:19.120+0000] {processor.py:830} INFO - Processing file /opt/airflow/dags/dag_extraction.py for tasks to queue
[2026-09-17T13:32:19.125+0000] {logging_mixin.py:188} INFO - [2026-09-17T13:32:19.123+0000] {dagbag.py:545} INFO - Filling up the DagBag from /opt/airflow/dags/dag_extraction.py
[2026-09-17T13:32:19.347+0000] {processor.py:840} INFO - DAG(s) 'youtube_extraction' retrieved from /opt/airflow/dags/dag_extraction.py
[2026-09-17T13:32:19.408+0000] {logging_mixin.py:188} INFO - [2026-09-17T13:32:19.407+0000] {dag.py:3096} INFO - Sync 1 DAGs
[2026-09-17T13:32:19.470+0000] {logging_mixin.py:188} INFO - [2026-09-17T13:32:19.469+0000] {dag.py:3954} INFO - Setting next_dagrun for youtube_extraction to 2026-09-17 00:00:00+00:00, run_after=2026-09-18 00:00:00+00:00
[2026-09-17T13:32:19.526+0000] {processor.py:183} INFO - Processing /opt/airflow/dags/dag_extraction.py took 0.442 seconds
[2026-09-17T13:32:49.892+0000] {processor.py:161} INFO - Started process (PID=375) to work on /opt/airflow/dags/dag_extraction.py
[2026-09-17T13:32:49.896+0000] {processor.py:830} INFO - Processing file /opt/airflow/dags/dag_extraction.py for tasks to queue
[2026-09-17T13:32:49.900+0000] {logging_mixin.py:188} INFO - [2026-09-17T13:32:49.899+0000] {dagbag.py:545} INFO - Filling up the DagBag from /opt/airflow/dags/dag_extraction.py
[2026-09-17T13:32:50.025+0000] {processor.py:840} INFO - DAG(s) 'youtube_extraction' retrieved from /opt/airflow/dags/dag_extraction.py
[2026-09-17T13:32:50.067+0000] {logging_mixin.py:188} INFO - [2026-09-17T13:32:50.067+0000] {dag.py:3096} INFO - Sync 1 DAGs
[2026-09-17T13:32:50.100+0000] {logging_mixin.py:188} INFO - [2026-09-17T13:32:50.099+0000] {dag.py:3954} INFO - Setting next_dagrun for youtube_extraction to 2026-09-17 00:00:00+00:00, run_after=2026-09-18 00:00:00+00:00
[2026-09-17T13:32:50.137+0000] {processor.py:183} INFO - Processing /opt/airflow/dags/dag_extraction.py took 0.259 seconds
[2026-09-17T13:33:20.592+0000] {processor.py:161} INFO - Started process (PID=383) to work on /opt/airflow/dags/dag_extraction.py
[2026-09-17T13:33:20.598+0000] {processor.py:830} INFO - Processing file /opt/airflow/dags/dag_extraction.py for tasks to queue
[2026-09-17T13:33:20.602+0000] {logging_mixin.py:188} INFO - [2026-09-17T13:33:20.601+0000] {dagbag.py:545} INFO - Filling up the DagBag from /opt/airflow/dags/dag_extraction.py
[2026-09-17T13:33:20.747+0000] {processor.py:840} INFO - DAG(s) 'youtube_extraction' retrieved from /opt/airflow/dags/dag_extraction.py
[2026-09-17T13:33:20.789+0000] {logging_mixin.py:188} INFO - [2026-09-17T13:33:20.788+0000] {dag.py:3096} INFO - Sync 1 DAGs
[2026-09-17T13:33:20.856+0000] {logging_mixin.py:188} INFO - [2026-09-17T13:33:20.856+0000] {dag.py:3954} INFO - Setting next_dagrun for youtube_extraction to 2026-09-17 00:00:00+00:00, run_after=2026-09-18 00:00:00+00:00
[2026-09-17T13:33:20.907+0000] {processor.py:183} INFO - Processing /opt/airflow/dags/dag_extraction.py took 0.328 seconds
[2026-09-17T13:33:51.353+0000] {processor.py:161} INFO - Started process (PID=391) to work on /opt/airflow/dags/dag_extraction.py
[2026-09-17T13:33:51.358+0000] {processor.py:830} INFO - Processing file /opt/airflow/dags/dag_extraction.py for tasks to queue
[2026-09-17T13:33:51.363+0000] {logging_mixin.py:188} INFO - [2026-09-17T13:33:51.362+0000] {dagbag.py:545} INFO - Filling up the DagBag from /opt/airflow/dags/dag_extraction.py
[2026-09-17T13:33:51.491+0000] {processor.py:840} INFO - DAG(s) 'youtube_extraction' retrieved from /opt/airflow/dags/dag_extraction.py
[2026-09-17T13:33:51.527+0000] {logging_mixin.py:188} INFO - [2026-09-17T13:33:51.526+0000] {dag.py:3096} INFO - Sync 1 DAGs
[2026-09-17T13:33:51.561+0000] {logging_mixin.py:188} INFO - [2026-09-17T13:33:51.560+0000] {dag.py:3954} INFO - Setting next_dagrun for youtube_extraction to 2026-09-17 00:00:00+00:00, run_after=2026-09-18 00:00:00+00:00
[2026-09-17T13:33:51.597+0000] {processor.py:183} INFO - Processing /opt/airflow/dags/dag_extraction.py took 0.274 seconds
[2026-09-17T13:34:21.963+0000] {processor.py:161} INFO - Started process (PID=399) to work on /opt/airflow/dags/dag_extraction.py
[2026-09-17T13:34:21.966+0000] {processor.py:830} INFO - Processing file /opt/airflow/dags/dag_extraction.py for tasks to queue
[2026-09-17T13:34:21.969+0000] {logging_mixin.py:188} INFO - [2026-09-17T13:34:21.969+0000] {dagbag.py:545} INFO - Filling up the DagBag from /opt/airflow/dags/dag_extraction.py
[2026-09-17T13:34:22.081+0000] {processor.py:840} INFO - DAG(s) 'youtube_extraction' retrieved from /opt/airflow/dags/dag_extraction.py
[2026-09-17T13:34:22.110+0000] {logging_mixin.py:188} INFO - [2026-09-17T13:34:22.109+0000] {dag.py:3096} INFO - Sync 1 DAGs
[2026-09-17T13:34:22.146+0000] {logging_mixin.py:188} INFO - [2026-09-17T13:34:22.145+0000] {dag.py:3954} INFO - Setting next_dagrun for youtube_extraction to 2026-09-17 00:00:00+00:00, run_after=2026-09-18 00:00:00+00:00
[2026-09-17T13:34:22.171+0000] {processor.py:183} INFO - Processing /opt/airflow/dags/dag_extraction.py took 0.219 seconds
[2026-09-17T13:34:52.630+0000] {processor.py:161} INFO - Started process (PID=407) to work on /opt/airflow/dags/dag_extraction.py
[2026-09-17T13:34:52.634+0000] {processor.py:830} INFO - Processing file /opt/airflow/dags/dag_extraction.py for tasks to queue
[2026-09-17T13:34:52.637+0000] {logging_mixin.py:188} INFO - [2026-09-17T13:34:52.636+0000] {dagbag.py:545} INFO - Filling up the DagBag from /opt/airflow/dags/dag_extraction.py
[2026-09-17T13:34:52.792+0000] {processor.py:840} INFO - DAG(s) 'youtube_extraction' retrieved from /opt/airflow/dags/dag_extraction.py
[2026-09-17T13:34:52.848+0000] {logging_mixin.py:188} INFO - [2026-09-17T13:34:52.848+0000] {dag.py:3096} INFO - Sync 1 DAGs
[2026-09-17T13:34:52.889+0000] {logging_mixin.py:188} INFO - [2026-09-17T13:34:52.888+0000] {dag.py:3954} INFO - Setting next_dagrun for youtube_extraction to 2026-09-17 00:00:00+00:00, run_after=2026-09-18 00:00:00+00:00
[2026-09-17T13:34:52.916+0000] {processor.py:183} INFO - Processing /opt/airflow/dags/dag_extraction.py took 0.298 seconds
[2026-09-17T13:35:23.319+0000] {processor.py:161} INFO - Started process (PID=415) to work on /opt/airflow/dags/dag_extraction.py
[2026-09-17T13:35:23.323+0000] {processor.py:830} INFO - Processing file /opt/airflow/dags/dag_extraction.py for tasks to queue
[2026-09-17T13:35:23.326+0000] {logging_mixin.py:188} INFO - [2026-09-17T13:35:23.325+0000] {dagbag.py:545} INFO - Filling up the DagBag from /opt/airflow/dags/dag_extraction.py
[2026-09-17T13:35:23.483+0000] {processor.py:840} INFO - DAG(s) 'youtube_extraction' retrieved from /opt/airflow/dags/dag_extraction.py
[2026-09-17T13:35:23.537+0000] {logging_mixin.py:188} INFO - [2026-09-17T13:35:23.536+0000] {dag.py:3096} INFO - Sync 1 DAGs
[2026-09-17T13:35:23.582+0000] {logging_mixin.py:188} INFO - [2026-09-17T13:35:23.581+0000] {dag.py:3954} INFO - Setting next_dagrun for youtube_extraction to 2026-09-17 00:00:00+00:00, run_after=2026-09-18 00:00:00+00:00
[2026-09-17T13:35:23.633+0000] {processor.py:183} INFO - Processing /opt/airflow/dags/dag_extraction.py took 0.338 seconds
[2026-09-17T13:35:54.008+0000] {processor.py:161} INFO - Started process (PID=423) to work on /opt/airflow/dags/dag_extraction.py
[2026-09-17T13:35:54.014+0000] {processor.py:830} INFO - Processing file /opt/airflow/dags/dag_extraction.py for tasks to queue
[2026-09-17T13:35:54.020+0000] {logging_mixin.py:188} INFO - [2026-09-17T13:35:54.019+0000] {dagbag.py:545} INFO - Filling up the DagBag from /opt/airflow/dags/dag_extraction.py
[2026-09-17T13:35:54.200+0000] {processor.py:840} INFO - DAG(s) 'youtube_extraction' retrieved from /opt/airflow/dags/dag_extraction.py
[2026-09-17T13:35:54.236+0000] {logging_mixin.py:188} INFO - [2026-09-17T13:35:54.235+0000] {dag.py:3096} INFO - Sync 1 DAGs
[2026-09-17T13:35:54.269+0000] {logging_mixin.py:188} INFO - [2026-09-17T13:35:54.268+0000] {dag.py:3954} INFO - Setting next_dagrun for youtube_extraction to 2026-09-17 00:00:00+00:00, run_after=2026-09-18 00:00:00+00:00
[2026-09-17T13:35:54.296+0000] {processor.py:183} INFO - Processing /opt/airflow/dags/dag_extraction.py took 0.311 seconds
[2026-09-17T13:36:24.719+0000] {processor.py:161} INFO - Started process (PID=431) to work on /opt/airflow/dags/dag_extraction.py
[2026-09-17T13:36:24.723+0000] {processor.py:830} INFO - Processing file /opt/airflow/dags/dag_extraction.py for tasks to queue
[2026-09-17T13:36:24.726+0000] {logging_mixin.py:188} INFO - [2026-09-17T13:36:24.726+0000] {dagbag.py:545} INFO - Filling up the DagBag from /opt/airflow/dags/dag_extraction.py
[2026-09-17T13:36:24.856+0000] {processor.py:840} INFO - DAG(s) 'youtube_extraction' retrieved from /opt/airflow/dags/dag_extraction.py
[2026-09-17T13:36:24.884+0000] {logging_mixin.py:188} INFO - [2026-09-17T13:36:24.883+0000] {dag.py:3096} INFO - Sync 1 DAGs
[2026-09-17T13:36:24.919+0000] {logging_mixin.py:188} INFO - [2026-09-17T13:36:24.919+0000] {dag.py:3954} INFO - Setting next_dagrun for youtube_extraction to 2026-09-17 00:00:00+00:00, run_after=2026-09-18 00:00:00+00:00
[2026-09-17T13:36:24.954+0000] {processor.py:183} INFO - Processing /opt/airflow/dags/dag_extraction.py took 0.247 seconds
[2026-09-17T13:36:55.230+0000] {processor.py:161} INFO - Started process (PID=441) to work on /opt/airflow/dags/dag_extraction.py
[2026-09-17T13:36:55.236+0000] {processor.py:830} INFO - Processing file /opt/airflow/dags/dag_extraction.py for tasks to queue
[2026-09-17T13:36:55.240+0000] {logging_mixin.py:188} INFO - [2026-09-17T13:36:55.240+0000] {dagbag.py:545} INFO - Filling up the DagBag from /opt/airflow/dags/dag_extraction.py
[2026-09-17T13:36:55.491+0000] {processor.py:840} INFO - DAG(s) 'youtube_extraction' retrieved from /opt/airflow/dags/dag_extraction.py
[2026-09-17T13:36:55.546+0000] {logging_mixin.py:188} INFO - [2026-09-17T13:36:55.545+0000] {dag.py:3096} INFO - Sync 1 DAGs
[2026-09-17T13:36:55.608+0000] {logging_mixin.py:188} INFO - [2026-09-17T13:36:55.608+0000] {dag.py:3954} INFO - Setting next_dagrun for youtube_extraction to 2026-09-17 00:00:00+00:00, run_after=2026-09-18 00:00:00+00:00
[2026-09-17T13:36:55.664+0000] {processor.py:183} INFO - Processing /opt/airflow/dags/dag_extraction.py took 0.446 seconds
[2026-09-17T13:37:25.980+0000] {processor.py:161} INFO - Started process (PID=449) to work on /opt/airflow/dags/dag_extraction.py
[2026-09-17T13:37:25.986+0000] {processor.py:830} INFO - Processing file /opt/airflow/dags/dag_extraction.py for tasks to queue
[2026-09-17T13:37:25.991+0000] {logging_mixin.py:188} INFO - [2026-09-17T13:37:25.990+0000] {dagbag.py:545} INFO - Filling up the DagBag from /opt/airflow/dags/dag_extraction.py
[2026-09-17T13:37:26.157+0000] {processor.py:840} INFO - DAG(s) 'youtube_extraction' retrieved from /opt/airflow/dags/dag_extraction.py
[2026-09-17T13:37:26.187+0000] {logging_mixin.py:188} INFO - [2026-09-17T13:37:26.187+0000] {dag.py:3096} INFO - Sync 1 DAGs
[2026-09-17T13:37:26.219+0000] {logging_mixin.py:188} INFO - [2026-09-17T13:37:26.219+0000] {dag.py:3954} INFO - Setting next_dagrun for youtube_extraction to 2026-09-17 00:00:00+00:00, run_after=2026-09-18 00:00:00+00:00
[2026-09-17T13:37:26.256+0000] {processor.py:183} INFO - Processing /opt/airflow/dags/dag_extraction.py took 0.297 seconds
[2026-09-17T13:37:56.522+0000] {processor.py:161} INFO - Started process (PID=457) to work on /opt/airflow/dags/dag_extraction.py
[2026-09-17T13:37:56.528+0000] {processor.py:830} INFO - Processing file /opt/airflow/dags/dag_extraction.py for tasks to queue
[2026-09-17T13:37:56.533+0000] {logging_mixin.py:188} INFO - [2026-09-17T13:37:56.532+0000] {dagbag.py:545} INFO - Filling up the DagBag from /opt/airflow/dags/dag_extraction.py
[2026-09-17T13:37:56.727+0000] {processor.py:840} INFO - DAG(s) 'youtube_extraction' retrieved from /opt/airflow/dags/dag_extraction.py
[2026-09-17T13:37:56.768+0000] {logging_mixin.py:188} INFO - [2026-09-17T13:37:56.768+0000] {dag.py:3096} INFO - Sync 1 DAGs
[2026-09-17T13:37:56.829+0000] {logging_mixin.py:188} INFO - [2026-09-17T13:37:56.828+0000] {dag.py:3954} INFO - Setting next_dagrun for youtube_extraction to 2026-09-17 00:00:00+00:00, run_after=2026-09-18 00:00:00+00:00
[2026-09-17T13:37:56.887+0000] {processor.py:183} INFO - Processing /opt/airflow/dags/dag_extraction.py took 0.381 seconds
[2026-09-17T13:38:27.190+0000] {processor.py:161} INFO - Started process (PID=465) to work on /opt/airflow/dags/dag_extraction.py
[2026-09-17T13:38:27.195+0000] {processor.py:830} INFO - Processing file /opt/airflow/dags/dag_extraction.py for tasks to queue
[2026-09-17T13:38:27.198+0000] {logging_mixin.py:188} INFO - [2026-09-17T13:38:27.197+0000] {dagbag.py:545} INFO - Filling up the DagBag from /opt/airflow/dags/dag_extraction.py
[2026-09-17T13:38:27.371+0000] {processor.py:840} INFO - DAG(s) 'youtube_extraction' retrieved from /opt/airflow/dags/dag_extraction.py
[2026-09-17T13:38:27.402+0000] {logging_mixin.py:188} INFO - [2026-09-17T13:38:27.402+0000] {dag.py:3096} INFO - Sync 1 DAGs
[2026-09-17T13:38:27.432+0000] {logging_mixin.py:188} INFO - [2026-09-17T13:38:27.432+0000] {dag.py:3954} INFO - Setting next_dagrun for youtube_extraction to 2026-09-17 00:00:00+00:00, run_after=2026-09-18 00:00:00+00:00
[2026-09-17T13:38:27.461+0000] {processor.py:183} INFO - Processing /opt/airflow/dags/dag_extraction.py took 0.283 seconds
[2026-09-17T13:38:57.875+0000] {processor.py:161} INFO - Started process (PID=473) to work on /opt/airflow/dags/dag_extraction.py
[2026-09-17T13:38:57.881+0000] {processor.py:830} INFO - Processing file /opt/airflow/dags/dag_extraction.py for tasks to queue
[2026-09-17T13:38:57.884+0000] {logging_mixin.py:188} INFO - [2026-09-17T13:38:57.884+0000] {dagbag.py:545} INFO - Filling up the DagBag from /opt/airflow/dags/dag_extraction.py
[2026-09-17T13:38:58.092+0000] {processor.py:840} INFO - DAG(s) 'youtube_extraction' retrieved from /opt/airflow/dags/dag_extraction.py
[2026-09-17T13:38:58.126+0000] {logging_mixin.py:188} INFO - [2026-09-17T13:38:58.125+0000] {dag.py:3096} INFO - Sync 1 DAGs
[2026-09-17T13:38:58.165+0000] {logging_mixin.py:188} INFO - [2026-09-17T13:38:58.165+0000] {dag.py:3954} INFO - Setting next_dagrun for youtube_extraction to 2026-09-17 00:00:00+00:00, run_after=2026-09-18 00:00:00+00:00
[2026-09-17T13:38:58.199+0000] {processor.py:183} INFO - Processing /opt/airflow/dags/dag_extraction.py took 0.334 seconds
[2026-09-17T13:39:28.589+0000] {processor.py:161} INFO - Started process (PID=481) to work on /opt/airflow/dags/dag_extraction.py
[2026-09-17T13:39:28.594+0000] {processor.py:830} INFO - Processing file /opt/airflow/dags/dag_extraction.py for tasks to queue
[2026-09-17T13:39:28.598+0000] {logging_mixin.py:188} INFO - [2026-09-17T13:39:28.597+0000] {dagbag.py:545} INFO - Filling up the DagBag from /opt/airflow/dags/dag_extraction.py
[2026-09-17T13:39:28.712+0000] {processor.py:840} INFO - DAG(s) 'youtube_extraction' retrieved from /opt/airflow/dags/dag_extraction.py
[2026-09-17T13:39:28.738+0000] {logging_mixin.py:188} INFO - [2026-09-17T13:39:28.737+0000] {dag.py:3096} INFO - Sync 1 DAGs
[2026-09-17T13:39:28.763+0000] {logging_mixin.py:188} INFO - [2026-09-17T13:39:28.762+0000] {dag.py:3954} INFO - Setting next_dagrun for youtube_extraction to 2026-09-17 00:00:00+00:00, run_after=2026-09-18 00:00:00+00:00
[2026-09-17T13:39:28.788+0000] {processor.py:183} INFO - Processing /opt/airflow/dags/dag_extraction.py took 0.212 seconds
[2026-09-17T13:39:59.225+0000] {processor.py:161} INFO - Started process (PID=489) to work on /opt/airflow/dags/dag_extraction.py
[2026-09-17T13:39:59.229+0000] {processor.py:830} INFO - Processing file /opt/airflow/dags/dag_extraction.py for tasks to queue
[2026-09-17T13:39:59.232+0000] {logging_mixin.py:188} INFO - [2026-09-17T13:39:59.232+0000] {dagbag.py:545} INFO - Filling up the DagBag from /opt/airflow/dags/dag_extraction.py
[2026-09-17T13:39:59.404+0000] {processor.py:840} INFO - DAG(s) 'youtube_extraction' retrieved from /opt/airflow/dags/dag_extraction.py
[2026-09-17T13:39:59.466+0000] {logging_mixin.py:188} INFO - [2026-09-17T13:39:59.466+0000] {dag.py:3096} INFO - Sync 1 DAGs
[2026-09-17T13:39:59.529+0000] {logging_mixin.py:188} INFO - [2026-09-17T13:39:59.527+0000] {dag.py:3954} INFO - Setting next_dagrun for youtube_extraction to 2026-09-17 00:00:00+00:00, run_after=2026-09-18 00:00:00+00:00
[2026-09-17T13:39:59.580+0000] {processor.py:183} INFO - Processing /opt/airflow/dags/dag_extraction.py took 0.370 seconds
[2026-09-17T13:40:29.918+0000] {processor.py:161} INFO - Started process (PID=497) to work on /opt/airflow/dags/dag_extraction.py
[2026-09-17T13:40:29.922+0000] {processor.py:830} INFO - Processing file /opt/airflow/dags/dag_extraction.py for tasks to queue
[2026-09-17T13:40:29.924+0000] {logging_mixin.py:188} INFO - [2026-09-17T13:40:29.924+0000] {dagbag.py:545} INFO - Filling up the DagBag from /opt/airflow/dags/dag_extraction.py
[2026-09-17T13:40:30.054+0000] {processor.py:840} INFO - DAG(s) 'youtube_extraction' retrieved from /opt/airflow/dags/dag_extraction.py
[2026-09-17T13:40:30.095+0000] {logging_mixin.py:188} INFO - [2026-09-17T13:40:30.094+0000] {dag.py:3096} INFO - Sync 1 DAGs
[2026-09-17T13:40:30.126+0000] {logging_mixin.py:188} INFO - [2026-09-17T13:40:30.125+0000] {dag.py:3954} INFO - Setting next_dagrun for youtube_extraction to 2026-09-17 00:00:00+00:00, run_after=2026-09-18 00:00:00+00:00
[2026-09-17T13:40:30.158+0000] {processor.py:183} INFO - Processing /opt/airflow/dags/dag_extraction.py took 0.250 seconds
[2026-09-17T13:41:00.614+0000] {processor.py:161} INFO - Started process (PID=505) to work on /opt/airflow/dags/dag_extraction.py
[2026-09-17T13:41:00.618+0000] {processor.py:830} INFO - Processing file /opt/airflow/dags/dag_extraction.py for tasks to queue
[2026-09-17T13:41:00.625+0000] {logging_mixin.py:188} INFO - [2026-09-17T13:41:00.625+0000] {dagbag.py:545} INFO - Filling up the DagBag from /opt/airflow/dags/dag_extraction.py
[2026-09-17T13:41:00.785+0000] {processor.py:840} INFO - DAG(s) 'youtube_extraction' retrieved from /opt/airflow/dags/dag_extraction.py
[2026-09-17T13:41:00.828+0000] {logging_mixin.py:188} INFO - [2026-09-17T13:41:00.828+0000] {dag.py:3096} INFO - Sync 1 DAGs
[2026-09-17T13:41:00.862+0000] {logging_mixin.py:188} INFO - [2026-09-17T13:41:00.861+0000] {dag.py:3954} INFO - Setting next_dagrun for youtube_extraction to 2026-09-17 00:00:00+00:00, run_after=2026-09-18 00:00:00+00:00
[2026-09-17T13:41:00.907+0000] {processor.py:183} INFO - Processing /opt/airflow/dags/dag_extraction.py took 0.306 seconds
[2026-09-17T13:41:31.355+0000] {processor.py:161} INFO - Started process (PID=513) to work on /opt/airflow/dags/dag_extraction.py
[2026-09-17T13:41:31.360+0000] {processor.py:830} INFO - Processing file /opt/airflow/dags/dag_extraction.py for tasks to queue
[2026-09-17T13:41:31.364+0000] {logging_mixin.py:188} INFO - [2026-09-17T13:41:31.363+0000] {dagbag.py:545} INFO - Filling up the DagBag from /opt/airflow/dags/dag_extraction.py
[2026-09-17T13:41:31.543+0000] {processor.py:840} INFO - DAG(s) 'youtube_extraction' retrieved from /opt/airflow/dags/dag_extraction.py
[2026-09-17T13:41:31.605+0000] {logging_mixin.py:188} INFO - [2026-09-17T13:41:31.604+0000] {dag.py:3096} INFO - Sync 1 DAGs
[2026-09-17T13:41:31.656+0000] {logging_mixin.py:188} INFO - [2026-09-17T13:41:31.655+0000] {dag.py:3954} INFO - Setting next_dagrun for youtube_extraction to 2026-09-17 00:00:00+00:00, run_after=2026-09-18 00:00:00+00:00
[2026-09-17T13:41:31.705+0000] {processor.py:183} INFO - Processing /opt/airflow/dags/dag_extraction.py took 0.371 seconds
[2026-09-17T13:42:02.097+0000] {processor.py:161} INFO - Started process (PID=521) to work on /opt/airflow/dags/dag_extraction.py
[2026-09-17T13:42:02.102+0000] {processor.py:830} INFO - Processing file /opt/airflow/dags/dag_extraction.py for tasks to queue
[2026-09-17T13:42:02.105+0000] {logging_mixin.py:188} INFO - [2026-09-17T13:42:02.105+0000] {dagbag.py:545} INFO - Filling up the DagBag from /opt/airflow/dags/dag_extraction.py
[2026-09-17T13:42:02.320+0000] {processor.py:840} INFO - DAG(s) 'youtube_extraction' retrieved from /opt/airflow/dags/dag_extraction.py
[2026-09-17T13:42:02.359+0000] {logging_mixin.py:188} INFO - [2026-09-17T13:42:02.358+0000] {dag.py:3096} INFO - Sync 1 DAGs
[2026-09-17T13:42:02.407+0000] {logging_mixin.py:188} INFO - [2026-09-17T13:42:02.407+0000] {dag.py:3954} INFO - Setting next_dagrun for youtube_extraction to 2026-09-17 00:00:00+00:00, run_after=2026-09-18 00:00:00+00:00
[2026-09-17T13:42:02.443+0000] {processor.py:183} INFO - Processing /opt/airflow/dags/dag_extraction.py took 0.363 seconds
[2026-09-17T13:42:32.923+0000] {processor.py:161} INFO - Started process (PID=529) to work on /opt/airflow/dags/dag_extraction.py
[2026-09-17T13:42:32.927+0000] {processor.py:830} INFO - Processing file /opt/airflow/dags/dag_extraction.py for tasks to queue
[2026-09-17T13:42:32.931+0000] {logging_mixin.py:188} INFO - [2026-09-17T13:42:32.930+0000] {dagbag.py:545} INFO - Filling up the DagBag from /opt/airflow/dags/dag_extraction.py
[2026-09-17T13:42:33.058+0000] {processor.py:840} INFO - DAG(s) 'youtube_extraction' retrieved from /opt/airflow/dags/dag_extraction.py
[2026-09-17T13:42:33.086+0000] {logging_mixin.py:188} INFO - [2026-09-17T13:42:33.085+0000] {dag.py:3096} INFO - Sync 1 DAGs
[2026-09-17T13:42:33.113+0000] {logging_mixin.py:188} INFO - [2026-09-17T13:42:33.112+0000] {dag.py:3954} INFO - Setting next_dagrun for youtube_extraction to 2026-09-17 00:00:00+00:00, run_after=2026-09-18 00:00:00+00:00
[2026-09-17T13:42:33.141+0000] {processor.py:183} INFO - Processing /opt/airflow/dags/dag_extraction.py took 0.230 seconds
[2026-09-17T13:43:03.591+0000] {processor.py:161} INFO - Started process (PID=537) to work on /opt/airflow/dags/dag_extraction.py
[2026-09-17T13:43:03.597+0000] {processor.py:830} INFO - Processing file /opt/airflow/dags/dag_extraction.py for tasks to queue
[2026-09-17T13:43:03.603+0000] {logging_mixin.py:188} INFO - [2026-09-17T13:43:03.601+0000] {dagbag.py:545} INFO - Filling up the DagBag from /opt/airflow/dags/dag_extraction.py
[2026-09-17T13:43:03.812+0000] {processor.py:840} INFO - DAG(s) 'youtube_extraction' retrieved from /opt/airflow/dags/dag_extraction.py
[2026-09-17T13:43:03.850+0000] {logging_mixin.py:188} INFO - [2026-09-17T13:43:03.850+0000] {dag.py:3096} INFO - Sync 1 DAGs
[2026-09-17T13:43:03.882+0000] {logging_mixin.py:188} INFO - [2026-09-17T13:43:03.882+0000] {dag.py:3954} INFO - Setting next_dagrun for youtube_extraction to 2026-09-17 00:00:00+00:00, run_after=2026-09-18 00:00:00+00:00
[2026-09-17T13:43:03.910+0000] {processor.py:183} INFO - Processing /opt/airflow/dags/dag_extraction.py took 0.335 seconds
[2026-09-17T13:43:34.303+0000] {processor.py:161} INFO - Started process (PID=545) to work on /opt/airflow/dags/dag_extraction.py
[2026-09-17T13:43:34.307+0000] {processor.py:830} INFO - Processing file /opt/airflow/dags/dag_extraction.py for tasks to queue
[2026-09-17T13:43:34.310+0000] {logging_mixin.py:188} INFO - [2026-09-17T13:43:34.309+0000] {dagbag.py:545} INFO - Filling up the DagBag from /opt/airflow/dags/dag_extraction.py
[2026-09-17T13:43:34.415+0000] {processor.py:840} INFO - DAG(s) 'youtube_extraction' retrieved from /opt/airflow/dags/dag_extraction.py
[2026-09-17T13:43:34.442+0000] {logging_mixin.py:188} INFO - [2026-09-17T13:43:34.442+0000] {dag.py:3096} INFO - Sync 1 DAGs
[2026-09-17T13:43:34.471+0000] {logging_mixin.py:188} INFO - [2026-09-17T13:43:34.471+0000] {dag.py:3954} INFO - Setting next_dagrun for youtube_extraction to 2026-09-17 00:00:00+00:00, run_after=2026-09-18 00:00:00+00:00
[2026-09-17T13:43:34.496+0000] {processor.py:183} INFO - Processing /opt/airflow/dags/dag_extraction.py took 0.202 seconds
[2026-09-17T13:44:04.923+0000] {processor.py:161} INFO - Started process (PID=559) to work on /opt/airflow/dags/dag_extraction.py
[2026-09-17T13:44:04.928+0000] {processor.py:830} INFO - Processing file /opt/airflow/dags/dag_extraction.py for tasks to queue
[2026-09-17T13:44:04.932+0000] {logging_mixin.py:188} INFO - [2026-09-17T13:44:04.931+0000] {dagbag.py:545} INFO - Filling up the DagBag from /opt/airflow/dags/dag_extraction.py
[2026-09-17T13:44:05.074+0000] {processor.py:840} INFO - DAG(s) 'youtube_extraction' retrieved from /opt/airflow/dags/dag_extraction.py
[2026-09-17T13:44:05.111+0000] {logging_mixin.py:188} INFO - [2026-09-17T13:44:05.110+0000] {dag.py:3096} INFO - Sync 1 DAGs
[2026-09-17T13:44:05.145+0000] {logging_mixin.py:188} INFO - [2026-09-17T13:44:05.144+0000] {dag.py:3954} INFO - Setting next_dagrun for youtube_extraction to 2026-09-17 00:00:00+00:00, run_after=2026-09-18 00:00:00+00:00
[2026-09-17T13:44:05.177+0000] {processor.py:183} INFO - Processing /opt/airflow/dags/dag_extraction.py took 0.263 seconds
[2026-09-17T13:44:35.650+0000] {processor.py:161} INFO - Started process (PID=567) to work on /opt/airflow/dags/dag_extraction.py
[2026-09-17T13:44:35.654+0000] {processor.py:830} INFO - Processing file /opt/airflow/dags/dag_extraction.py for tasks to queue
[2026-09-17T13:44:35.658+0000] {logging_mixin.py:188} INFO - [2026-09-17T13:44:35.657+0000] {dagbag.py:545} INFO - Filling up the DagBag from /opt/airflow/dags/dag_extraction.py
[2026-09-17T13:44:35.791+0000] {processor.py:840} INFO - DAG(s) 'youtube_extraction' retrieved from /opt/airflow/dags/dag_extraction.py
[2026-09-17T13:44:35.823+0000] {logging_mixin.py:188} INFO - [2026-09-17T13:44:35.822+0000] {dag.py:3096} INFO - Sync 1 DAGs
[2026-09-17T13:44:35.855+0000] {logging_mixin.py:188} INFO - [2026-09-17T13:44:35.855+0000] {dag.py:3954} INFO - Setting next_dagrun for youtube_extraction to 2026-09-17 00:00:00+00:00, run_after=2026-09-18 00:00:00+00:00
[2026-09-17T13:44:35.883+0000] {processor.py:183} INFO - Processing /opt/airflow/dags/dag_extraction.py took 0.248 seconds
[2026-09-17T13:45:06.312+0000] {processor.py:161} INFO - Started process (PID=575) to work on /opt/airflow/dags/dag_extraction.py
[2026-09-17T13:45:06.316+0000] {processor.py:830} INFO - Processing file /opt/airflow/dags/dag_extraction.py for tasks to queue
[2026-09-17T13:45:06.319+0000] {logging_mixin.py:188} INFO - [2026-09-17T13:45:06.319+0000] {dagbag.py:545} INFO - Filling up the DagBag from /opt/airflow/dags/dag_extraction.py
[2026-09-17T13:45:06.473+0000] {processor.py:840} INFO - DAG(s) 'youtube_extraction' retrieved from /opt/airflow/dags/dag_extraction.py
[2026-09-17T13:45:06.504+0000] {logging_mixin.py:188} INFO - [2026-09-17T13:45:06.503+0000] {dag.py:3096} INFO - Sync 1 DAGs
[2026-09-17T13:45:06.560+0000] {logging_mixin.py:188} INFO - [2026-09-17T13:45:06.559+0000] {dag.py:3954} INFO - Setting next_dagrun for youtube_extraction to 2026-09-17 00:00:00+00:00, run_after=2026-09-18 00:00:00+00:00
[2026-09-17T13:45:06.633+0000] {processor.py:183} INFO - Processing /opt/airflow/dags/dag_extraction.py took 0.336 seconds
[2026-09-17T13:45:36.924+0000] {processor.py:161} INFO - Started process (PID=583) to work on /opt/airflow/dags/dag_extraction.py
[2026-09-17T13:45:36.928+0000] {processor.py:830} INFO - Processing file /opt/airflow/dags/dag_extraction.py for tasks to queue
[2026-09-17T13:45:36.931+0000] {logging_mixin.py:188} INFO - [2026-09-17T13:45:36.930+0000] {dagbag.py:545} INFO - Filling up the DagBag from /opt/airflow/dags/dag_extraction.py
[2026-09-17T13:45:37.043+0000] {processor.py:840} INFO - DAG(s) 'youtube_extraction' retrieved from /opt/airflow/dags/dag_extraction.py
[2026-09-17T13:45:37.075+0000] {logging_mixin.py:188} INFO - [2026-09-17T13:45:37.074+0000] {dag.py:3096} INFO - Sync 1 DAGs
[2026-09-17T13:45:37.103+0000] {logging_mixin.py:188} INFO - [2026-09-17T13:45:37.103+0000] {dag.py:3954} INFO - Setting next_dagrun for youtube_extraction to 2026-09-17 00:00:00+00:00, run_after=2026-09-18 00:00:00+00:00
[2026-09-17T13:45:37.134+0000] {processor.py:183} INFO - Processing /opt/airflow/dags/dag_extraction.py took 0.219 seconds
[2026-09-17T13:46:07.573+0000] {processor.py:161} INFO - Started process (PID=591) to work on /opt/airflow/dags/dag_extraction.py
[2026-09-17T13:46:07.579+0000] {processor.py:830} INFO - Processing file /opt/airflow/dags/dag_extraction.py for tasks to queue
[2026-09-17T13:46:07.585+0000] {logging_mixin.py:188} INFO - [2026-09-17T13:46:07.584+0000] {dagbag.py:545} INFO - Filling up the DagBag from /opt/airflow/dags/dag_extraction.py
[2026-09-17T13:46:07.793+0000] {processor.py:840} INFO - DAG(s) 'youtube_extraction' retrieved from /opt/airflow/dags/dag_extraction.py
[2026-09-17T13:46:07.847+0000] {logging_mixin.py:188} INFO - [2026-09-17T13:46:07.846+0000] {dag.py:3096} INFO - Sync 1 DAGs
[2026-09-17T13:46:07.895+0000] {logging_mixin.py:188} INFO - [2026-09-17T13:46:07.894+0000] {dag.py:3954} INFO - Setting next_dagrun for youtube_extraction to 2026-09-17 00:00:00+00:00, run_after=2026-09-18 00:00:00+00:00
[2026-09-17T13:46:07.947+0000] {processor.py:183} INFO - Processing /opt/airflow/dags/dag_extraction.py took 0.392 seconds
[2026-09-17T13:46:38.277+0000] {processor.py:161} INFO - Started process (PID=599) to work on /opt/airflow/dags/dag_extraction.py
[2026-09-17T13:46:38.283+0000] {processor.py:830} INFO - Processing file /opt/airflow/dags/dag_extraction.py for tasks to queue
[2026-09-17T13:46:38.289+0000] {logging_mixin.py:188} INFO - [2026-09-17T13:46:38.288+0000] {dagbag.py:545} INFO - Filling up the DagBag from /opt/airflow/dags/dag_extraction.py
[2026-09-17T13:46:38.567+0000] {processor.py:840} INFO - DAG(s) 'youtube_extraction' retrieved from /opt/airflow/dags/dag_extraction.py
[2026-09-17T13:46:38.617+0000] {logging_mixin.py:188} INFO - [2026-09-17T13:46:38.616+0000] {dag.py:3096} INFO - Sync 1 DAGs
[2026-09-17T13:46:38.665+0000] {logging_mixin.py:188} INFO - [2026-09-17T13:46:38.664+0000] {dag.py:3954} INFO - Setting next_dagrun for youtube_extraction to 2026-09-17 00:00:00+00:00, run_after=2026-09-18 00:00:00+00:00
[2026-09-17T13:46:38.700+0000] {processor.py:183} INFO - Processing /opt/airflow/dags/dag_extraction.py took 0.450 seconds
[2026-09-17T13:47:08.981+0000] {processor.py:161} INFO - Started process (PID=607) to work on /opt/airflow/dags/dag_extraction.py
[2026-09-17T13:47:08.986+0000] {processor.py:830} INFO - Processing file /opt/airflow/dags/dag_extraction.py for tasks to queue
[2026-09-17T13:47:08.991+0000] {logging_mixin.py:188} INFO - [2026-09-17T13:47:08.990+0000] {dagbag.py:545} INFO - Filling up the DagBag from /opt/airflow/dags/dag_extraction.py
[2026-09-17T13:47:09.240+0000] {processor.py:840} INFO - DAG(s) 'youtube_extraction' retrieved from /opt/airflow/dags/dag_extraction.py
[2026-09-17T13:47:09.297+0000] {logging_mixin.py:188} INFO - [2026-09-17T13:47:09.296+0000] {dag.py:3096} INFO - Sync 1 DAGs
[2026-09-17T13:47:09.353+0000] {logging_mixin.py:188} INFO - [2026-09-17T13:47:09.352+0000] {dag.py:3954} INFO - Setting next_dagrun for youtube_extraction to 2026-09-17 00:00:00+00:00, run_after=2026-09-18 00:00:00+00:00
[2026-09-17T13:47:09.404+0000] {processor.py:183} INFO - Processing /opt/airflow/dags/dag_extraction.py took 0.439 seconds
[2026-09-17T13:47:39.757+0000] {processor.py:161} INFO - Started process (PID=615) to work on /opt/airflow/dags/dag_extraction.py
[2026-09-17T13:47:39.761+0000] {processor.py:830} INFO - Processing file /opt/airflow/dags/dag_extraction.py for tasks to queue
[2026-09-17T13:47:39.764+0000] {logging_mixin.py:188} INFO - [2026-09-17T13:47:39.763+0000] {dagbag.py:545} INFO - Filling up the DagBag from /opt/airflow/dags/dag_extraction.py
[2026-09-17T13:47:39.945+0000] {processor.py:840} INFO - DAG(s) 'youtube_extraction' retrieved from /opt/airflow/dags/dag_extraction.py
[2026-09-17T13:47:39.995+0000] {logging_mixin.py:188} INFO - [2026-09-17T13:47:39.994+0000] {dag.py:3096} INFO - Sync 1 DAGs
[2026-09-17T13:47:40.051+0000] {logging_mixin.py:188} INFO - [2026-09-17T13:47:40.051+0000] {dag.py:3954} INFO - Setting next_dagrun for youtube_extraction to 2026-09-17 00:00:00+00:00, run_after=2026-09-18 00:00:00+00:00
[2026-09-17T13:47:40.102+0000] {processor.py:183} INFO - Processing /opt/airflow/dags/dag_extraction.py took 0.364 seconds
[2026-09-17T13:48:10.322+0000] {processor.py:161} INFO - Started process (PID=623) to work on /opt/airflow/dags/dag_extraction.py
[2026-09-17T13:48:10.325+0000] {processor.py:830} INFO - Processing file /opt/airflow/dags/dag_extraction.py for tasks to queue
[2026-09-17T13:48:10.329+0000] {logging_mixin.py:188} INFO - [2026-09-17T13:48:10.328+0000] {dagbag.py:545} INFO - Filling up the DagBag from /opt/airflow/dags/dag_extraction.py
[2026-09-17T13:48:10.473+0000] {processor.py:840} INFO - DAG(s) 'youtube_extraction' retrieved from /opt/airflow/dags/dag_extraction.py
[2026-09-17T13:48:10.529+0000] {logging_mixin.py:188} INFO - [2026-09-17T13:48:10.528+0000] {dag.py:3096} INFO - Sync 1 DAGs
[2026-09-17T13:48:10.574+0000] {logging_mixin.py:188} INFO - [2026-09-17T13:48:10.574+0000] {dag.py:3954} INFO - Setting next_dagrun for youtube_extraction to 2026-09-17 00:00:00+00:00, run_after=2026-09-18 00:00:00+00:00
[2026-09-17T13:48:10.623+0000] {processor.py:183} INFO - Processing /opt/airflow/dags/dag_extraction.py took 0.314 seconds
[2026-09-17T13:48:40.909+0000] {processor.py:161} INFO - Started process (PID=631) to work on /opt/airflow/dags/dag_extraction.py
[2026-09-17T13:48:40.915+0000] {processor.py:830} INFO - Processing file /opt/airflow/dags/dag_extraction.py for tasks to queue
[2026-09-17T13:48:40.920+0000] {logging_mixin.py:188} INFO - [2026-09-17T13:48:40.919+0000] {dagbag.py:545} INFO - Filling up the DagBag from /opt/airflow/dags/dag_extraction.py
[2026-09-17T13:48:41.134+0000] {processor.py:840} INFO - DAG(s) 'youtube_extraction' retrieved from /opt/airflow/dags/dag_extraction.py
[2026-09-17T13:48:41.193+0000] {logging_mixin.py:188} INFO - [2026-09-17T13:48:41.193+0000] {dag.py:3096} INFO - Sync 1 DAGs
[2026-09-17T13:48:41.260+0000] {logging_mixin.py:188} INFO - [2026-09-17T13:48:41.259+0000] {dag.py:3954} INFO - Setting next_dagrun for youtube_extraction to 2026-09-17 00:00:00+00:00, run_after=2026-09-18 00:00:00+00:00
[2026-09-17T13:48:41.329+0000] {processor.py:183} INFO - Processing /opt/airflow/dags/dag_extraction.py took 0.440 seconds
[2026-09-17T13:49:11.584+0000] {processor.py:161} INFO - Started process (PID=639) to work on /opt/airflow/dags/dag_extraction.py
[2026-09-17T13:49:11.588+0000] {processor.py:830} INFO - Processing file /opt/airflow/dags/dag_extraction.py for tasks to queue
[2026-09-17T13:49:11.593+0000] {logging_mixin.py:188} INFO - [2026-09-17T13:49:11.592+0000] {dagbag.py:545} INFO - Filling up the DagBag from /opt/airflow/dags/dag_extraction.py
[2026-09-17T13:49:11.785+0000] {processor.py:840} INFO - DAG(s) 'youtube_extraction' retrieved from /opt/airflow/dags/dag_extraction.py
[2026-09-17T13:49:11.839+0000] {logging_mixin.py:188} INFO - [2026-09-17T13:49:11.838+0000] {dag.py:3096} INFO - Sync 1 DAGs
[2026-09-17T13:49:11.900+0000] {logging_mixin.py:188} INFO - [2026-09-17T13:49:11.899+0000] {dag.py:3954} INFO - Setting next_dagrun for youtube_extraction to 2026-09-17 00:00:00+00:00, run_after=2026-09-18 00:00:00+00:00
[2026-09-17T13:49:11.955+0000] {processor.py:183} INFO - Processing /opt/airflow/dags/dag_extraction.py took 0.383 seconds
[2026-09-17T13:49:42.258+0000] {processor.py:161} INFO - Started process (PID=647) to work on /opt/airflow/dags/dag_extraction.py
[2026-09-17T13:49:42.261+0000] {processor.py:830} INFO - Processing file /opt/airflow/dags/dag_extraction.py for tasks to queue
[2026-09-17T13:49:42.265+0000] {logging_mixin.py:188} INFO - [2026-09-17T13:49:42.264+0000] {dagbag.py:545} INFO - Filling up the DagBag from /opt/airflow/dags/dag_extraction.py
[2026-09-17T13:49:42.393+0000] {processor.py:840} INFO - DAG(s) 'youtube_extraction' retrieved from /opt/airflow/dags/dag_extraction.py
[2026-09-17T13:49:42.420+0000] {logging_mixin.py:188} INFO - [2026-09-17T13:49:42.419+0000] {dag.py:3096} INFO - Sync 1 DAGs
[2026-09-17T13:49:42.444+0000] {logging_mixin.py:188} INFO - [2026-09-17T13:49:42.444+0000] {dag.py:3954} INFO - Setting next_dagrun for youtube_extraction to 2026-09-17 00:00:00+00:00, run_after=2026-09-18 00:00:00+00:00
[2026-09-17T13:49:42.471+0000] {processor.py:183} INFO - Processing /opt/airflow/dags/dag_extraction.py took 0.224 seconds
[2026-09-17T13:50:12.897+0000] {processor.py:161} INFO - Started process (PID=655) to work on /opt/airflow/dags/dag_extraction.py
[2026-09-17T13:50:12.900+0000] {processor.py:830} INFO - Processing file /opt/airflow/dags/dag_extraction.py for tasks to queue
[2026-09-17T13:50:12.903+0000] {logging_mixin.py:188} INFO - [2026-09-17T13:50:12.902+0000] {dagbag.py:545} INFO - Filling up the DagBag from /opt/airflow/dags/dag_extraction.py
[2026-09-17T13:50:13.032+0000] {processor.py:840} INFO - DAG(s) 'youtube_extraction' retrieved from /opt/airflow/dags/dag_extraction.py
[2026-09-17T13:50:13.062+0000] {logging_mixin.py:188} INFO - [2026-09-17T13:50:13.062+0000] {dag.py:3096} INFO - Sync 1 DAGs
[2026-09-17T13:50:13.096+0000] {logging_mixin.py:188} INFO - [2026-09-17T13:50:13.095+0000] {dag.py:3954} INFO - Setting next_dagrun for youtube_extraction to 2026-09-17 00:00:00+00:00, run_after=2026-09-18 00:00:00+00:00
[2026-09-17T13:50:13.129+0000] {processor.py:183} INFO - Processing /opt/airflow/dags/dag_extraction.py took 0.243 seconds
[2026-09-17T13:50:43.465+0000] {processor.py:161} INFO - Started process (PID=663) to work on /opt/airflow/dags/dag_extraction.py
[2026-09-17T13:50:43.469+0000] {processor.py:830} INFO - Processing file /opt/airflow/dags/dag_extraction.py for tasks to queue
[2026-09-17T13:50:43.472+0000] {logging_mixin.py:188} INFO - [2026-09-17T13:50:43.472+0000] {dagbag.py:545} INFO - Filling up the DagBag from /opt/airflow/dags/dag_extraction.py
[2026-09-17T13:50:43.592+0000] {processor.py:840} INFO - DAG(s) 'youtube_extraction' retrieved from /opt/airflow/dags/dag_extraction.py
[2026-09-17T13:50:43.617+0000] {logging_mixin.py:188} INFO - [2026-09-17T13:50:43.617+0000] {dag.py:3096} INFO - Sync 1 DAGs
[2026-09-17T13:50:43.645+0000] {logging_mixin.py:188} INFO - [2026-09-17T13:50:43.645+0000] {dag.py:3954} INFO - Setting next_dagrun for youtube_extraction to 2026-09-17 00:00:00+00:00, run_after=2026-09-18 00:00:00+00:00
[2026-09-17T13:50:43.678+0000] {processor.py:183} INFO - Processing /opt/airflow/dags/dag_extraction.py took 0.223 seconds
[2026-09-17T13:51:14.032+0000] {processor.py:161} INFO - Started process (PID=671) to work on /opt/airflow/dags/dag_extraction.py
[2026-09-17T13:51:14.036+0000] {processor.py:830} INFO - Processing file /opt/airflow/dags/dag_extraction.py for tasks to queue
[2026-09-17T13:51:14.039+0000] {logging_mixin.py:188} INFO - [2026-09-17T13:51:14.039+0000] {dagbag.py:545} INFO - Filling up the DagBag from /opt/airflow/dags/dag_extraction.py
[2026-09-17T13:51:14.164+0000] {processor.py:840} INFO - DAG(s) 'youtube_extraction' retrieved from /opt/airflow/dags/dag_extraction.py
[2026-09-17T13:51:14.191+0000] {logging_mixin.py:188} INFO - [2026-09-17T13:51:14.191+0000] {dag.py:3096} INFO - Sync 1 DAGs
[2026-09-17T13:51:14.223+0000] {logging_mixin.py:188} INFO - [2026-09-17T13:51:14.223+0000] {dag.py:3954} INFO - Setting next_dagrun for youtube_extraction to 2026-09-17 00:00:00+00:00, run_after=2026-09-18 00:00:00+00:00
[2026-09-17T13:51:14.255+0000] {processor.py:183} INFO - Processing /opt/airflow/dags/dag_extraction.py took 0.239 seconds
[2026-09-17T13:51:44.585+0000] {processor.py:161} INFO - Started process (PID=679) to work on /opt/airflow/dags/dag_extraction.py
[2026-09-17T13:51:44.589+0000] {processor.py:830} INFO - Processing file /opt/airflow/dags/dag_extraction.py for tasks to queue
[2026-09-17T13:51:44.592+0000] {logging_mixin.py:188} INFO - [2026-09-17T13:51:44.592+0000] {dagbag.py:545} INFO - Filling up the DagBag from /opt/airflow/dags/dag_extraction.py
[2026-09-17T13:51:44.707+0000] {processor.py:840} INFO - DAG(s) 'youtube_extraction' retrieved from /opt/airflow/dags/dag_extraction.py
[2026-09-17T13:51:44.733+0000] {logging_mixin.py:188} INFO - [2026-09-17T13:51:44.733+0000] {dag.py:3096} INFO - Sync 1 DAGs
[2026-09-17T13:51:44.776+0000] {logging_mixin.py:188} INFO - [2026-09-17T13:51:44.775+0000] {dag.py:3954} INFO - Setting next_dagrun for youtube_extraction to 2026-09-17 00:00:00+00:00, run_after=2026-09-18 00:00:00+00:00
[2026-09-17T13:51:44.828+0000] {processor.py:183} INFO - Processing /opt/airflow/dags/dag_extraction.py took 0.251 seconds
[2026-09-17T13:52:15.238+0000] {processor.py:161} INFO - Started process (PID=687) to work on /opt/airflow/dags/dag_extraction.py
[2026-09-17T13:52:15.242+0000] {processor.py:830} INFO - Processing file /opt/airflow/dags/dag_extraction.py for tasks to queue
[2026-09-17T13:52:15.246+0000] {logging_mixin.py:188} INFO - [2026-09-17T13:52:15.245+0000] {dagbag.py:545} INFO - Filling up the DagBag from /opt/airflow/dags/dag_extraction.py
[2026-09-17T13:52:15.406+0000] {processor.py:840} INFO - DAG(s) 'youtube_extraction' retrieved from /opt/airflow/dags/dag_extraction.py
[2026-09-17T13:52:15.430+0000] {logging_mixin.py:188} INFO - [2026-09-17T13:52:15.430+0000] {dag.py:3096} INFO - Sync 1 DAGs
[2026-09-17T13:52:15.457+0000] {logging_mixin.py:188} INFO - [2026-09-17T13:52:15.457+0000] {dag.py:3954} INFO - Setting next_dagrun for youtube_extraction to 2026-09-17 00:00:00+00:00, run_after=2026-09-18 00:00:00+00:00
[2026-09-17T13:52:15.485+0000] {processor.py:183} INFO - Processing /opt/airflow/dags/dag_extraction.py took 0.266 seconds
[2026-09-17T13:52:45.949+0000] {processor.py:161} INFO - Started process (PID=695) to work on /opt/airflow/dags/dag_extraction.py
[2026-09-17T13:52:45.953+0000] {processor.py:830} INFO - Processing file /opt/airflow/dags/dag_extraction.py for tasks to queue
[2026-09-17T13:52:45.957+0000] {logging_mixin.py:188} INFO - [2026-09-17T13:52:45.956+0000] {dagbag.py:545} INFO - Filling up the DagBag from /opt/airflow/dags/dag_extraction.py
[2026-09-17T13:52:46.081+0000] {processor.py:840} INFO - DAG(s) 'youtube_extraction' retrieved from /opt/airflow/dags/dag_extraction.py
[2026-09-17T13:52:46.107+0000] {logging_mixin.py:188} INFO - [2026-09-17T13:52:46.107+0000] {dag.py:3096} INFO - Sync 1 DAGs
[2026-09-17T13:52:46.143+0000] {logging_mixin.py:188} INFO - [2026-09-17T13:52:46.143+0000] {dag.py:3954} INFO - Setting next_dagrun for youtube_extraction to 2026-09-17 00:00:00+00:00, run_after=2026-09-18 00:00:00+00:00
[2026-09-17T13:52:46.188+0000] {processor.py:183} INFO - Processing /opt/airflow/dags/dag_extraction.py took 0.248 seconds
[2026-09-17T13:53:16.507+0000] {processor.py:161} INFO - Started process (PID=703) to work on /opt/airflow/dags/dag_extraction.py
[2026-09-17T13:53:16.511+0000] {processor.py:830} INFO - Processing file /opt/airflow/dags/dag_extraction.py for tasks to queue
[2026-09-17T13:53:16.513+0000] {logging_mixin.py:188} INFO - [2026-09-17T13:53:16.512+0000] {dagbag.py:545} INFO - Filling up the DagBag from /opt/airflow/dags/dag_extraction.py
[2026-09-17T13:53:16.654+0000] {processor.py:840} INFO - DAG(s) 'youtube_extraction' retrieved from /opt/airflow/dags/dag_extraction.py
[2026-09-17T13:53:16.702+0000] {logging_mixin.py:188} INFO - [2026-09-17T13:53:16.701+0000] {dag.py:3096} INFO - Sync 1 DAGs
[2026-09-17T13:53:16.741+0000] {logging_mixin.py:188} INFO - [2026-09-17T13:53:16.740+0000] {dag.py:3954} INFO - Setting next_dagrun for youtube_extraction to 2026-09-17 00:00:00+00:00, run_after=2026-09-18 00:00:00+00:00
[2026-09-17T13:53:16.784+0000] {processor.py:183} INFO - Processing /opt/airflow/dags/dag_extraction.py took 0.289 seconds
[2026-09-17T13:53:47.088+0000] {processor.py:161} INFO - Started process (PID=711) to work on /opt/airflow/dags/dag_extraction.py
[2026-09-17T13:53:47.091+0000] {processor.py:830} INFO - Processing file /opt/airflow/dags/dag_extraction.py for tasks to queue
[2026-09-17T13:53:47.093+0000] {logging_mixin.py:188} INFO - [2026-09-17T13:53:47.092+0000] {dagbag.py:545} INFO - Filling up the DagBag from /opt/airflow/dags/dag_extraction.py
[2026-09-17T13:53:47.208+0000] {processor.py:840} INFO - DAG(s) 'youtube_extraction' retrieved from /opt/airflow/dags/dag_extraction.py
[2026-09-17T13:53:47.234+0000] {logging_mixin.py:188} INFO - [2026-09-17T13:53:47.233+0000] {dag.py:3096} INFO - Sync 1 DAGs
[2026-09-17T13:53:47.267+0000] {logging_mixin.py:188} INFO - [2026-09-17T13:53:47.267+0000] {dag.py:3954} INFO - Setting next_dagrun for youtube_extraction to 2026-09-17 00:00:00+00:00, run_after=2026-09-18 00:00:00+00:00
[2026-09-17T13:53:47.301+0000] {processor.py:183} INFO - Processing /opt/airflow/dags/dag_extraction.py took 0.224 seconds
[2026-09-17T13:54:17.653+0000] {processor.py:161} INFO - Started process (PID=719) to work on /opt/airflow/dags/dag_extraction.py
[2026-09-17T13:54:17.656+0000] {processor.py:830} INFO - Processing file /opt/airflow/dags/dag_extraction.py for tasks to queue
[2026-09-17T13:54:17.659+0000] {logging_mixin.py:188} INFO - [2026-09-17T13:54:17.658+0000] {dagbag.py:545} INFO - Filling up the DagBag from /opt/airflow/dags/dag_extraction.py
[2026-09-17T13:54:17.762+0000] {processor.py:840} INFO - DAG(s) 'youtube_extraction' retrieved from /opt/airflow/dags/dag_extraction.py
[2026-09-17T13:54:17.786+0000] {logging_mixin.py:188} INFO - [2026-09-17T13:54:17.785+0000] {dag.py:3096} INFO - Sync 1 DAGs
[2026-09-17T13:54:17.818+0000] {logging_mixin.py:188} INFO - [2026-09-17T13:54:17.817+0000] {dag.py:3954} INFO - Setting next_dagrun for youtube_extraction to 2026-09-17 00:00:00+00:00, run_after=2026-09-18 00:00:00+00:00
[2026-09-17T13:54:17.853+0000] {processor.py:183} INFO - Processing /opt/airflow/dags/dag_extraction.py took 0.210 seconds
[2026-09-17T13:54:48.202+0000] {processor.py:161} INFO - Started process (PID=727) to work on /opt/airflow/dags/dag_extraction.py
[2026-09-17T13:54:48.205+0000] {processor.py:830} INFO - Processing file /opt/airflow/dags/dag_extraction.py for tasks to queue
[2026-09-17T13:54:48.208+0000] {logging_mixin.py:188} INFO - [2026-09-17T13:54:48.208+0000] {dagbag.py:545} INFO - Filling up the DagBag from /opt/airflow/dags/dag_extraction.py
[2026-09-17T13:54:48.323+0000] {processor.py:840} INFO - DAG(s) 'youtube_extraction' retrieved from /opt/airflow/dags/dag_extraction.py
[2026-09-17T13:54:48.355+0000] {logging_mixin.py:188} INFO - [2026-09-17T13:54:48.355+0000] {dag.py:3096} INFO - Sync 1 DAGs
[2026-09-17T13:54:48.400+0000] {logging_mixin.py:188} INFO - [2026-09-17T13:54:48.399+0000] {dag.py:3954} INFO - Setting next_dagrun for youtube_extraction to 2026-09-17 00:00:00+00:00, run_after=2026-09-18 00:00:00+00:00
[2026-09-17T13:54:48.452+0000] {processor.py:183} INFO - Processing /opt/airflow/dags/dag_extraction.py took 0.261 seconds
[2026-09-17T13:55:18.785+0000] {processor.py:161} INFO - Started process (PID=735) to work on /opt/airflow/dags/dag_extraction.py
[2026-09-17T13:55:18.789+0000] {processor.py:830} INFO - Processing file /opt/airflow/dags/dag_extraction.py for tasks to queue
[2026-09-17T13:55:18.792+0000] {logging_mixin.py:188} INFO - [2026-09-17T13:55:18.792+0000] {dagbag.py:545} INFO - Filling up the DagBag from /opt/airflow/dags/dag_extraction.py
[2026-09-17T13:55:18.965+0000] {processor.py:840} INFO - DAG(s) 'youtube_extraction' retrieved from /opt/airflow/dags/dag_extraction.py
[2026-09-17T13:55:18.992+0000] {logging_mixin.py:188} INFO - [2026-09-17T13:55:18.992+0000] {dag.py:3096} INFO - Sync 1 DAGs
[2026-09-17T13:55:19.029+0000] {logging_mixin.py:188} INFO - [2026-09-17T13:55:19.028+0000] {dag.py:3954} INFO - Setting next_dagrun for youtube_extraction to 2026-09-17 00:00:00+00:00, run_after=2026-09-18 00:00:00+00:00
[2026-09-17T13:55:19.074+0000] {processor.py:183} INFO - Processing /opt/airflow/dags/dag_extraction.py took 0.307 seconds
[2026-09-17T13:55:49.358+0000] {processor.py:161} INFO - Started process (PID=743) to work on /opt/airflow/dags/dag_extraction.py
[2026-09-17T13:55:49.361+0000] {processor.py:830} INFO - Processing file /opt/airflow/dags/dag_extraction.py for tasks to queue
[2026-09-17T13:55:49.363+0000] {logging_mixin.py:188} INFO - [2026-09-17T13:55:49.363+0000] {dagbag.py:545} INFO - Filling up the DagBag from /opt/airflow/dags/dag_extraction.py
[2026-09-17T13:55:49.480+0000] {processor.py:840} INFO - DAG(s) 'youtube_extraction' retrieved from /opt/airflow/dags/dag_extraction.py
[2026-09-17T13:55:49.518+0000] {logging_mixin.py:188} INFO - [2026-09-17T13:55:49.517+0000] {dag.py:3096} INFO - Sync 1 DAGs
[2026-09-17T13:55:49.556+0000] {logging_mixin.py:188} INFO - [2026-09-17T13:55:49.556+0000] {dag.py:3954} INFO - Setting next_dagrun for youtube_extraction to 2026-09-17 00:00:00+00:00, run_after=2026-09-18 00:00:00+00:00
[2026-09-17T13:55:49.590+0000] {processor.py:183} INFO - Processing /opt/airflow/dags/dag_extraction.py took 0.242 seconds
[2026-09-17T13:56:19.928+0000] {processor.py:161} INFO - Started process (PID=751) to work on /opt/airflow/dags/dag_extraction.py
[2026-09-17T13:56:19.933+0000] {processor.py:830} INFO - Processing file /opt/airflow/dags/dag_extraction.py for tasks to queue
[2026-09-17T13:56:19.937+0000] {logging_mixin.py:188} INFO - [2026-09-17T13:56:19.936+0000] {dagbag.py:545} INFO - Filling up the DagBag from /opt/airflow/dags/dag_extraction.py
[2026-09-17T13:56:20.185+0000] {processor.py:840} INFO - DAG(s) 'youtube_extraction' retrieved from /opt/airflow/dags/dag_extraction.py
[2026-09-17T13:56:20.231+0000] {logging_mixin.py:188} INFO - [2026-09-17T13:56:20.230+0000] {dag.py:3096} INFO - Sync 1 DAGs
[2026-09-17T13:56:20.258+0000] {logging_mixin.py:188} INFO - [2026-09-17T13:56:20.258+0000] {dag.py:3954} INFO - Setting next_dagrun for youtube_extraction to 2026-09-17 00:00:00+00:00, run_after=2026-09-18 00:00:00+00:00
[2026-09-17T13:56:20.283+0000] {processor.py:183} INFO - Processing /opt/airflow/dags/dag_extraction.py took 0.370 seconds
[2026-09-17T13:56:50.589+0000] {processor.py:161} INFO - Started process (PID=759) to work on /opt/airflow/dags/dag_extraction.py
[2026-09-17T13:56:50.592+0000] {processor.py:830} INFO - Processing file /opt/airflow/dags/dag_extraction.py for tasks to queue
[2026-09-17T13:56:50.595+0000] {logging_mixin.py:188} INFO - [2026-09-17T13:56:50.594+0000] {dagbag.py:545} INFO - Filling up the DagBag from /opt/airflow/dags/dag_extraction.py
[2026-09-17T13:56:50.705+0000] {processor.py:840} INFO - DAG(s) 'youtube_extraction' retrieved from /opt/airflow/dags/dag_extraction.py
[2026-09-17T13:56:50.736+0000] {logging_mixin.py:188} INFO - [2026-09-17T13:56:50.736+0000] {dag.py:3096} INFO - Sync 1 DAGs
[2026-09-17T13:56:50.795+0000] {logging_mixin.py:188} INFO - [2026-09-17T13:56:50.794+0000] {dag.py:3954} INFO - Setting next_dagrun for youtube_extraction to 2026-09-17 00:00:00+00:00, run_after=2026-09-18 00:00:00+00:00
[2026-09-17T13:56:50.857+0000] {processor.py:183} INFO - Processing /opt/airflow/dags/dag_extraction.py took 0.277 seconds
[2026-09-17T13:57:21.226+0000] {processor.py:161} INFO - Started process (PID=767) to work on /opt/airflow/dags/dag_extraction.py
[2026-09-17T13:57:21.233+0000] {processor.py:830} INFO - Processing file /opt/airflow/dags/dag_extraction.py for tasks to queue
[2026-09-17T13:57:21.240+0000] {logging_mixin.py:188} INFO - [2026-09-17T13:57:21.238+0000] {dagbag.py:545} INFO - Filling up the DagBag from /opt/airflow/dags/dag_extraction.py
[2026-09-17T13:57:21.431+0000] {processor.py:840} INFO - DAG(s) 'youtube_extraction' retrieved from /opt/airflow/dags/dag_extraction.py
[2026-09-17T13:57:21.477+0000] {logging_mixin.py:188} INFO - [2026-09-17T13:57:21.476+0000] {dag.py:3096} INFO - Sync 1 DAGs
[2026-09-17T13:57:21.536+0000] {logging_mixin.py:188} INFO - [2026-09-17T13:57:21.536+0000] {dag.py:3954} INFO - Setting next_dagrun for youtube_extraction to 2026-09-17 00:00:00+00:00, run_after=2026-09-18 00:00:00+00:00
[2026-09-17T13:57:21.586+0000] {processor.py:183} INFO - Processing /opt/airflow/dags/dag_extraction.py took 0.380 seconds
[2026-09-17T13:57:51.861+0000] {processor.py:161} INFO - Started process (PID=775) to work on /opt/airflow/dags/dag_extraction.py
[2026-09-17T13:57:51.866+0000] {processor.py:830} INFO - Processing file /opt/airflow/dags/dag_extraction.py for tasks to queue
[2026-09-17T13:57:51.870+0000] {logging_mixin.py:188} INFO - [2026-09-17T13:57:51.870+0000] {dagbag.py:545} INFO - Filling up the DagBag from /opt/airflow/dags/dag_extraction.py
[2026-09-17T13:57:52.044+0000] {processor.py:840} INFO - DAG(s) 'youtube_extraction' retrieved from /opt/airflow/dags/dag_extraction.py
[2026-09-17T13:57:52.100+0000] {logging_mixin.py:188} INFO - [2026-09-17T13:57:52.099+0000] {dag.py:3096} INFO - Sync 1 DAGs
[2026-09-17T13:57:52.160+0000] {logging_mixin.py:188} INFO - [2026-09-17T13:57:52.159+0000] {dag.py:3954} INFO - Setting next_dagrun for youtube_extraction to 2026-09-17 00:00:00+00:00, run_after=2026-09-18 00:00:00+00:00
[2026-09-17T13:57:52.211+0000] {processor.py:183} INFO - Processing /opt/airflow/dags/dag_extraction.py took 0.369 seconds
[2026-09-17T13:58:22.464+0000] {processor.py:161} INFO - Started process (PID=783) to work on /opt/airflow/dags/dag_extraction.py
[2026-09-17T13:58:22.467+0000] {processor.py:830} INFO - Processing file /opt/airflow/dags/dag_extraction.py for tasks to queue
[2026-09-17T13:58:22.469+0000] {logging_mixin.py:188} INFO - [2026-09-17T13:58:22.469+0000] {dagbag.py:545} INFO - Filling up the DagBag from /opt/airflow/dags/dag_extraction.py
[2026-09-17T13:58:22.628+0000] {processor.py:840} INFO - DAG(s) 'youtube_extraction' retrieved from /opt/airflow/dags/dag_extraction.py
[2026-09-17T13:58:22.666+0000] {logging_mixin.py:188} INFO - [2026-09-17T13:58:22.666+0000] {dag.py:3096} INFO - Sync 1 DAGs
[2026-09-17T13:58:22.699+0000] {logging_mixin.py:188} INFO - [2026-09-17T13:58:22.698+0000] {dag.py:3954} INFO - Setting next_dagrun for youtube_extraction to 2026-09-17 00:00:00+00:00, run_after=2026-09-18 00:00:00+00:00
[2026-09-17T13:58:22.732+0000] {processor.py:183} INFO - Processing /opt/airflow/dags/dag_extraction.py took 0.284 seconds
[2026-09-17T13:58:53.034+0000] {processor.py:161} INFO - Started process (PID=791) to work on /opt/airflow/dags/dag_extraction.py
[2026-09-17T13:58:53.039+0000] {processor.py:830} INFO - Processing file /opt/airflow/dags/dag_extraction.py for tasks to queue
[2026-09-17T13:58:53.042+0000] {logging_mixin.py:188} INFO - [2026-09-17T13:58:53.041+0000] {dagbag.py:545} INFO - Filling up the DagBag from /opt/airflow/dags/dag_extraction.py
[2026-09-17T13:58:53.145+0000] {processor.py:840} INFO - DAG(s) 'youtube_extraction' retrieved from /opt/airflow/dags/dag_extraction.py
[2026-09-17T13:58:53.168+0000] {logging_mixin.py:188} INFO - [2026-09-17T13:58:53.167+0000] {dag.py:3096} INFO - Sync 1 DAGs
[2026-09-17T13:58:53.193+0000] {logging_mixin.py:188} INFO - [2026-09-17T13:58:53.193+0000] {dag.py:3954} INFO - Setting next_dagrun for youtube_extraction to 2026-09-17 00:00:00+00:00, run_after=2026-09-18 00:00:00+00:00
[2026-09-17T13:58:53.217+0000] {processor.py:183} INFO - Processing /opt/airflow/dags/dag_extraction.py took 0.192 seconds
[2026-09-17T13:59:23.553+0000] {processor.py:161} INFO - Started process (PID=799) to work on /opt/airflow/dags/dag_extraction.py
[2026-09-17T13:59:23.556+0000] {processor.py:830} INFO - Processing file /opt/airflow/dags/dag_extraction.py for tasks to queue
[2026-09-17T13:59:23.559+0000] {logging_mixin.py:188} INFO - [2026-09-17T13:59:23.559+0000] {dagbag.py:545} INFO - Filling up the DagBag from /opt/airflow/dags/dag_extraction.py
[2026-09-17T13:59:23.679+0000] {processor.py:840} INFO - DAG(s) 'youtube_extraction' retrieved from /opt/airflow/dags/dag_extraction.py
[2026-09-17T13:59:23.716+0000] {logging_mixin.py:188} INFO - [2026-09-17T13:59:23.715+0000] {dag.py:3096} INFO - Sync 1 DAGs
[2026-09-17T13:59:23.758+0000] {logging_mixin.py:188} INFO - [2026-09-17T13:59:23.758+0000] {dag.py:3954} INFO - Setting next_dagrun for youtube_extraction to 2026-09-17 00:00:00+00:00, run_after=2026-09-18 00:00:00+00:00
[2026-09-17T13:59:23.804+0000] {processor.py:183} INFO - Processing /opt/airflow/dags/dag_extraction.py took 0.261 seconds
[2026-09-17T13:59:54.027+0000] {processor.py:161} INFO - Started process (PID=807) to work on /opt/airflow/dags/dag_extraction.py
[2026-09-17T13:59:54.030+0000] {processor.py:830} INFO - Processing file /opt/airflow/dags/dag_extraction.py for tasks to queue
[2026-09-17T13:59:54.032+0000] {logging_mixin.py:188} INFO - [2026-09-17T13:59:54.032+0000] {dagbag.py:545} INFO - Filling up the DagBag from /opt/airflow/dags/dag_extraction.py
[2026-09-17T13:59:54.155+0000] {processor.py:840} INFO - DAG(s) 'youtube_extraction' retrieved from /opt/airflow/dags/dag_extraction.py
[2026-09-17T13:59:54.181+0000] {logging_mixin.py:188} INFO - [2026-09-17T13:59:54.180+0000] {dag.py:3096} INFO - Sync 1 DAGs
[2026-09-17T13:59:54.210+0000] {logging_mixin.py:188} INFO - [2026-09-17T13:59:54.210+0000] {dag.py:3954} INFO - Setting next_dagrun for youtube_extraction to 2026-09-17 00:00:00+00:00, run_after=2026-09-18 00:00:00+00:00
[2026-09-17T13:59:54.253+0000] {processor.py:183} INFO - Processing /opt/airflow/dags/dag_extraction.py took 0.236 seconds
[2026-09-17T14:00:24.571+0000] {processor.py:161} INFO - Started process (PID=815) to work on /opt/airflow/dags/dag_extraction.py
[2026-09-17T14:00:24.575+0000] {processor.py:830} INFO - Processing file /opt/airflow/dags/dag_extraction.py for tasks to queue
[2026-09-17T14:00:24.579+0000] {logging_mixin.py:188} INFO - [2026-09-17T14:00:24.578+0000] {dagbag.py:545} INFO - Filling up the DagBag from /opt/airflow/dags/dag_extraction.py
[2026-09-17T14:00:24.767+0000] {processor.py:840} INFO - DAG(s) 'youtube_extraction' retrieved from /opt/airflow/dags/dag_extraction.py
[2026-09-17T14:00:24.792+0000] {logging_mixin.py:188} INFO - [2026-09-17T14:00:24.792+0000] {dag.py:3096} INFO - Sync 1 DAGs
[2026-09-17T14:00:24.827+0000] {logging_mixin.py:188} INFO - [2026-09-17T14:00:24.827+0000] {dag.py:3954} INFO - Setting next_dagrun for youtube_extraction to 2026-09-17 00:00:00+00:00, run_after=2026-09-18 00:00:00+00:00
[2026-09-17T14:00:24.864+0000] {processor.py:183} INFO - Processing /opt/airflow/dags/dag_extraction.py took 0.304 seconds
[2026-09-17T14:00:55.198+0000] {processor.py:161} INFO - Started process (PID=823) to work on /opt/airflow/dags/dag_extraction.py
[2026-09-17T14:00:55.202+0000] {processor.py:830} INFO - Processing file /opt/airflow/dags/dag_extraction.py for tasks to queue
[2026-09-17T14:00:55.205+0000] {logging_mixin.py:188} INFO - [2026-09-17T14:00:55.204+0000] {dagbag.py:545} INFO - Filling up the DagBag from /opt/airflow/dags/dag_extraction.py
[2026-09-17T14:00:55.314+0000] {processor.py:840} INFO - DAG(s) 'youtube_extraction' retrieved from /opt/airflow/dags/dag_extraction.py
[2026-09-17T14:00:55.337+0000] {logging_mixin.py:188} INFO - [2026-09-17T14:00:55.337+0000] {dag.py:3096} INFO - Sync 1 DAGs
[2026-09-17T14:00:55.361+0000] {logging_mixin.py:188} INFO - [2026-09-17T14:00:55.361+0000] {dag.py:3954} INFO - Setting next_dagrun for youtube_extraction to 2026-09-17 00:00:00+00:00, run_after=2026-09-18 00:00:00+00:00
[2026-09-17T14:00:55.385+0000] {processor.py:183} INFO - Processing /opt/airflow/dags/dag_extraction.py took 0.196 seconds
[2026-09-17T14:01:25.704+0000] {processor.py:161} INFO - Started process (PID=831) to work on /opt/airflow/dags/dag_extraction.py
[2026-09-17T14:01:25.708+0000] {processor.py:830} INFO - Processing file /opt/airflow/dags/dag_extraction.py for tasks to queue
[2026-09-17T14:01:25.711+0000] {logging_mixin.py:188} INFO - [2026-09-17T14:01:25.710+0000] {dagbag.py:545} INFO - Filling up the DagBag from /opt/airflow/dags/dag_extraction.py
[2026-09-17T14:01:25.829+0000] {processor.py:840} INFO - DAG(s) 'youtube_extraction' retrieved from /opt/airflow/dags/dag_extraction.py
[2026-09-17T14:01:25.854+0000] {logging_mixin.py:188} INFO - [2026-09-17T14:01:25.854+0000] {dag.py:3096} INFO - Sync 1 DAGs
[2026-09-17T14:01:25.883+0000] {logging_mixin.py:188} INFO - [2026-09-17T14:01:25.882+0000] {dag.py:3954} INFO - Setting next_dagrun for youtube_extraction to 2026-09-17 00:00:00+00:00, run_after=2026-09-18 00:00:00+00:00
[2026-09-17T14:01:25.917+0000] {processor.py:183} INFO - Processing /opt/airflow/dags/dag_extraction.py took 0.223 seconds
[2026-09-17T14:01:56.280+0000] {processor.py:161} INFO - Started process (PID=839) to work on /opt/airflow/dags/dag_extraction.py
[2026-09-17T14:01:56.284+0000] {processor.py:830} INFO - Processing file /opt/airflow/dags/dag_extraction.py for tasks to queue
[2026-09-17T14:01:56.287+0000] {logging_mixin.py:188} INFO - [2026-09-17T14:01:56.286+0000] {dagbag.py:545} INFO - Filling up the DagBag from /opt/airflow/dags/dag_extraction.py
[2026-09-17T14:01:56.396+0000] {processor.py:840} INFO - DAG(s) 'youtube_extraction' retrieved from /opt/airflow/dags/dag_extraction.py
[2026-09-17T14:01:56.421+0000] {logging_mixin.py:188} INFO - [2026-09-17T14:01:56.420+0000] {dag.py:3096} INFO - Sync 1 DAGs
[2026-09-17T14:01:56.449+0000] {logging_mixin.py:188} INFO - [2026-09-17T14:01:56.448+0000] {dag.py:3954} INFO - Setting next_dagrun for youtube_extraction to 2026-09-17 00:00:00+00:00, run_after=2026-09-18 00:00:00+00:00
[2026-09-17T14:01:56.481+0000] {processor.py:183} INFO - Processing /opt/airflow/dags/dag_extraction.py took 0.213 seconds
[2026-09-17T14:02:26.924+0000] {processor.py:161} INFO - Started process (PID=847) to work on /opt/airflow/dags/dag_extraction.py
[2026-09-17T14:02:26.927+0000] {processor.py:830} INFO - Processing file /opt/airflow/dags/dag_extraction.py for tasks to queue
[2026-09-17T14:02:26.930+0000] {logging_mixin.py:188} INFO - [2026-09-17T14:02:26.929+0000] {dagbag.py:545} INFO - Filling up the DagBag from /opt/airflow/dags/dag_extraction.py
[2026-09-17T14:02:27.050+0000] {processor.py:840} INFO - DAG(s) 'youtube_extraction' retrieved from /opt/airflow/dags/dag_extraction.py
[2026-09-17T14:02:27.080+0000] {logging_mixin.py:188} INFO - [2026-09-17T14:02:27.079+0000] {dag.py:3096} INFO - Sync 1 DAGs
[2026-09-17T14:02:27.109+0000] {logging_mixin.py:188} INFO - [2026-09-17T14:02:27.109+0000] {dag.py:3954} INFO - Setting next_dagrun for youtube_extraction to 2026-09-17 00:00:00+00:00, run_after=2026-09-18 00:00:00+00:00
[2026-09-17T14:02:27.135+0000] {processor.py:183} INFO - Processing /opt/airflow/dags/dag_extraction.py took 0.225 seconds
[2026-09-17T14:02:57.646+0000] {processor.py:161} INFO - Started process (PID=855) to work on /opt/airflow/dags/dag_extraction.py
[2026-09-17T14:02:57.650+0000] {processor.py:830} INFO - Processing file /opt/airflow/dags/dag_extraction.py for tasks to queue
[2026-09-17T14:02:57.653+0000] {logging_mixin.py:188} INFO - [2026-09-17T14:02:57.652+0000] {dagbag.py:545} INFO - Filling up the DagBag from /opt/airflow/dags/dag_extraction.py
[2026-09-17T14:02:57.789+0000] {processor.py:840} INFO - DAG(s) 'youtube_extraction' retrieved from /opt/airflow/dags/dag_extraction.py
[2026-09-17T14:02:57.826+0000] {logging_mixin.py:188} INFO - [2026-09-17T14:02:57.825+0000] {dag.py:3096} INFO - Sync 1 DAGs
[2026-09-17T14:02:57.863+0000] {logging_mixin.py:188} INFO - [2026-09-17T14:02:57.862+0000] {dag.py:3954} INFO - Setting next_dagrun for youtube_extraction to 2026-09-17 00:00:00+00:00, run_after=2026-09-18 00:00:00+00:00
[2026-09-17T14:02:57.895+0000] {processor.py:183} INFO - Processing /opt/airflow/dags/dag_extraction.py took 0.260 seconds
[2026-09-17T14:03:28.307+0000] {processor.py:161} INFO - Started process (PID=863) to work on /opt/airflow/dags/dag_extraction.py
[2026-09-17T14:03:28.314+0000] {processor.py:830} INFO - Processing file /opt/airflow/dags/dag_extraction.py for tasks to queue
[2026-09-17T14:03:28.317+0000] {logging_mixin.py:188} INFO - [2026-09-17T14:03:28.317+0000] {dagbag.py:545} INFO - Filling up the DagBag from /opt/airflow/dags/dag_extraction.py
[2026-09-17T14:03:28.487+0000] {processor.py:840} INFO - DAG(s) 'youtube_extraction' retrieved from /opt/airflow/dags/dag_extraction.py
[2026-09-17T14:03:28.521+0000] {logging_mixin.py:188} INFO - [2026-09-17T14:03:28.520+0000] {dag.py:3096} INFO - Sync 1 DAGs
[2026-09-17T14:03:28.567+0000] {logging_mixin.py:188} INFO - [2026-09-17T14:03:28.566+0000] {dag.py:3954} INFO - Setting next_dagrun for youtube_extraction to 2026-09-17 00:00:00+00:00, run_after=2026-09-18 00:00:00+00:00
[2026-09-17T14:03:28.607+0000] {processor.py:183} INFO - Processing /opt/airflow/dags/dag_extraction.py took 0.308 seconds
[2026-09-17T14:03:59.025+0000] {processor.py:161} INFO - Started process (PID=871) to work on /opt/airflow/dags/dag_extraction.py
[2026-09-17T14:03:59.030+0000] {processor.py:830} INFO - Processing file /opt/airflow/dags/dag_extraction.py for tasks to queue
[2026-09-17T14:03:59.035+0000] {logging_mixin.py:188} INFO - [2026-09-17T14:03:59.034+0000] {dagbag.py:545} INFO - Filling up the DagBag from /opt/airflow/dags/dag_extraction.py
[2026-09-17T14:03:59.217+0000] {processor.py:840} INFO - DAG(s) 'youtube_extraction' retrieved from /opt/airflow/dags/dag_extraction.py
[2026-09-17T14:03:59.266+0000] {logging_mixin.py:188} INFO - [2026-09-17T14:03:59.264+0000] {dag.py:3096} INFO - Sync 1 DAGs
[2026-09-17T14:03:59.308+0000] {logging_mixin.py:188} INFO - [2026-09-17T14:03:59.307+0000] {dag.py:3954} INFO - Setting next_dagrun for youtube_extraction to 2026-09-17 00:00:00+00:00, run_after=2026-09-18 00:00:00+00:00
[2026-09-17T14:03:59.360+0000] {processor.py:183} INFO - Processing /opt/airflow/dags/dag_extraction.py took 0.354 seconds
[2026-09-17T14:04:29.733+0000] {processor.py:161} INFO - Started process (PID=879) to work on /opt/airflow/dags/dag_extraction.py
[2026-09-17T14:04:29.737+0000] {processor.py:830} INFO - Processing file /opt/airflow/dags/dag_extraction.py for tasks to queue
[2026-09-17T14:04:29.740+0000] {logging_mixin.py:188} INFO - [2026-09-17T14:04:29.740+0000] {dagbag.py:545} INFO - Filling up the DagBag from /opt/airflow/dags/dag_extraction.py
[2026-09-17T14:04:29.852+0000] {processor.py:840} INFO - DAG(s) 'youtube_extraction' retrieved from /opt/airflow/dags/dag_extraction.py
[2026-09-17T14:04:29.878+0000] {logging_mixin.py:188} INFO - [2026-09-17T14:04:29.878+0000] {dag.py:3096} INFO - Sync 1 DAGs
[2026-09-17T14:04:29.908+0000] {logging_mixin.py:188} INFO - [2026-09-17T14:04:29.907+0000] {dag.py:3954} INFO - Setting next_dagrun for youtube_extraction to 2026-09-17 00:00:00+00:00, run_after=2026-09-18 00:00:00+00:00
[2026-09-17T14:04:29.935+0000] {processor.py:183} INFO - Processing /opt/airflow/dags/dag_extraction.py took 0.217 seconds
[2026-09-17T14:05:00.413+0000] {processor.py:161} INFO - Started process (PID=887) to work on /opt/airflow/dags/dag_extraction.py
[2026-09-17T14:05:00.417+0000] {processor.py:830} INFO - Processing file /opt/airflow/dags/dag_extraction.py for tasks to queue
[2026-09-17T14:05:00.420+0000] {logging_mixin.py:188} INFO - [2026-09-17T14:05:00.420+0000] {dagbag.py:545} INFO - Filling up the DagBag from /opt/airflow/dags/dag_extraction.py
[2026-09-17T14:05:00.536+0000] {processor.py:840} INFO - DAG(s) 'youtube_extraction' retrieved from /opt/airflow/dags/dag_extraction.py
[2026-09-17T14:05:00.569+0000] {logging_mixin.py:188} INFO - [2026-09-17T14:05:00.569+0000] {dag.py:3096} INFO - Sync 1 DAGs
[2026-09-17T14:05:00.596+0000] {logging_mixin.py:188} INFO - [2026-09-17T14:05:00.596+0000] {dag.py:3954} INFO - Setting next_dagrun for youtube_extraction to 2026-09-17 00:00:00+00:00, run_after=2026-09-18 00:00:00+00:00
[2026-09-17T14:05:00.624+0000] {processor.py:183} INFO - Processing /opt/airflow/dags/dag_extraction.py took 0.221 seconds
[2026-09-17T14:05:31.002+0000] {processor.py:161} INFO - Started process (PID=895) to work on /opt/airflow/dags/dag_extraction.py
[2026-09-17T14:05:31.005+0000] {processor.py:830} INFO - Processing file /opt/airflow/dags/dag_extraction.py for tasks to queue
[2026-09-17T14:05:31.009+0000] {logging_mixin.py:188} INFO - [2026-09-17T14:05:31.008+0000] {dagbag.py:545} INFO - Filling up the DagBag from /opt/airflow/dags/dag_extraction.py
[2026-09-17T14:05:31.117+0000] {processor.py:840} INFO - DAG(s) 'youtube_extraction' retrieved from /opt/airflow/dags/dag_extraction.py
[2026-09-17T14:05:31.143+0000] {logging_mixin.py:188} INFO - [2026-09-17T14:05:31.143+0000] {dag.py:3096} INFO - Sync 1 DAGs
[2026-09-17T14:05:31.169+0000] {logging_mixin.py:188} INFO - [2026-09-17T14:05:31.169+0000] {dag.py:3954} INFO - Setting next_dagrun for youtube_extraction to 2026-09-17 00:00:00+00:00, run_after=2026-09-18 00:00:00+00:00
[2026-09-17T14:05:31.196+0000] {processor.py:183} INFO - Processing /opt/airflow/dags/dag_extraction.py took 0.201 seconds
[2026-09-17T14:06:01.666+0000] {processor.py:161} INFO - Started process (PID=903) to work on /opt/airflow/dags/dag_extraction.py
[2026-09-17T14:06:01.670+0000] {processor.py:830} INFO - Processing file /opt/airflow/dags/dag_extraction.py for tasks to queue
[2026-09-17T14:06:01.674+0000] {logging_mixin.py:188} INFO - [2026-09-17T14:06:01.674+0000] {dagbag.py:545} INFO - Filling up the DagBag from /opt/airflow/dags/dag_extraction.py
[2026-09-17T14:06:01.814+0000] {processor.py:840} INFO - DAG(s) 'youtube_extraction' retrieved from /opt/airflow/dags/dag_extraction.py
[2026-09-17T14:06:01.860+0000] {logging_mixin.py:188} INFO - [2026-09-17T14:06:01.859+0000] {dag.py:3096} INFO - Sync 1 DAGs
[2026-09-17T14:06:01.920+0000] {logging_mixin.py:188} INFO - [2026-09-17T14:06:01.919+0000] {dag.py:3954} INFO - Setting next_dagrun for youtube_extraction to 2026-09-17 00:00:00+00:00, run_after=2026-09-18 00:00:00+00:00
[2026-09-17T14:06:01.962+0000] {processor.py:183} INFO - Processing /opt/airflow/dags/dag_extraction.py took 0.309 seconds
[2026-09-17T14:06:32.385+0000] {processor.py:161} INFO - Started process (PID=911) to work on /opt/airflow/dags/dag_extraction.py
[2026-09-17T14:06:32.388+0000] {processor.py:830} INFO - Processing file /opt/airflow/dags/dag_extraction.py for tasks to queue
[2026-09-17T14:06:32.392+0000] {logging_mixin.py:188} INFO - [2026-09-17T14:06:32.391+0000] {dagbag.py:545} INFO - Filling up the DagBag from /opt/airflow/dags/dag_extraction.py
[2026-09-17T14:06:32.520+0000] {processor.py:840} INFO - DAG(s) 'youtube_extraction' retrieved from /opt/airflow/dags/dag_extraction.py
[2026-09-17T14:06:32.553+0000] {logging_mixin.py:188} INFO - [2026-09-17T14:06:32.553+0000] {dag.py:3096} INFO - Sync 1 DAGs
[2026-09-17T14:06:32.585+0000] {logging_mixin.py:188} INFO - [2026-09-17T14:06:32.585+0000] {dag.py:3954} INFO - Setting next_dagrun for youtube_extraction to 2026-09-17 00:00:00+00:00, run_after=2026-09-18 00:00:00+00:00
[2026-09-17T14:06:32.614+0000] {processor.py:183} INFO - Processing /opt/airflow/dags/dag_extraction.py took 0.240 seconds
[2026-09-17T14:07:03.021+0000] {processor.py:161} INFO - Started process (PID=919) to work on /opt/airflow/dags/dag_extraction.py
[2026-09-17T14:07:03.026+0000] {processor.py:830} INFO - Processing file /opt/airflow/dags/dag_extraction.py for tasks to queue
[2026-09-17T14:07:03.030+0000] {logging_mixin.py:188} INFO - [2026-09-17T14:07:03.029+0000] {dagbag.py:545} INFO - Filling up the DagBag from /opt/airflow/dags/dag_extraction.py
[2026-09-17T14:07:03.265+0000] {processor.py:840} INFO - DAG(s) 'youtube_extraction' retrieved from /opt/airflow/dags/dag_extraction.py
[2026-09-17T14:07:03.333+0000] {logging_mixin.py:188} INFO - [2026-09-17T14:07:03.331+0000] {dag.py:3096} INFO - Sync 1 DAGs
[2026-09-17T14:07:03.419+0000] {logging_mixin.py:188} INFO - [2026-09-17T14:07:03.419+0000] {dag.py:3954} INFO - Setting next_dagrun for youtube_extraction to 2026-09-17 00:00:00+00:00, run_after=2026-09-18 00:00:00+00:00
[2026-09-17T14:07:03.477+0000] {processor.py:183} INFO - Processing /opt/airflow/dags/dag_extraction.py took 0.468 seconds
[2026-09-17T14:07:33.836+0000] {processor.py:161} INFO - Started process (PID=927) to work on /opt/airflow/dags/dag_extraction.py
[2026-09-17T14:07:33.843+0000] {processor.py:830} INFO - Processing file /opt/airflow/dags/dag_extraction.py for tasks to queue
[2026-09-17T14:07:33.849+0000] {logging_mixin.py:188} INFO - [2026-09-17T14:07:33.848+0000] {dagbag.py:545} INFO - Filling up the DagBag from /opt/airflow/dags/dag_extraction.py
[2026-09-17T14:07:34.071+0000] {processor.py:840} INFO - DAG(s) 'youtube_extraction' retrieved from /opt/airflow/dags/dag_extraction.py
[2026-09-17T14:07:34.140+0000] {logging_mixin.py:188} INFO - [2026-09-17T14:07:34.139+0000] {dag.py:3096} INFO - Sync 1 DAGs
[2026-09-17T14:07:34.183+0000] {logging_mixin.py:188} INFO - [2026-09-17T14:07:34.183+0000] {dag.py:3954} INFO - Setting next_dagrun for youtube_extraction to 2026-09-17 00:00:00+00:00, run_after=2026-09-18 00:00:00+00:00
[2026-09-17T14:07:34.221+0000] {processor.py:183} INFO - Processing /opt/airflow/dags/dag_extraction.py took 0.408 seconds
[2026-09-17T14:08:04.627+0000] {processor.py:161} INFO - Started process (PID=935) to work on /opt/airflow/dags/dag_extraction.py
[2026-09-17T14:08:04.630+0000] {processor.py:830} INFO - Processing file /opt/airflow/dags/dag_extraction.py for tasks to queue
[2026-09-17T14:08:04.635+0000] {logging_mixin.py:188} INFO - [2026-09-17T14:08:04.634+0000] {dagbag.py:545} INFO - Filling up the DagBag from /opt/airflow/dags/dag_extraction.py
[2026-09-17T14:08:04.779+0000] {processor.py:840} INFO - DAG(s) 'youtube_extraction' retrieved from /opt/airflow/dags/dag_extraction.py
[2026-09-17T14:08:04.828+0000] {logging_mixin.py:188} INFO - [2026-09-17T14:08:04.828+0000] {dag.py:3096} INFO - Sync 1 DAGs
[2026-09-17T14:08:04.871+0000] {logging_mixin.py:188} INFO - [2026-09-17T14:08:04.871+0000] {dag.py:3954} INFO - Setting next_dagrun for youtube_extraction to 2026-09-17 00:00:00+00:00, run_after=2026-09-18 00:00:00+00:00
[2026-09-17T14:08:04.909+0000] {processor.py:183} INFO - Processing /opt/airflow/dags/dag_extraction.py took 0.290 seconds
[2026-09-17T14:08:35.352+0000] {processor.py:161} INFO - Started process (PID=943) to work on /opt/airflow/dags/dag_extraction.py
[2026-09-17T14:08:35.356+0000] {processor.py:830} INFO - Processing file /opt/airflow/dags/dag_extraction.py for tasks to queue
[2026-09-17T14:08:35.360+0000] {logging_mixin.py:188} INFO - [2026-09-17T14:08:35.359+0000] {dagbag.py:545} INFO - Filling up the DagBag from /opt/airflow/dags/dag_extraction.py
[2026-09-17T14:08:35.625+0000] {processor.py:840} INFO - DAG(s) 'youtube_extraction' retrieved from /opt/airflow/dags/dag_extraction.py
[2026-09-17T14:08:35.665+0000] {logging_mixin.py:188} INFO - [2026-09-17T14:08:35.664+0000] {dag.py:3096} INFO - Sync 1 DAGs
[2026-09-17T14:08:35.702+0000] {logging_mixin.py:188} INFO - [2026-09-17T14:08:35.702+0000] {dag.py:3954} INFO - Setting next_dagrun for youtube_extraction to 2026-09-17 00:00:00+00:00, run_after=2026-09-18 00:00:00+00:00
[2026-09-17T14:08:35.736+0000] {processor.py:183} INFO - Processing /opt/airflow/dags/dag_extraction.py took 0.395 seconds
[2026-09-17T14:09:06.181+0000] {processor.py:161} INFO - Started process (PID=951) to work on /opt/airflow/dags/dag_extraction.py
[2026-09-17T14:09:06.185+0000] {processor.py:830} INFO - Processing file /opt/airflow/dags/dag_extraction.py for tasks to queue
[2026-09-17T14:09:06.188+0000] {logging_mixin.py:188} INFO - [2026-09-17T14:09:06.188+0000] {dagbag.py:545} INFO - Filling up the DagBag from /opt/airflow/dags/dag_extraction.py
[2026-09-17T14:09:06.422+0000] {processor.py:840} INFO - DAG(s) 'youtube_extraction' retrieved from /opt/airflow/dags/dag_extraction.py
[2026-09-17T14:09:06.482+0000] {logging_mixin.py:188} INFO - [2026-09-17T14:09:06.481+0000] {dag.py:3096} INFO - Sync 1 DAGs
[2026-09-17T14:09:06.546+0000] {logging_mixin.py:188} INFO - [2026-09-17T14:09:06.545+0000] {dag.py:3954} INFO - Setting next_dagrun for youtube_extraction to 2026-09-17 00:00:00+00:00, run_after=2026-09-18 00:00:00+00:00
[2026-09-17T14:09:06.597+0000] {processor.py:183} INFO - Processing /opt/airflow/dags/dag_extraction.py took 0.428 seconds
[2026-09-17T14:09:36.958+0000] {processor.py:161} INFO - Started process (PID=959) to work on /opt/airflow/dags/dag_extraction.py
[2026-09-17T14:09:36.961+0000] {processor.py:830} INFO - Processing file /opt/airflow/dags/dag_extraction.py for tasks to queue
[2026-09-17T14:09:36.964+0000] {logging_mixin.py:188} INFO - [2026-09-17T14:09:36.963+0000] {dagbag.py:545} INFO - Filling up the DagBag from /opt/airflow/dags/dag_extraction.py
[2026-09-17T14:09:37.089+0000] {processor.py:840} INFO - DAG(s) 'youtube_extraction' retrieved from /opt/airflow/dags/dag_extraction.py
[2026-09-17T14:09:37.123+0000] {logging_mixin.py:188} INFO - [2026-09-17T14:09:37.122+0000] {dag.py:3096} INFO - Sync 1 DAGs
[2026-09-17T14:09:37.157+0000] {logging_mixin.py:188} INFO - [2026-09-17T14:09:37.157+0000] {dag.py:3954} INFO - Setting next_dagrun for youtube_extraction to 2026-09-17 00:00:00+00:00, run_after=2026-09-18 00:00:00+00:00
[2026-09-17T14:09:37.189+0000] {processor.py:183} INFO - Processing /opt/airflow/dags/dag_extraction.py took 0.242 seconds
[2026-09-17T14:10:07.653+0000] {processor.py:161} INFO - Started process (PID=967) to work on /opt/airflow/dags/dag_extraction.py
[2026-09-17T14:10:07.658+0000] {processor.py:830} INFO - Processing file /opt/airflow/dags/dag_extraction.py for tasks to queue
[2026-09-17T14:10:07.663+0000] {logging_mixin.py:188} INFO - [2026-09-17T14:10:07.661+0000] {dagbag.py:545} INFO - Filling up the DagBag from /opt/airflow/dags/dag_extraction.py
[2026-09-17T14:10:07.870+0000] {processor.py:840} INFO - DAG(s) 'youtube_extraction' retrieved from /opt/airflow/dags/dag_extraction.py
[2026-09-17T14:10:07.907+0000] {logging_mixin.py:188} INFO - [2026-09-17T14:10:07.906+0000] {dag.py:3096} INFO - Sync 1 DAGs
[2026-09-17T14:10:07.937+0000] {logging_mixin.py:188} INFO - [2026-09-17T14:10:07.936+0000] {dag.py:3954} INFO - Setting next_dagrun for youtube_extraction to 2026-09-17 00:00:00+00:00, run_after=2026-09-18 00:00:00+00:00
[2026-09-17T14:10:07.964+0000] {processor.py:183} INFO - Processing /opt/airflow/dags/dag_extraction.py took 0.331 seconds
[2026-09-17T14:10:38.341+0000] {processor.py:161} INFO - Started process (PID=975) to work on /opt/airflow/dags/dag_extraction.py
[2026-09-17T14:10:38.345+0000] {processor.py:830} INFO - Processing file /opt/airflow/dags/dag_extraction.py for tasks to queue
[2026-09-17T14:10:38.348+0000] {logging_mixin.py:188} INFO - [2026-09-17T14:10:38.347+0000] {dagbag.py:545} INFO - Filling up the DagBag from /opt/airflow/dags/dag_extraction.py
[2026-09-17T14:10:38.465+0000] {processor.py:840} INFO - DAG(s) 'youtube_extraction' retrieved from /opt/airflow/dags/dag_extraction.py
[2026-09-17T14:10:38.492+0000] {logging_mixin.py:188} INFO - [2026-09-17T14:10:38.492+0000] {dag.py:3096} INFO - Sync 1 DAGs
[2026-09-17T14:10:38.519+0000] {logging_mixin.py:188} INFO - [2026-09-17T14:10:38.519+0000] {dag.py:3954} INFO - Setting next_dagrun for youtube_extraction to 2026-09-17 00:00:00+00:00, run_after=2026-09-18 00:00:00+00:00
[2026-09-17T14:10:38.547+0000] {processor.py:183} INFO - Processing /opt/airflow/dags/dag_extraction.py took 0.218 seconds
[2026-09-17T14:11:08.979+0000] {processor.py:161} INFO - Started process (PID=983) to work on /opt/airflow/dags/dag_extraction.py
[2026-09-17T14:11:08.983+0000] {processor.py:830} INFO - Processing file /opt/airflow/dags/dag_extraction.py for tasks to queue
[2026-09-17T14:11:08.987+0000] {logging_mixin.py:188} INFO - [2026-09-17T14:11:08.986+0000] {dagbag.py:545} INFO - Filling up the DagBag from /opt/airflow/dags/dag_extraction.py
[2026-09-17T14:11:09.132+0000] {processor.py:840} INFO - DAG(s) 'youtube_extraction' retrieved from /opt/airflow/dags/dag_extraction.py
[2026-09-17T14:11:09.181+0000] {logging_mixin.py:188} INFO - [2026-09-17T14:11:09.181+0000] {dag.py:3096} INFO - Sync 1 DAGs
[2026-09-17T14:11:09.214+0000] {logging_mixin.py:188} INFO - [2026-09-17T14:11:09.213+0000] {dag.py:3954} INFO - Setting next_dagrun for youtube_extraction to 2026-09-17 00:00:00+00:00, run_after=2026-09-18 00:00:00+00:00
[2026-09-17T14:11:09.251+0000] {processor.py:183} INFO - Processing /opt/airflow/dags/dag_extraction.py took 0.295 seconds
[2026-09-17T14:11:39.702+0000] {processor.py:161} INFO - Started process (PID=991) to work on /opt/airflow/dags/dag_extraction.py
[2026-09-17T14:11:39.706+0000] {processor.py:830} INFO - Processing file /opt/airflow/dags/dag_extraction.py for tasks to queue
[2026-09-17T14:11:39.709+0000] {logging_mixin.py:188} INFO - [2026-09-17T14:11:39.708+0000] {dagbag.py:545} INFO - Filling up the DagBag from /opt/airflow/dags/dag_extraction.py
[2026-09-17T14:11:39.875+0000] {processor.py:840} INFO - DAG(s) 'youtube_extraction' retrieved from /opt/airflow/dags/dag_extraction.py
[2026-09-17T14:11:39.940+0000] {logging_mixin.py:188} INFO - [2026-09-17T14:11:39.940+0000] {dag.py:3096} INFO - Sync 1 DAGs
[2026-09-17T14:11:40.018+0000] {logging_mixin.py:188} INFO - [2026-09-17T14:11:40.017+0000] {dag.py:3954} INFO - Setting next_dagrun for youtube_extraction to 2026-09-17 00:00:00+00:00, run_after=2026-09-18 00:00:00+00:00
[2026-09-17T14:11:40.112+0000] {processor.py:183} INFO - Processing /opt/airflow/dags/dag_extraction.py took 0.424 seconds
[2026-09-17T14:12:10.298+0000] {processor.py:161} INFO - Started process (PID=1005) to work on /opt/airflow/dags/dag_extraction.py
[2026-09-17T14:12:10.304+0000] {processor.py:830} INFO - Processing file /opt/airflow/dags/dag_extraction.py for tasks to queue
[2026-09-17T14:12:10.308+0000] {logging_mixin.py:188} INFO - [2026-09-17T14:12:10.307+0000] {dagbag.py:545} INFO - Filling up the DagBag from /opt/airflow/dags/dag_extraction.py
[2026-09-17T14:12:10.521+0000] {processor.py:840} INFO - DAG(s) 'youtube_extraction' retrieved from /opt/airflow/dags/dag_extraction.py
[2026-09-17T14:12:10.555+0000] {logging_mixin.py:188} INFO - [2026-09-17T14:12:10.554+0000] {dag.py:3096} INFO - Sync 1 DAGs
[2026-09-17T14:12:10.611+0000] {logging_mixin.py:188} INFO - [2026-09-17T14:12:10.611+0000] {dag.py:3954} INFO - Setting next_dagrun for youtube_extraction to 2026-09-17 00:00:00+00:00, run_after=2026-09-18 00:00:00+00:00
[2026-09-17T14:12:10.659+0000] {processor.py:183} INFO - Processing /opt/airflow/dags/dag_extraction.py took 0.377 seconds
[2026-09-17T14:12:41.015+0000] {processor.py:161} INFO - Started process (PID=1013) to work on /opt/airflow/dags/dag_extraction.py
[2026-09-17T14:12:41.018+0000] {processor.py:830} INFO - Processing file /opt/airflow/dags/dag_extraction.py for tasks to queue
[2026-09-17T14:12:41.021+0000] {logging_mixin.py:188} INFO - [2026-09-17T14:12:41.021+0000] {dagbag.py:545} INFO - Filling up the DagBag from /opt/airflow/dags/dag_extraction.py
[2026-09-17T14:12:41.155+0000] {processor.py:840} INFO - DAG(s) 'youtube_extraction' retrieved from /opt/airflow/dags/dag_extraction.py
[2026-09-17T14:12:41.184+0000] {logging_mixin.py:188} INFO - [2026-09-17T14:12:41.184+0000] {dag.py:3096} INFO - Sync 1 DAGs
[2026-09-17T14:12:41.218+0000] {logging_mixin.py:188} INFO - [2026-09-17T14:12:41.218+0000] {dag.py:3954} INFO - Setting next_dagrun for youtube_extraction to 2026-09-17 00:00:00+00:00, run_after=2026-09-18 00:00:00+00:00
[2026-09-17T14:12:41.262+0000] {processor.py:183} INFO - Processing /opt/airflow/dags/dag_extraction.py took 0.259 seconds
[2026-09-17T14:13:11.691+0000] {processor.py:161} INFO - Started process (PID=1021) to work on /opt/airflow/dags/dag_extraction.py
[2026-09-17T14:13:11.698+0000] {processor.py:830} INFO - Processing file /opt/airflow/dags/dag_extraction.py for tasks to queue
[2026-09-17T14:13:11.704+0000] {logging_mixin.py:188} INFO - [2026-09-17T14:13:11.701+0000] {dagbag.py:545} INFO - Filling up the DagBag from /opt/airflow/dags/dag_extraction.py
[2026-09-17T14:13:11.868+0000] {processor.py:840} INFO - DAG(s) 'youtube_extraction' retrieved from /opt/airflow/dags/dag_extraction.py
[2026-09-17T14:13:11.914+0000] {logging_mixin.py:188} INFO - [2026-09-17T14:13:11.912+0000] {dag.py:3096} INFO - Sync 1 DAGs
[2026-09-17T14:13:11.953+0000] {logging_mixin.py:188} INFO - [2026-09-17T14:13:11.953+0000] {dag.py:3954} INFO - Setting next_dagrun for youtube_extraction to 2026-09-17 00:00:00+00:00, run_after=2026-09-18 00:00:00+00:00
[2026-09-17T14:13:11.983+0000] {processor.py:183} INFO - Processing /opt/airflow/dags/dag_extraction.py took 0.307 seconds
[2026-09-17T14:13:42.484+0000] {processor.py:161} INFO - Started process (PID=1029) to work on /opt/airflow/dags/dag_extraction.py
[2026-09-17T14:13:42.494+0000] {processor.py:830} INFO - Processing file /opt/airflow/dags/dag_extraction.py for tasks to queue
[2026-09-17T14:13:42.497+0000] {logging_mixin.py:188} INFO - [2026-09-17T14:13:42.496+0000] {dagbag.py:545} INFO - Filling up the DagBag from /opt/airflow/dags/dag_extraction.py
[2026-09-17T14:13:42.699+0000] {processor.py:840} INFO - DAG(s) 'youtube_extraction' retrieved from /opt/airflow/dags/dag_extraction.py
[2026-09-17T14:13:42.777+0000] {logging_mixin.py:188} INFO - [2026-09-17T14:13:42.777+0000] {dag.py:3096} INFO - Sync 1 DAGs
[2026-09-17T14:13:42.832+0000] {logging_mixin.py:188} INFO - [2026-09-17T14:13:42.832+0000] {dag.py:3954} INFO - Setting next_dagrun for youtube_extraction to 2026-09-17 00:00:00+00:00, run_after=2026-09-18 00:00:00+00:00
[2026-09-17T14:13:42.891+0000] {processor.py:183} INFO - Processing /opt/airflow/dags/dag_extraction.py took 0.425 seconds
[2026-09-17T14:14:13.277+0000] {processor.py:161} INFO - Started process (PID=1037) to work on /opt/airflow/dags/dag_extraction.py
[2026-09-17T14:14:13.281+0000] {processor.py:830} INFO - Processing file /opt/airflow/dags/dag_extraction.py for tasks to queue
[2026-09-17T14:14:13.283+0000] {logging_mixin.py:188} INFO - [2026-09-17T14:14:13.283+0000] {dagbag.py:545} INFO - Filling up the DagBag from /opt/airflow/dags/dag_extraction.py
[2026-09-17T14:14:13.393+0000] {processor.py:840} INFO - DAG(s) 'youtube_extraction' retrieved from /opt/airflow/dags/dag_extraction.py
[2026-09-17T14:14:13.418+0000] {logging_mixin.py:188} INFO - [2026-09-17T14:14:13.418+0000] {dag.py:3096} INFO - Sync 1 DAGs
[2026-09-17T14:14:13.445+0000] {logging_mixin.py:188} INFO - [2026-09-17T14:14:13.445+0000] {dag.py:3954} INFO - Setting next_dagrun for youtube_extraction to 2026-09-17 00:00:00+00:00, run_after=2026-09-18 00:00:00+00:00
[2026-09-17T14:14:13.473+0000] {processor.py:183} INFO - Processing /opt/airflow/dags/dag_extraction.py took 0.203 seconds
[2026-09-17T14:14:43.987+0000] {processor.py:161} INFO - Started process (PID=1045) to work on /opt/airflow/dags/dag_extraction.py
[2026-09-17T14:14:43.992+0000] {processor.py:830} INFO - Processing file /opt/airflow/dags/dag_extraction.py for tasks to queue
[2026-09-17T14:14:43.997+0000] {logging_mixin.py:188} INFO - [2026-09-17T14:14:43.996+0000] {dagbag.py:545} INFO - Filling up the DagBag from /opt/airflow/dags/dag_extraction.py
[2026-09-17T14:14:44.261+0000] {processor.py:840} INFO - DAG(s) 'youtube_extraction' retrieved from /opt/airflow/dags/dag_extraction.py
[2026-09-17T14:14:44.304+0000] {logging_mixin.py:188} INFO - [2026-09-17T14:14:44.303+0000] {dag.py:3096} INFO - Sync 1 DAGs
[2026-09-17T14:14:44.367+0000] {logging_mixin.py:188} INFO - [2026-09-17T14:14:44.367+0000] {dag.py:3954} INFO - Setting next_dagrun for youtube_extraction to 2026-09-17 00:00:00+00:00, run_after=2026-09-18 00:00:00+00:00
[2026-09-17T14:14:44.416+0000] {processor.py:183} INFO - Processing /opt/airflow/dags/dag_extraction.py took 0.444 seconds
[2026-09-17T14:15:14.833+0000] {processor.py:161} INFO - Started process (PID=1053) to work on /opt/airflow/dags/dag_extraction.py
[2026-09-17T14:15:14.837+0000] {processor.py:830} INFO - Processing file /opt/airflow/dags/dag_extraction.py for tasks to queue
[2026-09-17T14:15:14.840+0000] {logging_mixin.py:188} INFO - [2026-09-17T14:15:14.840+0000] {dagbag.py:545} INFO - Filling up the DagBag from /opt/airflow/dags/dag_extraction.py
[2026-09-17T14:15:14.997+0000] {processor.py:840} INFO - DAG(s) 'youtube_extraction' retrieved from /opt/airflow/dags/dag_extraction.py
[2026-09-17T14:15:15.032+0000] {logging_mixin.py:188} INFO - [2026-09-17T14:15:15.032+0000] {dag.py:3096} INFO - Sync 1 DAGs
[2026-09-17T14:15:15.069+0000] {logging_mixin.py:188} INFO - [2026-09-17T14:15:15.068+0000] {dag.py:3954} INFO - Setting next_dagrun for youtube_extraction to 2026-09-17 00:00:00+00:00, run_after=2026-09-18 00:00:00+00:00
[2026-09-17T14:15:15.100+0000] {processor.py:183} INFO - Processing /opt/airflow/dags/dag_extraction.py took 0.279 seconds
[2026-09-17T14:15:45.641+0000] {processor.py:161} INFO - Started process (PID=1061) to work on /opt/airflow/dags/dag_extraction.py
[2026-09-17T14:15:45.646+0000] {processor.py:830} INFO - Processing file /opt/airflow/dags/dag_extraction.py for tasks to queue
[2026-09-17T14:15:45.649+0000] {logging_mixin.py:188} INFO - [2026-09-17T14:15:45.648+0000] {dagbag.py:545} INFO - Filling up the DagBag from /opt/airflow/dags/dag_extraction.py
[2026-09-17T14:15:45.841+0000] {processor.py:840} INFO - DAG(s) 'youtube_extraction' retrieved from /opt/airflow/dags/dag_extraction.py
[2026-09-17T14:15:45.883+0000] {logging_mixin.py:188} INFO - [2026-09-17T14:15:45.882+0000] {dag.py:3096} INFO - Sync 1 DAGs
[2026-09-17T14:15:45.924+0000] {logging_mixin.py:188} INFO - [2026-09-17T14:15:45.924+0000] {dag.py:3954} INFO - Setting next_dagrun for youtube_extraction to 2026-09-17 00:00:00+00:00, run_after=2026-09-18 00:00:00+00:00
[2026-09-17T14:15:45.960+0000] {processor.py:183} INFO - Processing /opt/airflow/dags/dag_extraction.py took 0.331 seconds
[2026-09-17T14:16:16.416+0000] {processor.py:161} INFO - Started process (PID=1069) to work on /opt/airflow/dags/dag_extraction.py
[2026-09-17T14:16:16.421+0000] {processor.py:830} INFO - Processing file /opt/airflow/dags/dag_extraction.py for tasks to queue
[2026-09-17T14:16:16.427+0000] {logging_mixin.py:188} INFO - [2026-09-17T14:16:16.426+0000] {dagbag.py:545} INFO - Filling up the DagBag from /opt/airflow/dags/dag_extraction.py
[2026-09-17T14:16:16.633+0000] {processor.py:840} INFO - DAG(s) 'youtube_extraction' retrieved from /opt/airflow/dags/dag_extraction.py
[2026-09-17T14:16:16.669+0000] {logging_mixin.py:188} INFO - [2026-09-17T14:16:16.669+0000] {dag.py:3096} INFO - Sync 1 DAGs
[2026-09-17T14:16:16.713+0000] {logging_mixin.py:188} INFO - [2026-09-17T14:16:16.712+0000] {dag.py:3954} INFO - Setting next_dagrun for youtube_extraction to 2026-09-17 00:00:00+00:00, run_after=2026-09-18 00:00:00+00:00
[2026-09-17T14:16:16.756+0000] {processor.py:183} INFO - Processing /opt/airflow/dags/dag_extraction.py took 0.359 seconds
[2026-09-17T14:16:47.039+0000] {processor.py:161} INFO - Started process (PID=1077) to work on /opt/airflow/dags/dag_extraction.py
[2026-09-17T14:16:47.043+0000] {processor.py:830} INFO - Processing file /opt/airflow/dags/dag_extraction.py for tasks to queue
[2026-09-17T14:16:47.047+0000] {logging_mixin.py:188} INFO - [2026-09-17T14:16:47.047+0000] {dagbag.py:545} INFO - Filling up the DagBag from /opt/airflow/dags/dag_extraction.py
[2026-09-17T14:16:47.225+0000] {processor.py:840} INFO - DAG(s) 'youtube_extraction' retrieved from /opt/airflow/dags/dag_extraction.py
[2026-09-17T14:16:47.281+0000] {logging_mixin.py:188} INFO - [2026-09-17T14:16:47.280+0000] {dag.py:3096} INFO - Sync 1 DAGs
[2026-09-17T14:16:47.335+0000] {logging_mixin.py:188} INFO - [2026-09-17T14:16:47.334+0000] {dag.py:3954} INFO - Setting next_dagrun for youtube_extraction to 2026-09-17 00:00:00+00:00, run_after=2026-09-18 00:00:00+00:00
[2026-09-17T14:16:47.391+0000] {processor.py:183} INFO - Processing /opt/airflow/dags/dag_extraction.py took 0.361 seconds
[2026-09-17T14:17:17.720+0000] {processor.py:161} INFO - Started process (PID=1085) to work on /opt/airflow/dags/dag_extraction.py
[2026-09-17T14:17:17.725+0000] {processor.py:830} INFO - Processing file /opt/airflow/dags/dag_extraction.py for tasks to queue
[2026-09-17T14:17:17.730+0000] {logging_mixin.py:188} INFO - [2026-09-17T14:17:17.729+0000] {dagbag.py:545} INFO - Filling up the DagBag from /opt/airflow/dags/dag_extraction.py
[2026-09-17T14:17:17.949+0000] {processor.py:840} INFO - DAG(s) 'youtube_extraction' retrieved from /opt/airflow/dags/dag_extraction.py
[2026-09-17T14:17:18.015+0000] {logging_mixin.py:188} INFO - [2026-09-17T14:17:18.013+0000] {dag.py:3096} INFO - Sync 1 DAGs
[2026-09-17T14:17:18.087+0000] {logging_mixin.py:188} INFO - [2026-09-17T14:17:18.086+0000] {dag.py:3954} INFO - Setting next_dagrun for youtube_extraction to 2026-09-17 00:00:00+00:00, run_after=2026-09-18 00:00:00+00:00
[2026-09-17T14:17:18.149+0000] {processor.py:183} INFO - Processing /opt/airflow/dags/dag_extraction.py took 0.450 seconds
[2026-09-17T14:17:48.547+0000] {processor.py:161} INFO - Started process (PID=1093) to work on /opt/airflow/dags/dag_extraction.py
[2026-09-17T14:17:48.553+0000] {processor.py:830} INFO - Processing file /opt/airflow/dags/dag_extraction.py for tasks to queue
[2026-09-17T14:17:48.557+0000] {logging_mixin.py:188} INFO - [2026-09-17T14:17:48.557+0000] {dagbag.py:545} INFO - Filling up the DagBag from /opt/airflow/dags/dag_extraction.py
[2026-09-17T14:17:48.797+0000] {processor.py:840} INFO - DAG(s) 'youtube_extraction' retrieved from /opt/airflow/dags/dag_extraction.py
[2026-09-17T14:17:48.848+0000] {logging_mixin.py:188} INFO - [2026-09-17T14:17:48.847+0000] {dag.py:3096} INFO - Sync 1 DAGs
[2026-09-17T14:17:48.893+0000] {logging_mixin.py:188} INFO - [2026-09-17T14:17:48.892+0000] {dag.py:3954} INFO - Setting next_dagrun for youtube_extraction to 2026-09-17 00:00:00+00:00, run_after=2026-09-18 00:00:00+00:00
[2026-09-17T14:17:48.921+0000] {processor.py:183} INFO - Processing /opt/airflow/dags/dag_extraction.py took 0.393 seconds
[2026-09-17T14:18:19.376+0000] {processor.py:161} INFO - Started process (PID=1101) to work on /opt/airflow/dags/dag_extraction.py
[2026-09-17T14:18:19.382+0000] {processor.py:830} INFO - Processing file /opt/airflow/dags/dag_extraction.py for tasks to queue
[2026-09-17T14:18:19.385+0000] {logging_mixin.py:188} INFO - [2026-09-17T14:18:19.384+0000] {dagbag.py:545} INFO - Filling up the DagBag from /opt/airflow/dags/dag_extraction.py
[2026-09-17T14:18:19.616+0000] {processor.py:840} INFO - DAG(s) 'youtube_extraction' retrieved from /opt/airflow/dags/dag_extraction.py
[2026-09-17T14:18:19.670+0000] {logging_mixin.py:188} INFO - [2026-09-17T14:18:19.669+0000] {dag.py:3096} INFO - Sync 1 DAGs
[2026-09-17T14:18:19.714+0000] {logging_mixin.py:188} INFO - [2026-09-17T14:18:19.713+0000] {dag.py:3954} INFO - Setting next_dagrun for youtube_extraction to 2026-09-17 00:00:00+00:00, run_after=2026-09-18 00:00:00+00:00
[2026-09-17T14:18:19.751+0000] {processor.py:183} INFO - Processing /opt/airflow/dags/dag_extraction.py took 0.391 seconds
[2026-09-17T14:18:50.092+0000] {processor.py:161} INFO - Started process (PID=1109) to work on /opt/airflow/dags/dag_extraction.py
[2026-09-17T14:18:50.097+0000] {processor.py:830} INFO - Processing file /opt/airflow/dags/dag_extraction.py for tasks to queue
[2026-09-17T14:18:50.101+0000] {logging_mixin.py:188} INFO - [2026-09-17T14:18:50.100+0000] {dagbag.py:545} INFO - Filling up the DagBag from /opt/airflow/dags/dag_extraction.py
[2026-09-17T14:18:50.225+0000] {processor.py:840} INFO - DAG(s) 'youtube_extraction' retrieved from /opt/airflow/dags/dag_extraction.py
[2026-09-17T14:18:50.280+0000] {logging_mixin.py:188} INFO - [2026-09-17T14:18:50.280+0000] {dag.py:3096} INFO - Sync 1 DAGs
[2026-09-17T14:18:50.353+0000] {logging_mixin.py:188} INFO - [2026-09-17T14:18:50.353+0000] {dag.py:3954} INFO - Setting next_dagrun for youtube_extraction to 2026-09-17 00:00:00+00:00, run_after=2026-09-18 00:00:00+00:00
[2026-09-17T14:18:50.410+0000] {processor.py:183} INFO - Processing /opt/airflow/dags/dag_extraction.py took 0.360 seconds
[2026-09-17T14:19:20.695+0000] {processor.py:161} INFO - Started process (PID=1117) to work on /opt/airflow/dags/dag_extraction.py
[2026-09-17T14:19:20.700+0000] {processor.py:830} INFO - Processing file /opt/airflow/dags/dag_extraction.py for tasks to queue
[2026-09-17T14:19:20.705+0000] {logging_mixin.py:188} INFO - [2026-09-17T14:19:20.704+0000] {dagbag.py:545} INFO - Filling up the DagBag from /opt/airflow/dags/dag_extraction.py
[2026-09-17T14:19:20.962+0000] {processor.py:840} INFO - DAG(s) 'youtube_extraction' retrieved from /opt/airflow/dags/dag_extraction.py
[2026-09-17T14:19:20.991+0000] {logging_mixin.py:188} INFO - [2026-09-17T14:19:20.991+0000] {dag.py:3096} INFO - Sync 1 DAGs
[2026-09-17T14:19:21.036+0000] {logging_mixin.py:188} INFO - [2026-09-17T14:19:21.036+0000] {dag.py:3954} INFO - Setting next_dagrun for youtube_extraction to 2026-09-17 00:00:00+00:00, run_after=2026-09-18 00:00:00+00:00
[2026-09-17T14:19:21.088+0000] {processor.py:183} INFO - Processing /opt/airflow/dags/dag_extraction.py took 0.408 seconds
[2026-09-17T14:19:51.333+0000] {processor.py:161} INFO - Started process (PID=1125) to work on /opt/airflow/dags/dag_extraction.py
[2026-09-17T14:19:51.338+0000] {processor.py:830} INFO - Processing file /opt/airflow/dags/dag_extraction.py for tasks to queue
[2026-09-17T14:19:51.343+0000] {logging_mixin.py:188} INFO - [2026-09-17T14:19:51.342+0000] {dagbag.py:545} INFO - Filling up the DagBag from /opt/airflow/dags/dag_extraction.py
[2026-09-17T14:19:51.572+0000] {processor.py:840} INFO - DAG(s) 'youtube_extraction' retrieved from /opt/airflow/dags/dag_extraction.py
[2026-09-17T14:19:51.642+0000] {logging_mixin.py:188} INFO - [2026-09-17T14:19:51.641+0000] {dag.py:3096} INFO - Sync 1 DAGs
[2026-09-17T14:19:51.705+0000] {logging_mixin.py:188} INFO - [2026-09-17T14:19:51.704+0000] {dag.py:3954} INFO - Setting next_dagrun for youtube_extraction to 2026-09-17 00:00:00+00:00, run_after=2026-09-18 00:00:00+00:00
[2026-09-17T14:19:51.762+0000] {processor.py:183} INFO - Processing /opt/airflow/dags/dag_extraction.py took 0.444 seconds
[2026-09-17T14:20:21.989+0000] {processor.py:161} INFO - Started process (PID=1133) to work on /opt/airflow/dags/dag_extraction.py
[2026-09-17T14:20:21.993+0000] {processor.py:830} INFO - Processing file /opt/airflow/dags/dag_extraction.py for tasks to queue
[2026-09-17T14:20:21.996+0000] {logging_mixin.py:188} INFO - [2026-09-17T14:20:21.995+0000] {dagbag.py:545} INFO - Filling up the DagBag from /opt/airflow/dags/dag_extraction.py
[2026-09-17T14:20:22.114+0000] {processor.py:840} INFO - DAG(s) 'youtube_extraction' retrieved from /opt/airflow/dags/dag_extraction.py
[2026-09-17T14:20:22.145+0000] {logging_mixin.py:188} INFO - [2026-09-17T14:20:22.144+0000] {dag.py:3096} INFO - Sync 1 DAGs
[2026-09-17T14:20:22.172+0000] {logging_mixin.py:188} INFO - [2026-09-17T14:20:22.172+0000] {dag.py:3954} INFO - Setting next_dagrun for youtube_extraction to 2026-09-17 00:00:00+00:00, run_after=2026-09-18 00:00:00+00:00
[2026-09-17T14:20:22.199+0000] {processor.py:183} INFO - Processing /opt/airflow/dags/dag_extraction.py took 0.221 seconds
[2026-09-17T14:20:52.493+0000] {processor.py:161} INFO - Started process (PID=1141) to work on /opt/airflow/dags/dag_extraction.py
[2026-09-17T14:20:52.496+0000] {processor.py:830} INFO - Processing file /opt/airflow/dags/dag_extraction.py for tasks to queue
[2026-09-17T14:20:52.499+0000] {logging_mixin.py:188} INFO - [2026-09-17T14:20:52.498+0000] {dagbag.py:545} INFO - Filling up the DagBag from /opt/airflow/dags/dag_extraction.py
[2026-09-17T14:20:52.638+0000] {processor.py:840} INFO - DAG(s) 'youtube_extraction' retrieved from /opt/airflow/dags/dag_extraction.py
[2026-09-17T14:20:52.671+0000] {logging_mixin.py:188} INFO - [2026-09-17T14:20:52.670+0000] {dag.py:3096} INFO - Sync 1 DAGs
[2026-09-17T14:20:52.703+0000] {logging_mixin.py:188} INFO - [2026-09-17T14:20:52.703+0000] {dag.py:3954} INFO - Setting next_dagrun for youtube_extraction to 2026-09-17 00:00:00+00:00, run_after=2026-09-18 00:00:00+00:00
[2026-09-17T14:20:52.728+0000] {processor.py:183} INFO - Processing /opt/airflow/dags/dag_extraction.py took 0.246 seconds
[2026-09-17T14:21:23.072+0000] {processor.py:161} INFO - Started process (PID=1149) to work on /opt/airflow/dags/dag_extraction.py
[2026-09-17T14:21:23.078+0000] {processor.py:830} INFO - Processing file /opt/airflow/dags/dag_extraction.py for tasks to queue
[2026-09-17T14:21:23.082+0000] {logging_mixin.py:188} INFO - [2026-09-17T14:21:23.081+0000] {dagbag.py:545} INFO - Filling up the DagBag from /opt/airflow/dags/dag_extraction.py
[2026-09-17T14:21:23.226+0000] {processor.py:840} INFO - DAG(s) 'youtube_extraction' retrieved from /opt/airflow/dags/dag_extraction.py
[2026-09-17T14:21:23.261+0000] {logging_mixin.py:188} INFO - [2026-09-17T14:21:23.260+0000] {dag.py:3096} INFO - Sync 1 DAGs
[2026-09-17T14:21:23.298+0000] {logging_mixin.py:188} INFO - [2026-09-17T14:21:23.298+0000] {dag.py:3954} INFO - Setting next_dagrun for youtube_extraction to 2026-09-17 00:00:00+00:00, run_after=2026-09-18 00:00:00+00:00
[2026-09-17T14:21:23.333+0000] {processor.py:183} INFO - Processing /opt/airflow/dags/dag_extraction.py took 0.278 seconds
[2026-09-17T14:21:53.820+0000] {processor.py:161} INFO - Started process (PID=1157) to work on /opt/airflow/dags/dag_extraction.py
[2026-09-17T14:21:53.824+0000] {processor.py:830} INFO - Processing file /opt/airflow/dags/dag_extraction.py for tasks to queue
[2026-09-17T14:21:53.826+0000] {logging_mixin.py:188} INFO - [2026-09-17T14:21:53.826+0000] {dagbag.py:545} INFO - Filling up the DagBag from /opt/airflow/dags/dag_extraction.py
[2026-09-17T14:21:54.009+0000] {processor.py:840} INFO - DAG(s) 'youtube_extraction' retrieved from /opt/airflow/dags/dag_extraction.py
[2026-09-17T14:21:54.054+0000] {logging_mixin.py:188} INFO - [2026-09-17T14:21:54.053+0000] {dag.py:3096} INFO - Sync 1 DAGs
[2026-09-17T14:21:54.106+0000] {logging_mixin.py:188} INFO - [2026-09-17T14:21:54.106+0000] {dag.py:3954} INFO - Setting next_dagrun for youtube_extraction to 2026-09-17 00:00:00+00:00, run_after=2026-09-18 00:00:00+00:00
[2026-09-17T14:21:54.145+0000] {processor.py:183} INFO - Processing /opt/airflow/dags/dag_extraction.py took 0.341 seconds
[2026-09-17T14:22:24.654+0000] {processor.py:161} INFO - Started process (PID=1165) to work on /opt/airflow/dags/dag_extraction.py
[2026-09-17T14:22:24.659+0000] {processor.py:830} INFO - Processing file /opt/airflow/dags/dag_extraction.py for tasks to queue
[2026-09-17T14:22:24.678+0000] {logging_mixin.py:188} INFO - [2026-09-17T14:22:24.676+0000] {dagbag.py:545} INFO - Filling up the DagBag from /opt/airflow/dags/dag_extraction.py
[2026-09-17T14:22:24.929+0000] {processor.py:840} INFO - DAG(s) 'youtube_extraction' retrieved from /opt/airflow/dags/dag_extraction.py
[2026-09-17T14:22:24.994+0000] {logging_mixin.py:188} INFO - [2026-09-17T14:22:24.993+0000] {dag.py:3096} INFO - Sync 1 DAGs
[2026-09-17T14:22:25.055+0000] {logging_mixin.py:188} INFO - [2026-09-17T14:22:25.055+0000] {dag.py:3954} INFO - Setting next_dagrun for youtube_extraction to 2026-09-17 00:00:00+00:00, run_after=2026-09-18 00:00:00+00:00
[2026-09-17T14:22:25.121+0000] {processor.py:183} INFO - Processing /opt/airflow/dags/dag_extraction.py took 0.487 seconds
[2026-09-17T14:22:55.665+0000] {processor.py:161} INFO - Started process (PID=1174) to work on /opt/airflow/dags/dag_extraction.py
[2026-09-17T14:22:55.668+0000] {processor.py:830} INFO - Processing file /opt/airflow/dags/dag_extraction.py for tasks to queue
[2026-09-17T14:22:55.673+0000] {logging_mixin.py:188} INFO - [2026-09-17T14:22:55.672+0000] {dagbag.py:545} INFO - Filling up the DagBag from /opt/airflow/dags/dag_extraction.py
[2026-09-17T14:22:55.802+0000] {processor.py:840} INFO - DAG(s) 'youtube_extraction' retrieved from /opt/airflow/dags/dag_extraction.py
[2026-09-17T14:22:55.841+0000] {logging_mixin.py:188} INFO - [2026-09-17T14:22:55.840+0000] {dag.py:3096} INFO - Sync 1 DAGs
[2026-09-17T14:22:55.879+0000] {logging_mixin.py:188} INFO - [2026-09-17T14:22:55.879+0000] {dag.py:3954} INFO - Setting next_dagrun for youtube_extraction to 2026-09-17 00:00:00+00:00, run_after=2026-09-18 00:00:00+00:00
[2026-09-17T14:22:55.916+0000] {processor.py:183} INFO - Processing /opt/airflow/dags/dag_extraction.py took 0.258 seconds
[2026-09-17T14:23:26.261+0000] {processor.py:161} INFO - Started process (PID=1182) to work on /opt/airflow/dags/dag_extraction.py
[2026-09-17T14:23:26.263+0000] {processor.py:830} INFO - Processing file /opt/airflow/dags/dag_extraction.py for tasks to queue
[2026-09-17T14:23:26.265+0000] {logging_mixin.py:188} INFO - [2026-09-17T14:23:26.265+0000] {dagbag.py:545} INFO - Filling up the DagBag from /opt/airflow/dags/dag_extraction.py
[2026-09-17T14:23:26.355+0000] {processor.py:840} INFO - DAG(s) 'youtube_extraction' retrieved from /opt/airflow/dags/dag_extraction.py
[2026-09-17T14:23:26.382+0000] {logging_mixin.py:188} INFO - [2026-09-17T14:23:26.382+0000] {dag.py:3096} INFO - Sync 1 DAGs
[2026-09-17T14:23:26.410+0000] {logging_mixin.py:188} INFO - [2026-09-17T14:23:26.409+0000] {dag.py:3954} INFO - Setting next_dagrun for youtube_extraction to 2026-09-17 00:00:00+00:00, run_after=2026-09-18 00:00:00+00:00
[2026-09-17T14:23:26.431+0000] {processor.py:183} INFO - Processing /opt/airflow/dags/dag_extraction.py took 0.178 seconds
[2026-09-17T14:23:56.745+0000] {processor.py:161} INFO - Started process (PID=1190) to work on /opt/airflow/dags/dag_extraction.py
[2026-09-17T14:23:56.749+0000] {processor.py:830} INFO - Processing file /opt/airflow/dags/dag_extraction.py for tasks to queue
[2026-09-17T14:23:56.751+0000] {logging_mixin.py:188} INFO - [2026-09-17T14:23:56.750+0000] {dagbag.py:545} INFO - Filling up the DagBag from /opt/airflow/dags/dag_extraction.py
[2026-09-17T14:23:56.851+0000] {processor.py:840} INFO - DAG(s) 'youtube_extraction' retrieved from /opt/airflow/dags/dag_extraction.py
[2026-09-17T14:23:56.877+0000] {logging_mixin.py:188} INFO - [2026-09-17T14:23:56.876+0000] {dag.py:3096} INFO - Sync 1 DAGs
[2026-09-17T14:23:56.902+0000] {logging_mixin.py:188} INFO - [2026-09-17T14:23:56.902+0000] {dag.py:3954} INFO - Setting next_dagrun for youtube_extraction to 2026-09-17 00:00:00+00:00, run_after=2026-09-18 00:00:00+00:00
[2026-09-17T14:23:56.923+0000] {processor.py:183} INFO - Processing /opt/airflow/dags/dag_extraction.py took 0.186 seconds
[2026-09-17T14:24:27.221+0000] {processor.py:161} INFO - Started process (PID=1198) to work on /opt/airflow/dags/dag_extraction.py
[2026-09-17T14:24:27.223+0000] {processor.py:830} INFO - Processing file /opt/airflow/dags/dag_extraction.py for tasks to queue
[2026-09-17T14:24:27.226+0000] {logging_mixin.py:188} INFO - [2026-09-17T14:24:27.225+0000] {dagbag.py:545} INFO - Filling up the DagBag from /opt/airflow/dags/dag_extraction.py
[2026-09-17T14:24:27.358+0000] {processor.py:840} INFO - DAG(s) 'youtube_extraction' retrieved from /opt/airflow/dags/dag_extraction.py
[2026-09-17T14:24:27.393+0000] {logging_mixin.py:188} INFO - [2026-09-17T14:24:27.392+0000] {dag.py:3096} INFO - Sync 1 DAGs
[2026-09-17T14:24:27.416+0000] {logging_mixin.py:188} INFO - [2026-09-17T14:24:27.416+0000] {dag.py:3954} INFO - Setting next_dagrun for youtube_extraction to 2026-09-17 00:00:00+00:00, run_after=2026-09-18 00:00:00+00:00
[2026-09-17T14:24:27.438+0000] {processor.py:183} INFO - Processing /opt/airflow/dags/dag_extraction.py took 0.228 seconds
[2026-09-17T14:24:57.772+0000] {processor.py:161} INFO - Started process (PID=1206) to work on /opt/airflow/dags/dag_extraction.py
[2026-09-17T14:24:57.774+0000] {processor.py:830} INFO - Processing file /opt/airflow/dags/dag_extraction.py for tasks to queue
[2026-09-17T14:24:57.776+0000] {logging_mixin.py:188} INFO - [2026-09-17T14:24:57.776+0000] {dagbag.py:545} INFO - Filling up the DagBag from /opt/airflow/dags/dag_extraction.py
[2026-09-17T14:24:57.861+0000] {processor.py:840} INFO - DAG(s) 'youtube_extraction' retrieved from /opt/airflow/dags/dag_extraction.py
[2026-09-17T14:24:57.883+0000] {logging_mixin.py:188} INFO - [2026-09-17T14:24:57.883+0000] {dag.py:3096} INFO - Sync 1 DAGs
[2026-09-17T14:24:57.909+0000] {logging_mixin.py:188} INFO - [2026-09-17T14:24:57.908+0000] {dag.py:3954} INFO - Setting next_dagrun for youtube_extraction to 2026-09-17 00:00:00+00:00, run_after=2026-09-18 00:00:00+00:00
[2026-09-17T14:24:57.931+0000] {processor.py:183} INFO - Processing /opt/airflow/dags/dag_extraction.py took 0.169 seconds
[2026-09-17T14:25:28.215+0000] {processor.py:161} INFO - Started process (PID=1214) to work on /opt/airflow/dags/dag_extraction.py
[2026-09-17T14:25:28.217+0000] {processor.py:830} INFO - Processing file /opt/airflow/dags/dag_extraction.py for tasks to queue
[2026-09-17T14:25:28.219+0000] {logging_mixin.py:188} INFO - [2026-09-17T14:25:28.219+0000] {dagbag.py:545} INFO - Filling up the DagBag from /opt/airflow/dags/dag_extraction.py
[2026-09-17T14:25:28.303+0000] {processor.py:840} INFO - DAG(s) 'youtube_extraction' retrieved from /opt/airflow/dags/dag_extraction.py
[2026-09-17T14:25:28.326+0000] {logging_mixin.py:188} INFO - [2026-09-17T14:25:28.325+0000] {dag.py:3096} INFO - Sync 1 DAGs
[2026-09-17T14:25:28.351+0000] {logging_mixin.py:188} INFO - [2026-09-17T14:25:28.350+0000] {dag.py:3954} INFO - Setting next_dagrun for youtube_extraction to 2026-09-17 00:00:00+00:00, run_after=2026-09-18 00:00:00+00:00
[2026-09-17T14:25:28.371+0000] {processor.py:183} INFO - Processing /opt/airflow/dags/dag_extraction.py took 0.164 seconds
[2026-09-17T14:25:58.700+0000] {processor.py:161} INFO - Started process (PID=1222) to work on /opt/airflow/dags/dag_extraction.py
[2026-09-17T14:25:58.702+0000] {processor.py:830} INFO - Processing file /opt/airflow/dags/dag_extraction.py for tasks to queue
[2026-09-17T14:25:58.703+0000] {logging_mixin.py:188} INFO - [2026-09-17T14:25:58.703+0000] {dagbag.py:545} INFO - Filling up the DagBag from /opt/airflow/dags/dag_extraction.py
[2026-09-17T14:25:58.777+0000] {processor.py:840} INFO - DAG(s) 'youtube_extraction' retrieved from /opt/airflow/dags/dag_extraction.py
[2026-09-17T14:25:58.802+0000] {logging_mixin.py:188} INFO - [2026-09-17T14:25:58.802+0000] {dag.py:3096} INFO - Sync 1 DAGs
[2026-09-17T14:25:58.826+0000] {logging_mixin.py:188} INFO - [2026-09-17T14:25:58.826+0000] {dag.py:3954} INFO - Setting next_dagrun for youtube_extraction to 2026-09-17 00:00:00+00:00, run_after=2026-09-18 00:00:00+00:00
[2026-09-17T14:25:58.846+0000] {processor.py:183} INFO - Processing /opt/airflow/dags/dag_extraction.py took 0.152 seconds
[2026-09-17T14:26:29.185+0000] {processor.py:161} INFO - Started process (PID=1230) to work on /opt/airflow/dags/dag_extraction.py
[2026-09-17T14:26:29.187+0000] {processor.py:830} INFO - Processing file /opt/airflow/dags/dag_extraction.py for tasks to queue
[2026-09-17T14:26:29.189+0000] {logging_mixin.py:188} INFO - [2026-09-17T14:26:29.188+0000] {dagbag.py:545} INFO - Filling up the DagBag from /opt/airflow/dags/dag_extraction.py
[2026-09-17T14:26:29.268+0000] {processor.py:840} INFO - DAG(s) 'youtube_extraction' retrieved from /opt/airflow/dags/dag_extraction.py
[2026-09-17T14:26:29.291+0000] {logging_mixin.py:188} INFO - [2026-09-17T14:26:29.291+0000] {dag.py:3096} INFO - Sync 1 DAGs
[2026-09-17T14:26:29.315+0000] {logging_mixin.py:188} INFO - [2026-09-17T14:26:29.315+0000] {dag.py:3954} INFO - Setting next_dagrun for youtube_extraction to 2026-09-17 00:00:00+00:00, run_after=2026-09-18 00:00:00+00:00
[2026-09-17T14:26:29.336+0000] {processor.py:183} INFO - Processing /opt/airflow/dags/dag_extraction.py took 0.157 seconds
[2026-09-17T14:26:59.641+0000] {processor.py:161} INFO - Started process (PID=1238) to work on /opt/airflow/dags/dag_extraction.py
[2026-09-17T14:26:59.645+0000] {processor.py:830} INFO - Processing file /opt/airflow/dags/dag_extraction.py for tasks to queue
[2026-09-17T14:26:59.647+0000] {logging_mixin.py:188} INFO - [2026-09-17T14:26:59.646+0000] {dagbag.py:545} INFO - Filling up the DagBag from /opt/airflow/dags/dag_extraction.py
[2026-09-17T14:26:59.723+0000] {processor.py:840} INFO - DAG(s) 'youtube_extraction' retrieved from /opt/airflow/dags/dag_extraction.py
[2026-09-17T14:26:59.746+0000] {logging_mixin.py:188} INFO - [2026-09-17T14:26:59.746+0000] {dag.py:3096} INFO - Sync 1 DAGs
[2026-09-17T14:26:59.769+0000] {logging_mixin.py:188} INFO - [2026-09-17T14:26:59.768+0000] {dag.py:3954} INFO - Setting next_dagrun for youtube_extraction to 2026-09-17 00:00:00+00:00, run_after=2026-09-18 00:00:00+00:00
[2026-09-17T14:26:59.787+0000] {processor.py:183} INFO - Processing /opt/airflow/dags/dag_extraction.py took 0.153 seconds
[2026-09-17T14:27:30.125+0000] {processor.py:161} INFO - Started process (PID=1246) to work on /opt/airflow/dags/dag_extraction.py
[2026-09-17T14:27:30.127+0000] {processor.py:830} INFO - Processing file /opt/airflow/dags/dag_extraction.py for tasks to queue
[2026-09-17T14:27:30.130+0000] {logging_mixin.py:188} INFO - [2026-09-17T14:27:30.129+0000] {dagbag.py:545} INFO - Filling up the DagBag from /opt/airflow/dags/dag_extraction.py
[2026-09-17T14:27:30.215+0000] {processor.py:840} INFO - DAG(s) 'youtube_extraction' retrieved from /opt/airflow/dags/dag_extraction.py
[2026-09-17T14:27:30.239+0000] {logging_mixin.py:188} INFO - [2026-09-17T14:27:30.238+0000] {dag.py:3096} INFO - Sync 1 DAGs
[2026-09-17T14:27:30.263+0000] {logging_mixin.py:188} INFO - [2026-09-17T14:27:30.263+0000] {dag.py:3954} INFO - Setting next_dagrun for youtube_extraction to 2026-09-17 00:00:00+00:00, run_after=2026-09-18 00:00:00+00:00
[2026-09-17T14:27:30.285+0000] {processor.py:183} INFO - Processing /opt/airflow/dags/dag_extraction.py took 0.169 seconds
[2026-09-17T14:28:00.657+0000] {processor.py:161} INFO - Started process (PID=1254) to work on /opt/airflow/dags/dag_extraction.py
[2026-09-17T14:28:00.659+0000] {processor.py:830} INFO - Processing file /opt/airflow/dags/dag_extraction.py for tasks to queue
[2026-09-17T14:28:00.660+0000] {logging_mixin.py:188} INFO - [2026-09-17T14:28:00.660+0000] {dagbag.py:545} INFO - Filling up the DagBag from /opt/airflow/dags/dag_extraction.py
[2026-09-17T14:28:00.734+0000] {processor.py:840} INFO - DAG(s) 'youtube_extraction' retrieved from /opt/airflow/dags/dag_extraction.py
[2026-09-17T14:28:00.755+0000] {logging_mixin.py:188} INFO - [2026-09-17T14:28:00.755+0000] {dag.py:3096} INFO - Sync 1 DAGs
[2026-09-17T14:28:00.776+0000] {logging_mixin.py:188} INFO - [2026-09-17T14:28:00.776+0000] {dag.py:3954} INFO - Setting next_dagrun for youtube_extraction to 2026-09-17 00:00:00+00:00, run_after=2026-09-18 00:00:00+00:00
[2026-09-17T14:28:00.797+0000] {processor.py:183} INFO - Processing /opt/airflow/dags/dag_extraction.py took 0.148 seconds
[2026-09-17T14:28:31.122+0000] {processor.py:161} INFO - Started process (PID=1262) to work on /opt/airflow/dags/dag_extraction.py
[2026-09-17T14:28:31.125+0000] {processor.py:830} INFO - Processing file /opt/airflow/dags/dag_extraction.py for tasks to queue
[2026-09-17T14:28:31.127+0000] {logging_mixin.py:188} INFO - [2026-09-17T14:28:31.126+0000] {dagbag.py:545} INFO - Filling up the DagBag from /opt/airflow/dags/dag_extraction.py
[2026-09-17T14:28:31.207+0000] {processor.py:840} INFO - DAG(s) 'youtube_extraction' retrieved from /opt/airflow/dags/dag_extraction.py
[2026-09-17T14:28:31.229+0000] {logging_mixin.py:188} INFO - [2026-09-17T14:28:31.228+0000] {dag.py:3096} INFO - Sync 1 DAGs
[2026-09-17T14:28:31.253+0000] {logging_mixin.py:188} INFO - [2026-09-17T14:28:31.253+0000] {dag.py:3954} INFO - Setting next_dagrun for youtube_extraction to 2026-09-17 00:00:00+00:00, run_after=2026-09-18 00:00:00+00:00
[2026-09-17T14:28:31.273+0000] {processor.py:183} INFO - Processing /opt/airflow/dags/dag_extraction.py took 0.158 seconds
[2026-09-17T14:29:01.614+0000] {processor.py:161} INFO - Started process (PID=1270) to work on /opt/airflow/dags/dag_extraction.py
[2026-09-17T14:29:01.615+0000] {processor.py:830} INFO - Processing file /opt/airflow/dags/dag_extraction.py for tasks to queue
[2026-09-17T14:29:01.617+0000] {logging_mixin.py:188} INFO - [2026-09-17T14:29:01.617+0000] {dagbag.py:545} INFO - Filling up the DagBag from /opt/airflow/dags/dag_extraction.py
[2026-09-17T14:29:01.694+0000] {processor.py:840} INFO - DAG(s) 'youtube_extraction' retrieved from /opt/airflow/dags/dag_extraction.py
[2026-09-17T14:29:01.716+0000] {logging_mixin.py:188} INFO - [2026-09-17T14:29:01.715+0000] {dag.py:3096} INFO - Sync 1 DAGs
[2026-09-17T14:29:01.739+0000] {logging_mixin.py:188} INFO - [2026-09-17T14:29:01.739+0000] {dag.py:3954} INFO - Setting next_dagrun for youtube_extraction to 2026-09-17 00:00:00+00:00, run_after=2026-09-18 00:00:00+00:00
[2026-09-17T14:29:01.759+0000] {processor.py:183} INFO - Processing /opt/airflow/dags/dag_extraction.py took 0.153 seconds
[2026-09-17T14:29:32.063+0000] {processor.py:161} INFO - Started process (PID=1278) to work on /opt/airflow/dags/dag_extraction.py
[2026-09-17T14:29:32.066+0000] {processor.py:830} INFO - Processing file /opt/airflow/dags/dag_extraction.py for tasks to queue
[2026-09-17T14:29:32.068+0000] {logging_mixin.py:188} INFO - [2026-09-17T14:29:32.067+0000] {dagbag.py:545} INFO - Filling up the DagBag from /opt/airflow/dags/dag_extraction.py
[2026-09-17T14:29:32.162+0000] {processor.py:840} INFO - DAG(s) 'youtube_extraction' retrieved from /opt/airflow/dags/dag_extraction.py
[2026-09-17T14:29:32.189+0000] {logging_mixin.py:188} INFO - [2026-09-17T14:29:32.188+0000] {dag.py:3096} INFO - Sync 1 DAGs
[2026-09-17T14:29:32.215+0000] {logging_mixin.py:188} INFO - [2026-09-17T14:29:32.215+0000] {dag.py:3954} INFO - Setting next_dagrun for youtube_extraction to 2026-09-17 00:00:00+00:00, run_after=2026-09-18 00:00:00+00:00
[2026-09-17T14:29:32.238+0000] {processor.py:183} INFO - Processing /opt/airflow/dags/dag_extraction.py took 0.183 seconds
[2026-09-17T14:30:02.509+0000] {processor.py:161} INFO - Started process (PID=1286) to work on /opt/airflow/dags/dag_extraction.py
[2026-09-17T14:30:02.511+0000] {processor.py:830} INFO - Processing file /opt/airflow/dags/dag_extraction.py for tasks to queue
[2026-09-17T14:30:02.513+0000] {logging_mixin.py:188} INFO - [2026-09-17T14:30:02.513+0000] {dagbag.py:545} INFO - Filling up the DagBag from /opt/airflow/dags/dag_extraction.py
[2026-09-17T14:30:02.611+0000] {processor.py:840} INFO - DAG(s) 'youtube_extraction' retrieved from /opt/airflow/dags/dag_extraction.py
[2026-09-17T14:30:02.637+0000] {logging_mixin.py:188} INFO - [2026-09-17T14:30:02.636+0000] {dag.py:3096} INFO - Sync 1 DAGs
[2026-09-17T14:30:02.666+0000] {logging_mixin.py:188} INFO - [2026-09-17T14:30:02.666+0000] {dag.py:3954} INFO - Setting next_dagrun for youtube_extraction to 2026-09-17 00:00:00+00:00, run_after=2026-09-18 00:00:00+00:00
[2026-09-17T14:30:02.690+0000] {processor.py:183} INFO - Processing /opt/airflow/dags/dag_extraction.py took 0.190 seconds
[2026-09-17T14:30:32.982+0000] {processor.py:161} INFO - Started process (PID=1294) to work on /opt/airflow/dags/dag_extraction.py
[2026-09-17T14:30:32.985+0000] {processor.py:830} INFO - Processing file /opt/airflow/dags/dag_extraction.py for tasks to queue
[2026-09-17T14:30:32.987+0000] {logging_mixin.py:188} INFO - [2026-09-17T14:30:32.986+0000] {dagbag.py:545} INFO - Filling up the DagBag from /opt/airflow/dags/dag_extraction.py
[2026-09-17T14:30:33.078+0000] {processor.py:840} INFO - DAG(s) 'youtube_extraction' retrieved from /opt/airflow/dags/dag_extraction.py
[2026-09-17T14:30:33.105+0000] {logging_mixin.py:188} INFO - [2026-09-17T14:30:33.105+0000] {dag.py:3096} INFO - Sync 1 DAGs
[2026-09-17T14:30:33.137+0000] {logging_mixin.py:188} INFO - [2026-09-17T14:30:33.136+0000] {dag.py:3954} INFO - Setting next_dagrun for youtube_extraction to 2026-09-17 00:00:00+00:00, run_after=2026-09-18 00:00:00+00:00
[2026-09-17T14:30:33.159+0000] {processor.py:183} INFO - Processing /opt/airflow/dags/dag_extraction.py took 0.185 seconds
[2026-09-17T14:31:03.448+0000] {processor.py:161} INFO - Started process (PID=1302) to work on /opt/airflow/dags/dag_extraction.py
[2026-09-17T14:31:03.449+0000] {processor.py:830} INFO - Processing file /opt/airflow/dags/dag_extraction.py for tasks to queue
[2026-09-17T14:31:03.451+0000] {logging_mixin.py:188} INFO - [2026-09-17T14:31:03.451+0000] {dagbag.py:545} INFO - Filling up the DagBag from /opt/airflow/dags/dag_extraction.py
[2026-09-17T14:31:03.533+0000] {processor.py:840} INFO - DAG(s) 'youtube_extraction' retrieved from /opt/airflow/dags/dag_extraction.py
[2026-09-17T14:31:03.554+0000] {logging_mixin.py:188} INFO - [2026-09-17T14:31:03.554+0000] {dag.py:3096} INFO - Sync 1 DAGs
[2026-09-17T14:31:03.576+0000] {logging_mixin.py:188} INFO - [2026-09-17T14:31:03.576+0000] {dag.py:3954} INFO - Setting next_dagrun for youtube_extraction to 2026-09-17 00:00:00+00:00, run_after=2026-09-18 00:00:00+00:00
[2026-09-17T14:31:03.599+0000] {processor.py:183} INFO - Processing /opt/airflow/dags/dag_extraction.py took 0.159 seconds
[2026-09-17T14:31:33.941+0000] {processor.py:161} INFO - Started process (PID=1310) to work on /opt/airflow/dags/dag_extraction.py
[2026-09-17T14:31:33.943+0000] {processor.py:830} INFO - Processing file /opt/airflow/dags/dag_extraction.py for tasks to queue
[2026-09-17T14:31:33.945+0000] {logging_mixin.py:188} INFO - [2026-09-17T14:31:33.945+0000] {dagbag.py:545} INFO - Filling up the DagBag from /opt/airflow/dags/dag_extraction.py
[2026-09-17T14:31:34.048+0000] {processor.py:840} INFO - DAG(s) 'youtube_extraction' retrieved from /opt/airflow/dags/dag_extraction.py
[2026-09-17T14:31:34.077+0000] {logging_mixin.py:188} INFO - [2026-09-17T14:31:34.076+0000] {dag.py:3096} INFO - Sync 1 DAGs
[2026-09-17T14:31:34.103+0000] {logging_mixin.py:188} INFO - [2026-09-17T14:31:34.103+0000] {dag.py:3954} INFO - Setting next_dagrun for youtube_extraction to 2026-09-17 00:00:00+00:00, run_after=2026-09-18 00:00:00+00:00
[2026-09-17T14:31:34.125+0000] {processor.py:183} INFO - Processing /opt/airflow/dags/dag_extraction.py took 0.191 seconds
[2026-09-17T14:32:04.429+0000] {processor.py:161} INFO - Started process (PID=1318) to work on /opt/airflow/dags/dag_extraction.py
[2026-09-17T14:32:04.430+0000] {processor.py:830} INFO - Processing file /opt/airflow/dags/dag_extraction.py for tasks to queue
[2026-09-17T14:32:04.432+0000] {logging_mixin.py:188} INFO - [2026-09-17T14:32:04.432+0000] {dagbag.py:545} INFO - Filling up the DagBag from /opt/airflow/dags/dag_extraction.py
[2026-09-17T14:32:04.504+0000] {processor.py:840} INFO - DAG(s) 'youtube_extraction' retrieved from /opt/airflow/dags/dag_extraction.py
[2026-09-17T14:32:04.525+0000] {logging_mixin.py:188} INFO - [2026-09-17T14:32:04.524+0000] {dag.py:3096} INFO - Sync 1 DAGs
[2026-09-17T14:32:04.547+0000] {logging_mixin.py:188} INFO - [2026-09-17T14:32:04.547+0000] {dag.py:3954} INFO - Setting next_dagrun for youtube_extraction to 2026-09-17 00:00:00+00:00, run_after=2026-09-18 00:00:00+00:00
[2026-09-17T14:32:04.567+0000] {processor.py:183} INFO - Processing /opt/airflow/dags/dag_extraction.py took 0.145 seconds
[2026-09-17T14:32:34.900+0000] {processor.py:161} INFO - Started process (PID=1326) to work on /opt/airflow/dags/dag_extraction.py
[2026-09-17T14:32:34.902+0000] {processor.py:830} INFO - Processing file /opt/airflow/dags/dag_extraction.py for tasks to queue
[2026-09-17T14:32:34.904+0000] {logging_mixin.py:188} INFO - [2026-09-17T14:32:34.903+0000] {dagbag.py:545} INFO - Filling up the DagBag from /opt/airflow/dags/dag_extraction.py
[2026-09-17T14:32:34.989+0000] {processor.py:840} INFO - DAG(s) 'youtube_extraction' retrieved from /opt/airflow/dags/dag_extraction.py
[2026-09-17T14:32:35.013+0000] {logging_mixin.py:188} INFO - [2026-09-17T14:32:35.012+0000] {dag.py:3096} INFO - Sync 1 DAGs
[2026-09-17T14:32:35.035+0000] {logging_mixin.py:188} INFO - [2026-09-17T14:32:35.035+0000] {dag.py:3954} INFO - Setting next_dagrun for youtube_extraction to 2026-09-17 00:00:00+00:00, run_after=2026-09-18 00:00:00+00:00
[2026-09-17T14:32:35.055+0000] {processor.py:183} INFO - Processing /opt/airflow/dags/dag_extraction.py took 0.163 seconds
[2026-09-17T14:33:05.428+0000] {processor.py:161} INFO - Started process (PID=1334) to work on /opt/airflow/dags/dag_extraction.py
[2026-09-17T14:33:05.430+0000] {processor.py:830} INFO - Processing file /opt/airflow/dags/dag_extraction.py for tasks to queue
[2026-09-17T14:33:05.432+0000] {logging_mixin.py:188} INFO - [2026-09-17T14:33:05.431+0000] {dagbag.py:545} INFO - Filling up the DagBag from /opt/airflow/dags/dag_extraction.py
[2026-09-17T14:33:05.509+0000] {processor.py:840} INFO - DAG(s) 'youtube_extraction' retrieved from /opt/airflow/dags/dag_extraction.py
[2026-09-17T14:33:05.531+0000] {logging_mixin.py:188} INFO - [2026-09-17T14:33:05.530+0000] {dag.py:3096} INFO - Sync 1 DAGs
[2026-09-17T14:33:05.553+0000] {logging_mixin.py:188} INFO - [2026-09-17T14:33:05.553+0000] {dag.py:3954} INFO - Setting next_dagrun for youtube_extraction to 2026-09-17 00:00:00+00:00, run_after=2026-09-18 00:00:00+00:00
[2026-09-17T14:33:05.573+0000] {processor.py:183} INFO - Processing /opt/airflow/dags/dag_extraction.py took 0.152 seconds
[2026-09-17T14:33:35.902+0000] {processor.py:161} INFO - Started process (PID=1342) to work on /opt/airflow/dags/dag_extraction.py
[2026-09-17T14:33:35.904+0000] {processor.py:830} INFO - Processing file /opt/airflow/dags/dag_extraction.py for tasks to queue
[2026-09-17T14:33:35.905+0000] {logging_mixin.py:188} INFO - [2026-09-17T14:33:35.905+0000] {dagbag.py:545} INFO - Filling up the DagBag from /opt/airflow/dags/dag_extraction.py
[2026-09-17T14:33:35.982+0000] {processor.py:840} INFO - DAG(s) 'youtube_extraction' retrieved from /opt/airflow/dags/dag_extraction.py
[2026-09-17T14:33:36.002+0000] {logging_mixin.py:188} INFO - [2026-09-17T14:33:36.002+0000] {dag.py:3096} INFO - Sync 1 DAGs
[2026-09-17T14:33:36.026+0000] {logging_mixin.py:188} INFO - [2026-09-17T14:33:36.025+0000] {dag.py:3954} INFO - Setting next_dagrun for youtube_extraction to 2026-09-17 00:00:00+00:00, run_after=2026-09-18 00:00:00+00:00
[2026-09-17T14:33:36.047+0000] {processor.py:183} INFO - Processing /opt/airflow/dags/dag_extraction.py took 0.154 seconds
[2026-09-17T14:34:06.364+0000] {processor.py:161} INFO - Started process (PID=1350) to work on /opt/airflow/dags/dag_extraction.py
[2026-09-17T14:34:06.365+0000] {processor.py:830} INFO - Processing file /opt/airflow/dags/dag_extraction.py for tasks to queue
[2026-09-17T14:34:06.367+0000] {logging_mixin.py:188} INFO - [2026-09-17T14:34:06.367+0000] {dagbag.py:545} INFO - Filling up the DagBag from /opt/airflow/dags/dag_extraction.py
[2026-09-17T14:34:06.444+0000] {processor.py:840} INFO - DAG(s) 'youtube_extraction' retrieved from /opt/airflow/dags/dag_extraction.py
[2026-09-17T14:34:06.497+0000] {logging_mixin.py:188} INFO - [2026-09-17T14:34:06.496+0000] {dag.py:3096} INFO - Sync 1 DAGs
[2026-09-17T14:34:06.521+0000] {logging_mixin.py:188} INFO - [2026-09-17T14:34:06.521+0000] {dag.py:3954} INFO - Setting next_dagrun for youtube_extraction to 2026-09-17 00:00:00+00:00, run_after=2026-09-18 00:00:00+00:00
[2026-09-17T14:34:06.541+0000] {processor.py:183} INFO - Processing /opt/airflow/dags/dag_extraction.py took 0.184 seconds
[2026-09-17T14:34:36.821+0000] {processor.py:161} INFO - Started process (PID=1358) to work on /opt/airflow/dags/dag_extraction.py
[2026-09-17T14:34:36.824+0000] {processor.py:830} INFO - Processing file /opt/airflow/dags/dag_extraction.py for tasks to queue
[2026-09-17T14:34:36.826+0000] {logging_mixin.py:188} INFO - [2026-09-17T14:34:36.825+0000] {dagbag.py:545} INFO - Filling up the DagBag from /opt/airflow/dags/dag_extraction.py
[2026-09-17T14:34:36.926+0000] {processor.py:840} INFO - DAG(s) 'youtube_extraction' retrieved from /opt/airflow/dags/dag_extraction.py
[2026-09-17T14:34:36.955+0000] {logging_mixin.py:188} INFO - [2026-09-17T14:34:36.954+0000] {dag.py:3096} INFO - Sync 1 DAGs
[2026-09-17T14:34:36.986+0000] {logging_mixin.py:188} INFO - [2026-09-17T14:34:36.985+0000] {dag.py:3954} INFO - Setting next_dagrun for youtube_extraction to 2026-09-17 00:00:00+00:00, run_after=2026-09-18 00:00:00+00:00
[2026-09-17T14:34:37.006+0000] {processor.py:183} INFO - Processing /opt/airflow/dags/dag_extraction.py took 0.194 seconds
[2026-09-17T14:35:07.286+0000] {processor.py:161} INFO - Started process (PID=1366) to work on /opt/airflow/dags/dag_extraction.py
[2026-09-17T14:35:07.288+0000] {processor.py:830} INFO - Processing file /opt/airflow/dags/dag_extraction.py for tasks to queue
[2026-09-17T14:35:07.290+0000] {logging_mixin.py:188} INFO - [2026-09-17T14:35:07.289+0000] {dagbag.py:545} INFO - Filling up the DagBag from /opt/airflow/dags/dag_extraction.py
[2026-09-17T14:35:07.370+0000] {processor.py:840} INFO - DAG(s) 'youtube_extraction' retrieved from /opt/airflow/dags/dag_extraction.py
[2026-09-17T14:35:07.392+0000] {logging_mixin.py:188} INFO - [2026-09-17T14:35:07.391+0000] {dag.py:3096} INFO - Sync 1 DAGs
[2026-09-17T14:35:07.414+0000] {logging_mixin.py:188} INFO - [2026-09-17T14:35:07.414+0000] {dag.py:3954} INFO - Setting next_dagrun for youtube_extraction to 2026-09-17 00:00:00+00:00, run_after=2026-09-18 00:00:00+00:00
[2026-09-17T14:35:07.437+0000] {processor.py:183} INFO - Processing /opt/airflow/dags/dag_extraction.py took 0.158 seconds
[2026-09-17T14:35:37.717+0000] {processor.py:161} INFO - Started process (PID=1374) to work on /opt/airflow/dags/dag_extraction.py
[2026-09-17T14:35:37.719+0000] {processor.py:830} INFO - Processing file /opt/airflow/dags/dag_extraction.py for tasks to queue
[2026-09-17T14:35:37.721+0000] {logging_mixin.py:188} INFO - [2026-09-17T14:35:37.720+0000] {dagbag.py:545} INFO - Filling up the DagBag from /opt/airflow/dags/dag_extraction.py
[2026-09-17T14:35:37.803+0000] {processor.py:840} INFO - DAG(s) 'youtube_extraction' retrieved from /opt/airflow/dags/dag_extraction.py
[2026-09-17T14:35:37.827+0000] {logging_mixin.py:188} INFO - [2026-09-17T14:35:37.826+0000] {dag.py:3096} INFO - Sync 1 DAGs
[2026-09-17T14:35:37.850+0000] {logging_mixin.py:188} INFO - [2026-09-17T14:35:37.849+0000] {dag.py:3954} INFO - Setting next_dagrun for youtube_extraction to 2026-09-17 00:00:00+00:00, run_after=2026-09-18 00:00:00+00:00
[2026-09-17T14:35:37.870+0000] {processor.py:183} INFO - Processing /opt/airflow/dags/dag_extraction.py took 0.158 seconds
[2026-09-17T14:36:08.161+0000] {processor.py:161} INFO - Started process (PID=1382) to work on /opt/airflow/dags/dag_extraction.py
[2026-09-17T14:36:08.163+0000] {processor.py:830} INFO - Processing file /opt/airflow/dags/dag_extraction.py for tasks to queue
[2026-09-17T14:36:08.165+0000] {logging_mixin.py:188} INFO - [2026-09-17T14:36:08.164+0000] {dagbag.py:545} INFO - Filling up the DagBag from /opt/airflow/dags/dag_extraction.py
[2026-09-17T14:36:08.258+0000] {processor.py:840} INFO - DAG(s) 'youtube_extraction' retrieved from /opt/airflow/dags/dag_extraction.py
[2026-09-17T14:36:08.280+0000] {logging_mixin.py:188} INFO - [2026-09-17T14:36:08.280+0000] {dag.py:3096} INFO - Sync 1 DAGs
[2026-09-17T14:36:08.305+0000] {logging_mixin.py:188} INFO - [2026-09-17T14:36:08.305+0000] {dag.py:3954} INFO - Setting next_dagrun for youtube_extraction to 2026-09-17 00:00:00+00:00, run_after=2026-09-18 00:00:00+00:00
[2026-09-17T14:36:08.326+0000] {processor.py:183} INFO - Processing /opt/airflow/dags/dag_extraction.py took 0.172 seconds
[2026-09-17T14:36:38.632+0000] {processor.py:161} INFO - Started process (PID=1390) to work on /opt/airflow/dags/dag_extraction.py
[2026-09-17T14:36:38.634+0000] {processor.py:830} INFO - Processing file /opt/airflow/dags/dag_extraction.py for tasks to queue
[2026-09-17T14:36:38.635+0000] {logging_mixin.py:188} INFO - [2026-09-17T14:36:38.635+0000] {dagbag.py:545} INFO - Filling up the DagBag from /opt/airflow/dags/dag_extraction.py
[2026-09-17T14:36:38.711+0000] {processor.py:840} INFO - DAG(s) 'youtube_extraction' retrieved from /opt/airflow/dags/dag_extraction.py
[2026-09-17T14:36:38.733+0000] {logging_mixin.py:188} INFO - [2026-09-17T14:36:38.732+0000] {dag.py:3096} INFO - Sync 1 DAGs
[2026-09-17T14:36:38.755+0000] {logging_mixin.py:188} INFO - [2026-09-17T14:36:38.755+0000] {dag.py:3954} INFO - Setting next_dagrun for youtube_extraction to 2026-09-17 00:00:00+00:00, run_after=2026-09-18 00:00:00+00:00
[2026-09-17T14:36:38.776+0000] {processor.py:183} INFO - Processing /opt/airflow/dags/dag_extraction.py took 0.150 seconds
[2026-09-17T14:37:09.099+0000] {processor.py:161} INFO - Started process (PID=1398) to work on /opt/airflow/dags/dag_extraction.py
[2026-09-17T14:37:09.101+0000] {processor.py:830} INFO - Processing file /opt/airflow/dags/dag_extraction.py for tasks to queue
[2026-09-17T14:37:09.103+0000] {logging_mixin.py:188} INFO - [2026-09-17T14:37:09.102+0000] {dagbag.py:545} INFO - Filling up the DagBag from /opt/airflow/dags/dag_extraction.py
[2026-09-17T14:37:09.179+0000] {processor.py:840} INFO - DAG(s) 'youtube_extraction' retrieved from /opt/airflow/dags/dag_extraction.py
[2026-09-17T14:37:09.200+0000] {logging_mixin.py:188} INFO - [2026-09-17T14:37:09.200+0000] {dag.py:3096} INFO - Sync 1 DAGs
[2026-09-17T14:37:09.224+0000] {logging_mixin.py:188} INFO - [2026-09-17T14:37:09.224+0000] {dag.py:3954} INFO - Setting next_dagrun for youtube_extraction to 2026-09-17 00:00:00+00:00, run_after=2026-09-18 00:00:00+00:00
[2026-09-17T14:37:09.244+0000] {processor.py:183} INFO - Processing /opt/airflow/dags/dag_extraction.py took 0.152 seconds
[2026-09-17T14:37:39.648+0000] {processor.py:161} INFO - Started process (PID=1406) to work on /opt/airflow/dags/dag_extraction.py
[2026-09-17T14:37:39.651+0000] {processor.py:830} INFO - Processing file /opt/airflow/dags/dag_extraction.py for tasks to queue
[2026-09-17T14:37:39.653+0000] {logging_mixin.py:188} INFO - [2026-09-17T14:37:39.653+0000] {dagbag.py:545} INFO - Filling up the DagBag from /opt/airflow/dags/dag_extraction.py
[2026-09-17T14:37:39.750+0000] {processor.py:840} INFO - DAG(s) 'youtube_extraction' retrieved from /opt/airflow/dags/dag_extraction.py
[2026-09-17T14:37:39.775+0000] {logging_mixin.py:188} INFO - [2026-09-17T14:37:39.774+0000] {dag.py:3096} INFO - Sync 1 DAGs
[2026-09-17T14:37:39.799+0000] {logging_mixin.py:188} INFO - [2026-09-17T14:37:39.799+0000] {dag.py:3954} INFO - Setting next_dagrun for youtube_extraction to 2026-09-17 00:00:00+00:00, run_after=2026-09-18 00:00:00+00:00
[2026-09-17T14:37:39.824+0000] {processor.py:183} INFO - Processing /opt/airflow/dags/dag_extraction.py took 0.185 seconds
[2026-09-17T14:38:10.183+0000] {processor.py:161} INFO - Started process (PID=1414) to work on /opt/airflow/dags/dag_extraction.py
[2026-09-17T14:38:10.185+0000] {processor.py:830} INFO - Processing file /opt/airflow/dags/dag_extraction.py for tasks to queue
[2026-09-17T14:38:10.186+0000] {logging_mixin.py:188} INFO - [2026-09-17T14:38:10.186+0000] {dagbag.py:545} INFO - Filling up the DagBag from /opt/airflow/dags/dag_extraction.py
[2026-09-17T14:38:10.261+0000] {processor.py:840} INFO - DAG(s) 'youtube_extraction' retrieved from /opt/airflow/dags/dag_extraction.py
[2026-09-17T14:38:10.284+0000] {logging_mixin.py:188} INFO - [2026-09-17T14:38:10.283+0000] {dag.py:3096} INFO - Sync 1 DAGs
[2026-09-17T14:38:10.306+0000] {logging_mixin.py:188} INFO - [2026-09-17T14:38:10.306+0000] {dag.py:3954} INFO - Setting next_dagrun for youtube_extraction to 2026-09-17 00:00:00+00:00, run_after=2026-09-18 00:00:00+00:00
[2026-09-17T14:38:10.328+0000] {processor.py:183} INFO - Processing /opt/airflow/dags/dag_extraction.py took 0.153 seconds
[2026-09-17T14:38:40.648+0000] {processor.py:161} INFO - Started process (PID=1422) to work on /opt/airflow/dags/dag_extraction.py
[2026-09-17T14:38:40.650+0000] {processor.py:830} INFO - Processing file /opt/airflow/dags/dag_extraction.py for tasks to queue
[2026-09-17T14:38:40.652+0000] {logging_mixin.py:188} INFO - [2026-09-17T14:38:40.652+0000] {dagbag.py:545} INFO - Filling up the DagBag from /opt/airflow/dags/dag_extraction.py
[2026-09-17T14:38:40.736+0000] {processor.py:840} INFO - DAG(s) 'youtube_extraction' retrieved from /opt/airflow/dags/dag_extraction.py
[2026-09-17T14:38:40.760+0000] {logging_mixin.py:188} INFO - [2026-09-17T14:38:40.759+0000] {dag.py:3096} INFO - Sync 1 DAGs
[2026-09-17T14:38:40.783+0000] {logging_mixin.py:188} INFO - [2026-09-17T14:38:40.783+0000] {dag.py:3954} INFO - Setting next_dagrun for youtube_extraction to 2026-09-17 00:00:00+00:00, run_after=2026-09-18 00:00:00+00:00
[2026-09-17T14:38:40.804+0000] {processor.py:183} INFO - Processing /opt/airflow/dags/dag_extraction.py took 0.162 seconds
[2026-09-17T14:39:11.122+0000] {processor.py:161} INFO - Started process (PID=1430) to work on /opt/airflow/dags/dag_extraction.py
[2026-09-17T14:39:11.124+0000] {processor.py:830} INFO - Processing file /opt/airflow/dags/dag_extraction.py for tasks to queue
[2026-09-17T14:39:11.126+0000] {logging_mixin.py:188} INFO - [2026-09-17T14:39:11.125+0000] {dagbag.py:545} INFO - Filling up the DagBag from /opt/airflow/dags/dag_extraction.py
[2026-09-17T14:39:11.202+0000] {processor.py:840} INFO - DAG(s) 'youtube_extraction' retrieved from /opt/airflow/dags/dag_extraction.py
[2026-09-17T14:39:11.225+0000] {logging_mixin.py:188} INFO - [2026-09-17T14:39:11.224+0000] {dag.py:3096} INFO - Sync 1 DAGs
[2026-09-17T14:39:11.246+0000] {logging_mixin.py:188} INFO - [2026-09-17T14:39:11.245+0000] {dag.py:3954} INFO - Setting next_dagrun for youtube_extraction to 2026-09-17 00:00:00+00:00, run_after=2026-09-18 00:00:00+00:00
[2026-09-17T14:39:11.264+0000] {processor.py:183} INFO - Processing /opt/airflow/dags/dag_extraction.py took 0.149 seconds
[2026-09-17T14:39:41.587+0000] {processor.py:161} INFO - Started process (PID=1438) to work on /opt/airflow/dags/dag_extraction.py
[2026-09-17T14:39:41.589+0000] {processor.py:830} INFO - Processing file /opt/airflow/dags/dag_extraction.py for tasks to queue
[2026-09-17T14:39:41.591+0000] {logging_mixin.py:188} INFO - [2026-09-17T14:39:41.591+0000] {dagbag.py:545} INFO - Filling up the DagBag from /opt/airflow/dags/dag_extraction.py
[2026-09-17T14:39:41.668+0000] {processor.py:840} INFO - DAG(s) 'youtube_extraction' retrieved from /opt/airflow/dags/dag_extraction.py
[2026-09-17T14:39:41.694+0000] {logging_mixin.py:188} INFO - [2026-09-17T14:39:41.694+0000] {dag.py:3096} INFO - Sync 1 DAGs
[2026-09-17T14:39:41.717+0000] {logging_mixin.py:188} INFO - [2026-09-17T14:39:41.716+0000] {dag.py:3954} INFO - Setting next_dagrun for youtube_extraction to 2026-09-17 00:00:00+00:00, run_after=2026-09-18 00:00:00+00:00
[2026-09-17T14:39:41.739+0000] {processor.py:183} INFO - Processing /opt/airflow/dags/dag_extraction.py took 0.158 seconds
[2026-09-17T14:40:12.064+0000] {processor.py:161} INFO - Started process (PID=1447) to work on /opt/airflow/dags/dag_extraction.py
[2026-09-17T14:40:12.066+0000] {processor.py:830} INFO - Processing file /opt/airflow/dags/dag_extraction.py for tasks to queue
[2026-09-17T14:40:12.067+0000] {logging_mixin.py:188} INFO - [2026-09-17T14:40:12.067+0000] {dagbag.py:545} INFO - Filling up the DagBag from /opt/airflow/dags/dag_extraction.py
[2026-09-17T14:40:12.141+0000] {processor.py:840} INFO - DAG(s) 'youtube_extraction' retrieved from /opt/airflow/dags/dag_extraction.py
[2026-09-17T14:40:12.163+0000] {logging_mixin.py:188} INFO - [2026-09-17T14:40:12.162+0000] {dag.py:3096} INFO - Sync 1 DAGs
[2026-09-17T14:40:12.189+0000] {logging_mixin.py:188} INFO - [2026-09-17T14:40:12.189+0000] {dag.py:3954} INFO - Setting next_dagrun for youtube_extraction to 2026-09-17 00:00:00+00:00, run_after=2026-09-18 00:00:00+00:00
[2026-09-17T14:40:12.208+0000] {processor.py:183} INFO - Processing /opt/airflow/dags/dag_extraction.py took 0.150 seconds
[2026-09-17T14:40:42.513+0000] {processor.py:161} INFO - Started process (PID=1455) to work on /opt/airflow/dags/dag_extraction.py
[2026-09-17T14:40:42.515+0000] {processor.py:830} INFO - Processing file /opt/airflow/dags/dag_extraction.py for tasks to queue
[2026-09-17T14:40:42.517+0000] {logging_mixin.py:188} INFO - [2026-09-17T14:40:42.517+0000] {dagbag.py:545} INFO - Filling up the DagBag from /opt/airflow/dags/dag_extraction.py
[2026-09-17T14:40:42.594+0000] {processor.py:840} INFO - DAG(s) 'youtube_extraction' retrieved from /opt/airflow/dags/dag_extraction.py
[2026-09-17T14:40:42.618+0000] {logging_mixin.py:188} INFO - [2026-09-17T14:40:42.618+0000] {dag.py:3096} INFO - Sync 1 DAGs
[2026-09-17T14:40:42.644+0000] {logging_mixin.py:188} INFO - [2026-09-17T14:40:42.643+0000] {dag.py:3954} INFO - Setting next_dagrun for youtube_extraction to 2026-09-17 00:00:00+00:00, run_after=2026-09-18 00:00:00+00:00
[2026-09-17T14:40:42.666+0000] {processor.py:183} INFO - Processing /opt/airflow/dags/dag_extraction.py took 0.159 seconds
[2026-09-17T14:41:12.973+0000] {processor.py:161} INFO - Started process (PID=1463) to work on /opt/airflow/dags/dag_extraction.py
[2026-09-17T14:41:12.975+0000] {processor.py:830} INFO - Processing file /opt/airflow/dags/dag_extraction.py for tasks to queue
[2026-09-17T14:41:12.977+0000] {logging_mixin.py:188} INFO - [2026-09-17T14:41:12.976+0000] {dagbag.py:545} INFO - Filling up the DagBag from /opt/airflow/dags/dag_extraction.py
[2026-09-17T14:41:13.057+0000] {processor.py:840} INFO - DAG(s) 'youtube_extraction' retrieved from /opt/airflow/dags/dag_extraction.py
[2026-09-17T14:41:13.079+0000] {logging_mixin.py:188} INFO - [2026-09-17T14:41:13.079+0000] {dag.py:3096} INFO - Sync 1 DAGs
[2026-09-17T14:41:13.102+0000] {logging_mixin.py:188} INFO - [2026-09-17T14:41:13.101+0000] {dag.py:3954} INFO - Setting next_dagrun for youtube_extraction to 2026-09-17 00:00:00+00:00, run_after=2026-09-18 00:00:00+00:00
[2026-09-17T14:41:13.121+0000] {processor.py:183} INFO - Processing /opt/airflow/dags/dag_extraction.py took 0.155 seconds
[2026-09-17T14:41:43.394+0000] {processor.py:161} INFO - Started process (PID=1471) to work on /opt/airflow/dags/dag_extraction.py
[2026-09-17T14:41:43.396+0000] {processor.py:830} INFO - Processing file /opt/airflow/dags/dag_extraction.py for tasks to queue
[2026-09-17T14:41:43.399+0000] {logging_mixin.py:188} INFO - [2026-09-17T14:41:43.398+0000] {dagbag.py:545} INFO - Filling up the DagBag from /opt/airflow/dags/dag_extraction.py
[2026-09-17T14:41:43.506+0000] {processor.py:840} INFO - DAG(s) 'youtube_extraction' retrieved from /opt/airflow/dags/dag_extraction.py
[2026-09-17T14:41:43.530+0000] {logging_mixin.py:188} INFO - [2026-09-17T14:41:43.530+0000] {dag.py:3096} INFO - Sync 1 DAGs
[2026-09-17T14:41:43.554+0000] {logging_mixin.py:188} INFO - [2026-09-17T14:41:43.554+0000] {dag.py:3954} INFO - Setting next_dagrun for youtube_extraction to 2026-09-17 00:00:00+00:00, run_after=2026-09-18 00:00:00+00:00
[2026-09-17T14:41:43.575+0000] {processor.py:183} INFO - Processing /opt/airflow/dags/dag_extraction.py took 0.191 seconds
[2026-09-17T14:42:13.887+0000] {processor.py:161} INFO - Started process (PID=1485) to work on /opt/airflow/dags/dag_extraction.py
[2026-09-17T14:42:13.888+0000] {processor.py:830} INFO - Processing file /opt/airflow/dags/dag_extraction.py for tasks to queue
[2026-09-17T14:42:13.890+0000] {logging_mixin.py:188} INFO - [2026-09-17T14:42:13.889+0000] {dagbag.py:545} INFO - Filling up the DagBag from /opt/airflow/dags/dag_extraction.py
[2026-09-17T14:42:13.991+0000] {processor.py:840} INFO - DAG(s) 'youtube_extraction' retrieved from /opt/airflow/dags/dag_extraction.py
[2026-09-17T14:42:14.014+0000] {logging_mixin.py:188} INFO - [2026-09-17T14:42:14.014+0000] {dag.py:3096} INFO - Sync 1 DAGs
[2026-09-17T14:42:14.036+0000] {logging_mixin.py:188} INFO - [2026-09-17T14:42:14.036+0000] {dag.py:3954} INFO - Setting next_dagrun for youtube_extraction to 2026-09-17 00:00:00+00:00, run_after=2026-09-18 00:00:00+00:00
[2026-09-17T14:42:14.058+0000] {processor.py:183} INFO - Processing /opt/airflow/dags/dag_extraction.py took 0.178 seconds
[2026-09-17T14:42:44.448+0000] {processor.py:161} INFO - Started process (PID=1493) to work on /opt/airflow/dags/dag_extraction.py
[2026-09-17T14:42:44.450+0000] {processor.py:830} INFO - Processing file /opt/airflow/dags/dag_extraction.py for tasks to queue
[2026-09-17T14:42:44.452+0000] {logging_mixin.py:188} INFO - [2026-09-17T14:42:44.451+0000] {dagbag.py:545} INFO - Filling up the DagBag from /opt/airflow/dags/dag_extraction.py
[2026-09-17T14:42:44.549+0000] {processor.py:840} INFO - DAG(s) 'youtube_extraction' retrieved from /opt/airflow/dags/dag_extraction.py
[2026-09-17T14:42:44.573+0000] {logging_mixin.py:188} INFO - [2026-09-17T14:42:44.572+0000] {dag.py:3096} INFO - Sync 1 DAGs
[2026-09-17T14:42:44.597+0000] {logging_mixin.py:188} INFO - [2026-09-17T14:42:44.597+0000] {dag.py:3954} INFO - Setting next_dagrun for youtube_extraction to 2026-09-17 00:00:00+00:00, run_after=2026-09-18 00:00:00+00:00
[2026-09-17T14:42:44.616+0000] {processor.py:183} INFO - Processing /opt/airflow/dags/dag_extraction.py took 0.176 seconds
[2026-09-17T14:43:14.960+0000] {processor.py:161} INFO - Started process (PID=1501) to work on /opt/airflow/dags/dag_extraction.py
[2026-09-17T14:43:14.962+0000] {processor.py:830} INFO - Processing file /opt/airflow/dags/dag_extraction.py for tasks to queue
[2026-09-17T14:43:14.965+0000] {logging_mixin.py:188} INFO - [2026-09-17T14:43:14.964+0000] {dagbag.py:545} INFO - Filling up the DagBag from /opt/airflow/dags/dag_extraction.py
[2026-09-17T14:43:15.065+0000] {processor.py:840} INFO - DAG(s) 'youtube_extraction' retrieved from /opt/airflow/dags/dag_extraction.py
[2026-09-17T14:43:15.089+0000] {logging_mixin.py:188} INFO - [2026-09-17T14:43:15.089+0000] {dag.py:3096} INFO - Sync 1 DAGs
[2026-09-17T14:43:15.114+0000] {logging_mixin.py:188} INFO - [2026-09-17T14:43:15.114+0000] {dag.py:3954} INFO - Setting next_dagrun for youtube_extraction to 2026-09-17 00:00:00+00:00, run_after=2026-09-18 00:00:00+00:00
[2026-09-17T14:43:15.135+0000] {processor.py:183} INFO - Processing /opt/airflow/dags/dag_extraction.py took 0.184 seconds
[2026-09-17T14:43:45.425+0000] {processor.py:161} INFO - Started process (PID=1509) to work on /opt/airflow/dags/dag_extraction.py
[2026-09-17T14:43:45.426+0000] {processor.py:830} INFO - Processing file /opt/airflow/dags/dag_extraction.py for tasks to queue
[2026-09-17T14:43:45.428+0000] {logging_mixin.py:188} INFO - [2026-09-17T14:43:45.428+0000] {dagbag.py:545} INFO - Filling up the DagBag from /opt/airflow/dags/dag_extraction.py
[2026-09-17T14:43:45.529+0000] {processor.py:840} INFO - DAG(s) 'youtube_extraction' retrieved from /opt/airflow/dags/dag_extraction.py
[2026-09-17T14:43:45.558+0000] {logging_mixin.py:188} INFO - [2026-09-17T14:43:45.558+0000] {dag.py:3096} INFO - Sync 1 DAGs
[2026-09-17T14:43:45.585+0000] {logging_mixin.py:188} INFO - [2026-09-17T14:43:45.584+0000] {dag.py:3954} INFO - Setting next_dagrun for youtube_extraction to 2026-09-17 00:00:00+00:00, run_after=2026-09-18 00:00:00+00:00
[2026-09-17T14:43:45.609+0000] {processor.py:183} INFO - Processing /opt/airflow/dags/dag_extraction.py took 0.194 seconds
[2026-09-17T14:44:15.865+0000] {processor.py:161} INFO - Started process (PID=1517) to work on /opt/airflow/dags/dag_extraction.py
[2026-09-17T14:44:15.866+0000] {processor.py:830} INFO - Processing file /opt/airflow/dags/dag_extraction.py for tasks to queue
[2026-09-17T14:44:15.868+0000] {logging_mixin.py:188} INFO - [2026-09-17T14:44:15.868+0000] {dagbag.py:545} INFO - Filling up the DagBag from /opt/airflow/dags/dag_extraction.py
[2026-09-17T14:44:15.958+0000] {processor.py:840} INFO - DAG(s) 'youtube_extraction' retrieved from /opt/airflow/dags/dag_extraction.py
[2026-09-17T14:44:15.982+0000] {logging_mixin.py:188} INFO - [2026-09-17T14:44:15.982+0000] {dag.py:3096} INFO - Sync 1 DAGs
[2026-09-17T14:44:16.011+0000] {logging_mixin.py:188} INFO - [2026-09-17T14:44:16.011+0000] {dag.py:3954} INFO - Setting next_dagrun for youtube_extraction to 2026-09-17 00:00:00+00:00, run_after=2026-09-18 00:00:00+00:00
[2026-09-17T14:44:16.032+0000] {processor.py:183} INFO - Processing /opt/airflow/dags/dag_extraction.py took 0.176 seconds
[2026-09-17T14:44:46.343+0000] {processor.py:161} INFO - Started process (PID=1526) to work on /opt/airflow/dags/dag_extraction.py
[2026-09-17T14:44:46.345+0000] {processor.py:830} INFO - Processing file /opt/airflow/dags/dag_extraction.py for tasks to queue
[2026-09-17T14:44:46.347+0000] {logging_mixin.py:188} INFO - [2026-09-17T14:44:46.347+0000] {dagbag.py:545} INFO - Filling up the DagBag from /opt/airflow/dags/dag_extraction.py
[2026-09-17T14:44:46.430+0000] {processor.py:840} INFO - DAG(s) 'youtube_extraction' retrieved from /opt/airflow/dags/dag_extraction.py
[2026-09-17T14:44:46.453+0000] {logging_mixin.py:188} INFO - [2026-09-17T14:44:46.453+0000] {dag.py:3096} INFO - Sync 1 DAGs
[2026-09-17T14:44:46.479+0000] {logging_mixin.py:188} INFO - [2026-09-17T14:44:46.479+0000] {dag.py:3954} INFO - Setting next_dagrun for youtube_extraction to 2026-09-17 00:00:00+00:00, run_after=2026-09-18 00:00:00+00:00
[2026-09-17T14:44:46.503+0000] {processor.py:183} INFO - Processing /opt/airflow/dags/dag_extraction.py took 0.168 seconds
[2026-09-17T14:45:16.816+0000] {processor.py:161} INFO - Started process (PID=1534) to work on /opt/airflow/dags/dag_extraction.py
[2026-09-17T14:45:16.818+0000] {processor.py:830} INFO - Processing file /opt/airflow/dags/dag_extraction.py for tasks to queue
[2026-09-17T14:45:16.820+0000] {logging_mixin.py:188} INFO - [2026-09-17T14:45:16.820+0000] {dagbag.py:545} INFO - Filling up the DagBag from /opt/airflow/dags/dag_extraction.py
[2026-09-17T14:45:16.898+0000] {processor.py:840} INFO - DAG(s) 'youtube_extraction' retrieved from /opt/airflow/dags/dag_extraction.py
[2026-09-17T14:45:16.921+0000] {logging_mixin.py:188} INFO - [2026-09-17T14:45:16.920+0000] {dag.py:3096} INFO - Sync 1 DAGs
[2026-09-17T14:45:16.944+0000] {logging_mixin.py:188} INFO - [2026-09-17T14:45:16.944+0000] {dag.py:3954} INFO - Setting next_dagrun for youtube_extraction to 2026-09-17 00:00:00+00:00, run_after=2026-09-18 00:00:00+00:00
[2026-09-17T14:45:16.969+0000] {processor.py:183} INFO - Processing /opt/airflow/dags/dag_extraction.py took 0.162 seconds
[2026-09-17T14:45:47.291+0000] {processor.py:161} INFO - Started process (PID=1542) to work on /opt/airflow/dags/dag_extraction.py
[2026-09-17T14:45:47.292+0000] {processor.py:830} INFO - Processing file /opt/airflow/dags/dag_extraction.py for tasks to queue
[2026-09-17T14:45:47.294+0000] {logging_mixin.py:188} INFO - [2026-09-17T14:45:47.293+0000] {dagbag.py:545} INFO - Filling up the DagBag from /opt/airflow/dags/dag_extraction.py
[2026-09-17T14:45:47.365+0000] {processor.py:840} INFO - DAG(s) 'youtube_extraction' retrieved from /opt/airflow/dags/dag_extraction.py
[2026-09-17T14:45:47.396+0000] {logging_mixin.py:188} INFO - [2026-09-17T14:45:47.393+0000] {dag.py:3096} INFO - Sync 1 DAGs
[2026-09-17T14:45:47.456+0000] {logging_mixin.py:188} INFO - [2026-09-17T14:45:47.456+0000] {dag.py:3954} INFO - Setting next_dagrun for youtube_extraction to 2026-09-17 00:00:00+00:00, run_after=2026-09-18 00:00:00+00:00
[2026-09-17T14:45:47.494+0000] {processor.py:183} INFO - Processing /opt/airflow/dags/dag_extraction.py took 0.209 seconds
[2026-09-17T14:46:17.781+0000] {processor.py:161} INFO - Started process (PID=1550) to work on /opt/airflow/dags/dag_extraction.py
[2026-09-17T14:46:17.783+0000] {processor.py:830} INFO - Processing file /opt/airflow/dags/dag_extraction.py for tasks to queue
[2026-09-17T14:46:17.784+0000] {logging_mixin.py:188} INFO - [2026-09-17T14:46:17.784+0000] {dagbag.py:545} INFO - Filling up the DagBag from /opt/airflow/dags/dag_extraction.py
[2026-09-17T14:46:17.861+0000] {processor.py:840} INFO - DAG(s) 'youtube_extraction' retrieved from /opt/airflow/dags/dag_extraction.py
[2026-09-17T14:46:17.882+0000] {logging_mixin.py:188} INFO - [2026-09-17T14:46:17.882+0000] {dag.py:3096} INFO - Sync 1 DAGs
[2026-09-17T14:46:17.905+0000] {logging_mixin.py:188} INFO - [2026-09-17T14:46:17.905+0000] {dag.py:3954} INFO - Setting next_dagrun for youtube_extraction to 2026-09-17 00:00:00+00:00, run_after=2026-09-18 00:00:00+00:00
[2026-09-17T14:46:17.927+0000] {processor.py:183} INFO - Processing /opt/airflow/dags/dag_extraction.py took 0.152 seconds
[2026-09-17T14:46:48.254+0000] {processor.py:161} INFO - Started process (PID=1558) to work on /opt/airflow/dags/dag_extraction.py
[2026-09-17T14:46:48.256+0000] {processor.py:830} INFO - Processing file /opt/airflow/dags/dag_extraction.py for tasks to queue
[2026-09-17T14:46:48.258+0000] {logging_mixin.py:188} INFO - [2026-09-17T14:46:48.258+0000] {dagbag.py:545} INFO - Filling up the DagBag from /opt/airflow/dags/dag_extraction.py
[2026-09-17T14:46:48.330+0000] {processor.py:840} INFO - DAG(s) 'youtube_extraction' retrieved from /opt/airflow/dags/dag_extraction.py
[2026-09-17T14:46:48.351+0000] {logging_mixin.py:188} INFO - [2026-09-17T14:46:48.351+0000] {dag.py:3096} INFO - Sync 1 DAGs
[2026-09-17T14:46:48.373+0000] {logging_mixin.py:188} INFO - [2026-09-17T14:46:48.372+0000] {dag.py:3954} INFO - Setting next_dagrun for youtube_extraction to 2026-09-17 00:00:00+00:00, run_after=2026-09-18 00:00:00+00:00
[2026-09-17T14:46:48.393+0000] {processor.py:183} INFO - Processing /opt/airflow/dags/dag_extraction.py took 0.146 seconds
[2026-09-17T14:47:18.747+0000] {processor.py:161} INFO - Started process (PID=1566) to work on /opt/airflow/dags/dag_extraction.py
[2026-09-17T14:47:18.749+0000] {processor.py:830} INFO - Processing file /opt/airflow/dags/dag_extraction.py for tasks to queue
[2026-09-17T14:47:18.752+0000] {logging_mixin.py:188} INFO - [2026-09-17T14:47:18.751+0000] {dagbag.py:545} INFO - Filling up the DagBag from /opt/airflow/dags/dag_extraction.py
[2026-09-17T14:47:18.846+0000] {processor.py:840} INFO - DAG(s) 'youtube_extraction' retrieved from /opt/airflow/dags/dag_extraction.py
[2026-09-17T14:47:18.871+0000] {logging_mixin.py:188} INFO - [2026-09-17T14:47:18.871+0000] {dag.py:3096} INFO - Sync 1 DAGs
[2026-09-17T14:47:18.897+0000] {logging_mixin.py:188} INFO - [2026-09-17T14:47:18.897+0000] {dag.py:3954} INFO - Setting next_dagrun for youtube_extraction to 2026-09-17 00:00:00+00:00, run_after=2026-09-18 00:00:00+00:00
[2026-09-17T14:47:18.921+0000] {processor.py:183} INFO - Processing /opt/airflow/dags/dag_extraction.py took 0.182 seconds
[2026-09-17T14:47:49.267+0000] {processor.py:161} INFO - Started process (PID=1574) to work on /opt/airflow/dags/dag_extraction.py
[2026-09-17T14:47:49.269+0000] {processor.py:830} INFO - Processing file /opt/airflow/dags/dag_extraction.py for tasks to queue
[2026-09-17T14:47:49.271+0000] {logging_mixin.py:188} INFO - [2026-09-17T14:47:49.271+0000] {dagbag.py:545} INFO - Filling up the DagBag from /opt/airflow/dags/dag_extraction.py
[2026-09-17T14:47:49.362+0000] {processor.py:840} INFO - DAG(s) 'youtube_extraction' retrieved from /opt/airflow/dags/dag_extraction.py
[2026-09-17T14:47:49.390+0000] {logging_mixin.py:188} INFO - [2026-09-17T14:47:49.390+0000] {dag.py:3096} INFO - Sync 1 DAGs
[2026-09-17T14:47:49.412+0000] {logging_mixin.py:188} INFO - [2026-09-17T14:47:49.412+0000] {dag.py:3954} INFO - Setting next_dagrun for youtube_extraction to 2026-09-17 00:00:00+00:00, run_after=2026-09-18 00:00:00+00:00
[2026-09-17T14:47:49.434+0000] {processor.py:183} INFO - Processing /opt/airflow/dags/dag_extraction.py took 0.174 seconds
[2026-09-17T14:48:19.754+0000] {processor.py:161} INFO - Started process (PID=1582) to work on /opt/airflow/dags/dag_extraction.py
[2026-09-17T14:48:19.756+0000] {processor.py:830} INFO - Processing file /opt/airflow/dags/dag_extraction.py for tasks to queue
[2026-09-17T14:48:19.758+0000] {logging_mixin.py:188} INFO - [2026-09-17T14:48:19.757+0000] {dagbag.py:545} INFO - Filling up the DagBag from /opt/airflow/dags/dag_extraction.py
[2026-09-17T14:48:19.841+0000] {processor.py:840} INFO - DAG(s) 'youtube_extraction' retrieved from /opt/airflow/dags/dag_extraction.py
[2026-09-17T14:48:19.864+0000] {logging_mixin.py:188} INFO - [2026-09-17T14:48:19.863+0000] {dag.py:3096} INFO - Sync 1 DAGs
[2026-09-17T14:48:19.887+0000] {logging_mixin.py:188} INFO - [2026-09-17T14:48:19.887+0000] {dag.py:3954} INFO - Setting next_dagrun for youtube_extraction to 2026-09-17 00:00:00+00:00, run_after=2026-09-18 00:00:00+00:00
[2026-09-17T14:48:19.908+0000] {processor.py:183} INFO - Processing /opt/airflow/dags/dag_extraction.py took 0.162 seconds
[2026-09-17T14:48:50.203+0000] {processor.py:161} INFO - Started process (PID=1590) to work on /opt/airflow/dags/dag_extraction.py
[2026-09-17T14:48:50.204+0000] {processor.py:830} INFO - Processing file /opt/airflow/dags/dag_extraction.py for tasks to queue
[2026-09-17T14:48:50.206+0000] {logging_mixin.py:188} INFO - [2026-09-17T14:48:50.206+0000] {dagbag.py:545} INFO - Filling up the DagBag from /opt/airflow/dags/dag_extraction.py
[2026-09-17T14:48:50.282+0000] {processor.py:840} INFO - DAG(s) 'youtube_extraction' retrieved from /opt/airflow/dags/dag_extraction.py
[2026-09-17T14:48:50.305+0000] {logging_mixin.py:188} INFO - [2026-09-17T14:48:50.305+0000] {dag.py:3096} INFO - Sync 1 DAGs
[2026-09-17T14:48:50.328+0000] {logging_mixin.py:188} INFO - [2026-09-17T14:48:50.328+0000] {dag.py:3954} INFO - Setting next_dagrun for youtube_extraction to 2026-09-17 00:00:00+00:00, run_after=2026-09-18 00:00:00+00:00
[2026-09-17T14:48:50.347+0000] {processor.py:183} INFO - Processing /opt/airflow/dags/dag_extraction.py took 0.152 seconds
[2026-09-17T14:49:20.641+0000] {processor.py:161} INFO - Started process (PID=1598) to work on /opt/airflow/dags/dag_extraction.py
[2026-09-17T14:49:20.644+0000] {processor.py:830} INFO - Processing file /opt/airflow/dags/dag_extraction.py for tasks to queue
[2026-09-17T14:49:20.646+0000] {logging_mixin.py:188} INFO - [2026-09-17T14:49:20.646+0000] {dagbag.py:545} INFO - Filling up the DagBag from /opt/airflow/dags/dag_extraction.py
[2026-09-17T14:49:20.755+0000] {processor.py:840} INFO - DAG(s) 'youtube_extraction' retrieved from /opt/airflow/dags/dag_extraction.py
[2026-09-17T14:49:20.782+0000] {logging_mixin.py:188} INFO - [2026-09-17T14:49:20.781+0000] {dag.py:3096} INFO - Sync 1 DAGs
[2026-09-17T14:49:20.805+0000] {logging_mixin.py:188} INFO - [2026-09-17T14:49:20.805+0000] {dag.py:3954} INFO - Setting next_dagrun for youtube_extraction to 2026-09-17 00:00:00+00:00, run_after=2026-09-18 00:00:00+00:00
[2026-09-17T14:49:20.834+0000] {processor.py:183} INFO - Processing /opt/airflow/dags/dag_extraction.py took 0.204 seconds
[2026-09-17T14:49:51.110+0000] {processor.py:161} INFO - Started process (PID=1606) to work on /opt/airflow/dags/dag_extraction.py
[2026-09-17T14:49:51.113+0000] {processor.py:830} INFO - Processing file /opt/airflow/dags/dag_extraction.py for tasks to queue
[2026-09-17T14:49:51.114+0000] {logging_mixin.py:188} INFO - [2026-09-17T14:49:51.114+0000] {dagbag.py:545} INFO - Filling up the DagBag from /opt/airflow/dags/dag_extraction.py
[2026-09-17T14:49:51.193+0000] {processor.py:840} INFO - DAG(s) 'youtube_extraction' retrieved from /opt/airflow/dags/dag_extraction.py
[2026-09-17T14:49:51.216+0000] {logging_mixin.py:188} INFO - [2026-09-17T14:49:51.216+0000] {dag.py:3096} INFO - Sync 1 DAGs
[2026-09-17T14:49:51.238+0000] {logging_mixin.py:188} INFO - [2026-09-17T14:49:51.238+0000] {dag.py:3954} INFO - Setting next_dagrun for youtube_extraction to 2026-09-17 00:00:00+00:00, run_after=2026-09-18 00:00:00+00:00
[2026-09-17T14:49:51.261+0000] {processor.py:183} INFO - Processing /opt/airflow/dags/dag_extraction.py took 0.157 seconds
[2026-09-17T14:50:21.569+0000] {processor.py:161} INFO - Started process (PID=1614) to work on /opt/airflow/dags/dag_extraction.py
[2026-09-17T14:50:21.571+0000] {processor.py:830} INFO - Processing file /opt/airflow/dags/dag_extraction.py for tasks to queue
[2026-09-17T14:50:21.573+0000] {logging_mixin.py:188} INFO - [2026-09-17T14:50:21.572+0000] {dagbag.py:545} INFO - Filling up the DagBag from /opt/airflow/dags/dag_extraction.py
[2026-09-17T14:50:21.653+0000] {processor.py:840} INFO - DAG(s) 'youtube_extraction' retrieved from /opt/airflow/dags/dag_extraction.py
[2026-09-17T14:50:21.674+0000] {logging_mixin.py:188} INFO - [2026-09-17T14:50:21.674+0000] {dag.py:3096} INFO - Sync 1 DAGs
[2026-09-17T14:50:21.696+0000] {logging_mixin.py:188} INFO - [2026-09-17T14:50:21.696+0000] {dag.py:3954} INFO - Setting next_dagrun for youtube_extraction to 2026-09-17 00:00:00+00:00, run_after=2026-09-18 00:00:00+00:00
[2026-09-17T14:50:21.716+0000] {processor.py:183} INFO - Processing /opt/airflow/dags/dag_extraction.py took 0.155 seconds
[2026-09-17T14:50:51.974+0000] {processor.py:161} INFO - Started process (PID=1622) to work on /opt/airflow/dags/dag_extraction.py
[2026-09-17T14:50:51.977+0000] {processor.py:830} INFO - Processing file /opt/airflow/dags/dag_extraction.py for tasks to queue
[2026-09-17T14:50:51.978+0000] {logging_mixin.py:188} INFO - [2026-09-17T14:50:51.978+0000] {dagbag.py:545} INFO - Filling up the DagBag from /opt/airflow/dags/dag_extraction.py
[2026-09-17T14:50:52.077+0000] {processor.py:840} INFO - DAG(s) 'youtube_extraction' retrieved from /opt/airflow/dags/dag_extraction.py
[2026-09-17T14:50:52.112+0000] {logging_mixin.py:188} INFO - [2026-09-17T14:50:52.111+0000] {dag.py:3096} INFO - Sync 1 DAGs
[2026-09-17T14:50:52.145+0000] {logging_mixin.py:188} INFO - [2026-09-17T14:50:52.145+0000] {dag.py:3954} INFO - Setting next_dagrun for youtube_extraction to 2026-09-17 00:00:00+00:00, run_after=2026-09-18 00:00:00+00:00
[2026-09-17T14:50:52.169+0000] {processor.py:183} INFO - Processing /opt/airflow/dags/dag_extraction.py took 0.203 seconds
[2026-09-17T14:51:22.429+0000] {processor.py:161} INFO - Started process (PID=1630) to work on /opt/airflow/dags/dag_extraction.py
[2026-09-17T14:51:22.432+0000] {processor.py:830} INFO - Processing file /opt/airflow/dags/dag_extraction.py for tasks to queue
[2026-09-17T14:51:22.434+0000] {logging_mixin.py:188} INFO - [2026-09-17T14:51:22.434+0000] {dagbag.py:545} INFO - Filling up the DagBag from /opt/airflow/dags/dag_extraction.py
[2026-09-17T14:51:22.526+0000] {processor.py:840} INFO - DAG(s) 'youtube_extraction' retrieved from /opt/airflow/dags/dag_extraction.py
[2026-09-17T14:51:22.547+0000] {logging_mixin.py:188} INFO - [2026-09-17T14:51:22.546+0000] {dag.py:3096} INFO - Sync 1 DAGs
[2026-09-17T14:51:22.570+0000] {logging_mixin.py:188} INFO - [2026-09-17T14:51:22.570+0000] {dag.py:3954} INFO - Setting next_dagrun for youtube_extraction to 2026-09-17 00:00:00+00:00, run_after=2026-09-18 00:00:00+00:00
[2026-09-17T14:51:22.590+0000] {processor.py:183} INFO - Processing /opt/airflow/dags/dag_extraction.py took 0.169 seconds
[2026-09-17T14:51:52.904+0000] {processor.py:161} INFO - Started process (PID=1638) to work on /opt/airflow/dags/dag_extraction.py
[2026-09-17T14:51:52.906+0000] {processor.py:830} INFO - Processing file /opt/airflow/dags/dag_extraction.py for tasks to queue
[2026-09-17T14:51:52.907+0000] {logging_mixin.py:188} INFO - [2026-09-17T14:51:52.907+0000] {dagbag.py:545} INFO - Filling up the DagBag from /opt/airflow/dags/dag_extraction.py
[2026-09-17T14:51:53.000+0000] {processor.py:840} INFO - DAG(s) 'youtube_extraction' retrieved from /opt/airflow/dags/dag_extraction.py
[2026-09-17T14:51:53.026+0000] {logging_mixin.py:188} INFO - [2026-09-17T14:51:53.025+0000] {dag.py:3096} INFO - Sync 1 DAGs
[2026-09-17T14:51:53.051+0000] {logging_mixin.py:188} INFO - [2026-09-17T14:51:53.051+0000] {dag.py:3954} INFO - Setting next_dagrun for youtube_extraction to 2026-09-17 00:00:00+00:00, run_after=2026-09-18 00:00:00+00:00
[2026-09-17T14:51:53.074+0000] {processor.py:183} INFO - Processing /opt/airflow/dags/dag_extraction.py took 0.177 seconds
[2026-09-17T14:52:23.373+0000] {processor.py:161} INFO - Started process (PID=1646) to work on /opt/airflow/dags/dag_extraction.py
[2026-09-17T14:52:23.375+0000] {processor.py:830} INFO - Processing file /opt/airflow/dags/dag_extraction.py for tasks to queue
[2026-09-17T14:52:23.377+0000] {logging_mixin.py:188} INFO - [2026-09-17T14:52:23.376+0000] {dagbag.py:545} INFO - Filling up the DagBag from /opt/airflow/dags/dag_extraction.py
[2026-09-17T14:52:23.495+0000] {processor.py:840} INFO - DAG(s) 'youtube_extraction' retrieved from /opt/airflow/dags/dag_extraction.py
[2026-09-17T14:52:23.519+0000] {logging_mixin.py:188} INFO - [2026-09-17T14:52:23.518+0000] {dag.py:3096} INFO - Sync 1 DAGs
[2026-09-17T14:52:23.543+0000] {logging_mixin.py:188} INFO - [2026-09-17T14:52:23.543+0000] {dag.py:3954} INFO - Setting next_dagrun for youtube_extraction to 2026-09-17 00:00:00+00:00, run_after=2026-09-18 00:00:00+00:00
[2026-09-17T14:52:23.566+0000] {processor.py:183} INFO - Processing /opt/airflow/dags/dag_extraction.py took 0.202 seconds
[2026-09-17T14:52:53.847+0000] {processor.py:161} INFO - Started process (PID=1654) to work on /opt/airflow/dags/dag_extraction.py
[2026-09-17T14:52:53.849+0000] {processor.py:830} INFO - Processing file /opt/airflow/dags/dag_extraction.py for tasks to queue
[2026-09-17T14:52:53.851+0000] {logging_mixin.py:188} INFO - [2026-09-17T14:52:53.850+0000] {dagbag.py:545} INFO - Filling up the DagBag from /opt/airflow/dags/dag_extraction.py
[2026-09-17T14:52:53.934+0000] {processor.py:840} INFO - DAG(s) 'youtube_extraction' retrieved from /opt/airflow/dags/dag_extraction.py
[2026-09-17T14:52:53.955+0000] {logging_mixin.py:188} INFO - [2026-09-17T14:52:53.955+0000] {dag.py:3096} INFO - Sync 1 DAGs
[2026-09-17T14:52:53.978+0000] {logging_mixin.py:188} INFO - [2026-09-17T14:52:53.978+0000] {dag.py:3954} INFO - Setting next_dagrun for youtube_extraction to 2026-09-17 00:00:00+00:00, run_after=2026-09-18 00:00:00+00:00
[2026-09-17T14:52:53.998+0000] {processor.py:183} INFO - Processing /opt/airflow/dags/dag_extraction.py took 0.158 seconds
[2026-09-17T14:53:24.291+0000] {processor.py:161} INFO - Started process (PID=1662) to work on /opt/airflow/dags/dag_extraction.py
[2026-09-17T14:53:24.294+0000] {processor.py:830} INFO - Processing file /opt/airflow/dags/dag_extraction.py for tasks to queue
[2026-09-17T14:53:24.296+0000] {logging_mixin.py:188} INFO - [2026-09-17T14:53:24.295+0000] {dagbag.py:545} INFO - Filling up the DagBag from /opt/airflow/dags/dag_extraction.py
[2026-09-17T14:53:24.378+0000] {processor.py:840} INFO - DAG(s) 'youtube_extraction' retrieved from /opt/airflow/dags/dag_extraction.py
[2026-09-17T14:53:24.404+0000] {logging_mixin.py:188} INFO - [2026-09-17T14:53:24.404+0000] {dag.py:3096} INFO - Sync 1 DAGs
[2026-09-17T14:53:24.429+0000] {logging_mixin.py:188} INFO - [2026-09-17T14:53:24.429+0000] {dag.py:3954} INFO - Setting next_dagrun for youtube_extraction to 2026-09-17 00:00:00+00:00, run_after=2026-09-18 00:00:00+00:00
[2026-09-17T14:53:24.449+0000] {processor.py:183} INFO - Processing /opt/airflow/dags/dag_extraction.py took 0.165 seconds
[2026-09-17T14:53:54.746+0000] {processor.py:161} INFO - Started process (PID=1670) to work on /opt/airflow/dags/dag_extraction.py
[2026-09-17T14:53:54.748+0000] {processor.py:830} INFO - Processing file /opt/airflow/dags/dag_extraction.py for tasks to queue
[2026-09-17T14:53:54.752+0000] {logging_mixin.py:188} INFO - [2026-09-17T14:53:54.751+0000] {dagbag.py:545} INFO - Filling up the DagBag from /opt/airflow/dags/dag_extraction.py
[2026-09-17T14:53:54.858+0000] {processor.py:840} INFO - DAG(s) 'youtube_extraction' retrieved from /opt/airflow/dags/dag_extraction.py
[2026-09-17T14:53:54.881+0000] {logging_mixin.py:188} INFO - [2026-09-17T14:53:54.880+0000] {dag.py:3096} INFO - Sync 1 DAGs
[2026-09-17T14:53:54.913+0000] {logging_mixin.py:188} INFO - [2026-09-17T14:53:54.913+0000] {dag.py:3954} INFO - Setting next_dagrun for youtube_extraction to 2026-09-17 00:00:00+00:00, run_after=2026-09-18 00:00:00+00:00
[2026-09-17T14:53:55.108+0000] {processor.py:183} INFO - Processing /opt/airflow/dags/dag_extraction.py took 0.372 seconds
[2026-09-17T14:54:25.373+0000] {processor.py:161} INFO - Started process (PID=1678) to work on /opt/airflow/dags/dag_extraction.py
[2026-09-17T14:54:25.376+0000] {processor.py:830} INFO - Processing file /opt/airflow/dags/dag_extraction.py for tasks to queue
[2026-09-17T14:54:25.379+0000] {logging_mixin.py:188} INFO - [2026-09-17T14:54:25.378+0000] {dagbag.py:545} INFO - Filling up the DagBag from /opt/airflow/dags/dag_extraction.py
[2026-09-17T14:54:25.497+0000] {processor.py:840} INFO - DAG(s) 'youtube_extraction' retrieved from /opt/airflow/dags/dag_extraction.py
[2026-09-17T14:54:25.528+0000] {logging_mixin.py:188} INFO - [2026-09-17T14:54:25.527+0000] {dag.py:3096} INFO - Sync 1 DAGs
[2026-09-17T14:54:25.561+0000] {logging_mixin.py:188} INFO - [2026-09-17T14:54:25.561+0000] {dag.py:3954} INFO - Setting next_dagrun for youtube_extraction to 2026-09-17 00:00:00+00:00, run_after=2026-09-18 00:00:00+00:00
[2026-09-17T14:54:25.597+0000] {processor.py:183} INFO - Processing /opt/airflow/dags/dag_extraction.py took 0.244 seconds
[2026-09-17T14:54:55.844+0000] {processor.py:161} INFO - Started process (PID=1686) to work on /opt/airflow/dags/dag_extraction.py
[2026-09-17T14:54:55.848+0000] {processor.py:830} INFO - Processing file /opt/airflow/dags/dag_extraction.py for tasks to queue
[2026-09-17T14:54:55.850+0000] {logging_mixin.py:188} INFO - [2026-09-17T14:54:55.850+0000] {dagbag.py:545} INFO - Filling up the DagBag from /opt/airflow/dags/dag_extraction.py
[2026-09-17T14:54:55.952+0000] {processor.py:840} INFO - DAG(s) 'youtube_extraction' retrieved from /opt/airflow/dags/dag_extraction.py
[2026-09-17T14:54:55.983+0000] {logging_mixin.py:188} INFO - [2026-09-17T14:54:55.982+0000] {dag.py:3096} INFO - Sync 1 DAGs
[2026-09-17T14:54:56.008+0000] {logging_mixin.py:188} INFO - [2026-09-17T14:54:56.008+0000] {dag.py:3954} INFO - Setting next_dagrun for youtube_extraction to 2026-09-17 00:00:00+00:00, run_after=2026-09-18 00:00:00+00:00
[2026-09-17T14:54:56.033+0000] {processor.py:183} INFO - Processing /opt/airflow/dags/dag_extraction.py took 0.201 seconds
[2026-09-17T14:55:26.327+0000] {processor.py:161} INFO - Started process (PID=1694) to work on /opt/airflow/dags/dag_extraction.py
[2026-09-17T14:55:26.330+0000] {processor.py:830} INFO - Processing file /opt/airflow/dags/dag_extraction.py for tasks to queue
[2026-09-17T14:55:26.334+0000] {logging_mixin.py:188} INFO - [2026-09-17T14:55:26.333+0000] {dagbag.py:545} INFO - Filling up the DagBag from /opt/airflow/dags/dag_extraction.py
[2026-09-17T14:55:26.417+0000] {processor.py:840} INFO - DAG(s) 'youtube_extraction' retrieved from /opt/airflow/dags/dag_extraction.py
[2026-09-17T14:55:26.444+0000] {logging_mixin.py:188} INFO - [2026-09-17T14:55:26.443+0000] {dag.py:3096} INFO - Sync 1 DAGs
[2026-09-17T14:55:26.476+0000] {logging_mixin.py:188} INFO - [2026-09-17T14:55:26.475+0000] {dag.py:3954} INFO - Setting next_dagrun for youtube_extraction to 2026-09-17 00:00:00+00:00, run_after=2026-09-18 00:00:00+00:00
[2026-09-17T14:55:26.499+0000] {processor.py:183} INFO - Processing /opt/airflow/dags/dag_extraction.py took 0.180 seconds
[2026-09-17T14:55:56.810+0000] {processor.py:161} INFO - Started process (PID=1702) to work on /opt/airflow/dags/dag_extraction.py
[2026-09-17T14:55:56.812+0000] {processor.py:830} INFO - Processing file /opt/airflow/dags/dag_extraction.py for tasks to queue
[2026-09-17T14:55:56.813+0000] {logging_mixin.py:188} INFO - [2026-09-17T14:55:56.813+0000] {dagbag.py:545} INFO - Filling up the DagBag from /opt/airflow/dags/dag_extraction.py
[2026-09-17T14:55:56.890+0000] {processor.py:840} INFO - DAG(s) 'youtube_extraction' retrieved from /opt/airflow/dags/dag_extraction.py
[2026-09-17T14:55:56.913+0000] {logging_mixin.py:188} INFO - [2026-09-17T14:55:56.912+0000] {dag.py:3096} INFO - Sync 1 DAGs
[2026-09-17T14:55:56.936+0000] {logging_mixin.py:188} INFO - [2026-09-17T14:55:56.936+0000] {dag.py:3954} INFO - Setting next_dagrun for youtube_extraction to 2026-09-17 00:00:00+00:00, run_after=2026-09-18 00:00:00+00:00
[2026-09-17T14:55:56.954+0000] {processor.py:183} INFO - Processing /opt/airflow/dags/dag_extraction.py took 0.152 seconds
[2026-09-17T14:56:27.279+0000] {processor.py:161} INFO - Started process (PID=1710) to work on /opt/airflow/dags/dag_extraction.py
[2026-09-17T14:56:27.280+0000] {processor.py:830} INFO - Processing file /opt/airflow/dags/dag_extraction.py for tasks to queue
[2026-09-17T14:56:27.282+0000] {logging_mixin.py:188} INFO - [2026-09-17T14:56:27.282+0000] {dagbag.py:545} INFO - Filling up the DagBag from /opt/airflow/dags/dag_extraction.py
[2026-09-17T14:56:27.381+0000] {processor.py:840} INFO - DAG(s) 'youtube_extraction' retrieved from /opt/airflow/dags/dag_extraction.py
[2026-09-17T14:56:27.406+0000] {logging_mixin.py:188} INFO - [2026-09-17T14:56:27.406+0000] {dag.py:3096} INFO - Sync 1 DAGs
[2026-09-17T14:56:27.432+0000] {logging_mixin.py:188} INFO - [2026-09-17T14:56:27.432+0000] {dag.py:3954} INFO - Setting next_dagrun for youtube_extraction to 2026-09-17 00:00:00+00:00, run_after=2026-09-18 00:00:00+00:00
[2026-09-17T14:56:27.457+0000] {processor.py:183} INFO - Processing /opt/airflow/dags/dag_extraction.py took 0.190 seconds
[2026-09-17T14:56:57.714+0000] {processor.py:161} INFO - Started process (PID=1718) to work on /opt/airflow/dags/dag_extraction.py
[2026-09-17T14:56:57.716+0000] {processor.py:830} INFO - Processing file /opt/airflow/dags/dag_extraction.py for tasks to queue
[2026-09-17T14:56:57.719+0000] {logging_mixin.py:188} INFO - [2026-09-17T14:56:57.718+0000] {dagbag.py:545} INFO - Filling up the DagBag from /opt/airflow/dags/dag_extraction.py
[2026-09-17T14:56:57.810+0000] {processor.py:840} INFO - DAG(s) 'youtube_extraction' retrieved from /opt/airflow/dags/dag_extraction.py
[2026-09-17T14:56:57.834+0000] {logging_mixin.py:188} INFO - [2026-09-17T14:56:57.833+0000] {dag.py:3096} INFO - Sync 1 DAGs
[2026-09-17T14:56:57.856+0000] {logging_mixin.py:188} INFO - [2026-09-17T14:56:57.855+0000] {dag.py:3954} INFO - Setting next_dagrun for youtube_extraction to 2026-09-17 00:00:00+00:00, run_after=2026-09-18 00:00:00+00:00
[2026-09-17T14:56:57.877+0000] {processor.py:183} INFO - Processing /opt/airflow/dags/dag_extraction.py took 0.173 seconds
[2026-09-17T14:57:28.122+0000] {processor.py:161} INFO - Started process (PID=1726) to work on /opt/airflow/dags/dag_extraction.py
[2026-09-17T14:57:28.125+0000] {processor.py:830} INFO - Processing file /opt/airflow/dags/dag_extraction.py for tasks to queue
[2026-09-17T14:57:28.127+0000] {logging_mixin.py:188} INFO - [2026-09-17T14:57:28.126+0000] {dagbag.py:545} INFO - Filling up the DagBag from /opt/airflow/dags/dag_extraction.py
[2026-09-17T14:57:28.203+0000] {processor.py:840} INFO - DAG(s) 'youtube_extraction' retrieved from /opt/airflow/dags/dag_extraction.py
[2026-09-17T14:57:28.227+0000] {logging_mixin.py:188} INFO - [2026-09-17T14:57:28.226+0000] {dag.py:3096} INFO - Sync 1 DAGs
[2026-09-17T14:57:28.250+0000] {logging_mixin.py:188} INFO - [2026-09-17T14:57:28.250+0000] {dag.py:3954} INFO - Setting next_dagrun for youtube_extraction to 2026-09-17 00:00:00+00:00, run_after=2026-09-18 00:00:00+00:00
[2026-09-17T14:57:28.271+0000] {processor.py:183} INFO - Processing /opt/airflow/dags/dag_extraction.py took 0.156 seconds
[2026-09-17T14:57:58.630+0000] {processor.py:161} INFO - Started process (PID=1734) to work on /opt/airflow/dags/dag_extraction.py
[2026-09-17T14:57:58.632+0000] {processor.py:830} INFO - Processing file /opt/airflow/dags/dag_extraction.py for tasks to queue
[2026-09-17T14:57:58.634+0000] {logging_mixin.py:188} INFO - [2026-09-17T14:57:58.633+0000] {dagbag.py:545} INFO - Filling up the DagBag from /opt/airflow/dags/dag_extraction.py
[2026-09-17T14:57:58.714+0000] {processor.py:840} INFO - DAG(s) 'youtube_extraction' retrieved from /opt/airflow/dags/dag_extraction.py
[2026-09-17T14:57:58.737+0000] {logging_mixin.py:188} INFO - [2026-09-17T14:57:58.737+0000] {dag.py:3096} INFO - Sync 1 DAGs
[2026-09-17T14:57:58.759+0000] {logging_mixin.py:188} INFO - [2026-09-17T14:57:58.759+0000] {dag.py:3954} INFO - Setting next_dagrun for youtube_extraction to 2026-09-17 00:00:00+00:00, run_after=2026-09-18 00:00:00+00:00
[2026-09-17T14:57:58.779+0000] {processor.py:183} INFO - Processing /opt/airflow/dags/dag_extraction.py took 0.156 seconds
[2026-09-17T14:58:29.030+0000] {processor.py:161} INFO - Started process (PID=1742) to work on /opt/airflow/dags/dag_extraction.py
[2026-09-17T14:58:29.032+0000] {processor.py:830} INFO - Processing file /opt/airflow/dags/dag_extraction.py for tasks to queue
[2026-09-17T14:58:29.033+0000] {logging_mixin.py:188} INFO - [2026-09-17T14:58:29.033+0000] {dagbag.py:545} INFO - Filling up the DagBag from /opt/airflow/dags/dag_extraction.py
[2026-09-17T14:58:29.130+0000] {processor.py:840} INFO - DAG(s) 'youtube_extraction' retrieved from /opt/airflow/dags/dag_extraction.py
[2026-09-17T14:58:29.155+0000] {logging_mixin.py:188} INFO - [2026-09-17T14:58:29.155+0000] {dag.py:3096} INFO - Sync 1 DAGs
[2026-09-17T14:58:29.180+0000] {logging_mixin.py:188} INFO - [2026-09-17T14:58:29.180+0000] {dag.py:3954} INFO - Setting next_dagrun for youtube_extraction to 2026-09-17 00:00:00+00:00, run_after=2026-09-18 00:00:00+00:00
[2026-09-17T14:58:29.204+0000] {processor.py:183} INFO - Processing /opt/airflow/dags/dag_extraction.py took 0.182 seconds
[2026-09-17T14:58:59.481+0000] {processor.py:161} INFO - Started process (PID=1750) to work on /opt/airflow/dags/dag_extraction.py
[2026-09-17T14:58:59.483+0000] {processor.py:830} INFO - Processing file /opt/airflow/dags/dag_extraction.py for tasks to queue
[2026-09-17T14:58:59.486+0000] {logging_mixin.py:188} INFO - [2026-09-17T14:58:59.485+0000] {dagbag.py:545} INFO - Filling up the DagBag from /opt/airflow/dags/dag_extraction.py
[2026-09-17T14:58:59.576+0000] {processor.py:840} INFO - DAG(s) 'youtube_extraction' retrieved from /opt/airflow/dags/dag_extraction.py
[2026-09-17T14:58:59.606+0000] {logging_mixin.py:188} INFO - [2026-09-17T14:58:59.605+0000] {dag.py:3096} INFO - Sync 1 DAGs
[2026-09-17T14:58:59.641+0000] {logging_mixin.py:188} INFO - [2026-09-17T14:58:59.641+0000] {dag.py:3954} INFO - Setting next_dagrun for youtube_extraction to 2026-09-17 00:00:00+00:00, run_after=2026-09-18 00:00:00+00:00
[2026-09-17T14:58:59.677+0000] {processor.py:183} INFO - Processing /opt/airflow/dags/dag_extraction.py took 0.209 seconds
[2026-09-17T14:59:29.951+0000] {processor.py:161} INFO - Started process (PID=1758) to work on /opt/airflow/dags/dag_extraction.py
[2026-09-17T14:59:29.955+0000] {processor.py:830} INFO - Processing file /opt/airflow/dags/dag_extraction.py for tasks to queue
[2026-09-17T14:59:29.958+0000] {logging_mixin.py:188} INFO - [2026-09-17T14:59:29.957+0000] {dagbag.py:545} INFO - Filling up the DagBag from /opt/airflow/dags/dag_extraction.py
[2026-09-17T14:59:30.055+0000] {processor.py:840} INFO - DAG(s) 'youtube_extraction' retrieved from /opt/airflow/dags/dag_extraction.py
[2026-09-17T14:59:30.082+0000] {logging_mixin.py:188} INFO - [2026-09-17T14:59:30.082+0000] {dag.py:3096} INFO - Sync 1 DAGs
[2026-09-17T14:59:30.111+0000] {logging_mixin.py:188} INFO - [2026-09-17T14:59:30.111+0000] {dag.py:3954} INFO - Setting next_dagrun for youtube_extraction to 2026-09-17 00:00:00+00:00, run_after=2026-09-18 00:00:00+00:00
[2026-09-17T14:59:30.134+0000] {processor.py:183} INFO - Processing /opt/airflow/dags/dag_extraction.py took 0.200 seconds
[2026-09-17T15:00:00.398+0000] {processor.py:161} INFO - Started process (PID=1766) to work on /opt/airflow/dags/dag_extraction.py
[2026-09-17T15:00:00.400+0000] {processor.py:830} INFO - Processing file /opt/airflow/dags/dag_extraction.py for tasks to queue
[2026-09-17T15:00:00.402+0000] {logging_mixin.py:188} INFO - [2026-09-17T15:00:00.402+0000] {dagbag.py:545} INFO - Filling up the DagBag from /opt/airflow/dags/dag_extraction.py
[2026-09-17T15:00:00.517+0000] {processor.py:840} INFO - DAG(s) 'youtube_extraction' retrieved from /opt/airflow/dags/dag_extraction.py
[2026-09-17T15:00:00.550+0000] {logging_mixin.py:188} INFO - [2026-09-17T15:00:00.550+0000] {dag.py:3096} INFO - Sync 1 DAGs
[2026-09-17T15:00:00.581+0000] {logging_mixin.py:188} INFO - [2026-09-17T15:00:00.581+0000] {dag.py:3954} INFO - Setting next_dagrun for youtube_extraction to 2026-09-17 00:00:00+00:00, run_after=2026-09-18 00:00:00+00:00
[2026-09-17T15:00:00.608+0000] {processor.py:183} INFO - Processing /opt/airflow/dags/dag_extraction.py took 0.223 seconds
[2026-09-17T15:00:30.827+0000] {processor.py:161} INFO - Started process (PID=1774) to work on /opt/airflow/dags/dag_extraction.py
[2026-09-17T15:00:30.831+0000] {processor.py:830} INFO - Processing file /opt/airflow/dags/dag_extraction.py for tasks to queue
[2026-09-17T15:00:30.836+0000] {logging_mixin.py:188} INFO - [2026-09-17T15:00:30.835+0000] {dagbag.py:545} INFO - Filling up the DagBag from /opt/airflow/dags/dag_extraction.py
[2026-09-17T15:00:30.943+0000] {processor.py:840} INFO - DAG(s) 'youtube_extraction' retrieved from /opt/airflow/dags/dag_extraction.py
[2026-09-17T15:00:30.983+0000] {logging_mixin.py:188} INFO - [2026-09-17T15:00:30.982+0000] {dag.py:3096} INFO - Sync 1 DAGs
[2026-09-17T15:00:31.019+0000] {logging_mixin.py:188} INFO - [2026-09-17T15:00:31.019+0000] {dag.py:3954} INFO - Setting next_dagrun for youtube_extraction to 2026-09-17 00:00:00+00:00, run_after=2026-09-18 00:00:00+00:00
[2026-09-17T15:00:31.045+0000] {processor.py:183} INFO - Processing /opt/airflow/dags/dag_extraction.py took 0.226 seconds
[2026-09-17T15:01:01.382+0000] {processor.py:161} INFO - Started process (PID=1782) to work on /opt/airflow/dags/dag_extraction.py
[2026-09-17T15:01:01.387+0000] {processor.py:830} INFO - Processing file /opt/airflow/dags/dag_extraction.py for tasks to queue
[2026-09-17T15:01:01.389+0000] {logging_mixin.py:188} INFO - [2026-09-17T15:01:01.389+0000] {dagbag.py:545} INFO - Filling up the DagBag from /opt/airflow/dags/dag_extraction.py
[2026-09-17T15:01:01.478+0000] {processor.py:840} INFO - DAG(s) 'youtube_extraction' retrieved from /opt/airflow/dags/dag_extraction.py
[2026-09-17T15:01:01.506+0000] {logging_mixin.py:188} INFO - [2026-09-17T15:01:01.506+0000] {dag.py:3096} INFO - Sync 1 DAGs
[2026-09-17T15:01:01.534+0000] {logging_mixin.py:188} INFO - [2026-09-17T15:01:01.533+0000] {dag.py:3954} INFO - Setting next_dagrun for youtube_extraction to 2026-09-17 00:00:00+00:00, run_after=2026-09-18 00:00:00+00:00
[2026-09-17T15:01:01.561+0000] {processor.py:183} INFO - Processing /opt/airflow/dags/dag_extraction.py took 0.187 seconds
[2026-09-17T15:01:31.835+0000] {processor.py:161} INFO - Started process (PID=1790) to work on /opt/airflow/dags/dag_extraction.py
[2026-09-17T15:01:31.838+0000] {processor.py:830} INFO - Processing file /opt/airflow/dags/dag_extraction.py for tasks to queue
[2026-09-17T15:01:31.841+0000] {logging_mixin.py:188} INFO - [2026-09-17T15:01:31.840+0000] {dagbag.py:545} INFO - Filling up the DagBag from /opt/airflow/dags/dag_extraction.py
[2026-09-17T15:01:31.953+0000] {processor.py:840} INFO - DAG(s) 'youtube_extraction' retrieved from /opt/airflow/dags/dag_extraction.py
[2026-09-17T15:01:31.980+0000] {logging_mixin.py:188} INFO - [2026-09-17T15:01:31.979+0000] {dag.py:3096} INFO - Sync 1 DAGs
[2026-09-17T15:01:32.002+0000] {logging_mixin.py:188} INFO - [2026-09-17T15:01:32.002+0000] {dag.py:3954} INFO - Setting next_dagrun for youtube_extraction to 2026-09-17 00:00:00+00:00, run_after=2026-09-18 00:00:00+00:00
[2026-09-17T15:01:32.029+0000] {processor.py:183} INFO - Processing /opt/airflow/dags/dag_extraction.py took 0.204 seconds
[2026-09-17T15:02:02.257+0000] {processor.py:161} INFO - Started process (PID=1798) to work on /opt/airflow/dags/dag_extraction.py
[2026-09-17T15:02:02.262+0000] {processor.py:830} INFO - Processing file /opt/airflow/dags/dag_extraction.py for tasks to queue
[2026-09-17T15:02:02.265+0000] {logging_mixin.py:188} INFO - [2026-09-17T15:02:02.264+0000] {dagbag.py:545} INFO - Filling up the DagBag from /opt/airflow/dags/dag_extraction.py
[2026-09-17T15:02:02.372+0000] {processor.py:840} INFO - DAG(s) 'youtube_extraction' retrieved from /opt/airflow/dags/dag_extraction.py
[2026-09-17T15:02:02.404+0000] {logging_mixin.py:188} INFO - [2026-09-17T15:02:02.404+0000] {dag.py:3096} INFO - Sync 1 DAGs
[2026-09-17T15:02:02.432+0000] {logging_mixin.py:188} INFO - [2026-09-17T15:02:02.432+0000] {dag.py:3954} INFO - Setting next_dagrun for youtube_extraction to 2026-09-17 00:00:00+00:00, run_after=2026-09-18 00:00:00+00:00
[2026-09-17T15:02:02.455+0000] {processor.py:183} INFO - Processing /opt/airflow/dags/dag_extraction.py took 0.205 seconds
[2026-09-17T15:02:32.728+0000] {processor.py:161} INFO - Started process (PID=1806) to work on /opt/airflow/dags/dag_extraction.py
[2026-09-17T15:02:32.731+0000] {processor.py:830} INFO - Processing file /opt/airflow/dags/dag_extraction.py for tasks to queue
[2026-09-17T15:02:32.734+0000] {logging_mixin.py:188} INFO - [2026-09-17T15:02:32.733+0000] {dagbag.py:545} INFO - Filling up the DagBag from /opt/airflow/dags/dag_extraction.py
[2026-09-17T15:02:32.832+0000] {processor.py:840} INFO - DAG(s) 'youtube_extraction' retrieved from /opt/airflow/dags/dag_extraction.py
[2026-09-17T15:02:32.858+0000] {logging_mixin.py:188} INFO - [2026-09-17T15:02:32.857+0000] {dag.py:3096} INFO - Sync 1 DAGs
[2026-09-17T15:02:32.885+0000] {logging_mixin.py:188} INFO - [2026-09-17T15:02:32.885+0000] {dag.py:3954} INFO - Setting next_dagrun for youtube_extraction to 2026-09-17 00:00:00+00:00, run_after=2026-09-18 00:00:00+00:00
[2026-09-17T15:02:32.907+0000] {processor.py:183} INFO - Processing /opt/airflow/dags/dag_extraction.py took 0.189 seconds
[2026-09-17T15:03:03.216+0000] {processor.py:161} INFO - Started process (PID=1814) to work on /opt/airflow/dags/dag_extraction.py
[2026-09-17T15:03:03.220+0000] {processor.py:830} INFO - Processing file /opt/airflow/dags/dag_extraction.py for tasks to queue
[2026-09-17T15:03:03.224+0000] {logging_mixin.py:188} INFO - [2026-09-17T15:03:03.223+0000] {dagbag.py:545} INFO - Filling up the DagBag from /opt/airflow/dags/dag_extraction.py
[2026-09-17T15:03:03.329+0000] {processor.py:840} INFO - DAG(s) 'youtube_extraction' retrieved from /opt/airflow/dags/dag_extraction.py
[2026-09-17T15:03:03.356+0000] {logging_mixin.py:188} INFO - [2026-09-17T15:03:03.356+0000] {dag.py:3096} INFO - Sync 1 DAGs
[2026-09-17T15:03:03.386+0000] {logging_mixin.py:188} INFO - [2026-09-17T15:03:03.385+0000] {dag.py:3954} INFO - Setting next_dagrun for youtube_extraction to 2026-09-17 00:00:00+00:00, run_after=2026-09-18 00:00:00+00:00
[2026-09-17T15:03:03.410+0000] {processor.py:183} INFO - Processing /opt/airflow/dags/dag_extraction.py took 0.202 seconds
[2026-09-17T15:03:33.668+0000] {processor.py:161} INFO - Started process (PID=1822) to work on /opt/airflow/dags/dag_extraction.py
[2026-09-17T15:03:33.671+0000] {processor.py:830} INFO - Processing file /opt/airflow/dags/dag_extraction.py for tasks to queue
[2026-09-17T15:03:33.672+0000] {logging_mixin.py:188} INFO - [2026-09-17T15:03:33.672+0000] {dagbag.py:545} INFO - Filling up the DagBag from /opt/airflow/dags/dag_extraction.py
[2026-09-17T15:03:33.761+0000] {processor.py:840} INFO - DAG(s) 'youtube_extraction' retrieved from /opt/airflow/dags/dag_extraction.py
[2026-09-17T15:03:33.787+0000] {logging_mixin.py:188} INFO - [2026-09-17T15:03:33.786+0000] {dag.py:3096} INFO - Sync 1 DAGs
[2026-09-17T15:03:33.809+0000] {logging_mixin.py:188} INFO - [2026-09-17T15:03:33.809+0000] {dag.py:3954} INFO - Setting next_dagrun for youtube_extraction to 2026-09-17 00:00:00+00:00, run_after=2026-09-18 00:00:00+00:00
[2026-09-17T15:03:33.830+0000] {processor.py:183} INFO - Processing /opt/airflow/dags/dag_extraction.py took 0.169 seconds
[2026-09-17T15:04:04.095+0000] {processor.py:161} INFO - Started process (PID=1830) to work on /opt/airflow/dags/dag_extraction.py
[2026-09-17T15:04:04.099+0000] {processor.py:830} INFO - Processing file /opt/airflow/dags/dag_extraction.py for tasks to queue
[2026-09-17T15:04:04.101+0000] {logging_mixin.py:188} INFO - [2026-09-17T15:04:04.100+0000] {dagbag.py:545} INFO - Filling up the DagBag from /opt/airflow/dags/dag_extraction.py
[2026-09-17T15:04:04.175+0000] {processor.py:840} INFO - DAG(s) 'youtube_extraction' retrieved from /opt/airflow/dags/dag_extraction.py
[2026-09-17T15:04:04.199+0000] {logging_mixin.py:188} INFO - [2026-09-17T15:04:04.198+0000] {dag.py:3096} INFO - Sync 1 DAGs
[2026-09-17T15:04:04.222+0000] {logging_mixin.py:188} INFO - [2026-09-17T15:04:04.222+0000] {dag.py:3954} INFO - Setting next_dagrun for youtube_extraction to 2026-09-17 00:00:00+00:00, run_after=2026-09-18 00:00:00+00:00
[2026-09-17T15:04:04.242+0000] {processor.py:183} INFO - Processing /opt/airflow/dags/dag_extraction.py took 0.154 seconds
[2026-09-17T15:04:34.555+0000] {processor.py:161} INFO - Started process (PID=1838) to work on /opt/airflow/dags/dag_extraction.py
[2026-09-17T15:04:34.557+0000] {processor.py:830} INFO - Processing file /opt/airflow/dags/dag_extraction.py for tasks to queue
[2026-09-17T15:04:34.558+0000] {logging_mixin.py:188} INFO - [2026-09-17T15:04:34.558+0000] {dagbag.py:545} INFO - Filling up the DagBag from /opt/airflow/dags/dag_extraction.py
[2026-09-17T15:04:34.657+0000] {processor.py:840} INFO - DAG(s) 'youtube_extraction' retrieved from /opt/airflow/dags/dag_extraction.py
[2026-09-17T15:04:34.680+0000] {logging_mixin.py:188} INFO - [2026-09-17T15:04:34.679+0000] {dag.py:3096} INFO - Sync 1 DAGs
[2026-09-17T15:04:34.707+0000] {logging_mixin.py:188} INFO - [2026-09-17T15:04:34.707+0000] {dag.py:3954} INFO - Setting next_dagrun for youtube_extraction to 2026-09-17 00:00:00+00:00, run_after=2026-09-18 00:00:00+00:00
[2026-09-17T15:04:34.732+0000] {processor.py:183} INFO - Processing /opt/airflow/dags/dag_extraction.py took 0.185 seconds
[2026-09-17T15:05:05.062+0000] {processor.py:161} INFO - Started process (PID=1846) to work on /opt/airflow/dags/dag_extraction.py
[2026-09-17T15:05:05.065+0000] {processor.py:830} INFO - Processing file /opt/airflow/dags/dag_extraction.py for tasks to queue
[2026-09-17T15:05:05.068+0000] {logging_mixin.py:188} INFO - [2026-09-17T15:05:05.067+0000] {dagbag.py:545} INFO - Filling up the DagBag from /opt/airflow/dags/dag_extraction.py
[2026-09-17T15:05:05.160+0000] {processor.py:840} INFO - DAG(s) 'youtube_extraction' retrieved from /opt/airflow/dags/dag_extraction.py
[2026-09-17T15:05:05.185+0000] {logging_mixin.py:188} INFO - [2026-09-17T15:05:05.185+0000] {dag.py:3096} INFO - Sync 1 DAGs
[2026-09-17T15:05:05.215+0000] {logging_mixin.py:188} INFO - [2026-09-17T15:05:05.215+0000] {dag.py:3954} INFO - Setting next_dagrun for youtube_extraction to 2026-09-17 00:00:00+00:00, run_after=2026-09-18 00:00:00+00:00
[2026-09-17T15:05:05.244+0000] {processor.py:183} INFO - Processing /opt/airflow/dags/dag_extraction.py took 0.203 seconds
[2026-09-17T15:05:35.501+0000] {processor.py:161} INFO - Started process (PID=1854) to work on /opt/airflow/dags/dag_extraction.py
[2026-09-17T15:05:35.503+0000] {processor.py:830} INFO - Processing file /opt/airflow/dags/dag_extraction.py for tasks to queue
[2026-09-17T15:05:35.504+0000] {logging_mixin.py:188} INFO - [2026-09-17T15:05:35.504+0000] {dagbag.py:545} INFO - Filling up the DagBag from /opt/airflow/dags/dag_extraction.py
[2026-09-17T15:05:35.576+0000] {processor.py:840} INFO - DAG(s) 'youtube_extraction' retrieved from /opt/airflow/dags/dag_extraction.py
[2026-09-17T15:05:35.597+0000] {logging_mixin.py:188} INFO - [2026-09-17T15:05:35.597+0000] {dag.py:3096} INFO - Sync 1 DAGs
[2026-09-17T15:05:35.622+0000] {logging_mixin.py:188} INFO - [2026-09-17T15:05:35.621+0000] {dag.py:3954} INFO - Setting next_dagrun for youtube_extraction to 2026-09-17 00:00:00+00:00, run_after=2026-09-18 00:00:00+00:00
[2026-09-17T15:05:35.640+0000] {processor.py:183} INFO - Processing /opt/airflow/dags/dag_extraction.py took 0.146 seconds
[2026-09-17T15:06:05.934+0000] {processor.py:161} INFO - Started process (PID=1862) to work on /opt/airflow/dags/dag_extraction.py
[2026-09-17T15:06:05.936+0000] {processor.py:830} INFO - Processing file /opt/airflow/dags/dag_extraction.py for tasks to queue
[2026-09-17T15:06:05.939+0000] {logging_mixin.py:188} INFO - [2026-09-17T15:06:05.938+0000] {dagbag.py:545} INFO - Filling up the DagBag from /opt/airflow/dags/dag_extraction.py
[2026-09-17T15:06:06.039+0000] {processor.py:840} INFO - DAG(s) 'youtube_extraction' retrieved from /opt/airflow/dags/dag_extraction.py
[2026-09-17T15:06:06.067+0000] {logging_mixin.py:188} INFO - [2026-09-17T15:06:06.066+0000] {dag.py:3096} INFO - Sync 1 DAGs
[2026-09-17T15:06:06.094+0000] {logging_mixin.py:188} INFO - [2026-09-17T15:06:06.093+0000] {dag.py:3954} INFO - Setting next_dagrun for youtube_extraction to 2026-09-17 00:00:00+00:00, run_after=2026-09-18 00:00:00+00:00
[2026-09-17T15:06:06.116+0000] {processor.py:183} INFO - Processing /opt/airflow/dags/dag_extraction.py took 0.191 seconds
[2026-09-17T15:06:36.443+0000] {processor.py:161} INFO - Started process (PID=1870) to work on /opt/airflow/dags/dag_extraction.py
[2026-09-17T15:06:36.446+0000] {processor.py:830} INFO - Processing file /opt/airflow/dags/dag_extraction.py for tasks to queue
[2026-09-17T15:06:36.449+0000] {logging_mixin.py:188} INFO - [2026-09-17T15:06:36.448+0000] {dagbag.py:545} INFO - Filling up the DagBag from /opt/airflow/dags/dag_extraction.py
[2026-09-17T15:06:36.548+0000] {processor.py:840} INFO - DAG(s) 'youtube_extraction' retrieved from /opt/airflow/dags/dag_extraction.py
[2026-09-17T15:06:36.574+0000] {logging_mixin.py:188} INFO - [2026-09-17T15:06:36.574+0000] {dag.py:3096} INFO - Sync 1 DAGs
[2026-09-17T15:06:36.598+0000] {logging_mixin.py:188} INFO - [2026-09-17T15:06:36.598+0000] {dag.py:3954} INFO - Setting next_dagrun for youtube_extraction to 2026-09-17 00:00:00+00:00, run_after=2026-09-18 00:00:00+00:00
[2026-09-17T15:06:36.623+0000] {processor.py:183} INFO - Processing /opt/airflow/dags/dag_extraction.py took 0.189 seconds
[2026-09-17T15:07:06.955+0000] {processor.py:161} INFO - Started process (PID=1878) to work on /opt/airflow/dags/dag_extraction.py
[2026-09-17T15:07:06.957+0000] {processor.py:830} INFO - Processing file /opt/airflow/dags/dag_extraction.py for tasks to queue
[2026-09-17T15:07:06.960+0000] {logging_mixin.py:188} INFO - [2026-09-17T15:07:06.960+0000] {dagbag.py:545} INFO - Filling up the DagBag from /opt/airflow/dags/dag_extraction.py
[2026-09-17T15:07:07.051+0000] {processor.py:840} INFO - DAG(s) 'youtube_extraction' retrieved from /opt/airflow/dags/dag_extraction.py
[2026-09-17T15:07:07.077+0000] {logging_mixin.py:188} INFO - [2026-09-17T15:07:07.077+0000] {dag.py:3096} INFO - Sync 1 DAGs
[2026-09-17T15:07:07.114+0000] {logging_mixin.py:188} INFO - [2026-09-17T15:07:07.114+0000] {dag.py:3954} INFO - Setting next_dagrun for youtube_extraction to 2026-09-17 00:00:00+00:00, run_after=2026-09-18 00:00:00+00:00
[2026-09-17T15:07:07.141+0000] {processor.py:183} INFO - Processing /opt/airflow/dags/dag_extraction.py took 0.194 seconds
[2026-09-17T15:07:37.439+0000] {processor.py:161} INFO - Started process (PID=1886) to work on /opt/airflow/dags/dag_extraction.py
[2026-09-17T15:07:37.441+0000] {processor.py:830} INFO - Processing file /opt/airflow/dags/dag_extraction.py for tasks to queue
[2026-09-17T15:07:37.443+0000] {logging_mixin.py:188} INFO - [2026-09-17T15:07:37.442+0000] {dagbag.py:545} INFO - Filling up the DagBag from /opt/airflow/dags/dag_extraction.py
[2026-09-17T15:07:37.515+0000] {processor.py:840} INFO - DAG(s) 'youtube_extraction' retrieved from /opt/airflow/dags/dag_extraction.py
[2026-09-17T15:07:37.539+0000] {logging_mixin.py:188} INFO - [2026-09-17T15:07:37.537+0000] {dag.py:3096} INFO - Sync 1 DAGs
[2026-09-17T15:07:37.562+0000] {logging_mixin.py:188} INFO - [2026-09-17T15:07:37.562+0000] {dag.py:3954} INFO - Setting next_dagrun for youtube_extraction to 2026-09-17 00:00:00+00:00, run_after=2026-09-18 00:00:00+00:00
[2026-09-17T15:07:37.583+0000] {processor.py:183} INFO - Processing /opt/airflow/dags/dag_extraction.py took 0.150 seconds
[2026-09-17T15:08:07.913+0000] {processor.py:161} INFO - Started process (PID=1894) to work on /opt/airflow/dags/dag_extraction.py
[2026-09-17T15:08:07.919+0000] {processor.py:830} INFO - Processing file /opt/airflow/dags/dag_extraction.py for tasks to queue
[2026-09-17T15:08:07.921+0000] {logging_mixin.py:188} INFO - [2026-09-17T15:08:07.921+0000] {dagbag.py:545} INFO - Filling up the DagBag from /opt/airflow/dags/dag_extraction.py
[2026-09-17T15:08:08.022+0000] {processor.py:840} INFO - DAG(s) 'youtube_extraction' retrieved from /opt/airflow/dags/dag_extraction.py
[2026-09-17T15:08:08.047+0000] {logging_mixin.py:188} INFO - [2026-09-17T15:08:08.046+0000] {dag.py:3096} INFO - Sync 1 DAGs
[2026-09-17T15:08:08.072+0000] {logging_mixin.py:188} INFO - [2026-09-17T15:08:08.072+0000] {dag.py:3954} INFO - Setting next_dagrun for youtube_extraction to 2026-09-17 00:00:00+00:00, run_after=2026-09-18 00:00:00+00:00
[2026-09-17T15:08:08.094+0000] {processor.py:183} INFO - Processing /opt/airflow/dags/dag_extraction.py took 0.189 seconds
[2026-09-17T15:08:38.450+0000] {processor.py:161} INFO - Started process (PID=1902) to work on /opt/airflow/dags/dag_extraction.py
[2026-09-17T15:08:38.454+0000] {processor.py:830} INFO - Processing file /opt/airflow/dags/dag_extraction.py for tasks to queue
[2026-09-17T15:08:38.460+0000] {logging_mixin.py:188} INFO - [2026-09-17T15:08:38.459+0000] {dagbag.py:545} INFO - Filling up the DagBag from /opt/airflow/dags/dag_extraction.py
[2026-09-17T15:08:38.567+0000] {processor.py:840} INFO - DAG(s) 'youtube_extraction' retrieved from /opt/airflow/dags/dag_extraction.py
[2026-09-17T15:08:38.600+0000] {logging_mixin.py:188} INFO - [2026-09-17T15:08:38.600+0000] {dag.py:3096} INFO - Sync 1 DAGs
[2026-09-17T15:08:38.631+0000] {logging_mixin.py:188} INFO - [2026-09-17T15:08:38.631+0000] {dag.py:3954} INFO - Setting next_dagrun for youtube_extraction to 2026-09-17 00:00:00+00:00, run_after=2026-09-18 00:00:00+00:00
[2026-09-17T15:08:38.654+0000] {processor.py:183} INFO - Processing /opt/airflow/dags/dag_extraction.py took 0.218 seconds
[2026-09-17T15:09:08.933+0000] {processor.py:161} INFO - Started process (PID=1910) to work on /opt/airflow/dags/dag_extraction.py
[2026-09-17T15:09:08.935+0000] {processor.py:830} INFO - Processing file /opt/airflow/dags/dag_extraction.py for tasks to queue
[2026-09-17T15:09:08.938+0000] {logging_mixin.py:188} INFO - [2026-09-17T15:09:08.937+0000] {dagbag.py:545} INFO - Filling up the DagBag from /opt/airflow/dags/dag_extraction.py
[2026-09-17T15:09:09.020+0000] {processor.py:840} INFO - DAG(s) 'youtube_extraction' retrieved from /opt/airflow/dags/dag_extraction.py
[2026-09-17T15:09:09.045+0000] {logging_mixin.py:188} INFO - [2026-09-17T15:09:09.044+0000] {dag.py:3096} INFO - Sync 1 DAGs
[2026-09-17T15:09:09.076+0000] {logging_mixin.py:188} INFO - [2026-09-17T15:09:09.075+0000] {dag.py:3954} INFO - Setting next_dagrun for youtube_extraction to 2026-09-17 00:00:00+00:00, run_after=2026-09-18 00:00:00+00:00
[2026-09-17T15:09:09.106+0000] {processor.py:183} INFO - Processing /opt/airflow/dags/dag_extraction.py took 0.181 seconds
[2026-09-17T15:09:39.369+0000] {processor.py:161} INFO - Started process (PID=1918) to work on /opt/airflow/dags/dag_extraction.py
[2026-09-17T15:09:39.371+0000] {processor.py:830} INFO - Processing file /opt/airflow/dags/dag_extraction.py for tasks to queue
[2026-09-17T15:09:39.373+0000] {logging_mixin.py:188} INFO - [2026-09-17T15:09:39.373+0000] {dagbag.py:545} INFO - Filling up the DagBag from /opt/airflow/dags/dag_extraction.py
[2026-09-17T15:09:39.413+0000] {logging_mixin.py:188} INFO - [2026-09-17T15:09:39.409+0000] {dagbag.py:355} ERROR - Failed to import: /opt/airflow/dags/dag_extraction.py
Traceback (most recent call last):
  File "/home/airflow/.local/lib/python3.10/site-packages/airflow/models/dagbag.py", line 351, in parse
    loader.exec_module(new_module)
  File "<frozen importlib._bootstrap_external>", line 883, in exec_module
  File "<frozen importlib._bootstrap>", line 241, in _call_with_frames_removed
  File "/opt/airflow/dags/dag_extraction.py", line 4, in <module>
    from scripts.extraction import extract_youtube_data
ImportError: cannot import name 'extract_youtube_data' from 'scripts.extraction' (/opt/airflow/scripts/extraction.py)
[2026-09-17T15:09:39.417+0000] {processor.py:842} WARNING - No viable dags retrieved from /opt/airflow/dags/dag_extraction.py
[2026-09-17T15:09:39.443+0000] {processor.py:183} INFO - Processing /opt/airflow/dags/dag_extraction.py took 0.084 seconds
[2026-09-17T15:09:55.645+0000] {processor.py:161} INFO - Started process (PID=1925) to work on /opt/airflow/dags/dag_extraction.py
[2026-09-17T15:09:55.650+0000] {processor.py:830} INFO - Processing file /opt/airflow/dags/dag_extraction.py for tasks to queue
[2026-09-17T15:09:55.655+0000] {logging_mixin.py:188} INFO - [2026-09-17T15:09:55.654+0000] {dagbag.py:545} INFO - Filling up the DagBag from /opt/airflow/dags/dag_extraction.py
[2026-09-17T15:09:55.714+0000] {logging_mixin.py:188} INFO - [2026-09-17T15:09:55.708+0000] {dagbag.py:355} ERROR - Failed to import: /opt/airflow/dags/dag_extraction.py
Traceback (most recent call last):
  File "/home/airflow/.local/lib/python3.10/site-packages/airflow/models/dagbag.py", line 351, in parse
    loader.exec_module(new_module)
  File "<frozen importlib._bootstrap_external>", line 883, in exec_module
  File "<frozen importlib._bootstrap>", line 241, in _call_with_frames_removed
  File "/opt/airflow/dags/dag_extraction.py", line 4, in <module>
    from scripts.extraction import extract_youtube_data
ImportError: cannot import name 'extract_youtube_data' from 'scripts.extraction' (/opt/airflow/scripts/extraction.py)
[2026-09-17T15:09:55.717+0000] {processor.py:842} WARNING - No viable dags retrieved from /opt/airflow/dags/dag_extraction.py
[2026-09-17T15:09:55.743+0000] {processor.py:183} INFO - Processing /opt/airflow/dags/dag_extraction.py took 0.110 seconds
[2026-09-17T15:09:58.685+0000] {processor.py:161} INFO - Started process (PID=1926) to work on /opt/airflow/dags/dag_extraction.py
[2026-09-17T15:09:58.687+0000] {processor.py:830} INFO - Processing file /opt/airflow/dags/dag_extraction.py for tasks to queue
[2026-09-17T15:09:58.689+0000] {logging_mixin.py:188} INFO - [2026-09-17T15:09:58.689+0000] {dagbag.py:545} INFO - Filling up the DagBag from /opt/airflow/dags/dag_extraction.py
[2026-09-17T15:09:58.731+0000] {logging_mixin.py:188} INFO - [2026-09-17T15:09:58.728+0000] {dagbag.py:355} ERROR - Failed to import: /opt/airflow/dags/dag_extraction.py
Traceback (most recent call last):
  File "/home/airflow/.local/lib/python3.10/site-packages/airflow/models/dagbag.py", line 351, in parse
    loader.exec_module(new_module)
  File "<frozen importlib._bootstrap_external>", line 883, in exec_module
  File "<frozen importlib._bootstrap>", line 241, in _call_with_frames_removed
  File "/opt/airflow/dags/dag_extraction.py", line 4, in <module>
    from scripts.extraction import extract_youtube_data
ImportError: cannot import name 'extract_youtube_data' from 'scripts.extraction' (/opt/airflow/scripts/extraction.py)
[2026-09-17T15:09:58.734+0000] {processor.py:842} WARNING - No viable dags retrieved from /opt/airflow/dags/dag_extraction.py
[2026-09-17T15:09:58.757+0000] {processor.py:183} INFO - Processing /opt/airflow/dags/dag_extraction.py took 0.080 seconds
[2026-09-17T15:10:01.729+0000] {processor.py:161} INFO - Started process (PID=1927) to work on /opt/airflow/dags/dag_extraction.py
[2026-09-17T15:10:01.732+0000] {processor.py:830} INFO - Processing file /opt/airflow/dags/dag_extraction.py for tasks to queue
[2026-09-17T15:10:01.735+0000] {logging_mixin.py:188} INFO - [2026-09-17T15:10:01.735+0000] {dagbag.py:545} INFO - Filling up the DagBag from /opt/airflow/dags/dag_extraction.py
[2026-09-17T15:10:01.778+0000] {logging_mixin.py:188} INFO - [2026-09-17T15:10:01.774+0000] {dagbag.py:355} ERROR - Failed to import: /opt/airflow/dags/dag_extraction.py
Traceback (most recent call last):
  File "/home/airflow/.local/lib/python3.10/site-packages/airflow/models/dagbag.py", line 351, in parse
    loader.exec_module(new_module)
  File "<frozen importlib._bootstrap_external>", line 883, in exec_module
  File "<frozen importlib._bootstrap>", line 241, in _call_with_frames_removed
  File "/opt/airflow/dags/dag_extraction.py", line 4, in <module>
    from scripts.extraction import extract_youtube_data
ImportError: cannot import name 'extract_youtube_data' from 'scripts.extraction' (/opt/airflow/scripts/extraction.py)
[2026-09-17T15:10:01.781+0000] {processor.py:842} WARNING - No viable dags retrieved from /opt/airflow/dags/dag_extraction.py
[2026-09-17T15:10:01.808+0000] {processor.py:183} INFO - Processing /opt/airflow/dags/dag_extraction.py took 0.090 seconds
[2026-09-17T15:10:03.837+0000] {processor.py:161} INFO - Started process (PID=1928) to work on /opt/airflow/dags/dag_extraction.py
[2026-09-17T15:10:03.838+0000] {processor.py:830} INFO - Processing file /opt/airflow/dags/dag_extraction.py for tasks to queue
[2026-09-17T15:10:03.840+0000] {logging_mixin.py:188} INFO - [2026-09-17T15:10:03.840+0000] {dagbag.py:545} INFO - Filling up the DagBag from /opt/airflow/dags/dag_extraction.py
[2026-09-17T15:10:03.867+0000] {logging_mixin.py:188} INFO - [2026-09-17T15:10:03.864+0000] {dagbag.py:355} ERROR - Failed to import: /opt/airflow/dags/dag_extraction.py
Traceback (most recent call last):
  File "/home/airflow/.local/lib/python3.10/site-packages/airflow/models/dagbag.py", line 351, in parse
    loader.exec_module(new_module)
  File "<frozen importlib._bootstrap_external>", line 883, in exec_module
  File "<frozen importlib._bootstrap>", line 241, in _call_with_frames_removed
  File "/opt/airflow/dags/dag_extraction.py", line 4, in <module>
    from scripts.extraction import extract_youtube_data
ImportError: cannot import name 'extract_youtube_data' from 'scripts.extraction' (/opt/airflow/scripts/extraction.py)
[2026-09-17T15:10:03.869+0000] {processor.py:842} WARNING - No viable dags retrieved from /opt/airflow/dags/dag_extraction.py
[2026-09-17T15:10:03.888+0000] {processor.py:183} INFO - Processing /opt/airflow/dags/dag_extraction.py took 0.059 seconds
[2026-09-17T15:10:19.057+0000] {processor.py:161} INFO - Started process (PID=1936) to work on /opt/airflow/dags/dag_extraction.py
[2026-09-17T15:10:19.059+0000] {processor.py:830} INFO - Processing file /opt/airflow/dags/dag_extraction.py for tasks to queue
[2026-09-17T15:10:19.061+0000] {logging_mixin.py:188} INFO - [2026-09-17T15:10:19.061+0000] {dagbag.py:545} INFO - Filling up the DagBag from /opt/airflow/dags/dag_extraction.py
[2026-09-17T15:10:19.098+0000] {logging_mixin.py:188} INFO - [2026-09-17T15:10:19.093+0000] {dagbag.py:355} ERROR - Failed to import: /opt/airflow/dags/dag_extraction.py
Traceback (most recent call last):
  File "/home/airflow/.local/lib/python3.10/site-packages/airflow/models/dagbag.py", line 351, in parse
    loader.exec_module(new_module)
  File "<frozen importlib._bootstrap_external>", line 883, in exec_module
  File "<frozen importlib._bootstrap>", line 241, in _call_with_frames_removed
  File "/opt/airflow/dags/dag_extraction.py", line 4, in <module>
    from scripts.extraction import extract_youtube_data
ImportError: cannot import name 'extract_youtube_data' from 'scripts.extraction' (/opt/airflow/scripts/extraction.py)
[2026-09-17T15:10:19.101+0000] {processor.py:842} WARNING - No viable dags retrieved from /opt/airflow/dags/dag_extraction.py
[2026-09-17T15:10:19.120+0000] {processor.py:183} INFO - Processing /opt/airflow/dags/dag_extraction.py took 0.072 seconds
[2026-09-17T15:10:21.154+0000] {processor.py:161} INFO - Started process (PID=1937) to work on /opt/airflow/dags/dag_extraction.py
[2026-09-17T15:10:21.156+0000] {processor.py:830} INFO - Processing file /opt/airflow/dags/dag_extraction.py for tasks to queue
[2026-09-17T15:10:21.158+0000] {logging_mixin.py:188} INFO - [2026-09-17T15:10:21.157+0000] {dagbag.py:545} INFO - Filling up the DagBag from /opt/airflow/dags/dag_extraction.py
[2026-09-17T15:10:21.193+0000] {logging_mixin.py:188} INFO - [2026-09-17T15:10:21.190+0000] {dagbag.py:355} ERROR - Failed to import: /opt/airflow/dags/dag_extraction.py
Traceback (most recent call last):
  File "/home/airflow/.local/lib/python3.10/site-packages/airflow/models/dagbag.py", line 351, in parse
    loader.exec_module(new_module)
  File "<frozen importlib._bootstrap_external>", line 883, in exec_module
  File "<frozen importlib._bootstrap>", line 241, in _call_with_frames_removed
  File "/opt/airflow/dags/dag_extraction.py", line 4, in <module>
    from scripts.extraction import extract_youtube_data
ImportError: cannot import name 'extract_youtube_data' from 'scripts.extraction' (/opt/airflow/scripts/extraction.py)
[2026-09-17T15:10:21.195+0000] {processor.py:842} WARNING - No viable dags retrieved from /opt/airflow/dags/dag_extraction.py
[2026-09-17T15:10:21.214+0000] {processor.py:183} INFO - Processing /opt/airflow/dags/dag_extraction.py took 0.066 seconds
[2026-09-17T15:10:34.282+0000] {processor.py:161} INFO - Started process (PID=1938) to work on /opt/airflow/dags/dag_extraction.py
[2026-09-17T15:10:34.284+0000] {processor.py:830} INFO - Processing file /opt/airflow/dags/dag_extraction.py for tasks to queue
[2026-09-17T15:10:34.285+0000] {logging_mixin.py:188} INFO - [2026-09-17T15:10:34.285+0000] {dagbag.py:545} INFO - Filling up the DagBag from /opt/airflow/dags/dag_extraction.py
[2026-09-17T15:10:34.314+0000] {logging_mixin.py:188} INFO - [2026-09-17T15:10:34.311+0000] {dagbag.py:355} ERROR - Failed to import: /opt/airflow/dags/dag_extraction.py
Traceback (most recent call last):
  File "/home/airflow/.local/lib/python3.10/site-packages/airflow/models/dagbag.py", line 351, in parse
    loader.exec_module(new_module)
  File "<frozen importlib._bootstrap_external>", line 883, in exec_module
  File "<frozen importlib._bootstrap>", line 241, in _call_with_frames_removed
  File "/opt/airflow/dags/dag_extraction.py", line 4, in <module>
    from scripts.extraction import extract_youtube_data
ImportError: cannot import name 'extract_youtube_data' from 'scripts.extraction' (/opt/airflow/scripts/extraction.py)
[2026-09-17T15:10:34.315+0000] {processor.py:842} WARNING - No viable dags retrieved from /opt/airflow/dags/dag_extraction.py
[2026-09-17T15:10:34.340+0000] {processor.py:183} INFO - Processing /opt/airflow/dags/dag_extraction.py took 0.064 seconds
[2026-09-17T15:10:49.538+0000] {processor.py:161} INFO - Started process (PID=1946) to work on /opt/airflow/dags/dag_extraction.py
[2026-09-17T15:10:49.540+0000] {processor.py:830} INFO - Processing file /opt/airflow/dags/dag_extraction.py for tasks to queue
[2026-09-17T15:10:49.542+0000] {logging_mixin.py:188} INFO - [2026-09-17T15:10:49.542+0000] {dagbag.py:545} INFO - Filling up the DagBag from /opt/airflow/dags/dag_extraction.py
[2026-09-17T15:10:49.558+0000] {logging_mixin.py:188} INFO - [2026-09-17T15:10:49.557+0000] {dagbag.py:355} ERROR - Failed to import: /opt/airflow/dags/dag_extraction.py
Traceback (most recent call last):
  File "/home/airflow/.local/lib/python3.10/site-packages/airflow/models/dagbag.py", line 351, in parse
    loader.exec_module(new_module)
  File "<frozen importlib._bootstrap_external>", line 879, in exec_module
  File "<frozen importlib._bootstrap_external>", line 1017, in get_code
  File "<frozen importlib._bootstrap_external>", line 947, in source_to_code
  File "<frozen importlib._bootstrap>", line 241, in _call_with_frames_removed
  File "/opt/airflow/dags/dag_extraction.py", line 4
    from scripts.channel impro
                         ^^^^^
SyntaxError: invalid syntax
[2026-09-17T15:10:49.559+0000] {processor.py:842} WARNING - No viable dags retrieved from /opt/airflow/dags/dag_extraction.py
[2026-09-17T15:10:49.582+0000] {processor.py:183} INFO - Processing /opt/airflow/dags/dag_extraction.py took 0.050 seconds
[2026-09-17T15:10:51.597+0000] {processor.py:161} INFO - Started process (PID=1947) to work on /opt/airflow/dags/dag_extraction.py
[2026-09-17T15:10:51.600+0000] {processor.py:830} INFO - Processing file /opt/airflow/dags/dag_extraction.py for tasks to queue
[2026-09-17T15:10:51.602+0000] {logging_mixin.py:188} INFO - [2026-09-17T15:10:51.602+0000] {dagbag.py:545} INFO - Filling up the DagBag from /opt/airflow/dags/dag_extraction.py
[2026-09-17T15:10:51.621+0000] {logging_mixin.py:188} INFO - [2026-09-17T15:10:51.619+0000] {dagbag.py:355} ERROR - Failed to import: /opt/airflow/dags/dag_extraction.py
Traceback (most recent call last):
  File "/home/airflow/.local/lib/python3.10/site-packages/airflow/models/dagbag.py", line 351, in parse
    loader.exec_module(new_module)
  File "<frozen importlib._bootstrap_external>", line 879, in exec_module
  File "<frozen importlib._bootstrap_external>", line 1017, in get_code
  File "<frozen importlib._bootstrap_external>", line 947, in source_to_code
  File "<frozen importlib._bootstrap>", line 241, in _call_with_frames_removed
  File "/opt/airflow/dags/dag_extraction.py", line 4
    from scripts.channel import
                               ^
SyntaxError: invalid syntax
[2026-09-17T15:10:51.622+0000] {processor.py:842} WARNING - No viable dags retrieved from /opt/airflow/dags/dag_extraction.py
[2026-09-17T15:10:51.645+0000] {processor.py:183} INFO - Processing /opt/airflow/dags/dag_extraction.py took 0.054 seconds
[2026-09-17T15:10:53.689+0000] {processor.py:161} INFO - Started process (PID=1948) to work on /opt/airflow/dags/dag_extraction.py
[2026-09-17T15:10:53.691+0000] {processor.py:830} INFO - Processing file /opt/airflow/dags/dag_extraction.py for tasks to queue
[2026-09-17T15:10:53.692+0000] {logging_mixin.py:188} INFO - [2026-09-17T15:10:53.692+0000] {dagbag.py:545} INFO - Filling up the DagBag from /opt/airflow/dags/dag_extraction.py
[2026-09-17T15:10:53.712+0000] {logging_mixin.py:188} INFO - [2026-09-17T15:10:53.711+0000] {dagbag.py:355} ERROR - Failed to import: /opt/airflow/dags/dag_extraction.py
Traceback (most recent call last):
  File "/home/airflow/.local/lib/python3.10/site-packages/airflow/models/dagbag.py", line 351, in parse
    loader.exec_module(new_module)
  File "<frozen importlib._bootstrap_external>", line 879, in exec_module
  File "<frozen importlib._bootstrap_external>", line 1017, in get_code
  File "<frozen importlib._bootstrap_external>", line 947, in source_to_code
  File "<frozen importlib._bootstrap>", line 241, in _call_with_frames_removed
  File "/opt/airflow/dags/dag_extraction.py", line 4
    from scripts.channel import 
                                ^
SyntaxError: invalid syntax
[2026-09-17T15:10:53.713+0000] {processor.py:842} WARNING - No viable dags retrieved from /opt/airflow/dags/dag_extraction.py
[2026-09-17T15:10:53.733+0000] {processor.py:183} INFO - Processing /opt/airflow/dags/dag_extraction.py took 0.050 seconds
[2026-09-17T15:10:55.723+0000] {processor.py:161} INFO - Started process (PID=1949) to work on /opt/airflow/dags/dag_extraction.py
[2026-09-17T15:10:55.725+0000] {processor.py:830} INFO - Processing file /opt/airflow/dags/dag_extraction.py for tasks to queue
[2026-09-17T15:10:55.726+0000] {logging_mixin.py:188} INFO - [2026-09-17T15:10:55.726+0000] {dagbag.py:545} INFO - Filling up the DagBag from /opt/airflow/dags/dag_extraction.py
[2026-09-17T15:10:55.866+0000] {logging_mixin.py:188} INFO - [2026-09-17T15:10:55.861+0000] {dagbag.py:355} ERROR - Failed to import: /opt/airflow/dags/dag_extraction.py
Traceback (most recent call last):
  File "/home/airflow/.local/lib/python3.10/site-packages/airflow/models/dagbag.py", line 351, in parse
    loader.exec_module(new_module)
  File "<frozen importlib._bootstrap_external>", line 883, in exec_module
  File "<frozen importlib._bootstrap>", line 241, in _call_with_frames_removed
  File "/opt/airflow/dags/dag_extraction.py", line 4, in <module>
    from scripts.channel import ge
ImportError: cannot import name 'ge' from 'scripts.channel' (/opt/airflow/scripts/channel.py)
[2026-09-17T15:10:55.868+0000] {processor.py:842} WARNING - No viable dags retrieved from /opt/airflow/dags/dag_extraction.py
[2026-09-17T15:10:55.890+0000] {processor.py:183} INFO - Processing /opt/airflow/dags/dag_extraction.py took 0.173 seconds
[2026-09-17T15:10:56.803+0000] {processor.py:161} INFO - Started process (PID=1950) to work on /opt/airflow/dags/dag_extraction.py
[2026-09-17T15:10:56.805+0000] {processor.py:830} INFO - Processing file /opt/airflow/dags/dag_extraction.py for tasks to queue
[2026-09-17T15:10:56.806+0000] {logging_mixin.py:188} INFO - [2026-09-17T15:10:56.806+0000] {dagbag.py:545} INFO - Filling up the DagBag from /opt/airflow/dags/dag_extraction.py
[2026-09-17T15:10:56.912+0000] {logging_mixin.py:188} INFO - [2026-09-17T15:10:56.904+0000] {dagbag.py:355} ERROR - Failed to import: /opt/airflow/dags/dag_extraction.py
Traceback (most recent call last):
  File "/home/airflow/.local/lib/python3.10/site-packages/airflow/models/dagbag.py", line 351, in parse
    loader.exec_module(new_module)
  File "<frozen importlib._bootstrap_external>", line 883, in exec_module
  File "<frozen importlib._bootstrap>", line 241, in _call_with_frames_removed
  File "/opt/airflow/dags/dag_extraction.py", line 23, in <module>
    python_callable=extract_youtube_data,
NameError: name 'extract_youtube_data' is not defined
[2026-09-17T15:10:56.916+0000] {processor.py:842} WARNING - No viable dags retrieved from /opt/airflow/dags/dag_extraction.py
[2026-09-17T15:10:56.937+0000] {processor.py:183} INFO - Processing /opt/airflow/dags/dag_extraction.py took 0.140 seconds
[2026-09-17T15:11:06.012+0000] {processor.py:161} INFO - Started process (PID=1951) to work on /opt/airflow/dags/dag_extraction.py
[2026-09-17T15:11:06.013+0000] {processor.py:830} INFO - Processing file /opt/airflow/dags/dag_extraction.py for tasks to queue
[2026-09-17T15:11:06.015+0000] {logging_mixin.py:188} INFO - [2026-09-17T15:11:06.015+0000] {dagbag.py:545} INFO - Filling up the DagBag from /opt/airflow/dags/dag_extraction.py
[2026-09-17T15:11:06.098+0000] {logging_mixin.py:188} INFO - [2026-09-17T15:11:06.093+0000] {dagbag.py:355} ERROR - Failed to import: /opt/airflow/dags/dag_extraction.py
Traceback (most recent call last):
  File "/home/airflow/.local/lib/python3.10/site-packages/airflow/models/dagbag.py", line 351, in parse
    loader.exec_module(new_module)
  File "<frozen importlib._bootstrap_external>", line 883, in exec_module
  File "<frozen importlib._bootstrap>", line 241, in _call_with_frames_removed
  File "/opt/airflow/dags/dag_extraction.py", line 29, in <module>
    python_callable=extract_youtube_data,
NameError: name 'extract_youtube_data' is not defined
[2026-09-17T15:11:06.100+0000] {processor.py:842} WARNING - No viable dags retrieved from /opt/airflow/dags/dag_extraction.py
[2026-09-17T15:11:06.120+0000] {processor.py:183} INFO - Processing /opt/airflow/dags/dag_extraction.py took 0.118 seconds
[2026-09-17T15:11:14.209+0000] {processor.py:161} INFO - Started process (PID=1953) to work on /opt/airflow/dags/dag_extraction.py
[2026-09-17T15:11:14.211+0000] {processor.py:830} INFO - Processing file /opt/airflow/dags/dag_extraction.py for tasks to queue
[2026-09-17T15:11:14.213+0000] {logging_mixin.py:188} INFO - [2026-09-17T15:11:14.212+0000] {dagbag.py:545} INFO - Filling up the DagBag from /opt/airflow/dags/dag_extraction.py
[2026-09-17T15:11:14.292+0000] {logging_mixin.py:188} INFO - [2026-09-17T15:11:14.288+0000] {dagbag.py:355} ERROR - Failed to import: /opt/airflow/dags/dag_extraction.py
Traceback (most recent call last):
  File "/home/airflow/.local/lib/python3.10/site-packages/airflow/models/dagbag.py", line 351, in parse
    loader.exec_module(new_module)
  File "<frozen importlib._bootstrap_external>", line 883, in exec_module
  File "<frozen importlib._bootstrap>", line 241, in _call_with_frames_removed
  File "/opt/airflow/dags/dag_extraction.py", line 29, in <module>
    python_callable=extract_youtube_data,
NameError: name 'extract_youtube_data' is not defined
[2026-09-17T15:11:14.294+0000] {processor.py:842} WARNING - No viable dags retrieved from /opt/airflow/dags/dag_extraction.py
[2026-09-17T15:11:14.316+0000] {processor.py:183} INFO - Processing /opt/airflow/dags/dag_extraction.py took 0.114 seconds
[2026-09-17T15:11:17.290+0000] {processor.py:161} INFO - Started process (PID=1960) to work on /opt/airflow/dags/dag_extraction.py
[2026-09-17T15:11:17.291+0000] {processor.py:830} INFO - Processing file /opt/airflow/dags/dag_extraction.py for tasks to queue
[2026-09-17T15:11:17.294+0000] {logging_mixin.py:188} INFO - [2026-09-17T15:11:17.293+0000] {dagbag.py:545} INFO - Filling up the DagBag from /opt/airflow/dags/dag_extraction.py
[2026-09-17T15:11:17.383+0000] {logging_mixin.py:188} INFO - [2026-09-17T15:11:17.376+0000] {dagbag.py:355} ERROR - Failed to import: /opt/airflow/dags/dag_extraction.py
Traceback (most recent call last):
  File "/home/airflow/.local/lib/python3.10/site-packages/airflow/models/dagbag.py", line 351, in parse
    loader.exec_module(new_module)
  File "<frozen importlib._bootstrap_external>", line 883, in exec_module
  File "<frozen importlib._bootstrap>", line 241, in _call_with_frames_removed
  File "/opt/airflow/dags/dag_extraction.py", line 29, in <module>
    python_callable=extract_youtube_data,
NameError: name 'extract_youtube_data' is not defined
[2026-09-17T15:11:17.385+0000] {processor.py:842} WARNING - No viable dags retrieved from /opt/airflow/dags/dag_extraction.py
[2026-09-17T15:11:17.404+0000] {processor.py:183} INFO - Processing /opt/airflow/dags/dag_extraction.py took 0.121 seconds
[2026-09-17T15:11:26.484+0000] {processor.py:161} INFO - Started process (PID=1961) to work on /opt/airflow/dags/dag_extraction.py
[2026-09-17T15:11:26.486+0000] {processor.py:830} INFO - Processing file /opt/airflow/dags/dag_extraction.py for tasks to queue
[2026-09-17T15:11:26.488+0000] {logging_mixin.py:188} INFO - [2026-09-17T15:11:26.487+0000] {dagbag.py:545} INFO - Filling up the DagBag from /opt/airflow/dags/dag_extraction.py
[2026-09-17T15:11:26.569+0000] {logging_mixin.py:188} INFO - [2026-09-17T15:11:26.564+0000] {dagbag.py:355} ERROR - Failed to import: /opt/airflow/dags/dag_extraction.py
Traceback (most recent call last):
  File "/home/airflow/.local/lib/python3.10/site-packages/airflow/models/dagbag.py", line 351, in parse
    loader.exec_module(new_module)
  File "<frozen importlib._bootstrap_external>", line 883, in exec_module
  File "<frozen importlib._bootstrap>", line 241, in _call_with_frames_removed
  File "/opt/airflow/dags/dag_extraction.py", line 29, in <module>
    python_callable=extract_youtube_data,
NameError: name 'extract_youtube_data' is not defined
[2026-09-17T15:11:26.572+0000] {processor.py:842} WARNING - No viable dags retrieved from /opt/airflow/dags/dag_extraction.py
[2026-09-17T15:11:26.593+0000] {processor.py:183} INFO - Processing /opt/airflow/dags/dag_extraction.py took 0.116 seconds
[2026-09-17T15:11:39.627+0000] {processor.py:161} INFO - Started process (PID=1962) to work on /opt/airflow/dags/dag_extraction.py
[2026-09-17T15:11:39.628+0000] {processor.py:830} INFO - Processing file /opt/airflow/dags/dag_extraction.py for tasks to queue
[2026-09-17T15:11:39.630+0000] {logging_mixin.py:188} INFO - [2026-09-17T15:11:39.630+0000] {dagbag.py:545} INFO - Filling up the DagBag from /opt/airflow/dags/dag_extraction.py
[2026-09-17T15:11:39.732+0000] {logging_mixin.py:188} INFO - [2026-09-17T15:11:39.725+0000] {dagbag.py:355} ERROR - Failed to import: /opt/airflow/dags/dag_extraction.py
Traceback (most recent call last):
  File "/home/airflow/.local/lib/python3.10/site-packages/airflow/models/dagbag.py", line 351, in parse
    loader.exec_module(new_module)
  File "<frozen importlib._bootstrap_external>", line 883, in exec_module
  File "<frozen importlib._bootstrap>", line 241, in _call_with_frames_removed
  File "/opt/airflow/dags/dag_extraction.py", line 29, in <module>
    python_callable=extract_youtube_data,
NameError: name 'extract_youtube_data' is not defined
[2026-09-17T15:11:39.738+0000] {processor.py:842} WARNING - No viable dags retrieved from /opt/airflow/dags/dag_extraction.py
[2026-09-17T15:11:39.764+0000] {processor.py:183} INFO - Processing /opt/airflow/dags/dag_extraction.py took 0.147 seconds
[2026-09-17T15:11:44.879+0000] {processor.py:161} INFO - Started process (PID=1964) to work on /opt/airflow/dags/dag_extraction.py
[2026-09-17T15:11:44.880+0000] {processor.py:830} INFO - Processing file /opt/airflow/dags/dag_extraction.py for tasks to queue
[2026-09-17T15:11:44.882+0000] {logging_mixin.py:188} INFO - [2026-09-17T15:11:44.882+0000] {dagbag.py:545} INFO - Filling up the DagBag from /opt/airflow/dags/dag_extraction.py
[2026-09-17T15:11:44.965+0000] {logging_mixin.py:188} INFO - [2026-09-17T15:11:44.959+0000] {dagbag.py:355} ERROR - Failed to import: /opt/airflow/dags/dag_extraction.py
Traceback (most recent call last):
  File "/home/airflow/.local/lib/python3.10/site-packages/airflow/models/dagbag.py", line 351, in parse
    loader.exec_module(new_module)
  File "<frozen importlib._bootstrap_external>", line 883, in exec_module
  File "<frozen importlib._bootstrap>", line 241, in _call_with_frames_removed
  File "/opt/airflow/dags/dag_extraction.py", line 29, in <module>
    python_callable=extract_youtube_data,
NameError: name 'extract_youtube_data' is not defined
[2026-09-17T15:11:44.968+0000] {processor.py:842} WARNING - No viable dags retrieved from /opt/airflow/dags/dag_extraction.py
[2026-09-17T15:11:44.990+0000] {processor.py:183} INFO - Processing /opt/airflow/dags/dag_extraction.py took 0.117 seconds
[2026-09-17T15:11:52.073+0000] {processor.py:161} INFO - Started process (PID=1971) to work on /opt/airflow/dags/dag_extraction.py
[2026-09-17T15:11:52.074+0000] {processor.py:830} INFO - Processing file /opt/airflow/dags/dag_extraction.py for tasks to queue
[2026-09-17T15:11:52.076+0000] {logging_mixin.py:188} INFO - [2026-09-17T15:11:52.076+0000] {dagbag.py:545} INFO - Filling up the DagBag from /opt/airflow/dags/dag_extraction.py
[2026-09-17T15:11:52.159+0000] {logging_mixin.py:188} INFO - [2026-09-17T15:11:52.154+0000] {dagbag.py:355} ERROR - Failed to import: /opt/airflow/dags/dag_extraction.py
Traceback (most recent call last):
  File "/home/airflow/.local/lib/python3.10/site-packages/airflow/models/dagbag.py", line 351, in parse
    loader.exec_module(new_module)
  File "<frozen importlib._bootstrap_external>", line 883, in exec_module
  File "<frozen importlib._bootstrap>", line 241, in _call_with_frames_removed
  File "/opt/airflow/dags/dag_extraction.py", line 29, in <module>
    python_callable=extract_youtube_data,
NameError: name 'extract_youtube_data' is not defined
[2026-09-17T15:11:52.162+0000] {processor.py:842} WARNING - No viable dags retrieved from /opt/airflow/dags/dag_extraction.py
[2026-09-17T15:11:52.184+0000] {processor.py:183} INFO - Processing /opt/airflow/dags/dag_extraction.py took 0.117 seconds
[2026-09-17T15:11:57.138+0000] {processor.py:161} INFO - Started process (PID=1972) to work on /opt/airflow/dags/dag_extraction.py
[2026-09-17T15:11:57.140+0000] {processor.py:830} INFO - Processing file /opt/airflow/dags/dag_extraction.py for tasks to queue
[2026-09-17T15:11:57.143+0000] {logging_mixin.py:188} INFO - [2026-09-17T15:11:57.142+0000] {dagbag.py:545} INFO - Filling up the DagBag from /opt/airflow/dags/dag_extraction.py
[2026-09-17T15:11:57.233+0000] {logging_mixin.py:188} INFO - [2026-09-17T15:11:57.229+0000] {dagbag.py:355} ERROR - Failed to import: /opt/airflow/dags/dag_extraction.py
Traceback (most recent call last):
  File "/home/airflow/.local/lib/python3.10/site-packages/airflow/models/dagbag.py", line 351, in parse
    loader.exec_module(new_module)
  File "<frozen importlib._bootstrap_external>", line 883, in exec_module
  File "<frozen importlib._bootstrap>", line 241, in _call_with_frames_removed
  File "/opt/airflow/dags/dag_extraction.py", line 29, in <module>
    python_callable=extract_youtube_data,
NameError: name 'extract_youtube_data' is not defined
[2026-09-17T15:11:57.234+0000] {processor.py:842} WARNING - No viable dags retrieved from /opt/airflow/dags/dag_extraction.py
[2026-09-17T15:11:57.257+0000] {processor.py:183} INFO - Processing /opt/airflow/dags/dag_extraction.py took 0.128 seconds
[2026-09-17T15:12:01.320+0000] {processor.py:161} INFO - Started process (PID=1973) to work on /opt/airflow/dags/dag_extraction.py
[2026-09-17T15:12:01.321+0000] {processor.py:830} INFO - Processing file /opt/airflow/dags/dag_extraction.py for tasks to queue
[2026-09-17T15:12:01.322+0000] {logging_mixin.py:188} INFO - [2026-09-17T15:12:01.322+0000] {dagbag.py:545} INFO - Filling up the DagBag from /opt/airflow/dags/dag_extraction.py
[2026-09-17T15:12:01.399+0000] {logging_mixin.py:188} INFO - [2026-09-17T15:12:01.395+0000] {dagbag.py:355} ERROR - Failed to import: /opt/airflow/dags/dag_extraction.py
Traceback (most recent call last):
  File "/home/airflow/.local/lib/python3.10/site-packages/airflow/models/dagbag.py", line 351, in parse
    loader.exec_module(new_module)
  File "<frozen importlib._bootstrap_external>", line 883, in exec_module
  File "<frozen importlib._bootstrap>", line 241, in _call_with_frames_removed
  File "/opt/airflow/dags/dag_extraction.py", line 29, in <module>
    python_callable=extract_youtube_data,
NameError: name 'extract_youtube_data' is not defined
[2026-09-17T15:12:01.401+0000] {processor.py:842} WARNING - No viable dags retrieved from /opt/airflow/dags/dag_extraction.py
[2026-09-17T15:12:01.422+0000] {processor.py:183} INFO - Processing /opt/airflow/dags/dag_extraction.py took 0.109 seconds
[2026-09-17T15:12:05.360+0000] {processor.py:161} INFO - Started process (PID=1974) to work on /opt/airflow/dags/dag_extraction.py
[2026-09-17T15:12:05.362+0000] {processor.py:830} INFO - Processing file /opt/airflow/dags/dag_extraction.py for tasks to queue
[2026-09-17T15:12:05.363+0000] {logging_mixin.py:188} INFO - [2026-09-17T15:12:05.363+0000] {dagbag.py:545} INFO - Filling up the DagBag from /opt/airflow/dags/dag_extraction.py
[2026-09-17T15:12:05.446+0000] {logging_mixin.py:188} INFO - [2026-09-17T15:12:05.441+0000] {dagbag.py:355} ERROR - Failed to import: /opt/airflow/dags/dag_extraction.py
Traceback (most recent call last):
  File "/home/airflow/.local/lib/python3.10/site-packages/airflow/models/dagbag.py", line 351, in parse
    loader.exec_module(new_module)
  File "<frozen importlib._bootstrap_external>", line 883, in exec_module
  File "<frozen importlib._bootstrap>", line 241, in _call_with_frames_removed
  File "/opt/airflow/dags/dag_extraction.py", line 29, in <module>
    python_callable=extract_youtube_data,
NameError: name 'extract_youtube_data' is not defined
[2026-09-17T15:12:05.448+0000] {processor.py:842} WARNING - No viable dags retrieved from /opt/airflow/dags/dag_extraction.py
[2026-09-17T15:12:05.469+0000] {processor.py:183} INFO - Processing /opt/airflow/dags/dag_extraction.py took 0.115 seconds
[2026-09-17T15:12:10.528+0000] {processor.py:161} INFO - Started process (PID=1975) to work on /opt/airflow/dags/dag_extraction.py
[2026-09-17T15:12:10.530+0000] {processor.py:830} INFO - Processing file /opt/airflow/dags/dag_extraction.py for tasks to queue
[2026-09-17T15:12:10.532+0000] {logging_mixin.py:188} INFO - [2026-09-17T15:12:10.531+0000] {dagbag.py:545} INFO - Filling up the DagBag from /opt/airflow/dags/dag_extraction.py
[2026-09-17T15:12:10.615+0000] {logging_mixin.py:188} INFO - [2026-09-17T15:12:10.609+0000] {dagbag.py:355} ERROR - Failed to import: /opt/airflow/dags/dag_extraction.py
Traceback (most recent call last):
  File "/home/airflow/.local/lib/python3.10/site-packages/airflow/models/dagbag.py", line 351, in parse
    loader.exec_module(new_module)
  File "<frozen importlib._bootstrap_external>", line 883, in exec_module
  File "<frozen importlib._bootstrap>", line 241, in _call_with_frames_removed
  File "/opt/airflow/dags/dag_extraction.py", line 29, in <module>
    python_callable=extract_youtube_data,
NameError: name 'extract_youtube_data' is not defined
[2026-09-17T15:12:10.617+0000] {processor.py:842} WARNING - No viable dags retrieved from /opt/airflow/dags/dag_extraction.py
[2026-09-17T15:12:10.641+0000] {processor.py:183} INFO - Processing /opt/airflow/dags/dag_extraction.py took 0.120 seconds
[2026-09-17T15:12:18.758+0000] {processor.py:161} INFO - Started process (PID=1983) to work on /opt/airflow/dags/dag_extraction.py
[2026-09-17T15:12:18.761+0000] {processor.py:830} INFO - Processing file /opt/airflow/dags/dag_extraction.py for tasks to queue
[2026-09-17T15:12:18.762+0000] {logging_mixin.py:188} INFO - [2026-09-17T15:12:18.762+0000] {dagbag.py:545} INFO - Filling up the DagBag from /opt/airflow/dags/dag_extraction.py
[2026-09-17T15:12:18.856+0000] {logging_mixin.py:188} INFO - [2026-09-17T15:12:18.849+0000] {dagbag.py:355} ERROR - Failed to import: /opt/airflow/dags/dag_extraction.py
Traceback (most recent call last):
  File "/home/airflow/.local/lib/python3.10/site-packages/airflow/models/dagbag.py", line 351, in parse
    loader.exec_module(new_module)
  File "<frozen importlib._bootstrap_external>", line 883, in exec_module
  File "<frozen importlib._bootstrap>", line 241, in _call_with_frames_removed
  File "/opt/airflow/dags/dag_extraction.py", line 30, in <module>
    python_callable=extract_youtube_data,
NameError: name 'extract_youtube_data' is not defined
[2026-09-17T15:12:18.859+0000] {processor.py:842} WARNING - No viable dags retrieved from /opt/airflow/dags/dag_extraction.py
[2026-09-17T15:12:18.884+0000] {processor.py:183} INFO - Processing /opt/airflow/dags/dag_extraction.py took 0.132 seconds
[2026-09-17T15:12:22.856+0000] {processor.py:161} INFO - Started process (PID=1984) to work on /opt/airflow/dags/dag_extraction.py
[2026-09-17T15:12:22.860+0000] {processor.py:830} INFO - Processing file /opt/airflow/dags/dag_extraction.py for tasks to queue
[2026-09-17T15:12:22.862+0000] {logging_mixin.py:188} INFO - [2026-09-17T15:12:22.861+0000] {dagbag.py:545} INFO - Filling up the DagBag from /opt/airflow/dags/dag_extraction.py
[2026-09-17T15:12:22.966+0000] {logging_mixin.py:188} INFO - [2026-09-17T15:12:22.958+0000] {dagbag.py:355} ERROR - Failed to import: /opt/airflow/dags/dag_extraction.py
Traceback (most recent call last):
  File "/home/airflow/.local/lib/python3.10/site-packages/airflow/models/dagbag.py", line 351, in parse
    loader.exec_module(new_module)
  File "<frozen importlib._bootstrap_external>", line 883, in exec_module
  File "<frozen importlib._bootstrap>", line 241, in _call_with_frames_removed
  File "/opt/airflow/dags/dag_extraction.py", line 5, in <module>
    from scripts.videos import get_channel
  File "/opt/airflow/scripts/videos.py", line 1, in <module>
    from scripts.channel import uploads_playlist_id , youtube
ImportError: cannot import name 'uploads_playlist_id' from 'scripts.channel' (/opt/airflow/scripts/channel.py)
[2026-09-17T15:12:22.971+0000] {processor.py:842} WARNING - No viable dags retrieved from /opt/airflow/dags/dag_extraction.py
[2026-09-17T15:12:22.991+0000] {processor.py:183} INFO - Processing /opt/airflow/dags/dag_extraction.py took 0.143 seconds
[2026-09-17T15:12:26.997+0000] {processor.py:161} INFO - Started process (PID=1985) to work on /opt/airflow/dags/dag_extraction.py
[2026-09-17T15:12:26.998+0000] {processor.py:830} INFO - Processing file /opt/airflow/dags/dag_extraction.py for tasks to queue
[2026-09-17T15:12:27.000+0000] {logging_mixin.py:188} INFO - [2026-09-17T15:12:27.000+0000] {dagbag.py:545} INFO - Filling up the DagBag from /opt/airflow/dags/dag_extraction.py
[2026-09-17T15:12:27.082+0000] {logging_mixin.py:188} INFO - [2026-09-17T15:12:27.076+0000] {dagbag.py:355} ERROR - Failed to import: /opt/airflow/dags/dag_extraction.py
Traceback (most recent call last):
  File "/home/airflow/.local/lib/python3.10/site-packages/airflow/models/dagbag.py", line 351, in parse
    loader.exec_module(new_module)
  File "<frozen importlib._bootstrap_external>", line 883, in exec_module
  File "<frozen importlib._bootstrap>", line 241, in _call_with_frames_removed
  File "/opt/airflow/dags/dag_extraction.py", line 5, in <module>
    from scripts.videos import get_videos
  File "/opt/airflow/scripts/videos.py", line 1, in <module>
    from scripts.channel import uploads_playlist_id , youtube
ImportError: cannot import name 'uploads_playlist_id' from 'scripts.channel' (/opt/airflow/scripts/channel.py)
[2026-09-17T15:12:27.084+0000] {processor.py:842} WARNING - No viable dags retrieved from /opt/airflow/dags/dag_extraction.py
[2026-09-17T15:12:27.103+0000] {processor.py:183} INFO - Processing /opt/airflow/dags/dag_extraction.py took 0.113 seconds
[2026-09-17T15:12:36.147+0000] {processor.py:161} INFO - Started process (PID=1986) to work on /opt/airflow/dags/dag_extraction.py
[2026-09-17T15:12:36.149+0000] {processor.py:830} INFO - Processing file /opt/airflow/dags/dag_extraction.py for tasks to queue
[2026-09-17T15:12:36.151+0000] {logging_mixin.py:188} INFO - [2026-09-17T15:12:36.151+0000] {dagbag.py:545} INFO - Filling up the DagBag from /opt/airflow/dags/dag_extraction.py
[2026-09-17T15:12:36.243+0000] {logging_mixin.py:188} INFO - [2026-09-17T15:12:36.237+0000] {dagbag.py:355} ERROR - Failed to import: /opt/airflow/dags/dag_extraction.py
Traceback (most recent call last):
  File "/home/airflow/.local/lib/python3.10/site-packages/airflow/models/dagbag.py", line 351, in parse
    loader.exec_module(new_module)
  File "<frozen importlib._bootstrap_external>", line 883, in exec_module
  File "<frozen importlib._bootstrap>", line 241, in _call_with_frames_removed
  File "/opt/airflow/dags/dag_extraction.py", line 5, in <module>
    from scripts.videos import get_videos
  File "/opt/airflow/scripts/videos.py", line 1, in <module>
    from scripts.channel import uploads_playlist_id , youtube
ImportError: cannot import name 'uploads_playlist_id' from 'scripts.channel' (/opt/airflow/scripts/channel.py)
[2026-09-17T15:12:36.246+0000] {processor.py:842} WARNING - No viable dags retrieved from /opt/airflow/dags/dag_extraction.py
[2026-09-17T15:12:36.269+0000] {processor.py:183} INFO - Processing /opt/airflow/dags/dag_extraction.py took 0.128 seconds
[2026-09-17T15:12:39.240+0000] {processor.py:161} INFO - Started process (PID=1987) to work on /opt/airflow/dags/dag_extraction.py
[2026-09-17T15:12:39.242+0000] {processor.py:830} INFO - Processing file /opt/airflow/dags/dag_extraction.py for tasks to queue
[2026-09-17T15:12:39.243+0000] {logging_mixin.py:188} INFO - [2026-09-17T15:12:39.243+0000] {dagbag.py:545} INFO - Filling up the DagBag from /opt/airflow/dags/dag_extraction.py
[2026-09-17T15:12:39.339+0000] {logging_mixin.py:188} INFO - [2026-09-17T15:12:39.332+0000] {dagbag.py:355} ERROR - Failed to import: /opt/airflow/dags/dag_extraction.py
Traceback (most recent call last):
  File "/home/airflow/.local/lib/python3.10/site-packages/airflow/models/dagbag.py", line 351, in parse
    loader.exec_module(new_module)
  File "<frozen importlib._bootstrap_external>", line 883, in exec_module
  File "<frozen importlib._bootstrap>", line 241, in _call_with_frames_removed
  File "/opt/airflow/dags/dag_extraction.py", line 5, in <module>
    from scripts.videos import get_videos
  File "/opt/airflow/scripts/videos.py", line 1, in <module>
    from scripts.channel import uploads_playlist_id , youtube
ImportError: cannot import name 'uploads_playlist_id' from 'scripts.channel' (/opt/airflow/scripts/channel.py)
[2026-09-17T15:12:39.341+0000] {processor.py:842} WARNING - No viable dags retrieved from /opt/airflow/dags/dag_extraction.py
[2026-09-17T15:12:39.360+0000] {processor.py:183} INFO - Processing /opt/airflow/dags/dag_extraction.py took 0.126 seconds
[2026-09-17T15:12:43.414+0000] {processor.py:161} INFO - Started process (PID=1988) to work on /opt/airflow/dags/dag_extraction.py
[2026-09-17T15:12:43.418+0000] {processor.py:830} INFO - Processing file /opt/airflow/dags/dag_extraction.py for tasks to queue
[2026-09-17T15:12:43.420+0000] {logging_mixin.py:188} INFO - [2026-09-17T15:12:43.419+0000] {dagbag.py:545} INFO - Filling up the DagBag from /opt/airflow/dags/dag_extraction.py
[2026-09-17T15:12:43.515+0000] {logging_mixin.py:188} INFO - [2026-09-17T15:12:43.504+0000] {dagbag.py:355} ERROR - Failed to import: /opt/airflow/dags/dag_extraction.py
Traceback (most recent call last):
  File "/home/airflow/.local/lib/python3.10/site-packages/airflow/models/dagbag.py", line 351, in parse
    loader.exec_module(new_module)
  File "<frozen importlib._bootstrap_external>", line 883, in exec_module
  File "<frozen importlib._bootstrap>", line 241, in _call_with_frames_removed
  File "/opt/airflow/dags/dag_extraction.py", line 5, in <module>
    from scripts.videos import get_videos
  File "/opt/airflow/scripts/videos.py", line 1, in <module>
    from scripts.channel import uploads_playlist_id , youtube
ImportError: cannot import name 'uploads_playlist_id' from 'scripts.channel' (/opt/airflow/scripts/channel.py)
[2026-09-17T15:12:43.518+0000] {processor.py:842} WARNING - No viable dags retrieved from /opt/airflow/dags/dag_extraction.py
[2026-09-17T15:12:43.537+0000] {processor.py:183} INFO - Processing /opt/airflow/dags/dag_extraction.py took 0.131 seconds
[2026-09-17T15:12:45.605+0000] {processor.py:161} INFO - Started process (PID=1990) to work on /opt/airflow/dags/dag_extraction.py
[2026-09-17T15:12:45.607+0000] {processor.py:830} INFO - Processing file /opt/airflow/dags/dag_extraction.py for tasks to queue
[2026-09-17T15:12:45.609+0000] {logging_mixin.py:188} INFO - [2026-09-17T15:12:45.609+0000] {dagbag.py:545} INFO - Filling up the DagBag from /opt/airflow/dags/dag_extraction.py
[2026-09-17T15:12:45.741+0000] {logging_mixin.py:188} INFO - [2026-09-17T15:12:45.730+0000] {dagbag.py:355} ERROR - Failed to import: /opt/airflow/dags/dag_extraction.py
Traceback (most recent call last):
  File "/home/airflow/.local/lib/python3.10/site-packages/airflow/models/dagbag.py", line 351, in parse
    loader.exec_module(new_module)
  File "<frozen importlib._bootstrap_external>", line 883, in exec_module
  File "<frozen importlib._bootstrap>", line 241, in _call_with_frames_removed
  File "/opt/airflow/dags/dag_extraction.py", line 5, in <module>
    from scripts.videos import get_videos
  File "/opt/airflow/scripts/videos.py", line 1, in <module>
    from scripts.channel import uploads_playlist_id , youtube
ImportError: cannot import name 'uploads_playlist_id' from 'scripts.channel' (/opt/airflow/scripts/channel.py)
[2026-09-17T15:12:45.747+0000] {processor.py:842} WARNING - No viable dags retrieved from /opt/airflow/dags/dag_extraction.py
[2026-09-17T15:12:45.770+0000] {processor.py:183} INFO - Processing /opt/airflow/dags/dag_extraction.py took 0.172 seconds
[2026-09-17T15:12:53.699+0000] {processor.py:161} INFO - Started process (PID=1997) to work on /opt/airflow/dags/dag_extraction.py
[2026-09-17T15:12:53.701+0000] {processor.py:830} INFO - Processing file /opt/airflow/dags/dag_extraction.py for tasks to queue
[2026-09-17T15:12:53.703+0000] {logging_mixin.py:188} INFO - [2026-09-17T15:12:53.702+0000] {dagbag.py:545} INFO - Filling up the DagBag from /opt/airflow/dags/dag_extraction.py
[2026-09-17T15:12:53.782+0000] {logging_mixin.py:188} INFO - [2026-09-17T15:12:53.775+0000] {dagbag.py:355} ERROR - Failed to import: /opt/airflow/dags/dag_extraction.py
Traceback (most recent call last):
  File "/home/airflow/.local/lib/python3.10/site-packages/airflow/models/dagbag.py", line 351, in parse
    loader.exec_module(new_module)
  File "<frozen importlib._bootstrap_external>", line 883, in exec_module
  File "<frozen importlib._bootstrap>", line 241, in _call_with_frames_removed
  File "/opt/airflow/dags/dag_extraction.py", line 5, in <module>
    from scripts.videos import get_videos
  File "/opt/airflow/scripts/videos.py", line 1, in <module>
    from scripts.channel import uploads_playlist_id , youtube
ImportError: cannot import name 'uploads_playlist_id' from 'scripts.channel' (/opt/airflow/scripts/channel.py)
[2026-09-17T15:12:53.783+0000] {processor.py:842} WARNING - No viable dags retrieved from /opt/airflow/dags/dag_extraction.py
[2026-09-17T15:12:53.802+0000] {processor.py:183} INFO - Processing /opt/airflow/dags/dag_extraction.py took 0.110 seconds
[2026-09-17T15:13:03.787+0000] {processor.py:161} INFO - Started process (PID=1998) to work on /opt/airflow/dags/dag_extraction.py
[2026-09-17T15:13:03.788+0000] {processor.py:830} INFO - Processing file /opt/airflow/dags/dag_extraction.py for tasks to queue
[2026-09-17T15:13:03.790+0000] {logging_mixin.py:188} INFO - [2026-09-17T15:13:03.790+0000] {dagbag.py:545} INFO - Filling up the DagBag from /opt/airflow/dags/dag_extraction.py
[2026-09-17T15:13:03.806+0000] {logging_mixin.py:188} INFO - [2026-09-17T15:13:03.805+0000] {dagbag.py:355} ERROR - Failed to import: /opt/airflow/dags/dag_extraction.py
Traceback (most recent call last):
  File "/home/airflow/.local/lib/python3.10/site-packages/airflow/models/dagbag.py", line 351, in parse
    loader.exec_module(new_module)
  File "<frozen importlib._bootstrap_external>", line 879, in exec_module
  File "<frozen importlib._bootstrap_external>", line 1017, in get_code
  File "<frozen importlib._bootstrap_external>", line 947, in source_to_code
  File "<frozen importlib._bootstrap>", line 241, in _call_with_frames_removed
  File "/opt/airflow/dags/dag_extraction.py", line 7
    from scripts.
                 ^
SyntaxError: invalid syntax
[2026-09-17T15:13:03.807+0000] {processor.py:842} WARNING - No viable dags retrieved from /opt/airflow/dags/dag_extraction.py
[2026-09-17T15:13:03.828+0000] {processor.py:183} INFO - Processing /opt/airflow/dags/dag_extraction.py took 0.047 seconds
[2026-09-17T15:13:08.839+0000] {processor.py:161} INFO - Started process (PID=1999) to work on /opt/airflow/dags/dag_extraction.py
[2026-09-17T15:13:08.841+0000] {processor.py:830} INFO - Processing file /opt/airflow/dags/dag_extraction.py for tasks to queue
[2026-09-17T15:13:08.843+0000] {logging_mixin.py:188} INFO - [2026-09-17T15:13:08.842+0000] {dagbag.py:545} INFO - Filling up the DagBag from /opt/airflow/dags/dag_extraction.py
[2026-09-17T15:13:08.858+0000] {logging_mixin.py:188} INFO - [2026-09-17T15:13:08.858+0000] {dagbag.py:355} ERROR - Failed to import: /opt/airflow/dags/dag_extraction.py
Traceback (most recent call last):
  File "/home/airflow/.local/lib/python3.10/site-packages/airflow/models/dagbag.py", line 351, in parse
    loader.exec_module(new_module)
  File "<frozen importlib._bootstrap_external>", line 879, in exec_module
  File "<frozen importlib._bootstrap_external>", line 1017, in get_code
  File "<frozen importlib._bootstrap_external>", line 947, in source_to_code
  File "<frozen importlib._bootstrap>", line 241, in _call_with_frames_removed
  File "/opt/airflow/dags/dag_extraction.py", line 7
    from scripts.json_creation import
                                     ^
SyntaxError: invalid syntax
[2026-09-17T15:13:08.859+0000] {processor.py:842} WARNING - No viable dags retrieved from /opt/airflow/dags/dag_extraction.py
[2026-09-17T15:13:08.886+0000] {processor.py:183} INFO - Processing /opt/airflow/dags/dag_extraction.py took 0.054 seconds
[2026-09-17T15:13:13.983+0000] {processor.py:161} INFO - Started process (PID=2000) to work on /opt/airflow/dags/dag_extraction.py
[2026-09-17T15:13:13.985+0000] {processor.py:830} INFO - Processing file /opt/airflow/dags/dag_extraction.py for tasks to queue
[2026-09-17T15:13:13.987+0000] {logging_mixin.py:188} INFO - [2026-09-17T15:13:13.986+0000] {dagbag.py:545} INFO - Filling up the DagBag from /opt/airflow/dags/dag_extraction.py
[2026-09-17T15:13:14.086+0000] {logging_mixin.py:188} INFO - [2026-09-17T15:13:14.078+0000] {dagbag.py:355} ERROR - Failed to import: /opt/airflow/dags/dag_extraction.py
Traceback (most recent call last):
  File "/home/airflow/.local/lib/python3.10/site-packages/airflow/models/dagbag.py", line 351, in parse
    loader.exec_module(new_module)
  File "<frozen importlib._bootstrap_external>", line 883, in exec_module
  File "<frozen importlib._bootstrap>", line 241, in _call_with_frames_removed
  File "/opt/airflow/dags/dag_extraction.py", line 5, in <module>
    from scripts.videos import get_videos
  File "/opt/airflow/scripts/videos.py", line 1, in <module>
    from scripts.channel import uploads_playlist_id , youtube
ImportError: cannot import name 'uploads_playlist_id' from 'scripts.channel' (/opt/airflow/scripts/channel.py)
[2026-09-17T15:13:14.092+0000] {processor.py:842} WARNING - No viable dags retrieved from /opt/airflow/dags/dag_extraction.py
[2026-09-17T15:13:14.114+0000] {processor.py:183} INFO - Processing /opt/airflow/dags/dag_extraction.py took 0.138 seconds
[2026-09-17T15:13:20.209+0000] {processor.py:161} INFO - Started process (PID=2008) to work on /opt/airflow/dags/dag_extraction.py
[2026-09-17T15:13:20.211+0000] {processor.py:830} INFO - Processing file /opt/airflow/dags/dag_extraction.py for tasks to queue
[2026-09-17T15:13:20.212+0000] {logging_mixin.py:188} INFO - [2026-09-17T15:13:20.212+0000] {dagbag.py:545} INFO - Filling up the DagBag from /opt/airflow/dags/dag_extraction.py
[2026-09-17T15:13:20.290+0000] {logging_mixin.py:188} INFO - [2026-09-17T15:13:20.283+0000] {dagbag.py:355} ERROR - Failed to import: /opt/airflow/dags/dag_extraction.py
Traceback (most recent call last):
  File "/home/airflow/.local/lib/python3.10/site-packages/airflow/models/dagbag.py", line 351, in parse
    loader.exec_module(new_module)
  File "<frozen importlib._bootstrap_external>", line 883, in exec_module
  File "<frozen importlib._bootstrap>", line 241, in _call_with_frames_removed
  File "/opt/airflow/dags/dag_extraction.py", line 5, in <module>
    from scripts.videos import get_videos
  File "/opt/airflow/scripts/videos.py", line 1, in <module>
    from scripts.channel import uploads_playlist_id , youtube
ImportError: cannot import name 'uploads_playlist_id' from 'scripts.channel' (/opt/airflow/scripts/channel.py)
[2026-09-17T15:13:20.292+0000] {processor.py:842} WARNING - No viable dags retrieved from /opt/airflow/dags/dag_extraction.py
[2026-09-17T15:13:20.310+0000] {processor.py:183} INFO - Processing /opt/airflow/dags/dag_extraction.py took 0.107 seconds
[2026-09-17T15:13:32.309+0000] {processor.py:161} INFO - Started process (PID=2009) to work on /opt/airflow/dags/dag_extraction.py
[2026-09-17T15:13:32.311+0000] {processor.py:830} INFO - Processing file /opt/airflow/dags/dag_extraction.py for tasks to queue
[2026-09-17T15:13:32.313+0000] {logging_mixin.py:188} INFO - [2026-09-17T15:13:32.312+0000] {dagbag.py:545} INFO - Filling up the DagBag from /opt/airflow/dags/dag_extraction.py
[2026-09-17T15:13:32.395+0000] {logging_mixin.py:188} INFO - [2026-09-17T15:13:32.387+0000] {dagbag.py:355} ERROR - Failed to import: /opt/airflow/dags/dag_extraction.py
Traceback (most recent call last):
  File "/home/airflow/.local/lib/python3.10/site-packages/airflow/models/dagbag.py", line 351, in parse
    loader.exec_module(new_module)
  File "<frozen importlib._bootstrap_external>", line 883, in exec_module
  File "<frozen importlib._bootstrap>", line 241, in _call_with_frames_removed
  File "/opt/airflow/dags/dag_extraction.py", line 5, in <module>
    from scripts.videos import get_videos
  File "/opt/airflow/scripts/videos.py", line 1, in <module>
    from scripts.channel import uploads_playlist_id , youtube
ImportError: cannot import name 'uploads_playlist_id' from 'scripts.channel' (/opt/airflow/scripts/channel.py)
[2026-09-17T15:13:32.397+0000] {processor.py:842} WARNING - No viable dags retrieved from /opt/airflow/dags/dag_extraction.py
[2026-09-17T15:13:32.420+0000] {processor.py:183} INFO - Processing /opt/airflow/dags/dag_extraction.py took 0.119 seconds
[2026-09-17T15:14:02.725+0000] {processor.py:161} INFO - Started process (PID=2017) to work on /opt/airflow/dags/dag_extraction.py
[2026-09-17T15:14:02.727+0000] {processor.py:830} INFO - Processing file /opt/airflow/dags/dag_extraction.py for tasks to queue
[2026-09-17T15:14:02.730+0000] {logging_mixin.py:188} INFO - [2026-09-17T15:14:02.730+0000] {dagbag.py:545} INFO - Filling up the DagBag from /opt/airflow/dags/dag_extraction.py
[2026-09-17T15:14:02.830+0000] {logging_mixin.py:188} INFO - [2026-09-17T15:14:02.821+0000] {dagbag.py:355} ERROR - Failed to import: /opt/airflow/dags/dag_extraction.py
Traceback (most recent call last):
  File "/home/airflow/.local/lib/python3.10/site-packages/airflow/models/dagbag.py", line 351, in parse
    loader.exec_module(new_module)
  File "<frozen importlib._bootstrap_external>", line 883, in exec_module
  File "<frozen importlib._bootstrap>", line 241, in _call_with_frames_removed
  File "/opt/airflow/dags/dag_extraction.py", line 5, in <module>
    from scripts.videos import get_videos
  File "/opt/airflow/scripts/videos.py", line 1, in <module>
    from scripts.channel import uploads_playlist_id , youtube
ImportError: cannot import name 'uploads_playlist_id' from 'scripts.channel' (/opt/airflow/scripts/channel.py)
[2026-09-17T15:14:02.833+0000] {processor.py:842} WARNING - No viable dags retrieved from /opt/airflow/dags/dag_extraction.py
[2026-09-17T15:14:02.854+0000] {processor.py:183} INFO - Processing /opt/airflow/dags/dag_extraction.py took 0.138 seconds
[2026-09-17T15:14:33.142+0000] {processor.py:161} INFO - Started process (PID=2025) to work on /opt/airflow/dags/dag_extraction.py
[2026-09-17T15:14:33.143+0000] {processor.py:830} INFO - Processing file /opt/airflow/dags/dag_extraction.py for tasks to queue
[2026-09-17T15:14:33.145+0000] {logging_mixin.py:188} INFO - [2026-09-17T15:14:33.145+0000] {dagbag.py:545} INFO - Filling up the DagBag from /opt/airflow/dags/dag_extraction.py
[2026-09-17T15:14:33.217+0000] {logging_mixin.py:188} INFO - [2026-09-17T15:14:33.209+0000] {dagbag.py:355} ERROR - Failed to import: /opt/airflow/dags/dag_extraction.py
Traceback (most recent call last):
  File "/home/airflow/.local/lib/python3.10/site-packages/airflow/models/dagbag.py", line 351, in parse
    loader.exec_module(new_module)
  File "<frozen importlib._bootstrap_external>", line 883, in exec_module
  File "<frozen importlib._bootstrap>", line 241, in _call_with_frames_removed
  File "/opt/airflow/dags/dag_extraction.py", line 5, in <module>
    from scripts.videos import get_videos
  File "/opt/airflow/scripts/videos.py", line 1, in <module>
    from scripts.channel import uploads_playlist_id , youtube
ImportError: cannot import name 'uploads_playlist_id' from 'scripts.channel' (/opt/airflow/scripts/channel.py)
[2026-09-17T15:14:33.219+0000] {processor.py:842} WARNING - No viable dags retrieved from /opt/airflow/dags/dag_extraction.py
[2026-09-17T15:14:33.238+0000] {processor.py:183} INFO - Processing /opt/airflow/dags/dag_extraction.py took 0.103 seconds
[2026-09-17T15:15:03.510+0000] {processor.py:161} INFO - Started process (PID=2033) to work on /opt/airflow/dags/dag_extraction.py
[2026-09-17T15:15:03.512+0000] {processor.py:830} INFO - Processing file /opt/airflow/dags/dag_extraction.py for tasks to queue
[2026-09-17T15:15:03.514+0000] {logging_mixin.py:188} INFO - [2026-09-17T15:15:03.514+0000] {dagbag.py:545} INFO - Filling up the DagBag from /opt/airflow/dags/dag_extraction.py
[2026-09-17T15:15:03.589+0000] {logging_mixin.py:188} INFO - [2026-09-17T15:15:03.582+0000] {dagbag.py:355} ERROR - Failed to import: /opt/airflow/dags/dag_extraction.py
Traceback (most recent call last):
  File "/home/airflow/.local/lib/python3.10/site-packages/airflow/models/dagbag.py", line 351, in parse
    loader.exec_module(new_module)
  File "<frozen importlib._bootstrap_external>", line 883, in exec_module
  File "<frozen importlib._bootstrap>", line 241, in _call_with_frames_removed
  File "/opt/airflow/dags/dag_extraction.py", line 5, in <module>
    from scripts.videos import get_videos
  File "/opt/airflow/scripts/videos.py", line 1, in <module>
    from scripts.channel import uploads_playlist_id , youtube
ImportError: cannot import name 'uploads_playlist_id' from 'scripts.channel' (/opt/airflow/scripts/channel.py)
[2026-09-17T15:15:03.591+0000] {processor.py:842} WARNING - No viable dags retrieved from /opt/airflow/dags/dag_extraction.py
[2026-09-17T15:15:03.610+0000] {processor.py:183} INFO - Processing /opt/airflow/dags/dag_extraction.py took 0.106 seconds
[2026-09-17T15:15:33.934+0000] {processor.py:161} INFO - Started process (PID=2041) to work on /opt/airflow/dags/dag_extraction.py
[2026-09-17T15:15:33.936+0000] {processor.py:830} INFO - Processing file /opt/airflow/dags/dag_extraction.py for tasks to queue
[2026-09-17T15:15:33.938+0000] {logging_mixin.py:188} INFO - [2026-09-17T15:15:33.938+0000] {dagbag.py:545} INFO - Filling up the DagBag from /opt/airflow/dags/dag_extraction.py
[2026-09-17T15:15:34.033+0000] {logging_mixin.py:188} INFO - [2026-09-17T15:15:34.025+0000] {dagbag.py:355} ERROR - Failed to import: /opt/airflow/dags/dag_extraction.py
Traceback (most recent call last):
  File "/home/airflow/.local/lib/python3.10/site-packages/airflow/models/dagbag.py", line 351, in parse
    loader.exec_module(new_module)
  File "<frozen importlib._bootstrap_external>", line 883, in exec_module
  File "<frozen importlib._bootstrap>", line 241, in _call_with_frames_removed
  File "/opt/airflow/dags/dag_extraction.py", line 5, in <module>
    from scripts.videos import get_videos
  File "/opt/airflow/scripts/videos.py", line 1, in <module>
    from scripts.channel import uploads_playlist_id , youtube
ImportError: cannot import name 'uploads_playlist_id' from 'scripts.channel' (/opt/airflow/scripts/channel.py)
[2026-09-17T15:15:34.037+0000] {processor.py:842} WARNING - No viable dags retrieved from /opt/airflow/dags/dag_extraction.py
[2026-09-17T15:15:34.056+0000] {processor.py:183} INFO - Processing /opt/airflow/dags/dag_extraction.py took 0.130 seconds
[2026-09-17T15:16:04.347+0000] {processor.py:161} INFO - Started process (PID=2049) to work on /opt/airflow/dags/dag_extraction.py
[2026-09-17T15:16:04.350+0000] {processor.py:830} INFO - Processing file /opt/airflow/dags/dag_extraction.py for tasks to queue
[2026-09-17T15:16:04.352+0000] {logging_mixin.py:188} INFO - [2026-09-17T15:16:04.352+0000] {dagbag.py:545} INFO - Filling up the DagBag from /opt/airflow/dags/dag_extraction.py
[2026-09-17T15:16:04.433+0000] {logging_mixin.py:188} INFO - [2026-09-17T15:16:04.425+0000] {dagbag.py:355} ERROR - Failed to import: /opt/airflow/dags/dag_extraction.py
Traceback (most recent call last):
  File "/home/airflow/.local/lib/python3.10/site-packages/airflow/models/dagbag.py", line 351, in parse
    loader.exec_module(new_module)
  File "<frozen importlib._bootstrap_external>", line 883, in exec_module
  File "<frozen importlib._bootstrap>", line 241, in _call_with_frames_removed
  File "/opt/airflow/dags/dag_extraction.py", line 5, in <module>
    from scripts.videos import get_videos
  File "/opt/airflow/scripts/videos.py", line 1, in <module>
    from scripts.channel import uploads_playlist_id , youtube
ImportError: cannot import name 'uploads_playlist_id' from 'scripts.channel' (/opt/airflow/scripts/channel.py)
[2026-09-17T15:16:04.435+0000] {processor.py:842} WARNING - No viable dags retrieved from /opt/airflow/dags/dag_extraction.py
[2026-09-17T15:16:04.456+0000] {processor.py:183} INFO - Processing /opt/airflow/dags/dag_extraction.py took 0.116 seconds
[2026-09-17T15:16:34.736+0000] {processor.py:161} INFO - Started process (PID=2057) to work on /opt/airflow/dags/dag_extraction.py
[2026-09-17T15:16:34.739+0000] {processor.py:830} INFO - Processing file /opt/airflow/dags/dag_extraction.py for tasks to queue
[2026-09-17T15:16:34.742+0000] {logging_mixin.py:188} INFO - [2026-09-17T15:16:34.741+0000] {dagbag.py:545} INFO - Filling up the DagBag from /opt/airflow/dags/dag_extraction.py
[2026-09-17T15:16:34.817+0000] {logging_mixin.py:188} INFO - [2026-09-17T15:16:34.810+0000] {dagbag.py:355} ERROR - Failed to import: /opt/airflow/dags/dag_extraction.py
Traceback (most recent call last):
  File "/home/airflow/.local/lib/python3.10/site-packages/airflow/models/dagbag.py", line 351, in parse
    loader.exec_module(new_module)
  File "<frozen importlib._bootstrap_external>", line 883, in exec_module
  File "<frozen importlib._bootstrap>", line 241, in _call_with_frames_removed
  File "/opt/airflow/dags/dag_extraction.py", line 5, in <module>
    from scripts.videos import get_videos
  File "/opt/airflow/scripts/videos.py", line 1, in <module>
    from scripts.channel import uploads_playlist_id , youtube
ImportError: cannot import name 'uploads_playlist_id' from 'scripts.channel' (/opt/airflow/scripts/channel.py)
[2026-09-17T15:16:34.819+0000] {processor.py:842} WARNING - No viable dags retrieved from /opt/airflow/dags/dag_extraction.py
[2026-09-17T15:16:34.837+0000] {processor.py:183} INFO - Processing /opt/airflow/dags/dag_extraction.py took 0.107 seconds
[2026-09-17T15:17:05.152+0000] {processor.py:161} INFO - Started process (PID=2065) to work on /opt/airflow/dags/dag_extraction.py
[2026-09-17T15:17:05.155+0000] {processor.py:830} INFO - Processing file /opt/airflow/dags/dag_extraction.py for tasks to queue
[2026-09-17T15:17:05.157+0000] {logging_mixin.py:188} INFO - [2026-09-17T15:17:05.156+0000] {dagbag.py:545} INFO - Filling up the DagBag from /opt/airflow/dags/dag_extraction.py
[2026-09-17T15:17:05.230+0000] {logging_mixin.py:188} INFO - [2026-09-17T15:17:05.222+0000] {dagbag.py:355} ERROR - Failed to import: /opt/airflow/dags/dag_extraction.py
Traceback (most recent call last):
  File "/home/airflow/.local/lib/python3.10/site-packages/airflow/models/dagbag.py", line 351, in parse
    loader.exec_module(new_module)
  File "<frozen importlib._bootstrap_external>", line 883, in exec_module
  File "<frozen importlib._bootstrap>", line 241, in _call_with_frames_removed
  File "/opt/airflow/dags/dag_extraction.py", line 5, in <module>
    from scripts.videos import get_videos
  File "/opt/airflow/scripts/videos.py", line 1, in <module>
    from scripts.channel import uploads_playlist_id , youtube
ImportError: cannot import name 'uploads_playlist_id' from 'scripts.channel' (/opt/airflow/scripts/channel.py)
[2026-09-17T15:17:05.232+0000] {processor.py:842} WARNING - No viable dags retrieved from /opt/airflow/dags/dag_extraction.py
[2026-09-17T15:17:05.252+0000] {processor.py:183} INFO - Processing /opt/airflow/dags/dag_extraction.py took 0.107 seconds
[2026-09-17T15:17:35.536+0000] {processor.py:161} INFO - Started process (PID=2073) to work on /opt/airflow/dags/dag_extraction.py
[2026-09-17T15:17:35.539+0000] {processor.py:830} INFO - Processing file /opt/airflow/dags/dag_extraction.py for tasks to queue
[2026-09-17T15:17:35.541+0000] {logging_mixin.py:188} INFO - [2026-09-17T15:17:35.541+0000] {dagbag.py:545} INFO - Filling up the DagBag from /opt/airflow/dags/dag_extraction.py
[2026-09-17T15:17:35.616+0000] {logging_mixin.py:188} INFO - [2026-09-17T15:17:35.609+0000] {dagbag.py:355} ERROR - Failed to import: /opt/airflow/dags/dag_extraction.py
Traceback (most recent call last):
  File "/home/airflow/.local/lib/python3.10/site-packages/airflow/models/dagbag.py", line 351, in parse
    loader.exec_module(new_module)
  File "<frozen importlib._bootstrap_external>", line 883, in exec_module
  File "<frozen importlib._bootstrap>", line 241, in _call_with_frames_removed
  File "/opt/airflow/dags/dag_extraction.py", line 5, in <module>
    from scripts.videos import get_videos
  File "/opt/airflow/scripts/videos.py", line 1, in <module>
    from scripts.channel import uploads_playlist_id , youtube
ImportError: cannot import name 'uploads_playlist_id' from 'scripts.channel' (/opt/airflow/scripts/channel.py)
[2026-09-17T15:17:35.619+0000] {processor.py:842} WARNING - No viable dags retrieved from /opt/airflow/dags/dag_extraction.py
[2026-09-17T15:17:35.638+0000] {processor.py:183} INFO - Processing /opt/airflow/dags/dag_extraction.py took 0.108 seconds
[2026-09-17T15:18:05.960+0000] {processor.py:161} INFO - Started process (PID=2081) to work on /opt/airflow/dags/dag_extraction.py
[2026-09-17T15:18:05.964+0000] {processor.py:830} INFO - Processing file /opt/airflow/dags/dag_extraction.py for tasks to queue
[2026-09-17T15:18:05.966+0000] {logging_mixin.py:188} INFO - [2026-09-17T15:18:05.966+0000] {dagbag.py:545} INFO - Filling up the DagBag from /opt/airflow/dags/dag_extraction.py
[2026-09-17T15:18:06.060+0000] {logging_mixin.py:188} INFO - [2026-09-17T15:18:06.053+0000] {dagbag.py:355} ERROR - Failed to import: /opt/airflow/dags/dag_extraction.py
Traceback (most recent call last):
  File "/home/airflow/.local/lib/python3.10/site-packages/airflow/models/dagbag.py", line 351, in parse
    loader.exec_module(new_module)
  File "<frozen importlib._bootstrap_external>", line 883, in exec_module
  File "<frozen importlib._bootstrap>", line 241, in _call_with_frames_removed
  File "/opt/airflow/dags/dag_extraction.py", line 5, in <module>
    from scripts.videos import get_videos
  File "/opt/airflow/scripts/videos.py", line 1, in <module>
    from scripts.channel import uploads_playlist_id , youtube
ImportError: cannot import name 'uploads_playlist_id' from 'scripts.channel' (/opt/airflow/scripts/channel.py)
[2026-09-17T15:18:06.062+0000] {processor.py:842} WARNING - No viable dags retrieved from /opt/airflow/dags/dag_extraction.py
[2026-09-17T15:18:06.083+0000] {processor.py:183} INFO - Processing /opt/airflow/dags/dag_extraction.py took 0.129 seconds
[2026-09-17T15:18:36.391+0000] {processor.py:161} INFO - Started process (PID=2089) to work on /opt/airflow/dags/dag_extraction.py
[2026-09-17T15:18:36.394+0000] {processor.py:830} INFO - Processing file /opt/airflow/dags/dag_extraction.py for tasks to queue
[2026-09-17T15:18:36.397+0000] {logging_mixin.py:188} INFO - [2026-09-17T15:18:36.396+0000] {dagbag.py:545} INFO - Filling up the DagBag from /opt/airflow/dags/dag_extraction.py
[2026-09-17T15:18:36.476+0000] {logging_mixin.py:188} INFO - [2026-09-17T15:18:36.469+0000] {dagbag.py:355} ERROR - Failed to import: /opt/airflow/dags/dag_extraction.py
Traceback (most recent call last):
  File "/home/airflow/.local/lib/python3.10/site-packages/airflow/models/dagbag.py", line 351, in parse
    loader.exec_module(new_module)
  File "<frozen importlib._bootstrap_external>", line 883, in exec_module
  File "<frozen importlib._bootstrap>", line 241, in _call_with_frames_removed
  File "/opt/airflow/dags/dag_extraction.py", line 5, in <module>
    from scripts.videos import get_videos
  File "/opt/airflow/scripts/videos.py", line 1, in <module>
    from scripts.channel import uploads_playlist_id , youtube
ImportError: cannot import name 'uploads_playlist_id' from 'scripts.channel' (/opt/airflow/scripts/channel.py)
[2026-09-17T15:18:36.479+0000] {processor.py:842} WARNING - No viable dags retrieved from /opt/airflow/dags/dag_extraction.py
[2026-09-17T15:18:36.501+0000] {processor.py:183} INFO - Processing /opt/airflow/dags/dag_extraction.py took 0.118 seconds
[2026-09-17T15:19:06.780+0000] {processor.py:161} INFO - Started process (PID=2097) to work on /opt/airflow/dags/dag_extraction.py
[2026-09-17T15:19:06.783+0000] {processor.py:830} INFO - Processing file /opt/airflow/dags/dag_extraction.py for tasks to queue
[2026-09-17T15:19:06.785+0000] {logging_mixin.py:188} INFO - [2026-09-17T15:19:06.785+0000] {dagbag.py:545} INFO - Filling up the DagBag from /opt/airflow/dags/dag_extraction.py
[2026-09-17T15:19:06.899+0000] {logging_mixin.py:188} INFO - [2026-09-17T15:19:06.891+0000] {dagbag.py:355} ERROR - Failed to import: /opt/airflow/dags/dag_extraction.py
Traceback (most recent call last):
  File "/home/airflow/.local/lib/python3.10/site-packages/airflow/models/dagbag.py", line 351, in parse
    loader.exec_module(new_module)
  File "<frozen importlib._bootstrap_external>", line 883, in exec_module
  File "<frozen importlib._bootstrap>", line 241, in _call_with_frames_removed
  File "/opt/airflow/dags/dag_extraction.py", line 6, in <module>
    from scripts.videos_details import get_videos_details
  File "/opt/airflow/scripts/videos_details.py", line 1, in <module>
    from scripts.channel import  youtube
ImportError: cannot import name 'youtube' from 'scripts.channel' (/opt/airflow/scripts/channel.py)
[2026-09-17T15:19:06.902+0000] {processor.py:842} WARNING - No viable dags retrieved from /opt/airflow/dags/dag_extraction.py
[2026-09-17T15:19:06.923+0000] {processor.py:183} INFO - Processing /opt/airflow/dags/dag_extraction.py took 0.150 seconds
[2026-09-17T15:19:37.200+0000] {processor.py:161} INFO - Started process (PID=2105) to work on /opt/airflow/dags/dag_extraction.py
[2026-09-17T15:19:37.204+0000] {processor.py:830} INFO - Processing file /opt/airflow/dags/dag_extraction.py for tasks to queue
[2026-09-17T15:19:37.208+0000] {logging_mixin.py:188} INFO - [2026-09-17T15:19:37.207+0000] {dagbag.py:545} INFO - Filling up the DagBag from /opt/airflow/dags/dag_extraction.py
[2026-09-17T15:19:37.302+0000] {logging_mixin.py:188} INFO - [2026-09-17T15:19:37.302+0000] {__init__.py:49} INFO - file_cache is only supported with oauth2client<4.0.0
[2026-09-17T15:19:37.967+0000] {logging_mixin.py:188} INFO - [2026-09-17T15:19:37.959+0000] {dagbag.py:355} ERROR - Failed to import: /opt/airflow/dags/dag_extraction.py
Traceback (most recent call last):
  File "/home/airflow/.local/lib/python3.10/site-packages/airflow/models/dagbag.py", line 351, in parse
    loader.exec_module(new_module)
  File "<frozen importlib._bootstrap_external>", line 883, in exec_module
  File "<frozen importlib._bootstrap>", line 241, in _call_with_frames_removed
  File "/opt/airflow/dags/dag_extraction.py", line 6, in <module>
    from scripts.videos_details import get_videos_details
  File "/opt/airflow/scripts/videos_details.py", line 1, in <module>
    from scripts.channel import  youtube
ImportError: cannot import name 'youtube' from 'scripts.channel' (/opt/airflow/scripts/channel.py)
[2026-09-17T15:19:37.969+0000] {processor.py:842} WARNING - No viable dags retrieved from /opt/airflow/dags/dag_extraction.py
[2026-09-17T15:19:37.989+0000] {processor.py:183} INFO - Processing /opt/airflow/dags/dag_extraction.py took 0.796 seconds
[2026-09-17T15:20:08.589+0000] {processor.py:161} INFO - Started process (PID=2113) to work on /opt/airflow/dags/dag_extraction.py
[2026-09-17T15:20:08.592+0000] {processor.py:830} INFO - Processing file /opt/airflow/dags/dag_extraction.py for tasks to queue
[2026-09-17T15:20:08.594+0000] {logging_mixin.py:188} INFO - [2026-09-17T15:20:08.594+0000] {dagbag.py:545} INFO - Filling up the DagBag from /opt/airflow/dags/dag_extraction.py
[2026-09-17T15:20:08.683+0000] {logging_mixin.py:188} INFO - [2026-09-17T15:20:08.682+0000] {__init__.py:49} INFO - file_cache is only supported with oauth2client<4.0.0
[2026-09-17T15:20:11.870+0000] {logging_mixin.py:188} INFO - [2026-09-17T15:20:11.859+0000] {dagbag.py:355} ERROR - Failed to import: /opt/airflow/dags/dag_extraction.py
Traceback (most recent call last):
  File "/home/airflow/.local/lib/python3.10/site-packages/airflow/models/dagbag.py", line 351, in parse
    loader.exec_module(new_module)
  File "<frozen importlib._bootstrap_external>", line 883, in exec_module
  File "<frozen importlib._bootstrap>", line 241, in _call_with_frames_removed
  File "/opt/airflow/dags/dag_extraction.py", line 6, in <module>
    from scripts.videos_details import get_videos_details
  File "/opt/airflow/scripts/videos_details.py", line 1, in <module>
    from scripts.channel import  youtube
ImportError: cannot import name 'youtube' from 'scripts.channel' (/opt/airflow/scripts/channel.py)
[2026-09-17T15:20:11.872+0000] {processor.py:842} WARNING - No viable dags retrieved from /opt/airflow/dags/dag_extraction.py
[2026-09-17T15:20:11.892+0000] {processor.py:183} INFO - Processing /opt/airflow/dags/dag_extraction.py took 3.310 seconds
[2026-09-17T15:20:41.975+0000] {processor.py:161} INFO - Started process (PID=2121) to work on /opt/airflow/dags/dag_extraction.py
[2026-09-17T15:20:41.977+0000] {processor.py:830} INFO - Processing file /opt/airflow/dags/dag_extraction.py for tasks to queue
[2026-09-17T15:20:41.979+0000] {logging_mixin.py:188} INFO - [2026-09-17T15:20:41.979+0000] {dagbag.py:545} INFO - Filling up the DagBag from /opt/airflow/dags/dag_extraction.py
[2026-09-17T15:20:42.056+0000] {logging_mixin.py:188} INFO - [2026-09-17T15:20:42.055+0000] {__init__.py:49} INFO - file_cache is only supported with oauth2client<4.0.0
[2026-09-17T15:20:43.698+0000] {logging_mixin.py:188} INFO - [2026-09-17T15:20:43.693+0000] {dagbag.py:355} ERROR - Failed to import: /opt/airflow/dags/dag_extraction.py
Traceback (most recent call last):
  File "/home/airflow/.local/lib/python3.10/site-packages/airflow/models/dagbag.py", line 351, in parse
    loader.exec_module(new_module)
  File "<frozen importlib._bootstrap_external>", line 883, in exec_module
  File "<frozen importlib._bootstrap>", line 241, in _call_with_frames_removed
  File "/opt/airflow/dags/dag_extraction.py", line 6, in <module>
    from scripts.videos_details import get_videos_details
  File "/opt/airflow/scripts/videos_details.py", line 1, in <module>
    from scripts.channel import  youtube
ImportError: cannot import name 'youtube' from 'scripts.channel' (/opt/airflow/scripts/channel.py)
[2026-09-17T15:20:43.701+0000] {processor.py:842} WARNING - No viable dags retrieved from /opt/airflow/dags/dag_extraction.py
[2026-09-17T15:20:43.720+0000] {processor.py:183} INFO - Processing /opt/airflow/dags/dag_extraction.py took 1.751 seconds
[2026-09-17T15:21:14.335+0000] {processor.py:161} INFO - Started process (PID=2129) to work on /opt/airflow/dags/dag_extraction.py
[2026-09-17T15:21:14.336+0000] {processor.py:830} INFO - Processing file /opt/airflow/dags/dag_extraction.py for tasks to queue
[2026-09-17T15:21:14.338+0000] {logging_mixin.py:188} INFO - [2026-09-17T15:21:14.338+0000] {dagbag.py:545} INFO - Filling up the DagBag from /opt/airflow/dags/dag_extraction.py
[2026-09-17T15:21:14.421+0000] {logging_mixin.py:188} INFO - [2026-09-17T15:21:14.421+0000] {__init__.py:49} INFO - file_cache is only supported with oauth2client<4.0.0
[2026-09-17T15:21:17.389+0000] {logging_mixin.py:188} INFO - [2026-09-17T15:21:17.384+0000] {dagbag.py:355} ERROR - Failed to import: /opt/airflow/dags/dag_extraction.py
Traceback (most recent call last):
  File "/home/airflow/.local/lib/python3.10/site-packages/airflow/models/dagbag.py", line 351, in parse
    loader.exec_module(new_module)
  File "<frozen importlib._bootstrap_external>", line 883, in exec_module
  File "<frozen importlib._bootstrap>", line 241, in _call_with_frames_removed
  File "/opt/airflow/dags/dag_extraction.py", line 6, in <module>
    from scripts.videos_details import get_videos_details
  File "/opt/airflow/scripts/videos_details.py", line 3, in <module>
    from scripts.details import get_videos_details
ModuleNotFoundError: No module named 'scripts.details'
[2026-09-17T15:21:17.391+0000] {processor.py:842} WARNING - No viable dags retrieved from /opt/airflow/dags/dag_extraction.py
[2026-09-17T15:21:17.412+0000] {processor.py:183} INFO - Processing /opt/airflow/dags/dag_extraction.py took 3.084 seconds
[2026-09-17T15:21:47.698+0000] {processor.py:161} INFO - Started process (PID=2143) to work on /opt/airflow/dags/dag_extraction.py
[2026-09-17T15:21:47.701+0000] {processor.py:830} INFO - Processing file /opt/airflow/dags/dag_extraction.py for tasks to queue
[2026-09-17T15:21:47.703+0000] {logging_mixin.py:188} INFO - [2026-09-17T15:21:47.702+0000] {dagbag.py:545} INFO - Filling up the DagBag from /opt/airflow/dags/dag_extraction.py
[2026-09-17T15:21:47.774+0000] {logging_mixin.py:188} INFO - [2026-09-17T15:21:47.774+0000] {__init__.py:49} INFO - file_cache is only supported with oauth2client<4.0.0
[2026-09-17T15:21:50.092+0000] {logging_mixin.py:188} INFO - [2026-09-17T15:21:50.083+0000] {dagbag.py:355} ERROR - Failed to import: /opt/airflow/dags/dag_extraction.py
Traceback (most recent call last):
  File "/home/airflow/.local/lib/python3.10/site-packages/airflow/models/dagbag.py", line 351, in parse
    loader.exec_module(new_module)
  File "<frozen importlib._bootstrap_external>", line 883, in exec_module
  File "<frozen importlib._bootstrap>", line 241, in _call_with_frames_removed
  File "/opt/airflow/dags/dag_extraction.py", line 6, in <module>
    from scripts.videos_details import get_videos_details
  File "/opt/airflow/scripts/videos_details.py", line 3, in <module>
    from scripts.videos_details import get_videos_details
ImportError: cannot import name 'get_videos_details' from partially initialized module 'scripts.videos_details' (most likely due to a circular import) (/opt/airflow/scripts/videos_details.py)
[2026-09-17T15:21:50.094+0000] {processor.py:842} WARNING - No viable dags retrieved from /opt/airflow/dags/dag_extraction.py
[2026-09-17T15:21:50.117+0000] {processor.py:183} INFO - Processing /opt/airflow/dags/dag_extraction.py took 2.425 seconds
[2026-09-17T15:22:20.314+0000] {processor.py:161} INFO - Started process (PID=2151) to work on /opt/airflow/dags/dag_extraction.py
[2026-09-17T15:22:20.317+0000] {processor.py:830} INFO - Processing file /opt/airflow/dags/dag_extraction.py for tasks to queue
[2026-09-17T15:22:20.319+0000] {logging_mixin.py:188} INFO - [2026-09-17T15:22:20.319+0000] {dagbag.py:545} INFO - Filling up the DagBag from /opt/airflow/dags/dag_extraction.py
[2026-09-17T15:22:20.391+0000] {logging_mixin.py:188} INFO - [2026-09-17T15:22:20.391+0000] {__init__.py:49} INFO - file_cache is only supported with oauth2client<4.0.0
[2026-09-17T15:22:20.985+0000] {logging_mixin.py:188} INFO - [2026-09-17T15:22:20.980+0000] {dagbag.py:355} ERROR - Failed to import: /opt/airflow/dags/dag_extraction.py
Traceback (most recent call last):
  File "/home/airflow/.local/lib/python3.10/site-packages/airflow/models/dagbag.py", line 351, in parse
    loader.exec_module(new_module)
  File "<frozen importlib._bootstrap_external>", line 883, in exec_module
  File "<frozen importlib._bootstrap>", line 241, in _call_with_frames_removed
  File "/opt/airflow/dags/dag_extraction.py", line 6, in <module>
    from scripts.videos_details import get_videos_details
  File "/opt/airflow/scripts/videos_details.py", line 3, in <module>
    from scripts.videos_details import get_videos_details
ImportError: cannot import name 'get_videos_details' from partially initialized module 'scripts.videos_details' (most likely due to a circular import) (/opt/airflow/scripts/videos_details.py)
[2026-09-17T15:22:20.988+0000] {processor.py:842} WARNING - No viable dags retrieved from /opt/airflow/dags/dag_extraction.py
[2026-09-17T15:22:21.015+0000] {processor.py:183} INFO - Processing /opt/airflow/dags/dag_extraction.py took 0.707 seconds
[2026-09-17T15:22:51.625+0000] {processor.py:161} INFO - Started process (PID=2159) to work on /opt/airflow/dags/dag_extraction.py
[2026-09-17T15:22:51.630+0000] {processor.py:830} INFO - Processing file /opt/airflow/dags/dag_extraction.py for tasks to queue
[2026-09-17T15:22:51.632+0000] {logging_mixin.py:188} INFO - [2026-09-17T15:22:51.632+0000] {dagbag.py:545} INFO - Filling up the DagBag from /opt/airflow/dags/dag_extraction.py
[2026-09-17T15:22:51.732+0000] {logging_mixin.py:188} INFO - [2026-09-17T15:22:51.732+0000] {__init__.py:49} INFO - file_cache is only supported with oauth2client<4.0.0
[2026-09-17T15:22:52.116+0000] {logging_mixin.py:188} INFO - [2026-09-17T15:22:52.111+0000] {dagbag.py:355} ERROR - Failed to import: /opt/airflow/dags/dag_extraction.py
Traceback (most recent call last):
  File "/home/airflow/.local/lib/python3.10/site-packages/airflow/models/dagbag.py", line 351, in parse
    loader.exec_module(new_module)
  File "<frozen importlib._bootstrap_external>", line 883, in exec_module
  File "<frozen importlib._bootstrap>", line 241, in _call_with_frames_removed
  File "/opt/airflow/dags/dag_extraction.py", line 6, in <module>
    from scripts.videos_details import get_videos_details
  File "/opt/airflow/scripts/videos_details.py", line 3, in <module>
    from scripts.videos_details import get_videos_details
ImportError: cannot import name 'get_videos_details' from partially initialized module 'scripts.videos_details' (most likely due to a circular import) (/opt/airflow/scripts/videos_details.py)
[2026-09-17T15:22:52.119+0000] {processor.py:842} WARNING - No viable dags retrieved from /opt/airflow/dags/dag_extraction.py
[2026-09-17T15:22:52.139+0000] {processor.py:183} INFO - Processing /opt/airflow/dags/dag_extraction.py took 0.522 seconds
[2026-09-17T15:23:22.245+0000] {processor.py:161} INFO - Started process (PID=2168) to work on /opt/airflow/dags/dag_extraction.py
[2026-09-17T15:23:22.247+0000] {processor.py:830} INFO - Processing file /opt/airflow/dags/dag_extraction.py for tasks to queue
[2026-09-17T15:23:22.248+0000] {logging_mixin.py:188} INFO - [2026-09-17T15:23:22.248+0000] {dagbag.py:545} INFO - Filling up the DagBag from /opt/airflow/dags/dag_extraction.py
[2026-09-17T15:23:22.321+0000] {logging_mixin.py:188} INFO - [2026-09-17T15:23:22.321+0000] {__init__.py:49} INFO - file_cache is only supported with oauth2client<4.0.0
[2026-09-17T15:23:23.034+0000] {logging_mixin.py:188} INFO - [2026-09-17T15:23:23.026+0000] {dagbag.py:355} ERROR - Failed to import: /opt/airflow/dags/dag_extraction.py
Traceback (most recent call last):
  File "/home/airflow/.local/lib/python3.10/site-packages/airflow/models/dagbag.py", line 351, in parse
    loader.exec_module(new_module)
  File "<frozen importlib._bootstrap_external>", line 883, in exec_module
  File "<frozen importlib._bootstrap>", line 241, in _call_with_frames_removed
  File "/opt/airflow/dags/dag_extraction.py", line 6, in <module>
    from scripts.videos_details import get_videos_details
  File "/opt/airflow/scripts/videos_details.py", line 3, in <module>
    from scripts.videos_details import get_videos_details
ImportError: cannot import name 'get_videos_details' from partially initialized module 'scripts.videos_details' (most likely due to a circular import) (/opt/airflow/scripts/videos_details.py)
[2026-09-17T15:23:23.036+0000] {processor.py:842} WARNING - No viable dags retrieved from /opt/airflow/dags/dag_extraction.py
[2026-09-17T15:23:23.057+0000] {processor.py:183} INFO - Processing /opt/airflow/dags/dag_extraction.py took 0.818 seconds
[2026-09-17T15:23:53.481+0000] {processor.py:161} INFO - Started process (PID=2176) to work on /opt/airflow/dags/dag_extraction.py
[2026-09-17T15:23:53.484+0000] {processor.py:830} INFO - Processing file /opt/airflow/dags/dag_extraction.py for tasks to queue
[2026-09-17T15:23:53.487+0000] {logging_mixin.py:188} INFO - [2026-09-17T15:23:53.486+0000] {dagbag.py:545} INFO - Filling up the DagBag from /opt/airflow/dags/dag_extraction.py
[2026-09-17T15:23:53.615+0000] {logging_mixin.py:188} INFO - [2026-09-17T15:23:53.614+0000] {__init__.py:49} INFO - file_cache is only supported with oauth2client<4.0.0
[2026-09-17T15:23:54.118+0000] {logging_mixin.py:188} INFO - [2026-09-17T15:23:54.051+0000] {dagbag.py:355} ERROR - Failed to import: /opt/airflow/dags/dag_extraction.py
Traceback (most recent call last):
  File "/home/airflow/.local/lib/python3.10/site-packages/airflow/models/dagbag.py", line 351, in parse
    loader.exec_module(new_module)
  File "<frozen importlib._bootstrap_external>", line 883, in exec_module
  File "<frozen importlib._bootstrap>", line 241, in _call_with_frames_removed
  File "/opt/airflow/dags/dag_extraction.py", line 6, in <module>
    from scripts.videos_details import get_videos_details
  File "/opt/airflow/scripts/videos_details.py", line 3, in <module>
    from scripts.videos_details import get_videos_details
ImportError: cannot import name 'get_videos_details' from partially initialized module 'scripts.videos_details' (most likely due to a circular import) (/opt/airflow/scripts/videos_details.py)
[2026-09-17T15:23:54.122+0000] {processor.py:842} WARNING - No viable dags retrieved from /opt/airflow/dags/dag_extraction.py
[2026-09-17T15:23:54.156+0000] {processor.py:183} INFO - Processing /opt/airflow/dags/dag_extraction.py took 0.680 seconds
[2026-09-17T15:24:24.766+0000] {processor.py:161} INFO - Started process (PID=2184) to work on /opt/airflow/dags/dag_extraction.py
[2026-09-17T15:24:24.769+0000] {processor.py:830} INFO - Processing file /opt/airflow/dags/dag_extraction.py for tasks to queue
[2026-09-17T15:24:24.771+0000] {logging_mixin.py:188} INFO - [2026-09-17T15:24:24.771+0000] {dagbag.py:545} INFO - Filling up the DagBag from /opt/airflow/dags/dag_extraction.py
[2026-09-17T15:24:24.840+0000] {logging_mixin.py:188} INFO - [2026-09-17T15:24:24.840+0000] {__init__.py:49} INFO - file_cache is only supported with oauth2client<4.0.0
[2026-09-17T15:24:25.301+0000] {logging_mixin.py:188} INFO - [2026-09-17T15:24:25.295+0000] {dagbag.py:355} ERROR - Failed to import: /opt/airflow/dags/dag_extraction.py
Traceback (most recent call last):
  File "/home/airflow/.local/lib/python3.10/site-packages/airflow/models/dagbag.py", line 351, in parse
    loader.exec_module(new_module)
  File "<frozen importlib._bootstrap_external>", line 883, in exec_module
  File "<frozen importlib._bootstrap>", line 241, in _call_with_frames_removed
  File "/opt/airflow/dags/dag_extraction.py", line 6, in <module>
    from scripts.videos_details import get_videos_details
  File "/opt/airflow/scripts/videos_details.py", line 3, in <module>
    from scripts.videos_details import get_videos_details
ImportError: cannot import name 'get_videos_details' from partially initialized module 'scripts.videos_details' (most likely due to a circular import) (/opt/airflow/scripts/videos_details.py)
[2026-09-17T15:24:25.303+0000] {processor.py:842} WARNING - No viable dags retrieved from /opt/airflow/dags/dag_extraction.py
[2026-09-17T15:24:25.322+0000] {processor.py:183} INFO - Processing /opt/airflow/dags/dag_extraction.py took 0.562 seconds
[2026-09-17T15:24:56.147+0000] {processor.py:161} INFO - Started process (PID=2192) to work on /opt/airflow/dags/dag_extraction.py
[2026-09-17T15:24:56.150+0000] {processor.py:830} INFO - Processing file /opt/airflow/dags/dag_extraction.py for tasks to queue
[2026-09-17T15:24:56.153+0000] {logging_mixin.py:188} INFO - [2026-09-17T15:24:56.153+0000] {dagbag.py:545} INFO - Filling up the DagBag from /opt/airflow/dags/dag_extraction.py
[2026-09-17T15:24:56.247+0000] {logging_mixin.py:188} INFO - [2026-09-17T15:24:56.247+0000] {__init__.py:49} INFO - file_cache is only supported with oauth2client<4.0.0
[2026-09-17T15:24:57.349+0000] {logging_mixin.py:188} INFO - [2026-09-17T15:24:57.342+0000] {dagbag.py:355} ERROR - Failed to import: /opt/airflow/dags/dag_extraction.py
Traceback (most recent call last):
  File "/home/airflow/.local/lib/python3.10/site-packages/airflow/models/dagbag.py", line 351, in parse
    loader.exec_module(new_module)
  File "<frozen importlib._bootstrap_external>", line 883, in exec_module
  File "<frozen importlib._bootstrap>", line 241, in _call_with_frames_removed
  File "/opt/airflow/dags/dag_extraction.py", line 6, in <module>
    from scripts.videos_details import get_videos_details
  File "/opt/airflow/scripts/videos_details.py", line 3, in <module>
    from scripts.videos_details import get_videos_details
ImportError: cannot import name 'get_videos_details' from partially initialized module 'scripts.videos_details' (most likely due to a circular import) (/opt/airflow/scripts/videos_details.py)
[2026-09-17T15:24:57.352+0000] {processor.py:842} WARNING - No viable dags retrieved from /opt/airflow/dags/dag_extraction.py
[2026-09-17T15:24:57.374+0000] {processor.py:183} INFO - Processing /opt/airflow/dags/dag_extraction.py took 1.233 seconds
[2026-09-17T15:25:27.629+0000] {processor.py:161} INFO - Started process (PID=2200) to work on /opt/airflow/dags/dag_extraction.py
[2026-09-17T15:25:27.634+0000] {processor.py:830} INFO - Processing file /opt/airflow/dags/dag_extraction.py for tasks to queue
[2026-09-17T15:25:27.635+0000] {logging_mixin.py:188} INFO - [2026-09-17T15:25:27.635+0000] {dagbag.py:545} INFO - Filling up the DagBag from /opt/airflow/dags/dag_extraction.py
[2026-09-17T15:25:27.711+0000] {logging_mixin.py:188} INFO - [2026-09-17T15:25:27.711+0000] {__init__.py:49} INFO - file_cache is only supported with oauth2client<4.0.0
[2026-09-17T15:25:28.210+0000] {logging_mixin.py:188} INFO - [2026-09-17T15:25:28.193+0000] {dagbag.py:355} ERROR - Failed to import: /opt/airflow/dags/dag_extraction.py
Traceback (most recent call last):
  File "/home/airflow/.local/lib/python3.10/site-packages/airflow/models/dagbag.py", line 351, in parse
    loader.exec_module(new_module)
  File "<frozen importlib._bootstrap_external>", line 883, in exec_module
  File "<frozen importlib._bootstrap>", line 241, in _call_with_frames_removed
  File "/opt/airflow/dags/dag_extraction.py", line 6, in <module>
    from scripts.videos_details import get_videos_details
  File "/opt/airflow/scripts/videos_details.py", line 3, in <module>
    from scripts.videos_details import get_videos_details
ImportError: cannot import name 'get_videos_details' from partially initialized module 'scripts.videos_details' (most likely due to a circular import) (/opt/airflow/scripts/videos_details.py)
[2026-09-17T15:25:28.213+0000] {processor.py:842} WARNING - No viable dags retrieved from /opt/airflow/dags/dag_extraction.py
[2026-09-17T15:25:28.245+0000] {processor.py:183} INFO - Processing /opt/airflow/dags/dag_extraction.py took 0.625 seconds
[2026-09-17T15:25:58.942+0000] {processor.py:161} INFO - Started process (PID=2208) to work on /opt/airflow/dags/dag_extraction.py
[2026-09-17T15:25:58.946+0000] {processor.py:830} INFO - Processing file /opt/airflow/dags/dag_extraction.py for tasks to queue
[2026-09-17T15:25:58.948+0000] {logging_mixin.py:188} INFO - [2026-09-17T15:25:58.947+0000] {dagbag.py:545} INFO - Filling up the DagBag from /opt/airflow/dags/dag_extraction.py
[2026-09-17T15:25:59.026+0000] {logging_mixin.py:188} INFO - [2026-09-17T15:25:59.025+0000] {__init__.py:49} INFO - file_cache is only supported with oauth2client<4.0.0
[2026-09-17T15:25:59.428+0000] {logging_mixin.py:188} INFO - [2026-09-17T15:25:59.422+0000] {dagbag.py:355} ERROR - Failed to import: /opt/airflow/dags/dag_extraction.py
Traceback (most recent call last):
  File "/home/airflow/.local/lib/python3.10/site-packages/airflow/models/dagbag.py", line 351, in parse
    loader.exec_module(new_module)
  File "<frozen importlib._bootstrap_external>", line 883, in exec_module
  File "<frozen importlib._bootstrap>", line 241, in _call_with_frames_removed
  File "/opt/airflow/dags/dag_extraction.py", line 6, in <module>
    from scripts.videos_details import get_videos_details
  File "/opt/airflow/scripts/videos_details.py", line 3, in <module>
    from scripts.videos_details import get_videos_details
ImportError: cannot import name 'get_videos_details' from partially initialized module 'scripts.videos_details' (most likely due to a circular import) (/opt/airflow/scripts/videos_details.py)
[2026-09-17T15:25:59.430+0000] {processor.py:842} WARNING - No viable dags retrieved from /opt/airflow/dags/dag_extraction.py
[2026-09-17T15:25:59.450+0000] {processor.py:183} INFO - Processing /opt/airflow/dags/dag_extraction.py took 0.514 seconds
[2026-09-17T15:26:30.328+0000] {processor.py:161} INFO - Started process (PID=2216) to work on /opt/airflow/dags/dag_extraction.py
[2026-09-17T15:26:30.332+0000] {processor.py:830} INFO - Processing file /opt/airflow/dags/dag_extraction.py for tasks to queue
[2026-09-17T15:26:30.334+0000] {logging_mixin.py:188} INFO - [2026-09-17T15:26:30.333+0000] {dagbag.py:545} INFO - Filling up the DagBag from /opt/airflow/dags/dag_extraction.py
[2026-09-17T15:26:30.431+0000] {logging_mixin.py:188} INFO - [2026-09-17T15:26:30.431+0000] {__init__.py:49} INFO - file_cache is only supported with oauth2client<4.0.0
[2026-09-17T15:26:30.990+0000] {logging_mixin.py:188} INFO - [2026-09-17T15:26:30.989+0000] {__init__.py:49} INFO - file_cache is only supported with oauth2client<4.0.0
[2026-09-17T15:26:34.117+0000] {logging_mixin.py:188} INFO - [2026-09-17T15:26:34.116+0000] {__init__.py:49} INFO - file_cache is only supported with oauth2client<4.0.0
[2026-09-17T15:26:44.172+0000] {processor.py:840} INFO - DAG(s) 'youtube_extraction' retrieved from /opt/airflow/dags/dag_extraction.py
[2026-09-17T15:26:44.286+0000] {logging_mixin.py:188} INFO - [2026-09-17T15:26:44.285+0000] {dag.py:3096} INFO - Sync 1 DAGs
[2026-09-17T15:26:44.305+0000] {logging_mixin.py:188} INFO - [2026-09-17T15:26:44.304+0000] {dag.py:3954} INFO - Setting next_dagrun for youtube_extraction to 2026-09-17 00:00:00+00:00, run_after=2026-09-18 00:00:00+00:00
[2026-09-17T15:26:44.336+0000] {processor.py:183} INFO - Processing /opt/airflow/dags/dag_extraction.py took 14.019 seconds
[2026-09-17T15:27:14.752+0000] {processor.py:161} INFO - Started process (PID=2224) to work on /opt/airflow/dags/dag_extraction.py
[2026-09-17T15:27:14.756+0000] {processor.py:830} INFO - Processing file /opt/airflow/dags/dag_extraction.py for tasks to queue
[2026-09-17T15:27:14.758+0000] {logging_mixin.py:188} INFO - [2026-09-17T15:27:14.758+0000] {dagbag.py:545} INFO - Filling up the DagBag from /opt/airflow/dags/dag_extraction.py
[2026-09-17T15:27:14.846+0000] {logging_mixin.py:188} INFO - [2026-09-17T15:27:14.846+0000] {__init__.py:49} INFO - file_cache is only supported with oauth2client<4.0.0
[2026-09-17T15:27:15.207+0000] {logging_mixin.py:188} INFO - [2026-09-17T15:27:15.207+0000] {__init__.py:49} INFO - file_cache is only supported with oauth2client<4.0.0
[2026-09-17T15:27:17.829+0000] {logging_mixin.py:188} INFO - [2026-09-17T15:27:17.829+0000] {__init__.py:49} INFO - file_cache is only supported with oauth2client<4.0.0
[2026-09-17T15:27:25.039+0000] {processor.py:840} INFO - DAG(s) 'youtube_extraction' retrieved from /opt/airflow/dags/dag_extraction.py
[2026-09-17T15:27:25.062+0000] {logging_mixin.py:188} INFO - [2026-09-17T15:27:25.062+0000] {dag.py:3096} INFO - Sync 1 DAGs
[2026-09-17T15:27:25.086+0000] {logging_mixin.py:188} INFO - [2026-09-17T15:27:25.085+0000] {dag.py:3954} INFO - Setting next_dagrun for youtube_extraction to 2026-09-17 00:00:00+00:00, run_after=2026-09-18 00:00:00+00:00
[2026-09-17T15:27:25.112+0000] {processor.py:183} INFO - Processing /opt/airflow/dags/dag_extraction.py took 10.365 seconds
[2026-09-17T15:27:55.368+0000] {processor.py:161} INFO - Started process (PID=2238) to work on /opt/airflow/dags/dag_extraction.py
[2026-09-17T15:27:55.372+0000] {processor.py:830} INFO - Processing file /opt/airflow/dags/dag_extraction.py for tasks to queue
[2026-09-17T15:27:55.375+0000] {logging_mixin.py:188} INFO - [2026-09-17T15:27:55.375+0000] {dagbag.py:545} INFO - Filling up the DagBag from /opt/airflow/dags/dag_extraction.py
[2026-09-17T15:27:55.471+0000] {logging_mixin.py:188} INFO - [2026-09-17T15:27:55.470+0000] {__init__.py:49} INFO - file_cache is only supported with oauth2client<4.0.0
[2026-09-17T15:27:55.932+0000] {logging_mixin.py:188} INFO - [2026-09-17T15:27:55.932+0000] {__init__.py:49} INFO - file_cache is only supported with oauth2client<4.0.0
[2026-09-17T15:27:58.493+0000] {logging_mixin.py:188} INFO - [2026-09-17T15:27:58.493+0000] {__init__.py:49} INFO - file_cache is only supported with oauth2client<4.0.0
[2026-09-17T15:28:06.076+0000] {processor.py:840} INFO - DAG(s) 'youtube_extraction' retrieved from /opt/airflow/dags/dag_extraction.py
[2026-09-17T15:28:06.096+0000] {logging_mixin.py:188} INFO - [2026-09-17T15:28:06.095+0000] {dag.py:3096} INFO - Sync 1 DAGs
[2026-09-17T15:28:06.115+0000] {logging_mixin.py:188} INFO - [2026-09-17T15:28:06.115+0000] {dag.py:3954} INFO - Setting next_dagrun for youtube_extraction to 2026-09-17 00:00:00+00:00, run_after=2026-09-18 00:00:00+00:00
[2026-09-17T15:28:06.136+0000] {processor.py:183} INFO - Processing /opt/airflow/dags/dag_extraction.py took 10.777 seconds
[2026-09-17T15:28:36.936+0000] {processor.py:161} INFO - Started process (PID=2247) to work on /opt/airflow/dags/dag_extraction.py
[2026-09-17T15:28:36.940+0000] {processor.py:830} INFO - Processing file /opt/airflow/dags/dag_extraction.py for tasks to queue
[2026-09-17T15:28:36.942+0000] {logging_mixin.py:188} INFO - [2026-09-17T15:28:36.941+0000] {dagbag.py:545} INFO - Filling up the DagBag from /opt/airflow/dags/dag_extraction.py
[2026-09-17T15:28:37.012+0000] {logging_mixin.py:188} INFO - [2026-09-17T15:28:37.012+0000] {__init__.py:49} INFO - file_cache is only supported with oauth2client<4.0.0
[2026-09-17T15:28:37.420+0000] {logging_mixin.py:188} INFO - [2026-09-17T15:28:37.420+0000] {__init__.py:49} INFO - file_cache is only supported with oauth2client<4.0.0
[2026-09-17T15:28:41.406+0000] {logging_mixin.py:188} INFO - [2026-09-17T15:28:41.405+0000] {__init__.py:49} INFO - file_cache is only supported with oauth2client<4.0.0
[2026-09-17T15:28:50.134+0000] {processor.py:840} INFO - DAG(s) 'youtube_extraction' retrieved from /opt/airflow/dags/dag_extraction.py
[2026-09-17T15:28:50.155+0000] {logging_mixin.py:188} INFO - [2026-09-17T15:28:50.154+0000] {dag.py:3096} INFO - Sync 1 DAGs
[2026-09-17T15:28:50.175+0000] {logging_mixin.py:188} INFO - [2026-09-17T15:28:50.174+0000] {dag.py:3954} INFO - Setting next_dagrun for youtube_extraction to 2026-09-17 00:00:00+00:00, run_after=2026-09-18 00:00:00+00:00
[2026-09-17T15:28:50.196+0000] {processor.py:183} INFO - Processing /opt/airflow/dags/dag_extraction.py took 13.265 seconds
[2026-09-17T15:29:20.474+0000] {processor.py:161} INFO - Started process (PID=2261) to work on /opt/airflow/dags/dag_extraction.py
[2026-09-17T15:29:20.478+0000] {processor.py:830} INFO - Processing file /opt/airflow/dags/dag_extraction.py for tasks to queue
[2026-09-17T15:29:20.480+0000] {logging_mixin.py:188} INFO - [2026-09-17T15:29:20.480+0000] {dagbag.py:545} INFO - Filling up the DagBag from /opt/airflow/dags/dag_extraction.py
[2026-09-17T15:29:20.565+0000] {logging_mixin.py:188} INFO - [2026-09-17T15:29:20.564+0000] {__init__.py:49} INFO - file_cache is only supported with oauth2client<4.0.0
[2026-09-17T15:29:20.922+0000] {logging_mixin.py:188} INFO - [2026-09-17T15:29:20.922+0000] {__init__.py:49} INFO - file_cache is only supported with oauth2client<4.0.0
[2026-09-17T15:29:23.797+0000] {logging_mixin.py:188} INFO - [2026-09-17T15:29:23.797+0000] {__init__.py:49} INFO - file_cache is only supported with oauth2client<4.0.0
[2026-09-17T15:29:31.299+0000] {processor.py:840} INFO - DAG(s) 'youtube_extraction' retrieved from /opt/airflow/dags/dag_extraction.py
[2026-09-17T15:29:31.323+0000] {logging_mixin.py:188} INFO - [2026-09-17T15:29:31.322+0000] {dag.py:3096} INFO - Sync 1 DAGs
[2026-09-17T15:29:31.343+0000] {logging_mixin.py:188} INFO - [2026-09-17T15:29:31.343+0000] {dag.py:3954} INFO - Setting next_dagrun for youtube_extraction to 2026-09-17 00:00:00+00:00, run_after=2026-09-18 00:00:00+00:00
[2026-09-17T15:29:31.367+0000] {processor.py:183} INFO - Processing /opt/airflow/dags/dag_extraction.py took 10.900 seconds
[2026-09-17T15:30:02.005+0000] {processor.py:161} INFO - Started process (PID=2270) to work on /opt/airflow/dags/dag_extraction.py
[2026-09-17T15:30:02.009+0000] {processor.py:830} INFO - Processing file /opt/airflow/dags/dag_extraction.py for tasks to queue
[2026-09-17T15:30:02.011+0000] {logging_mixin.py:188} INFO - [2026-09-17T15:30:02.011+0000] {dagbag.py:545} INFO - Filling up the DagBag from /opt/airflow/dags/dag_extraction.py
[2026-09-17T15:30:02.085+0000] {logging_mixin.py:188} INFO - [2026-09-17T15:30:02.084+0000] {__init__.py:49} INFO - file_cache is only supported with oauth2client<4.0.0
[2026-09-17T15:30:02.727+0000] {logging_mixin.py:188} INFO - [2026-09-17T15:30:02.726+0000] {__init__.py:49} INFO - file_cache is only supported with oauth2client<4.0.0
[2026-09-17T15:30:06.924+0000] {logging_mixin.py:188} INFO - [2026-09-17T15:30:06.923+0000] {__init__.py:49} INFO - file_cache is only supported with oauth2client<4.0.0
[2026-09-17T15:30:14.502+0000] {processor.py:840} INFO - DAG(s) 'youtube_extraction' retrieved from /opt/airflow/dags/dag_extraction.py
[2026-09-17T15:30:14.525+0000] {logging_mixin.py:188} INFO - [2026-09-17T15:30:14.524+0000] {dag.py:3096} INFO - Sync 1 DAGs
[2026-09-17T15:30:14.548+0000] {logging_mixin.py:188} INFO - [2026-09-17T15:30:14.548+0000] {dag.py:3954} INFO - Setting next_dagrun for youtube_extraction to 2026-09-17 00:00:00+00:00, run_after=2026-09-18 00:00:00+00:00
[2026-09-17T15:30:14.570+0000] {processor.py:183} INFO - Processing /opt/airflow/dags/dag_extraction.py took 12.573 seconds
[2026-09-17T15:30:44.636+0000] {processor.py:161} INFO - Started process (PID=2278) to work on /opt/airflow/dags/dag_extraction.py
[2026-09-17T15:30:44.639+0000] {processor.py:830} INFO - Processing file /opt/airflow/dags/dag_extraction.py for tasks to queue
[2026-09-17T15:30:44.641+0000] {logging_mixin.py:188} INFO - [2026-09-17T15:30:44.641+0000] {dagbag.py:545} INFO - Filling up the DagBag from /opt/airflow/dags/dag_extraction.py
[2026-09-17T15:30:44.724+0000] {logging_mixin.py:188} INFO - [2026-09-17T15:30:44.723+0000] {__init__.py:49} INFO - file_cache is only supported with oauth2client<4.0.0
[2026-09-17T15:30:45.719+0000] {logging_mixin.py:188} INFO - [2026-09-17T15:30:45.719+0000] {__init__.py:49} INFO - file_cache is only supported with oauth2client<4.0.0
[2026-09-17T15:30:50.838+0000] {logging_mixin.py:188} INFO - [2026-09-17T15:30:50.837+0000] {__init__.py:49} INFO - file_cache is only supported with oauth2client<4.0.0
[2026-09-17T15:31:05.004+0000] {processor.py:840} INFO - DAG(s) 'youtube_extraction' retrieved from /opt/airflow/dags/dag_extraction.py
[2026-09-17T15:31:05.026+0000] {logging_mixin.py:188} INFO - [2026-09-17T15:31:05.025+0000] {dag.py:3096} INFO - Sync 1 DAGs
[2026-09-17T15:31:05.049+0000] {logging_mixin.py:188} INFO - [2026-09-17T15:31:05.049+0000] {dag.py:3954} INFO - Setting next_dagrun for youtube_extraction to 2026-09-17 00:00:00+00:00, run_after=2026-09-18 00:00:00+00:00
[2026-09-17T15:31:05.069+0000] {processor.py:183} INFO - Processing /opt/airflow/dags/dag_extraction.py took 20.441 seconds
[2026-09-17T15:31:35.189+0000] {processor.py:161} INFO - Started process (PID=2293) to work on /opt/airflow/dags/dag_extraction.py
[2026-09-17T15:31:35.193+0000] {processor.py:830} INFO - Processing file /opt/airflow/dags/dag_extraction.py for tasks to queue
[2026-09-17T15:31:35.195+0000] {logging_mixin.py:188} INFO - [2026-09-17T15:31:35.195+0000] {dagbag.py:545} INFO - Filling up the DagBag from /opt/airflow/dags/dag_extraction.py
[2026-09-17T15:31:35.272+0000] {logging_mixin.py:188} INFO - [2026-09-17T15:31:35.272+0000] {__init__.py:49} INFO - file_cache is only supported with oauth2client<4.0.0
[2026-09-17T15:31:36.229+0000] {logging_mixin.py:188} INFO - [2026-09-17T15:31:36.228+0000] {__init__.py:49} INFO - file_cache is only supported with oauth2client<4.0.0
[2026-09-17T15:31:41.470+0000] {logging_mixin.py:188} INFO - [2026-09-17T15:31:41.470+0000] {__init__.py:49} INFO - file_cache is only supported with oauth2client<4.0.0
[2026-09-17T15:31:53.835+0000] {processor.py:840} INFO - DAG(s) 'youtube_extraction' retrieved from /opt/airflow/dags/dag_extraction.py
[2026-09-17T15:31:53.858+0000] {logging_mixin.py:188} INFO - [2026-09-17T15:31:53.858+0000] {dag.py:3096} INFO - Sync 1 DAGs
[2026-09-17T15:31:53.882+0000] {logging_mixin.py:188} INFO - [2026-09-17T15:31:53.882+0000] {dag.py:3954} INFO - Setting next_dagrun for youtube_extraction to 2026-09-17 00:00:00+00:00, run_after=2026-09-18 00:00:00+00:00
[2026-09-17T15:31:53.906+0000] {processor.py:183} INFO - Processing /opt/airflow/dags/dag_extraction.py took 18.725 seconds
[2026-09-17T15:32:24.626+0000] {processor.py:161} INFO - Started process (PID=2307) to work on /opt/airflow/dags/dag_extraction.py
[2026-09-17T15:32:24.628+0000] {processor.py:830} INFO - Processing file /opt/airflow/dags/dag_extraction.py for tasks to queue
[2026-09-17T15:32:24.630+0000] {logging_mixin.py:188} INFO - [2026-09-17T15:32:24.630+0000] {dagbag.py:545} INFO - Filling up the DagBag from /opt/airflow/dags/dag_extraction.py
[2026-09-17T15:32:24.705+0000] {logging_mixin.py:188} INFO - [2026-09-17T15:32:24.705+0000] {__init__.py:49} INFO - file_cache is only supported with oauth2client<4.0.0
[2026-09-17T15:32:27.472+0000] {logging_mixin.py:188} INFO - [2026-09-17T15:32:27.472+0000] {__init__.py:49} INFO - file_cache is only supported with oauth2client<4.0.0
[2026-09-17T15:32:32.256+0000] {logging_mixin.py:188} INFO - [2026-09-17T15:32:32.256+0000] {__init__.py:49} INFO - file_cache is only supported with oauth2client<4.0.0
[2026-09-17T15:32:44.725+0000] {processor.py:840} INFO - DAG(s) 'youtube_extraction' retrieved from /opt/airflow/dags/dag_extraction.py
[2026-09-17T15:32:44.746+0000] {logging_mixin.py:188} INFO - [2026-09-17T15:32:44.745+0000] {dag.py:3096} INFO - Sync 1 DAGs
[2026-09-17T15:32:44.775+0000] {logging_mixin.py:188} INFO - [2026-09-17T15:32:44.775+0000] {dag.py:3954} INFO - Setting next_dagrun for youtube_extraction to 2026-09-17 00:00:00+00:00, run_after=2026-09-18 00:00:00+00:00
[2026-09-17T15:32:44.801+0000] {processor.py:183} INFO - Processing /opt/airflow/dags/dag_extraction.py took 20.183 seconds
[2026-09-17T15:33:15.244+0000] {processor.py:161} INFO - Started process (PID=2316) to work on /opt/airflow/dags/dag_extraction.py
[2026-09-17T15:33:15.248+0000] {processor.py:830} INFO - Processing file /opt/airflow/dags/dag_extraction.py for tasks to queue
[2026-09-17T15:33:15.249+0000] {logging_mixin.py:188} INFO - [2026-09-17T15:33:15.249+0000] {dagbag.py:545} INFO - Filling up the DagBag from /opt/airflow/dags/dag_extraction.py
[2026-09-17T15:33:15.323+0000] {logging_mixin.py:188} INFO - [2026-09-17T15:33:15.322+0000] {__init__.py:49} INFO - file_cache is only supported with oauth2client<4.0.0
[2026-09-17T15:33:17.099+0000] {logging_mixin.py:188} INFO - [2026-09-17T15:33:17.099+0000] {__init__.py:49} INFO - file_cache is only supported with oauth2client<4.0.0
[2026-09-17T15:33:19.971+0000] {logging_mixin.py:188} INFO - [2026-09-17T15:33:19.970+0000] {__init__.py:49} INFO - file_cache is only supported with oauth2client<4.0.0
[2026-09-17T15:33:27.612+0000] {processor.py:840} INFO - DAG(s) 'youtube_extraction' retrieved from /opt/airflow/dags/dag_extraction.py
[2026-09-17T15:33:27.633+0000] {logging_mixin.py:188} INFO - [2026-09-17T15:33:27.632+0000] {dag.py:3096} INFO - Sync 1 DAGs
[2026-09-17T15:33:27.654+0000] {logging_mixin.py:188} INFO - [2026-09-17T15:33:27.653+0000] {dag.py:3954} INFO - Setting next_dagrun for youtube_extraction to 2026-09-17 00:00:00+00:00, run_after=2026-09-18 00:00:00+00:00
[2026-09-17T15:33:27.675+0000] {processor.py:183} INFO - Processing /opt/airflow/dags/dag_extraction.py took 12.438 seconds
[2026-09-17T15:33:57.758+0000] {processor.py:161} INFO - Started process (PID=2330) to work on /opt/airflow/dags/dag_extraction.py
[2026-09-17T15:33:57.760+0000] {processor.py:830} INFO - Processing file /opt/airflow/dags/dag_extraction.py for tasks to queue
[2026-09-17T15:33:57.762+0000] {logging_mixin.py:188} INFO - [2026-09-17T15:33:57.761+0000] {dagbag.py:545} INFO - Filling up the DagBag from /opt/airflow/dags/dag_extraction.py
[2026-09-17T15:33:57.834+0000] {logging_mixin.py:188} INFO - [2026-09-17T15:33:57.833+0000] {__init__.py:49} INFO - file_cache is only supported with oauth2client<4.0.0
[2026-09-17T15:33:58.136+0000] {logging_mixin.py:188} INFO - [2026-09-17T15:33:58.136+0000] {__init__.py:49} INFO - file_cache is only supported with oauth2client<4.0.0
[2026-09-17T15:34:01.024+0000] {logging_mixin.py:188} INFO - [2026-09-17T15:34:01.023+0000] {__init__.py:49} INFO - file_cache is only supported with oauth2client<4.0.0
[2026-09-17T15:34:09.437+0000] {processor.py:840} INFO - DAG(s) 'youtube_extraction' retrieved from /opt/airflow/dags/dag_extraction.py
[2026-09-17T15:34:09.468+0000] {logging_mixin.py:188} INFO - [2026-09-17T15:34:09.467+0000] {dag.py:3096} INFO - Sync 1 DAGs
[2026-09-17T15:34:09.505+0000] {logging_mixin.py:188} INFO - [2026-09-17T15:34:09.504+0000] {dag.py:3954} INFO - Setting next_dagrun for youtube_extraction to 2026-09-17 00:00:00+00:00, run_after=2026-09-18 00:00:00+00:00
[2026-09-17T15:34:09.531+0000] {processor.py:183} INFO - Processing /opt/airflow/dags/dag_extraction.py took 11.781 seconds
[2026-09-17T15:34:40.221+0000] {processor.py:161} INFO - Started process (PID=2339) to work on /opt/airflow/dags/dag_extraction.py
[2026-09-17T15:34:40.224+0000] {processor.py:830} INFO - Processing file /opt/airflow/dags/dag_extraction.py for tasks to queue
[2026-09-17T15:34:40.226+0000] {logging_mixin.py:188} INFO - [2026-09-17T15:34:40.225+0000] {dagbag.py:545} INFO - Filling up the DagBag from /opt/airflow/dags/dag_extraction.py
[2026-09-17T15:34:40.301+0000] {logging_mixin.py:188} INFO - [2026-09-17T15:34:40.301+0000] {__init__.py:49} INFO - file_cache is only supported with oauth2client<4.0.0
[2026-09-17T15:34:40.840+0000] {logging_mixin.py:188} INFO - [2026-09-17T15:34:40.840+0000] {__init__.py:49} INFO - file_cache is only supported with oauth2client<4.0.0
[2026-09-17T15:34:44.038+0000] {logging_mixin.py:188} INFO - [2026-09-17T15:34:44.038+0000] {__init__.py:49} INFO - file_cache is only supported with oauth2client<4.0.0
[2026-09-17T15:34:50.759+0000] {processor.py:840} INFO - DAG(s) 'youtube_extraction' retrieved from /opt/airflow/dags/dag_extraction.py
[2026-09-17T15:34:50.780+0000] {logging_mixin.py:188} INFO - [2026-09-17T15:34:50.779+0000] {dag.py:3096} INFO - Sync 1 DAGs
[2026-09-17T15:34:50.798+0000] {logging_mixin.py:188} INFO - [2026-09-17T15:34:50.798+0000] {dag.py:3954} INFO - Setting next_dagrun for youtube_extraction to 2026-09-17 00:00:00+00:00, run_after=2026-09-18 00:00:00+00:00
[2026-09-17T15:34:50.818+0000] {processor.py:183} INFO - Processing /opt/airflow/dags/dag_extraction.py took 10.602 seconds
[2026-09-17T15:35:21.739+0000] {processor.py:161} INFO - Started process (PID=2353) to work on /opt/airflow/dags/dag_extraction.py
[2026-09-17T15:35:21.743+0000] {processor.py:830} INFO - Processing file /opt/airflow/dags/dag_extraction.py for tasks to queue
[2026-09-17T15:35:21.744+0000] {logging_mixin.py:188} INFO - [2026-09-17T15:35:21.744+0000] {dagbag.py:545} INFO - Filling up the DagBag from /opt/airflow/dags/dag_extraction.py
[2026-09-17T15:35:21.820+0000] {logging_mixin.py:188} INFO - [2026-09-17T15:35:21.820+0000] {__init__.py:49} INFO - file_cache is only supported with oauth2client<4.0.0
[2026-09-17T15:35:22.216+0000] {logging_mixin.py:188} INFO - [2026-09-17T15:35:22.216+0000] {__init__.py:49} INFO - file_cache is only supported with oauth2client<4.0.0
[2026-09-17T15:35:25.591+0000] {logging_mixin.py:188} INFO - [2026-09-17T15:35:25.591+0000] {__init__.py:49} INFO - file_cache is only supported with oauth2client<4.0.0
[2026-09-17T15:35:33.885+0000] {processor.py:840} INFO - DAG(s) 'youtube_extraction' retrieved from /opt/airflow/dags/dag_extraction.py
[2026-09-17T15:35:33.906+0000] {logging_mixin.py:188} INFO - [2026-09-17T15:35:33.906+0000] {dag.py:3096} INFO - Sync 1 DAGs
[2026-09-17T15:35:33.930+0000] {logging_mixin.py:188} INFO - [2026-09-17T15:35:33.930+0000] {dag.py:3954} INFO - Setting next_dagrun for youtube_extraction to 2026-09-17 00:00:00+00:00, run_after=2026-09-18 00:00:00+00:00
[2026-09-17T15:35:33.952+0000] {processor.py:183} INFO - Processing /opt/airflow/dags/dag_extraction.py took 12.221 seconds
[2026-09-17T15:36:04.259+0000] {processor.py:161} INFO - Started process (PID=2362) to work on /opt/airflow/dags/dag_extraction.py
[2026-09-17T15:36:04.261+0000] {processor.py:830} INFO - Processing file /opt/airflow/dags/dag_extraction.py for tasks to queue
[2026-09-17T15:36:04.264+0000] {logging_mixin.py:188} INFO - [2026-09-17T15:36:04.263+0000] {dagbag.py:545} INFO - Filling up the DagBag from /opt/airflow/dags/dag_extraction.py
[2026-09-17T15:36:04.341+0000] {logging_mixin.py:188} INFO - [2026-09-17T15:36:04.341+0000] {__init__.py:49} INFO - file_cache is only supported with oauth2client<4.0.0
[2026-09-17T15:36:04.806+0000] {logging_mixin.py:188} INFO - [2026-09-17T15:36:04.806+0000] {__init__.py:49} INFO - file_cache is only supported with oauth2client<4.0.0
[2026-09-17T15:36:07.679+0000] {logging_mixin.py:188} INFO - [2026-09-17T15:36:07.678+0000] {__init__.py:49} INFO - file_cache is only supported with oauth2client<4.0.0
[2026-09-17T15:36:17.006+0000] {processor.py:840} INFO - DAG(s) 'youtube_extraction' retrieved from /opt/airflow/dags/dag_extraction.py
[2026-09-17T15:36:17.026+0000] {logging_mixin.py:188} INFO - [2026-09-17T15:36:17.026+0000] {dag.py:3096} INFO - Sync 1 DAGs
[2026-09-17T15:36:17.047+0000] {logging_mixin.py:188} INFO - [2026-09-17T15:36:17.046+0000] {dag.py:3954} INFO - Setting next_dagrun for youtube_extraction to 2026-09-17 00:00:00+00:00, run_after=2026-09-18 00:00:00+00:00
[2026-09-17T15:36:17.067+0000] {processor.py:183} INFO - Processing /opt/airflow/dags/dag_extraction.py took 12.814 seconds
[2026-09-17T15:36:47.791+0000] {processor.py:161} INFO - Started process (PID=2370) to work on /opt/airflow/dags/dag_extraction.py
[2026-09-17T15:36:47.795+0000] {processor.py:830} INFO - Processing file /opt/airflow/dags/dag_extraction.py for tasks to queue
[2026-09-17T15:36:47.797+0000] {logging_mixin.py:188} INFO - [2026-09-17T15:36:47.796+0000] {dagbag.py:545} INFO - Filling up the DagBag from /opt/airflow/dags/dag_extraction.py
[2026-09-17T15:36:47.867+0000] {logging_mixin.py:188} INFO - [2026-09-17T15:36:47.867+0000] {__init__.py:49} INFO - file_cache is only supported with oauth2client<4.0.0
[2026-09-17T15:36:48.254+0000] {logging_mixin.py:188} INFO - [2026-09-17T15:36:48.254+0000] {__init__.py:49} INFO - file_cache is only supported with oauth2client<4.0.0
[2026-09-17T15:36:51.309+0000] {logging_mixin.py:188} INFO - [2026-09-17T15:36:51.309+0000] {__init__.py:49} INFO - file_cache is only supported with oauth2client<4.0.0
[2026-09-17T15:36:58.569+0000] {processor.py:840} INFO - DAG(s) 'youtube_extraction' retrieved from /opt/airflow/dags/dag_extraction.py
[2026-09-17T15:36:58.590+0000] {logging_mixin.py:188} INFO - [2026-09-17T15:36:58.590+0000] {dag.py:3096} INFO - Sync 1 DAGs
[2026-09-17T15:36:58.610+0000] {logging_mixin.py:188} INFO - [2026-09-17T15:36:58.609+0000] {dag.py:3954} INFO - Setting next_dagrun for youtube_extraction to 2026-09-17 00:00:00+00:00, run_after=2026-09-18 00:00:00+00:00
[2026-09-17T15:36:58.632+0000] {processor.py:183} INFO - Processing /opt/airflow/dags/dag_extraction.py took 10.846 seconds
[2026-09-17T15:37:29.258+0000] {processor.py:161} INFO - Started process (PID=2384) to work on /opt/airflow/dags/dag_extraction.py
[2026-09-17T15:37:29.259+0000] {processor.py:830} INFO - Processing file /opt/airflow/dags/dag_extraction.py for tasks to queue
[2026-09-17T15:37:29.262+0000] {logging_mixin.py:188} INFO - [2026-09-17T15:37:29.261+0000] {dagbag.py:545} INFO - Filling up the DagBag from /opt/airflow/dags/dag_extraction.py
[2026-09-17T15:37:29.330+0000] {logging_mixin.py:188} INFO - [2026-09-17T15:37:29.329+0000] {__init__.py:49} INFO - file_cache is only supported with oauth2client<4.0.0
[2026-09-17T15:37:29.816+0000] {logging_mixin.py:188} INFO - [2026-09-17T15:37:29.816+0000] {__init__.py:49} INFO - file_cache is only supported with oauth2client<4.0.0
[2026-09-17T15:37:33.299+0000] {logging_mixin.py:188} INFO - [2026-09-17T15:37:33.298+0000] {__init__.py:49} INFO - file_cache is only supported with oauth2client<4.0.0
[2026-09-17T15:37:41.686+0000] {processor.py:840} INFO - DAG(s) 'youtube_extraction' retrieved from /opt/airflow/dags/dag_extraction.py
[2026-09-17T15:37:41.709+0000] {logging_mixin.py:188} INFO - [2026-09-17T15:37:41.708+0000] {dag.py:3096} INFO - Sync 1 DAGs
[2026-09-17T15:37:41.734+0000] {logging_mixin.py:188} INFO - [2026-09-17T15:37:41.733+0000] {dag.py:3954} INFO - Setting next_dagrun for youtube_extraction to 2026-09-17 00:00:00+00:00, run_after=2026-09-18 00:00:00+00:00
[2026-09-17T15:37:41.757+0000] {processor.py:183} INFO - Processing /opt/airflow/dags/dag_extraction.py took 12.508 seconds
[2026-09-17T15:38:11.882+0000] {processor.py:161} INFO - Started process (PID=2393) to work on /opt/airflow/dags/dag_extraction.py
[2026-09-17T15:38:11.885+0000] {processor.py:830} INFO - Processing file /opt/airflow/dags/dag_extraction.py for tasks to queue
[2026-09-17T15:38:11.887+0000] {logging_mixin.py:188} INFO - [2026-09-17T15:38:11.886+0000] {dagbag.py:545} INFO - Filling up the DagBag from /opt/airflow/dags/dag_extraction.py
[2026-09-17T15:38:11.974+0000] {logging_mixin.py:188} INFO - [2026-09-17T15:38:11.973+0000] {__init__.py:49} INFO - file_cache is only supported with oauth2client<4.0.0
[2026-09-17T15:38:12.510+0000] {logging_mixin.py:188} INFO - [2026-09-17T15:38:12.510+0000] {__init__.py:49} INFO - file_cache is only supported with oauth2client<4.0.0
[2026-09-17T15:38:15.785+0000] {logging_mixin.py:188} INFO - [2026-09-17T15:38:15.785+0000] {__init__.py:49} INFO - file_cache is only supported with oauth2client<4.0.0
[2026-09-17T15:38:23.865+0000] {processor.py:840} INFO - DAG(s) 'youtube_extraction' retrieved from /opt/airflow/dags/dag_extraction.py
[2026-09-17T15:38:23.887+0000] {logging_mixin.py:188} INFO - [2026-09-17T15:38:23.886+0000] {dag.py:3096} INFO - Sync 1 DAGs
[2026-09-17T15:38:23.907+0000] {logging_mixin.py:188} INFO - [2026-09-17T15:38:23.907+0000] {dag.py:3954} INFO - Setting next_dagrun for youtube_extraction to 2026-09-17 00:00:00+00:00, run_after=2026-09-18 00:00:00+00:00
[2026-09-17T15:38:23.928+0000] {processor.py:183} INFO - Processing /opt/airflow/dags/dag_extraction.py took 12.055 seconds
[2026-09-17T15:38:54.322+0000] {processor.py:161} INFO - Started process (PID=2408) to work on /opt/airflow/dags/dag_extraction.py
[2026-09-17T15:38:54.326+0000] {processor.py:830} INFO - Processing file /opt/airflow/dags/dag_extraction.py for tasks to queue
[2026-09-17T15:38:54.330+0000] {logging_mixin.py:188} INFO - [2026-09-17T15:38:54.330+0000] {dagbag.py:545} INFO - Filling up the DagBag from /opt/airflow/dags/dag_extraction.py
[2026-09-17T15:38:54.425+0000] {logging_mixin.py:188} INFO - [2026-09-17T15:38:54.425+0000] {__init__.py:49} INFO - file_cache is only supported with oauth2client<4.0.0
[2026-09-17T15:38:54.812+0000] {logging_mixin.py:188} INFO - [2026-09-17T15:38:54.812+0000] {__init__.py:49} INFO - file_cache is only supported with oauth2client<4.0.0
[2026-09-17T15:38:57.871+0000] {logging_mixin.py:188} INFO - [2026-09-17T15:38:57.871+0000] {__init__.py:49} INFO - file_cache is only supported with oauth2client<4.0.0
[2026-09-17T15:39:05.557+0000] {processor.py:840} INFO - DAG(s) 'youtube_extraction' retrieved from /opt/airflow/dags/dag_extraction.py
[2026-09-17T15:39:05.584+0000] {logging_mixin.py:188} INFO - [2026-09-17T15:39:05.583+0000] {dag.py:3096} INFO - Sync 1 DAGs
[2026-09-17T15:39:05.611+0000] {logging_mixin.py:188} INFO - [2026-09-17T15:39:05.611+0000] {dag.py:3954} INFO - Setting next_dagrun for youtube_extraction to 2026-09-17 00:00:00+00:00, run_after=2026-09-18 00:00:00+00:00
[2026-09-17T15:39:05.633+0000] {processor.py:183} INFO - Processing /opt/airflow/dags/dag_extraction.py took 11.324 seconds
[2026-09-17T15:39:35.904+0000] {processor.py:161} INFO - Started process (PID=2417) to work on /opt/airflow/dags/dag_extraction.py
[2026-09-17T15:39:35.908+0000] {processor.py:830} INFO - Processing file /opt/airflow/dags/dag_extraction.py for tasks to queue
[2026-09-17T15:39:35.909+0000] {logging_mixin.py:188} INFO - [2026-09-17T15:39:35.909+0000] {dagbag.py:545} INFO - Filling up the DagBag from /opt/airflow/dags/dag_extraction.py
[2026-09-17T15:39:35.985+0000] {logging_mixin.py:188} INFO - [2026-09-17T15:39:35.984+0000] {__init__.py:49} INFO - file_cache is only supported with oauth2client<4.0.0
[2026-09-17T15:39:36.478+0000] {logging_mixin.py:188} INFO - [2026-09-17T15:39:36.478+0000] {__init__.py:49} INFO - file_cache is only supported with oauth2client<4.0.0
[2026-09-17T15:39:39.556+0000] {logging_mixin.py:188} INFO - [2026-09-17T15:39:39.556+0000] {__init__.py:49} INFO - file_cache is only supported with oauth2client<4.0.0
[2026-09-17T15:39:47.445+0000] {processor.py:840} INFO - DAG(s) 'youtube_extraction' retrieved from /opt/airflow/dags/dag_extraction.py
[2026-09-17T15:39:47.469+0000] {logging_mixin.py:188} INFO - [2026-09-17T15:39:47.469+0000] {dag.py:3096} INFO - Sync 1 DAGs
[2026-09-17T15:39:47.491+0000] {logging_mixin.py:188} INFO - [2026-09-17T15:39:47.490+0000] {dag.py:3954} INFO - Setting next_dagrun for youtube_extraction to 2026-09-17 00:00:00+00:00, run_after=2026-09-18 00:00:00+00:00
[2026-09-17T15:39:47.513+0000] {processor.py:183} INFO - Processing /opt/airflow/dags/dag_extraction.py took 11.616 seconds
[2026-09-17T15:40:18.342+0000] {processor.py:161} INFO - Started process (PID=2431) to work on /opt/airflow/dags/dag_extraction.py
[2026-09-17T15:40:18.346+0000] {processor.py:830} INFO - Processing file /opt/airflow/dags/dag_extraction.py for tasks to queue
[2026-09-17T15:40:18.349+0000] {logging_mixin.py:188} INFO - [2026-09-17T15:40:18.349+0000] {dagbag.py:545} INFO - Filling up the DagBag from /opt/airflow/dags/dag_extraction.py
[2026-09-17T15:40:18.446+0000] {logging_mixin.py:188} INFO - [2026-09-17T15:40:18.446+0000] {__init__.py:49} INFO - file_cache is only supported with oauth2client<4.0.0
[2026-09-17T15:40:18.884+0000] {logging_mixin.py:188} INFO - [2026-09-17T15:40:18.884+0000] {__init__.py:49} INFO - file_cache is only supported with oauth2client<4.0.0
[2026-09-17T15:40:22.171+0000] {logging_mixin.py:188} INFO - [2026-09-17T15:40:22.171+0000] {__init__.py:49} INFO - file_cache is only supported with oauth2client<4.0.0
[2026-09-17T15:40:29.100+0000] {processor.py:840} INFO - DAG(s) 'youtube_extraction' retrieved from /opt/airflow/dags/dag_extraction.py
[2026-09-17T15:40:29.123+0000] {logging_mixin.py:188} INFO - [2026-09-17T15:40:29.123+0000] {dag.py:3096} INFO - Sync 1 DAGs
[2026-09-17T15:40:29.144+0000] {logging_mixin.py:188} INFO - [2026-09-17T15:40:29.144+0000] {dag.py:3954} INFO - Setting next_dagrun for youtube_extraction to 2026-09-17 00:00:00+00:00, run_after=2026-09-18 00:00:00+00:00
[2026-09-17T15:40:29.166+0000] {processor.py:183} INFO - Processing /opt/airflow/dags/dag_extraction.py took 10.830 seconds
[2026-09-17T15:40:59.883+0000] {processor.py:161} INFO - Started process (PID=2445) to work on /opt/airflow/dags/dag_extraction.py
[2026-09-17T15:40:59.887+0000] {processor.py:830} INFO - Processing file /opt/airflow/dags/dag_extraction.py for tasks to queue
[2026-09-17T15:40:59.889+0000] {logging_mixin.py:188} INFO - [2026-09-17T15:40:59.889+0000] {dagbag.py:545} INFO - Filling up the DagBag from /opt/airflow/dags/dag_extraction.py
[2026-09-17T15:40:59.972+0000] {logging_mixin.py:188} INFO - [2026-09-17T15:40:59.972+0000] {__init__.py:49} INFO - file_cache is only supported with oauth2client<4.0.0
[2026-09-17T15:41:00.462+0000] {logging_mixin.py:188} INFO - [2026-09-17T15:41:00.462+0000] {__init__.py:49} INFO - file_cache is only supported with oauth2client<4.0.0
[2026-09-17T15:41:04.032+0000] {logging_mixin.py:188} INFO - [2026-09-17T15:41:04.031+0000] {__init__.py:49} INFO - file_cache is only supported with oauth2client<4.0.0
[2026-09-17T15:41:12.256+0000] {processor.py:840} INFO - DAG(s) 'youtube_extraction' retrieved from /opt/airflow/dags/dag_extraction.py
[2026-09-17T15:41:12.280+0000] {logging_mixin.py:188} INFO - [2026-09-17T15:41:12.279+0000] {dag.py:3096} INFO - Sync 1 DAGs
[2026-09-17T15:41:12.304+0000] {logging_mixin.py:188} INFO - [2026-09-17T15:41:12.304+0000] {dag.py:3954} INFO - Setting next_dagrun for youtube_extraction to 2026-09-17 00:00:00+00:00, run_after=2026-09-18 00:00:00+00:00
[2026-09-17T15:41:12.328+0000] {processor.py:183} INFO - Processing /opt/airflow/dags/dag_extraction.py took 12.453 seconds
[2026-09-17T15:41:42.436+0000] {processor.py:161} INFO - Started process (PID=2454) to work on /opt/airflow/dags/dag_extraction.py
[2026-09-17T15:41:42.440+0000] {processor.py:830} INFO - Processing file /opt/airflow/dags/dag_extraction.py for tasks to queue
[2026-09-17T15:41:42.442+0000] {logging_mixin.py:188} INFO - [2026-09-17T15:41:42.442+0000] {dagbag.py:545} INFO - Filling up the DagBag from /opt/airflow/dags/dag_extraction.py
[2026-09-17T15:41:42.517+0000] {logging_mixin.py:188} INFO - [2026-09-17T15:41:42.517+0000] {__init__.py:49} INFO - file_cache is only supported with oauth2client<4.0.0
[2026-09-17T15:41:42.860+0000] {logging_mixin.py:188} INFO - [2026-09-17T15:41:42.859+0000] {__init__.py:49} INFO - file_cache is only supported with oauth2client<4.0.0
[2026-09-17T15:41:46.027+0000] {logging_mixin.py:188} INFO - [2026-09-17T15:41:46.027+0000] {__init__.py:49} INFO - file_cache is only supported with oauth2client<4.0.0
[2026-09-17T15:41:53.175+0000] {processor.py:840} INFO - DAG(s) 'youtube_extraction' retrieved from /opt/airflow/dags/dag_extraction.py
[2026-09-17T15:41:53.197+0000] {logging_mixin.py:188} INFO - [2026-09-17T15:41:53.197+0000] {dag.py:3096} INFO - Sync 1 DAGs
[2026-09-17T15:41:53.220+0000] {logging_mixin.py:188} INFO - [2026-09-17T15:41:53.219+0000] {dag.py:3954} INFO - Setting next_dagrun for youtube_extraction to 2026-09-17 00:00:00+00:00, run_after=2026-09-18 00:00:00+00:00
[2026-09-17T15:41:53.242+0000] {processor.py:183} INFO - Processing /opt/airflow/dags/dag_extraction.py took 10.815 seconds
[2026-09-17T15:42:23.909+0000] {processor.py:161} INFO - Started process (PID=2468) to work on /opt/airflow/dags/dag_extraction.py
[2026-09-17T15:42:23.912+0000] {processor.py:830} INFO - Processing file /opt/airflow/dags/dag_extraction.py for tasks to queue
[2026-09-17T15:42:23.914+0000] {logging_mixin.py:188} INFO - [2026-09-17T15:42:23.913+0000] {dagbag.py:545} INFO - Filling up the DagBag from /opt/airflow/dags/dag_extraction.py
[2026-09-17T15:42:23.994+0000] {logging_mixin.py:188} INFO - [2026-09-17T15:42:23.993+0000] {__init__.py:49} INFO - file_cache is only supported with oauth2client<4.0.0
[2026-09-17T15:42:24.526+0000] {logging_mixin.py:188} INFO - [2026-09-17T15:42:24.526+0000] {__init__.py:49} INFO - file_cache is only supported with oauth2client<4.0.0
[2026-09-17T15:42:27.801+0000] {logging_mixin.py:188} INFO - [2026-09-17T15:42:27.801+0000] {__init__.py:49} INFO - file_cache is only supported with oauth2client<4.0.0
[2026-09-17T15:42:35.693+0000] {processor.py:840} INFO - DAG(s) 'youtube_extraction' retrieved from /opt/airflow/dags/dag_extraction.py
[2026-09-17T15:42:35.716+0000] {logging_mixin.py:188} INFO - [2026-09-17T15:42:35.716+0000] {dag.py:3096} INFO - Sync 1 DAGs
[2026-09-17T15:42:35.742+0000] {logging_mixin.py:188} INFO - [2026-09-17T15:42:35.742+0000] {dag.py:3954} INFO - Setting next_dagrun for youtube_extraction to 2026-09-17 00:00:00+00:00, run_after=2026-09-18 00:00:00+00:00
[2026-09-17T15:42:35.768+0000] {processor.py:183} INFO - Processing /opt/airflow/dags/dag_extraction.py took 11.867 seconds
[2026-09-17T15:43:06.458+0000] {processor.py:161} INFO - Started process (PID=2476) to work on /opt/airflow/dags/dag_extraction.py
[2026-09-17T15:43:06.461+0000] {processor.py:830} INFO - Processing file /opt/airflow/dags/dag_extraction.py for tasks to queue
[2026-09-17T15:43:06.463+0000] {logging_mixin.py:188} INFO - [2026-09-17T15:43:06.463+0000] {dagbag.py:545} INFO - Filling up the DagBag from /opt/airflow/dags/dag_extraction.py
[2026-09-17T15:43:06.546+0000] {logging_mixin.py:188} INFO - [2026-09-17T15:43:06.545+0000] {__init__.py:49} INFO - file_cache is only supported with oauth2client<4.0.0
[2026-09-17T15:43:06.919+0000] {logging_mixin.py:188} INFO - [2026-09-17T15:43:06.919+0000] {__init__.py:49} INFO - file_cache is only supported with oauth2client<4.0.0
[2026-09-17T15:43:10.631+0000] {logging_mixin.py:188} INFO - [2026-09-17T15:43:10.630+0000] {__init__.py:49} INFO - file_cache is only supported with oauth2client<4.0.0
[2026-09-17T15:43:18.806+0000] {processor.py:840} INFO - DAG(s) 'youtube_extraction' retrieved from /opt/airflow/dags/dag_extraction.py
[2026-09-17T15:43:18.834+0000] {logging_mixin.py:188} INFO - [2026-09-17T15:43:18.833+0000] {dag.py:3096} INFO - Sync 1 DAGs
[2026-09-17T15:43:18.856+0000] {logging_mixin.py:188} INFO - [2026-09-17T15:43:18.856+0000] {dag.py:3954} INFO - Setting next_dagrun for youtube_extraction to 2026-09-17 00:00:00+00:00, run_after=2026-09-18 00:00:00+00:00
[2026-09-17T15:43:18.875+0000] {processor.py:183} INFO - Processing /opt/airflow/dags/dag_extraction.py took 12.426 seconds
[2026-09-17T15:43:30.820+0000] {processor.py:161} INFO - Started process (PID=2484) to work on /opt/airflow/dags/dag_extraction.py
[2026-09-17T15:43:30.824+0000] {processor.py:830} INFO - Processing file /opt/airflow/dags/dag_extraction.py for tasks to queue
[2026-09-17T15:43:30.826+0000] {logging_mixin.py:188} INFO - [2026-09-17T15:43:30.826+0000] {dagbag.py:545} INFO - Filling up the DagBag from /opt/airflow/dags/dag_extraction.py
[2026-09-17T15:43:30.845+0000] {logging_mixin.py:188} INFO - [2026-09-17T15:43:30.844+0000] {dagbag.py:355} ERROR - Failed to import: /opt/airflow/dags/dag_extraction.py
Traceback (most recent call last):
  File "/home/airflow/.local/lib/python3.10/site-packages/airflow/models/dagbag.py", line 351, in parse
    loader.exec_module(new_module)
  File "<frozen importlib._bootstrap_external>", line 879, in exec_module
  File "<frozen importlib._bootstrap_external>", line 1017, in get_code
  File "<frozen importlib._bootstrap_external>", line 947, in source_to_code
  File "<frozen importlib._bootstrap>", line 241, in _call_with_frames_removed
  File "/opt/airflow/dags/dag_extraction.py", line 53
    get_channel_task>< create_json_file_task >> trigger_staging
                     ^
SyntaxError: invalid syntax
[2026-09-17T15:43:30.847+0000] {processor.py:842} WARNING - No viable dags retrieved from /opt/airflow/dags/dag_extraction.py
[2026-09-17T15:43:30.873+0000] {processor.py:183} INFO - Processing /opt/airflow/dags/dag_extraction.py took 0.060 seconds
[2026-09-17T15:43:31.839+0000] {processor.py:161} INFO - Started process (PID=2485) to work on /opt/airflow/dags/dag_extraction.py
[2026-09-17T15:43:31.841+0000] {processor.py:830} INFO - Processing file /opt/airflow/dags/dag_extraction.py for tasks to queue
[2026-09-17T15:43:31.843+0000] {logging_mixin.py:188} INFO - [2026-09-17T15:43:31.843+0000] {dagbag.py:545} INFO - Filling up the DagBag from /opt/airflow/dags/dag_extraction.py
[2026-09-17T15:43:31.940+0000] {logging_mixin.py:188} INFO - [2026-09-17T15:43:31.940+0000] {__init__.py:49} INFO - file_cache is only supported with oauth2client<4.0.0
[2026-09-17T15:43:32.415+0000] {logging_mixin.py:188} INFO - [2026-09-17T15:43:32.415+0000] {__init__.py:49} INFO - file_cache is only supported with oauth2client<4.0.0
[2026-09-17T15:43:35.703+0000] {logging_mixin.py:188} INFO - [2026-09-17T15:43:35.702+0000] {__init__.py:49} INFO - file_cache is only supported with oauth2client<4.0.0
[2026-09-17T15:43:44.029+0000] {processor.py:840} INFO - DAG(s) 'youtube_extraction' retrieved from /opt/airflow/dags/dag_extraction.py
[2026-09-17T15:43:44.195+0000] {logging_mixin.py:188} INFO - [2026-09-17T15:43:44.195+0000] {dag.py:3096} INFO - Sync 1 DAGs
[2026-09-17T15:43:44.216+0000] {logging_mixin.py:188} INFO - [2026-09-17T15:43:44.215+0000] {dag.py:3954} INFO - Setting next_dagrun for youtube_extraction to 2026-09-17 00:00:00+00:00, run_after=2026-09-18 00:00:00+00:00
[2026-09-17T15:43:44.241+0000] {processor.py:183} INFO - Processing /opt/airflow/dags/dag_extraction.py took 12.413 seconds
[2026-09-17T15:43:45.156+0000] {processor.py:161} INFO - Started process (PID=2487) to work on /opt/airflow/dags/dag_extraction.py
[2026-09-17T15:43:45.157+0000] {processor.py:830} INFO - Processing file /opt/airflow/dags/dag_extraction.py for tasks to queue
[2026-09-17T15:43:45.160+0000] {logging_mixin.py:188} INFO - [2026-09-17T15:43:45.159+0000] {dagbag.py:545} INFO - Filling up the DagBag from /opt/airflow/dags/dag_extraction.py
[2026-09-17T15:43:45.183+0000] {logging_mixin.py:188} INFO - [2026-09-17T15:43:45.182+0000] {dagbag.py:355} ERROR - Failed to import: /opt/airflow/dags/dag_extraction.py
Traceback (most recent call last):
  File "/home/airflow/.local/lib/python3.10/site-packages/airflow/models/dagbag.py", line 351, in parse
    loader.exec_module(new_module)
  File "<frozen importlib._bootstrap_external>", line 879, in exec_module
  File "<frozen importlib._bootstrap_external>", line 1017, in get_code
  File "<frozen importlib._bootstrap_external>", line 947, in source_to_code
  File "<frozen importlib._bootstrap>", line 241, in _call_with_frames_removed
  File "/opt/airflow/dags/dag_extraction.py", line 53
    get_channel_task>> get_videos_task>< create_json_file_task >> trigger_staging
                                       ^
SyntaxError: invalid syntax
[2026-09-17T15:43:45.184+0000] {processor.py:842} WARNING - No viable dags retrieved from /opt/airflow/dags/dag_extraction.py
[2026-09-17T15:43:45.211+0000] {processor.py:183} INFO - Processing /opt/airflow/dags/dag_extraction.py took 0.063 seconds
[2026-09-17T15:43:47.171+0000] {processor.py:161} INFO - Started process (PID=2488) to work on /opt/airflow/dags/dag_extraction.py
[2026-09-17T15:43:47.172+0000] {processor.py:830} INFO - Processing file /opt/airflow/dags/dag_extraction.py for tasks to queue
[2026-09-17T15:43:47.174+0000] {logging_mixin.py:188} INFO - [2026-09-17T15:43:47.174+0000] {dagbag.py:545} INFO - Filling up the DagBag from /opt/airflow/dags/dag_extraction.py
[2026-09-17T15:43:47.253+0000] {logging_mixin.py:188} INFO - [2026-09-17T15:43:47.253+0000] {__init__.py:49} INFO - file_cache is only supported with oauth2client<4.0.0
[2026-09-17T15:43:47.777+0000] {logging_mixin.py:188} INFO - [2026-09-17T15:43:47.777+0000] {__init__.py:49} INFO - file_cache is only supported with oauth2client<4.0.0
[2026-09-17T15:43:51.263+0000] {logging_mixin.py:188} INFO - [2026-09-17T15:43:51.263+0000] {__init__.py:49} INFO - file_cache is only supported with oauth2client<4.0.0
[2026-09-17T15:44:00.078+0000] {processor.py:840} INFO - DAG(s) 'youtube_extraction' retrieved from /opt/airflow/dags/dag_extraction.py
[2026-09-17T15:44:00.092+0000] {logging_mixin.py:188} INFO - [2026-09-17T15:44:00.092+0000] {dag.py:3096} INFO - Sync 1 DAGs
[2026-09-17T15:44:00.114+0000] {logging_mixin.py:188} INFO - [2026-09-17T15:44:00.114+0000] {dag.py:3954} INFO - Setting next_dagrun for youtube_extraction to 2026-09-17 00:00:00+00:00, run_after=2026-09-18 00:00:00+00:00
[2026-09-17T15:44:00.140+0000] {processor.py:183} INFO - Processing /opt/airflow/dags/dag_extraction.py took 12.976 seconds
[2026-09-17T15:44:16.487+0000] {processor.py:161} INFO - Started process (PID=2496) to work on /opt/airflow/dags/dag_extraction.py
[2026-09-17T15:44:16.491+0000] {processor.py:830} INFO - Processing file /opt/airflow/dags/dag_extraction.py for tasks to queue
[2026-09-17T15:44:16.494+0000] {logging_mixin.py:188} INFO - [2026-09-17T15:44:16.494+0000] {dagbag.py:545} INFO - Filling up the DagBag from /opt/airflow/dags/dag_extraction.py
[2026-09-17T15:44:16.514+0000] {logging_mixin.py:188} INFO - [2026-09-17T15:44:16.513+0000] {dagbag.py:355} ERROR - Failed to import: /opt/airflow/dags/dag_extraction.py
Traceback (most recent call last):
  File "/home/airflow/.local/lib/python3.10/site-packages/airflow/models/dagbag.py", line 351, in parse
    loader.exec_module(new_module)
  File "<frozen importlib._bootstrap_external>", line 879, in exec_module
  File "<frozen importlib._bootstrap_external>", line 1017, in get_code
  File "<frozen importlib._bootstrap_external>", line 947, in source_to_code
  File "<frozen importlib._bootstrap>", line 241, in _call_with_frames_removed
  File "/opt/airflow/dags/dag_extraction.py", line 53
    get_channel_task>> get_videos_task>>get_videos_details_task create_json_file_task >> trigger_staging
                                                                ^^^^^^^^^^^^^^^^^^^^^
SyntaxError: invalid syntax
[2026-09-17T15:44:16.515+0000] {processor.py:842} WARNING - No viable dags retrieved from /opt/airflow/dags/dag_extraction.py
[2026-09-17T15:44:16.538+0000] {processor.py:183} INFO - Processing /opt/airflow/dags/dag_extraction.py took 0.059 seconds
[2026-09-17T15:44:17.520+0000] {processor.py:161} INFO - Started process (PID=2497) to work on /opt/airflow/dags/dag_extraction.py
[2026-09-17T15:44:17.523+0000] {processor.py:830} INFO - Processing file /opt/airflow/dags/dag_extraction.py for tasks to queue
[2026-09-17T15:44:17.525+0000] {logging_mixin.py:188} INFO - [2026-09-17T15:44:17.525+0000] {dagbag.py:545} INFO - Filling up the DagBag from /opt/airflow/dags/dag_extraction.py
[2026-09-17T15:44:17.543+0000] {logging_mixin.py:188} INFO - [2026-09-17T15:44:17.542+0000] {dagbag.py:355} ERROR - Failed to import: /opt/airflow/dags/dag_extraction.py
Traceback (most recent call last):
  File "/home/airflow/.local/lib/python3.10/site-packages/airflow/models/dagbag.py", line 351, in parse
    loader.exec_module(new_module)
  File "<frozen importlib._bootstrap_external>", line 879, in exec_module
  File "<frozen importlib._bootstrap_external>", line 1017, in get_code
  File "<frozen importlib._bootstrap_external>", line 947, in source_to_code
  File "<frozen importlib._bootstrap>", line 241, in _call_with_frames_removed
  File "/opt/airflow/dags/dag_extraction.py", line 53
    get_channel_task>> get_videos_task>>get_videos_details_taskW create_json_file_task >> trigger_staging
                                                                 ^^^^^^^^^^^^^^^^^^^^^
SyntaxError: invalid syntax
[2026-09-17T15:44:17.544+0000] {processor.py:842} WARNING - No viable dags retrieved from /opt/airflow/dags/dag_extraction.py
[2026-09-17T15:44:17.568+0000] {processor.py:183} INFO - Processing /opt/airflow/dags/dag_extraction.py took 0.054 seconds
[2026-09-17T15:44:19.607+0000] {processor.py:161} INFO - Started process (PID=2498) to work on /opt/airflow/dags/dag_extraction.py
[2026-09-17T15:44:19.609+0000] {processor.py:830} INFO - Processing file /opt/airflow/dags/dag_extraction.py for tasks to queue
[2026-09-17T15:44:19.611+0000] {logging_mixin.py:188} INFO - [2026-09-17T15:44:19.610+0000] {dagbag.py:545} INFO - Filling up the DagBag from /opt/airflow/dags/dag_extraction.py
[2026-09-17T15:44:19.762+0000] {logging_mixin.py:188} INFO - [2026-09-17T15:44:19.761+0000] {__init__.py:49} INFO - file_cache is only supported with oauth2client<4.0.0
[2026-09-17T15:44:20.147+0000] {logging_mixin.py:188} INFO - [2026-09-17T15:44:20.147+0000] {__init__.py:49} INFO - file_cache is only supported with oauth2client<4.0.0
[2026-09-17T15:44:23.213+0000] {logging_mixin.py:188} INFO - [2026-09-17T15:44:23.213+0000] {__init__.py:49} INFO - file_cache is only supported with oauth2client<4.0.0
[2026-09-17T15:44:30.690+0000] {processor.py:840} INFO - DAG(s) 'youtube_extraction' retrieved from /opt/airflow/dags/dag_extraction.py
[2026-09-17T15:44:30.805+0000] {logging_mixin.py:188} INFO - [2026-09-17T15:44:30.804+0000] {dag.py:3096} INFO - Sync 1 DAGs
[2026-09-17T15:44:30.825+0000] {logging_mixin.py:188} INFO - [2026-09-17T15:44:30.825+0000] {dag.py:3954} INFO - Setting next_dagrun for youtube_extraction to 2026-09-17 00:00:00+00:00, run_after=2026-09-18 00:00:00+00:00
[2026-09-17T15:44:30.860+0000] {processor.py:183} INFO - Processing /opt/airflow/dags/dag_extraction.py took 11.261 seconds
[2026-09-17T15:45:00.936+0000] {processor.py:161} INFO - Started process (PID=2512) to work on /opt/airflow/dags/dag_extraction.py
[2026-09-17T15:45:00.940+0000] {processor.py:830} INFO - Processing file /opt/airflow/dags/dag_extraction.py for tasks to queue
[2026-09-17T15:45:00.941+0000] {logging_mixin.py:188} INFO - [2026-09-17T15:45:00.941+0000] {dagbag.py:545} INFO - Filling up the DagBag from /opt/airflow/dags/dag_extraction.py
[2026-09-17T15:45:01.054+0000] {logging_mixin.py:188} INFO - [2026-09-17T15:45:01.054+0000] {__init__.py:49} INFO - file_cache is only supported with oauth2client<4.0.0
[2026-09-17T15:45:01.523+0000] {logging_mixin.py:188} INFO - [2026-09-17T15:45:01.523+0000] {__init__.py:49} INFO - file_cache is only supported with oauth2client<4.0.0
[2026-09-17T15:45:04.792+0000] {logging_mixin.py:188} INFO - [2026-09-17T15:45:04.791+0000] {__init__.py:49} INFO - file_cache is only supported with oauth2client<4.0.0
[2026-09-17T15:45:13.299+0000] {processor.py:840} INFO - DAG(s) 'youtube_extraction' retrieved from /opt/airflow/dags/dag_extraction.py
[2026-09-17T15:45:13.327+0000] {logging_mixin.py:188} INFO - [2026-09-17T15:45:13.326+0000] {dag.py:3096} INFO - Sync 1 DAGs
[2026-09-17T15:45:13.350+0000] {logging_mixin.py:188} INFO - [2026-09-17T15:45:13.350+0000] {dag.py:3954} INFO - Setting next_dagrun for youtube_extraction to 2026-09-17 00:00:00+00:00, run_after=2026-09-18 00:00:00+00:00
[2026-09-17T15:45:13.380+0000] {processor.py:183} INFO - Processing /opt/airflow/dags/dag_extraction.py took 12.453 seconds
[2026-09-17T15:45:43.475+0000] {processor.py:161} INFO - Started process (PID=2521) to work on /opt/airflow/dags/dag_extraction.py
[2026-09-17T15:45:43.483+0000] {processor.py:830} INFO - Processing file /opt/airflow/dags/dag_extraction.py for tasks to queue
[2026-09-17T15:45:43.485+0000] {logging_mixin.py:188} INFO - [2026-09-17T15:45:43.485+0000] {dagbag.py:545} INFO - Filling up the DagBag from /opt/airflow/dags/dag_extraction.py
[2026-09-17T15:45:43.641+0000] {logging_mixin.py:188} INFO - [2026-09-17T15:45:43.640+0000] {__init__.py:49} INFO - file_cache is only supported with oauth2client<4.0.0
[2026-09-17T15:45:44.117+0000] {logging_mixin.py:188} INFO - [2026-09-17T15:45:44.117+0000] {__init__.py:49} INFO - file_cache is only supported with oauth2client<4.0.0
[2026-09-17T15:45:46.985+0000] {logging_mixin.py:188} INFO - [2026-09-17T15:45:46.985+0000] {__init__.py:49} INFO - file_cache is only supported with oauth2client<4.0.0
[2026-09-17T15:45:54.463+0000] {processor.py:840} INFO - DAG(s) 'youtube_extraction' retrieved from /opt/airflow/dags/dag_extraction.py
[2026-09-17T15:45:54.550+0000] {logging_mixin.py:188} INFO - [2026-09-17T15:45:54.549+0000] {dag.py:3096} INFO - Sync 1 DAGs
[2026-09-17T15:45:54.562+0000] {logging_mixin.py:188} INFO - [2026-09-17T15:45:54.562+0000] {dag.py:3118} INFO - Creating ORM DAG for youtube_extraction
[2026-09-17T15:45:54.573+0000] {logging_mixin.py:188} INFO - [2026-09-17T15:45:54.573+0000] {dag.py:3954} INFO - Setting next_dagrun for youtube_extraction to 2026-09-16 00:00:00+00:00, run_after=2026-09-17 00:00:00+00:00
[2026-09-17T15:45:54.600+0000] {processor.py:183} INFO - Processing /opt/airflow/dags/dag_extraction.py took 11.141 seconds
[2026-09-17T15:46:24.861+0000] {processor.py:161} INFO - Started process (PID=2539) to work on /opt/airflow/dags/dag_extraction.py
[2026-09-17T15:46:24.865+0000] {processor.py:830} INFO - Processing file /opt/airflow/dags/dag_extraction.py for tasks to queue
[2026-09-17T15:46:24.867+0000] {logging_mixin.py:188} INFO - [2026-09-17T15:46:24.867+0000] {dagbag.py:545} INFO - Filling up the DagBag from /opt/airflow/dags/dag_extraction.py
[2026-09-17T15:46:24.944+0000] {logging_mixin.py:188} INFO - [2026-09-17T15:46:24.944+0000] {__init__.py:49} INFO - file_cache is only supported with oauth2client<4.0.0
[2026-09-17T15:46:25.385+0000] {logging_mixin.py:188} INFO - [2026-09-17T15:46:25.385+0000] {__init__.py:49} INFO - file_cache is only supported with oauth2client<4.0.0
[2026-09-17T15:46:29.094+0000] {logging_mixin.py:188} INFO - [2026-09-17T15:46:29.093+0000] {__init__.py:49} INFO - file_cache is only supported with oauth2client<4.0.0
[2026-09-17T15:46:37.871+0000] {processor.py:840} INFO - DAG(s) 'youtube_extraction' retrieved from /opt/airflow/dags/dag_extraction.py
[2026-09-17T15:46:37.897+0000] {logging_mixin.py:188} INFO - [2026-09-17T15:46:37.896+0000] {dag.py:3096} INFO - Sync 1 DAGs
[2026-09-17T15:46:37.920+0000] {logging_mixin.py:188} INFO - [2026-09-17T15:46:37.920+0000] {dag.py:3954} INFO - Setting next_dagrun for youtube_extraction to 2026-09-17 00:00:00+00:00, run_after=2026-09-18 00:00:00+00:00
[2026-09-17T15:46:37.949+0000] {processor.py:183} INFO - Processing /opt/airflow/dags/dag_extraction.py took 13.097 seconds
[2026-09-17T15:47:08.279+0000] {processor.py:161} INFO - Started process (PID=2547) to work on /opt/airflow/dags/dag_extraction.py
[2026-09-17T15:47:08.284+0000] {processor.py:830} INFO - Processing file /opt/airflow/dags/dag_extraction.py for tasks to queue
[2026-09-17T15:47:08.287+0000] {logging_mixin.py:188} INFO - [2026-09-17T15:47:08.286+0000] {dagbag.py:545} INFO - Filling up the DagBag from /opt/airflow/dags/dag_extraction.py
[2026-09-17T15:47:08.436+0000] {logging_mixin.py:188} INFO - [2026-09-17T15:47:08.436+0000] {__init__.py:49} INFO - file_cache is only supported with oauth2client<4.0.0
[2026-09-17T15:47:08.903+0000] {logging_mixin.py:188} INFO - [2026-09-17T15:47:08.903+0000] {__init__.py:49} INFO - file_cache is only supported with oauth2client<4.0.0
[2026-09-17T15:47:11.890+0000] {logging_mixin.py:188} INFO - [2026-09-17T15:47:11.890+0000] {__init__.py:49} INFO - file_cache is only supported with oauth2client<4.0.0
[2026-09-17T15:47:20.063+0000] {processor.py:840} INFO - DAG(s) 'youtube_extraction' retrieved from /opt/airflow/dags/dag_extraction.py
[2026-09-17T15:47:20.085+0000] {logging_mixin.py:188} INFO - [2026-09-17T15:47:20.085+0000] {dag.py:3096} INFO - Sync 1 DAGs
[2026-09-17T15:47:20.104+0000] {logging_mixin.py:188} INFO - [2026-09-17T15:47:20.104+0000] {dag.py:3954} INFO - Setting next_dagrun for youtube_extraction to 2026-09-17 00:00:00+00:00, run_after=2026-09-18 00:00:00+00:00
[2026-09-17T15:47:20.123+0000] {processor.py:183} INFO - Processing /opt/airflow/dags/dag_extraction.py took 11.855 seconds
[2026-09-17T15:47:50.905+0000] {processor.py:161} INFO - Started process (PID=2562) to work on /opt/airflow/dags/dag_extraction.py
[2026-09-17T15:47:50.909+0000] {processor.py:830} INFO - Processing file /opt/airflow/dags/dag_extraction.py for tasks to queue
[2026-09-17T15:47:50.911+0000] {logging_mixin.py:188} INFO - [2026-09-17T15:47:50.911+0000] {dagbag.py:545} INFO - Filling up the DagBag from /opt/airflow/dags/dag_extraction.py
[2026-09-17T15:47:50.999+0000] {logging_mixin.py:188} INFO - [2026-09-17T15:47:50.999+0000] {__init__.py:49} INFO - file_cache is only supported with oauth2client<4.0.0
[2026-09-17T15:47:51.402+0000] {logging_mixin.py:188} INFO - [2026-09-17T15:47:51.402+0000] {__init__.py:49} INFO - file_cache is only supported with oauth2client<4.0.0
[2026-09-17T15:47:54.471+0000] {logging_mixin.py:188} INFO - [2026-09-17T15:47:54.471+0000] {__init__.py:49} INFO - file_cache is only supported with oauth2client<4.0.0
[2026-09-17T15:48:01.770+0000] {processor.py:840} INFO - DAG(s) 'youtube_extraction' retrieved from /opt/airflow/dags/dag_extraction.py
[2026-09-17T15:48:01.791+0000] {logging_mixin.py:188} INFO - [2026-09-17T15:48:01.791+0000] {dag.py:3096} INFO - Sync 1 DAGs
[2026-09-17T15:48:01.812+0000] {logging_mixin.py:188} INFO - [2026-09-17T15:48:01.812+0000] {dag.py:3954} INFO - Setting next_dagrun for youtube_extraction to 2026-09-17 00:00:00+00:00, run_after=2026-09-18 00:00:00+00:00
[2026-09-17T15:48:01.835+0000] {processor.py:183} INFO - Processing /opt/airflow/dags/dag_extraction.py took 10.936 seconds
[2026-09-17T15:48:32.158+0000] {processor.py:161} INFO - Started process (PID=2570) to work on /opt/airflow/dags/dag_extraction.py
[2026-09-17T15:48:32.162+0000] {processor.py:830} INFO - Processing file /opt/airflow/dags/dag_extraction.py for tasks to queue
[2026-09-17T15:48:32.164+0000] {logging_mixin.py:188} INFO - [2026-09-17T15:48:32.164+0000] {dagbag.py:545} INFO - Filling up the DagBag from /opt/airflow/dags/dag_extraction.py
[2026-09-17T15:48:32.236+0000] {logging_mixin.py:188} INFO - [2026-09-17T15:48:32.235+0000] {__init__.py:49} INFO - file_cache is only supported with oauth2client<4.0.0
[2026-09-17T15:48:32.781+0000] {logging_mixin.py:188} INFO - [2026-09-17T15:48:32.781+0000] {__init__.py:49} INFO - file_cache is only supported with oauth2client<4.0.0
[2026-09-17T15:48:35.636+0000] {logging_mixin.py:188} INFO - [2026-09-17T15:48:35.636+0000] {__init__.py:49} INFO - file_cache is only supported with oauth2client<4.0.0
[2026-09-17T15:48:43.021+0000] {processor.py:840} INFO - DAG(s) 'youtube_extraction' retrieved from /opt/airflow/dags/dag_extraction.py
[2026-09-17T15:48:43.043+0000] {logging_mixin.py:188} INFO - [2026-09-17T15:48:43.043+0000] {dag.py:3096} INFO - Sync 1 DAGs
[2026-09-17T15:48:43.064+0000] {logging_mixin.py:188} INFO - [2026-09-17T15:48:43.063+0000] {dag.py:3954} INFO - Setting next_dagrun for youtube_extraction to 2026-09-17 00:00:00+00:00, run_after=2026-09-18 00:00:00+00:00
[2026-09-17T15:48:43.086+0000] {processor.py:183} INFO - Processing /opt/airflow/dags/dag_extraction.py took 10.935 seconds
[2026-09-17T15:49:13.678+0000] {processor.py:161} INFO - Started process (PID=2579) to work on /opt/airflow/dags/dag_extraction.py
[2026-09-17T15:49:13.681+0000] {processor.py:830} INFO - Processing file /opt/airflow/dags/dag_extraction.py for tasks to queue
[2026-09-17T15:49:13.683+0000] {logging_mixin.py:188} INFO - [2026-09-17T15:49:13.683+0000] {dagbag.py:545} INFO - Filling up the DagBag from /opt/airflow/dags/dag_extraction.py
[2026-09-17T15:49:13.764+0000] {logging_mixin.py:188} INFO - [2026-09-17T15:49:13.764+0000] {__init__.py:49} INFO - file_cache is only supported with oauth2client<4.0.0
[2026-09-17T15:49:14.280+0000] {logging_mixin.py:188} INFO - [2026-09-17T15:49:14.280+0000] {__init__.py:49} INFO - file_cache is only supported with oauth2client<4.0.0
[2026-09-17T15:49:17.220+0000] {logging_mixin.py:188} INFO - [2026-09-17T15:49:17.220+0000] {__init__.py:49} INFO - file_cache is only supported with oauth2client<4.0.0
[2026-09-17T15:49:24.600+0000] {processor.py:840} INFO - DAG(s) 'youtube_extraction' retrieved from /opt/airflow/dags/dag_extraction.py
[2026-09-17T15:49:24.623+0000] {logging_mixin.py:188} INFO - [2026-09-17T15:49:24.622+0000] {dag.py:3096} INFO - Sync 1 DAGs
[2026-09-17T15:49:24.643+0000] {logging_mixin.py:188} INFO - [2026-09-17T15:49:24.643+0000] {dag.py:3954} INFO - Setting next_dagrun for youtube_extraction to 2026-09-17 00:00:00+00:00, run_after=2026-09-18 00:00:00+00:00
[2026-09-17T15:49:24.663+0000] {processor.py:183} INFO - Processing /opt/airflow/dags/dag_extraction.py took 10.992 seconds
[2026-09-17T15:49:55.020+0000] {processor.py:161} INFO - Started process (PID=2593) to work on /opt/airflow/dags/dag_extraction.py
[2026-09-17T15:49:55.024+0000] {processor.py:830} INFO - Processing file /opt/airflow/dags/dag_extraction.py for tasks to queue
[2026-09-17T15:49:55.026+0000] {logging_mixin.py:188} INFO - [2026-09-17T15:49:55.026+0000] {dagbag.py:545} INFO - Filling up the DagBag from /opt/airflow/dags/dag_extraction.py
[2026-09-17T15:49:55.096+0000] {logging_mixin.py:188} INFO - [2026-09-17T15:49:55.095+0000] {__init__.py:49} INFO - file_cache is only supported with oauth2client<4.0.0
[2026-09-17T15:49:55.514+0000] {logging_mixin.py:188} INFO - [2026-09-17T15:49:55.513+0000] {__init__.py:49} INFO - file_cache is only supported with oauth2client<4.0.0
[2026-09-17T15:49:58.818+0000] {logging_mixin.py:188} INFO - [2026-09-17T15:49:58.817+0000] {__init__.py:49} INFO - file_cache is only supported with oauth2client<4.0.0
[2026-09-17T15:50:06.385+0000] {processor.py:840} INFO - DAG(s) 'youtube_extraction' retrieved from /opt/airflow/dags/dag_extraction.py
[2026-09-17T15:50:06.427+0000] {logging_mixin.py:188} INFO - [2026-09-17T15:50:06.427+0000] {dag.py:3096} INFO - Sync 1 DAGs
[2026-09-17T15:50:06.449+0000] {logging_mixin.py:188} INFO - [2026-09-17T15:50:06.448+0000] {dag.py:3954} INFO - Setting next_dagrun for youtube_extraction to 2026-09-17 00:00:00+00:00, run_after=2026-09-18 00:00:00+00:00
[2026-09-17T15:50:06.472+0000] {processor.py:183} INFO - Processing /opt/airflow/dags/dag_extraction.py took 11.460 seconds
[2026-09-17T15:50:36.648+0000] {processor.py:161} INFO - Started process (PID=2601) to work on /opt/airflow/dags/dag_extraction.py
[2026-09-17T15:50:36.651+0000] {processor.py:830} INFO - Processing file /opt/airflow/dags/dag_extraction.py for tasks to queue
[2026-09-17T15:50:36.654+0000] {logging_mixin.py:188} INFO - [2026-09-17T15:50:36.653+0000] {dagbag.py:545} INFO - Filling up the DagBag from /opt/airflow/dags/dag_extraction.py
[2026-09-17T15:50:36.755+0000] {logging_mixin.py:188} INFO - [2026-09-17T15:50:36.754+0000] {__init__.py:49} INFO - file_cache is only supported with oauth2client<4.0.0
[2026-09-17T15:50:37.188+0000] {logging_mixin.py:188} INFO - [2026-09-17T15:50:37.188+0000] {__init__.py:49} INFO - file_cache is only supported with oauth2client<4.0.0
[2026-09-17T15:50:39.776+0000] {logging_mixin.py:188} INFO - [2026-09-17T15:50:39.775+0000] {__init__.py:49} INFO - file_cache is only supported with oauth2client<4.0.0
[2026-09-17T15:50:50.716+0000] {processor.py:840} INFO - DAG(s) 'youtube_extraction' retrieved from /opt/airflow/dags/dag_extraction.py
[2026-09-17T15:50:50.740+0000] {logging_mixin.py:188} INFO - [2026-09-17T15:50:50.740+0000] {dag.py:3096} INFO - Sync 1 DAGs
[2026-09-17T15:50:50.784+0000] {logging_mixin.py:188} INFO - [2026-09-17T15:50:50.784+0000] {dag.py:3954} INFO - Setting next_dagrun for youtube_extraction to 2026-09-17 00:00:00+00:00, run_after=2026-09-18 00:00:00+00:00
[2026-09-17T15:50:50.818+0000] {processor.py:183} INFO - Processing /opt/airflow/dags/dag_extraction.py took 14.176 seconds
[2026-09-17T15:51:21.099+0000] {processor.py:161} INFO - Started process (PID=2620) to work on /opt/airflow/dags/dag_extraction.py
[2026-09-17T15:51:21.102+0000] {processor.py:830} INFO - Processing file /opt/airflow/dags/dag_extraction.py for tasks to queue
[2026-09-17T15:51:21.104+0000] {logging_mixin.py:188} INFO - [2026-09-17T15:51:21.104+0000] {dagbag.py:545} INFO - Filling up the DagBag from /opt/airflow/dags/dag_extraction.py
[2026-09-17T15:51:21.218+0000] {logging_mixin.py:188} INFO - [2026-09-17T15:51:21.217+0000] {__init__.py:49} INFO - file_cache is only supported with oauth2client<4.0.0
[2026-09-17T15:51:21.638+0000] {logging_mixin.py:188} INFO - [2026-09-17T15:51:21.638+0000] {__init__.py:49} INFO - file_cache is only supported with oauth2client<4.0.0
[2026-09-17T15:51:24.533+0000] {logging_mixin.py:188} INFO - [2026-09-17T15:51:24.533+0000] {__init__.py:49} INFO - file_cache is only supported with oauth2client<4.0.0
[2026-09-17T15:51:31.852+0000] {processor.py:840} INFO - DAG(s) 'youtube_extraction' retrieved from /opt/airflow/dags/dag_extraction.py
[2026-09-17T15:51:31.938+0000] {logging_mixin.py:188} INFO - [2026-09-17T15:51:31.935+0000] {dag.py:3096} INFO - Sync 1 DAGs
[2026-09-17T15:51:31.985+0000] {logging_mixin.py:188} INFO - [2026-09-17T15:51:31.984+0000] {dag.py:3954} INFO - Setting next_dagrun for youtube_extraction to 2026-09-17 00:00:00+00:00, run_after=2026-09-18 00:00:00+00:00
[2026-09-17T15:51:32.024+0000] {processor.py:183} INFO - Processing /opt/airflow/dags/dag_extraction.py took 10.936 seconds
[2026-09-17T15:52:02.360+0000] {processor.py:161} INFO - Started process (PID=2628) to work on /opt/airflow/dags/dag_extraction.py
[2026-09-17T15:52:02.364+0000] {processor.py:830} INFO - Processing file /opt/airflow/dags/dag_extraction.py for tasks to queue
[2026-09-17T15:52:02.366+0000] {logging_mixin.py:188} INFO - [2026-09-17T15:52:02.366+0000] {dagbag.py:545} INFO - Filling up the DagBag from /opt/airflow/dags/dag_extraction.py
[2026-09-17T15:52:02.459+0000] {logging_mixin.py:188} INFO - [2026-09-17T15:52:02.459+0000] {__init__.py:49} INFO - file_cache is only supported with oauth2client<4.0.0
[2026-09-17T15:52:02.755+0000] {logging_mixin.py:188} INFO - [2026-09-17T15:52:02.754+0000] {__init__.py:49} INFO - file_cache is only supported with oauth2client<4.0.0
[2026-09-17T15:52:05.271+0000] {logging_mixin.py:188} INFO - [2026-09-17T15:52:05.271+0000] {__init__.py:49} INFO - file_cache is only supported with oauth2client<4.0.0
[2026-09-17T15:52:12.542+0000] {processor.py:840} INFO - DAG(s) 'youtube_extraction' retrieved from /opt/airflow/dags/dag_extraction.py
[2026-09-17T15:52:12.575+0000] {logging_mixin.py:188} INFO - [2026-09-17T15:52:12.574+0000] {dag.py:3096} INFO - Sync 1 DAGs
[2026-09-17T15:52:12.602+0000] {logging_mixin.py:188} INFO - [2026-09-17T15:52:12.602+0000] {dag.py:3954} INFO - Setting next_dagrun for youtube_extraction to 2026-09-17 00:00:00+00:00, run_after=2026-09-18 00:00:00+00:00
[2026-09-17T15:52:12.629+0000] {processor.py:183} INFO - Processing /opt/airflow/dags/dag_extraction.py took 10.287 seconds
[2026-09-17T15:52:42.949+0000] {processor.py:161} INFO - Started process (PID=2636) to work on /opt/airflow/dags/dag_extraction.py
[2026-09-17T15:52:42.954+0000] {processor.py:830} INFO - Processing file /opt/airflow/dags/dag_extraction.py for tasks to queue
[2026-09-17T15:52:42.956+0000] {logging_mixin.py:188} INFO - [2026-09-17T15:52:42.956+0000] {dagbag.py:545} INFO - Filling up the DagBag from /opt/airflow/dags/dag_extraction.py
[2026-09-17T15:52:43.049+0000] {logging_mixin.py:188} INFO - [2026-09-17T15:52:43.049+0000] {__init__.py:49} INFO - file_cache is only supported with oauth2client<4.0.0
[2026-09-17T15:52:43.464+0000] {logging_mixin.py:188} INFO - [2026-09-17T15:52:43.464+0000] {__init__.py:49} INFO - file_cache is only supported with oauth2client<4.0.0
[2026-09-17T15:52:46.439+0000] {logging_mixin.py:188} INFO - [2026-09-17T15:52:46.439+0000] {__init__.py:49} INFO - file_cache is only supported with oauth2client<4.0.0
[2026-09-17T15:52:53.816+0000] {processor.py:840} INFO - DAG(s) 'youtube_extraction' retrieved from /opt/airflow/dags/dag_extraction.py
[2026-09-17T15:52:53.838+0000] {logging_mixin.py:188} INFO - [2026-09-17T15:52:53.837+0000] {dag.py:3096} INFO - Sync 1 DAGs
[2026-09-17T15:52:53.862+0000] {logging_mixin.py:188} INFO - [2026-09-17T15:52:53.862+0000] {dag.py:3954} INFO - Setting next_dagrun for youtube_extraction to 2026-09-17 00:00:00+00:00, run_after=2026-09-18 00:00:00+00:00
[2026-09-17T15:52:53.885+0000] {processor.py:183} INFO - Processing /opt/airflow/dags/dag_extraction.py took 10.945 seconds
[2026-09-17T15:53:24.539+0000] {processor.py:161} INFO - Started process (PID=2651) to work on /opt/airflow/dags/dag_extraction.py
[2026-09-17T15:53:24.542+0000] {processor.py:830} INFO - Processing file /opt/airflow/dags/dag_extraction.py for tasks to queue
[2026-09-17T15:53:24.544+0000] {logging_mixin.py:188} INFO - [2026-09-17T15:53:24.543+0000] {dagbag.py:545} INFO - Filling up the DagBag from /opt/airflow/dags/dag_extraction.py
[2026-09-17T15:53:24.633+0000] {logging_mixin.py:188} INFO - [2026-09-17T15:53:24.633+0000] {__init__.py:49} INFO - file_cache is only supported with oauth2client<4.0.0
[2026-09-17T15:53:25.142+0000] {logging_mixin.py:188} INFO - [2026-09-17T15:53:25.142+0000] {__init__.py:49} INFO - file_cache is only supported with oauth2client<4.0.0
[2026-09-17T15:53:28.533+0000] {logging_mixin.py:188} INFO - [2026-09-17T15:53:28.532+0000] {__init__.py:49} INFO - file_cache is only supported with oauth2client<4.0.0
[2026-09-17T15:53:35.995+0000] {processor.py:840} INFO - DAG(s) 'youtube_extraction' retrieved from /opt/airflow/dags/dag_extraction.py
[2026-09-17T15:53:36.020+0000] {logging_mixin.py:188} INFO - [2026-09-17T15:53:36.019+0000] {dag.py:3096} INFO - Sync 1 DAGs
[2026-09-17T15:53:36.043+0000] {logging_mixin.py:188} INFO - [2026-09-17T15:53:36.043+0000] {dag.py:3954} INFO - Setting next_dagrun for youtube_extraction to 2026-09-17 00:00:00+00:00, run_after=2026-09-18 00:00:00+00:00
[2026-09-17T15:53:36.064+0000] {processor.py:183} INFO - Processing /opt/airflow/dags/dag_extraction.py took 11.538 seconds
[2026-09-17T15:54:06.144+0000] {processor.py:161} INFO - Started process (PID=2659) to work on /opt/airflow/dags/dag_extraction.py
[2026-09-17T15:54:06.148+0000] {processor.py:830} INFO - Processing file /opt/airflow/dags/dag_extraction.py for tasks to queue
[2026-09-17T15:54:06.150+0000] {logging_mixin.py:188} INFO - [2026-09-17T15:54:06.149+0000] {dagbag.py:545} INFO - Filling up the DagBag from /opt/airflow/dags/dag_extraction.py
[2026-09-17T15:54:06.229+0000] {logging_mixin.py:188} INFO - [2026-09-17T15:54:06.229+0000] {__init__.py:49} INFO - file_cache is only supported with oauth2client<4.0.0
[2026-09-17T15:54:06.619+0000] {logging_mixin.py:188} INFO - [2026-09-17T15:54:06.619+0000] {__init__.py:49} INFO - file_cache is only supported with oauth2client<4.0.0
[2026-09-17T15:54:10.001+0000] {logging_mixin.py:188} INFO - [2026-09-17T15:54:10.001+0000] {__init__.py:49} INFO - file_cache is only supported with oauth2client<4.0.0
[2026-09-17T15:54:18.489+0000] {processor.py:840} INFO - DAG(s) 'youtube_extraction' retrieved from /opt/airflow/dags/dag_extraction.py
[2026-09-17T15:54:18.510+0000] {logging_mixin.py:188} INFO - [2026-09-17T15:54:18.510+0000] {dag.py:3096} INFO - Sync 1 DAGs
[2026-09-17T15:54:18.531+0000] {logging_mixin.py:188} INFO - [2026-09-17T15:54:18.531+0000] {dag.py:3954} INFO - Setting next_dagrun for youtube_extraction to 2026-09-17 00:00:00+00:00, run_after=2026-09-18 00:00:00+00:00
[2026-09-17T15:54:18.550+0000] {processor.py:183} INFO - Processing /opt/airflow/dags/dag_extraction.py took 12.411 seconds
[2026-09-17T15:54:48.641+0000] {processor.py:161} INFO - Started process (PID=2668) to work on /opt/airflow/dags/dag_extraction.py
[2026-09-17T15:54:48.643+0000] {processor.py:830} INFO - Processing file /opt/airflow/dags/dag_extraction.py for tasks to queue
[2026-09-17T15:54:48.645+0000] {logging_mixin.py:188} INFO - [2026-09-17T15:54:48.645+0000] {dagbag.py:545} INFO - Filling up the DagBag from /opt/airflow/dags/dag_extraction.py
[2026-09-17T15:54:48.718+0000] {logging_mixin.py:188} INFO - [2026-09-17T15:54:48.718+0000] {__init__.py:49} INFO - file_cache is only supported with oauth2client<4.0.0
[2026-09-17T15:54:49.217+0000] {logging_mixin.py:188} INFO - [2026-09-17T15:54:49.217+0000] {__init__.py:49} INFO - file_cache is only supported with oauth2client<4.0.0
[2026-09-17T15:54:52.084+0000] {logging_mixin.py:188} INFO - [2026-09-17T15:54:52.084+0000] {__init__.py:49} INFO - file_cache is only supported with oauth2client<4.0.0
[2026-09-17T15:54:59.472+0000] {processor.py:840} INFO - DAG(s) 'youtube_extraction' retrieved from /opt/airflow/dags/dag_extraction.py
[2026-09-17T15:54:59.492+0000] {logging_mixin.py:188} INFO - [2026-09-17T15:54:59.492+0000] {dag.py:3096} INFO - Sync 1 DAGs
[2026-09-17T15:54:59.513+0000] {logging_mixin.py:188} INFO - [2026-09-17T15:54:59.512+0000] {dag.py:3954} INFO - Setting next_dagrun for youtube_extraction to 2026-09-17 00:00:00+00:00, run_after=2026-09-18 00:00:00+00:00
[2026-09-17T15:54:59.533+0000] {processor.py:183} INFO - Processing /opt/airflow/dags/dag_extraction.py took 10.898 seconds
[2026-09-17T15:55:30.178+0000] {processor.py:161} INFO - Started process (PID=2682) to work on /opt/airflow/dags/dag_extraction.py
[2026-09-17T15:55:30.182+0000] {processor.py:830} INFO - Processing file /opt/airflow/dags/dag_extraction.py for tasks to queue
[2026-09-17T15:55:30.184+0000] {logging_mixin.py:188} INFO - [2026-09-17T15:55:30.183+0000] {dagbag.py:545} INFO - Filling up the DagBag from /opt/airflow/dags/dag_extraction.py
[2026-09-17T15:55:30.259+0000] {logging_mixin.py:188} INFO - [2026-09-17T15:55:30.258+0000] {__init__.py:49} INFO - file_cache is only supported with oauth2client<4.0.0
[2026-09-17T15:55:30.693+0000] {logging_mixin.py:188} INFO - [2026-09-17T15:55:30.692+0000] {__init__.py:49} INFO - file_cache is only supported with oauth2client<4.0.0
[2026-09-17T15:55:33.764+0000] {logging_mixin.py:188} INFO - [2026-09-17T15:55:33.763+0000] {__init__.py:49} INFO - file_cache is only supported with oauth2client<4.0.0
[2026-09-17T15:55:41.529+0000] {processor.py:840} INFO - DAG(s) 'youtube_extraction' retrieved from /opt/airflow/dags/dag_extraction.py
[2026-09-17T15:55:41.551+0000] {logging_mixin.py:188} INFO - [2026-09-17T15:55:41.550+0000] {dag.py:3096} INFO - Sync 1 DAGs
[2026-09-17T15:55:41.573+0000] {logging_mixin.py:188} INFO - [2026-09-17T15:55:41.573+0000] {dag.py:3954} INFO - Setting next_dagrun for youtube_extraction to 2026-09-17 00:00:00+00:00, run_after=2026-09-18 00:00:00+00:00
[2026-09-17T15:55:41.596+0000] {processor.py:183} INFO - Processing /opt/airflow/dags/dag_extraction.py took 11.426 seconds
[2026-09-17T15:56:11.660+0000] {processor.py:161} INFO - Started process (PID=2690) to work on /opt/airflow/dags/dag_extraction.py
[2026-09-17T15:56:11.662+0000] {processor.py:830} INFO - Processing file /opt/airflow/dags/dag_extraction.py for tasks to queue
[2026-09-17T15:56:11.664+0000] {logging_mixin.py:188} INFO - [2026-09-17T15:56:11.664+0000] {dagbag.py:545} INFO - Filling up the DagBag from /opt/airflow/dags/dag_extraction.py
[2026-09-17T15:56:11.736+0000] {logging_mixin.py:188} INFO - [2026-09-17T15:56:11.736+0000] {__init__.py:49} INFO - file_cache is only supported with oauth2client<4.0.0
[2026-09-17T15:56:12.256+0000] {logging_mixin.py:188} INFO - [2026-09-17T15:56:12.256+0000] {__init__.py:49} INFO - file_cache is only supported with oauth2client<4.0.0
[2026-09-17T15:56:15.536+0000] {logging_mixin.py:188} INFO - [2026-09-17T15:56:15.536+0000] {__init__.py:49} INFO - file_cache is only supported with oauth2client<4.0.0
[2026-09-17T15:56:23.120+0000] {processor.py:840} INFO - DAG(s) 'youtube_extraction' retrieved from /opt/airflow/dags/dag_extraction.py
[2026-09-17T15:56:23.144+0000] {logging_mixin.py:188} INFO - [2026-09-17T15:56:23.144+0000] {dag.py:3096} INFO - Sync 1 DAGs
[2026-09-17T15:56:23.168+0000] {logging_mixin.py:188} INFO - [2026-09-17T15:56:23.168+0000] {dag.py:3954} INFO - Setting next_dagrun for youtube_extraction to 2026-09-17 00:00:00+00:00, run_after=2026-09-18 00:00:00+00:00
[2026-09-17T15:56:23.190+0000] {processor.py:183} INFO - Processing /opt/airflow/dags/dag_extraction.py took 11.536 seconds
[2026-09-17T15:56:38.384+0000] {processor.py:161} INFO - Started process (PID=2698) to work on /opt/airflow/dags/dag_extraction.py
[2026-09-17T15:56:38.388+0000] {processor.py:830} INFO - Processing file /opt/airflow/dags/dag_extraction.py for tasks to queue
[2026-09-17T15:56:38.391+0000] {logging_mixin.py:188} INFO - [2026-09-17T15:56:38.390+0000] {dagbag.py:545} INFO - Filling up the DagBag from /opt/airflow/dags/dag_extraction.py
[2026-09-17T15:56:38.473+0000] {logging_mixin.py:188} INFO - [2026-09-17T15:56:38.473+0000] {__init__.py:49} INFO - file_cache is only supported with oauth2client<4.0.0
[2026-09-17T15:56:38.880+0000] {logging_mixin.py:188} INFO - [2026-09-17T15:56:38.880+0000] {__init__.py:49} INFO - file_cache is only supported with oauth2client<4.0.0
[2026-09-17T15:56:41.555+0000] {logging_mixin.py:188} INFO - [2026-09-17T15:56:41.555+0000] {__init__.py:49} INFO - file_cache is only supported with oauth2client<4.0.0
[2026-09-17T15:56:48.921+0000] {processor.py:840} INFO - DAG(s) 'youtube_extraction' retrieved from /opt/airflow/dags/dag_extraction.py
[2026-09-17T15:56:49.008+0000] {logging_mixin.py:188} INFO - [2026-09-17T15:56:49.007+0000] {dag.py:3096} INFO - Sync 1 DAGs
[2026-09-17T15:56:49.026+0000] {logging_mixin.py:188} INFO - [2026-09-17T15:56:49.026+0000] {dag.py:3954} INFO - Setting next_dagrun for youtube_extraction to 2026-09-17 00:00:00+00:00, run_after=2026-09-18 00:00:00+00:00
[2026-09-17T15:56:49.053+0000] {processor.py:183} INFO - Processing /opt/airflow/dags/dag_extraction.py took 10.677 seconds
[2026-09-17T15:56:51.129+0000] {processor.py:161} INFO - Started process (PID=2706) to work on /opt/airflow/dags/dag_extraction.py
[2026-09-17T15:56:51.132+0000] {processor.py:830} INFO - Processing file /opt/airflow/dags/dag_extraction.py for tasks to queue
[2026-09-17T15:56:51.134+0000] {logging_mixin.py:188} INFO - [2026-09-17T15:56:51.134+0000] {dagbag.py:545} INFO - Filling up the DagBag from /opt/airflow/dags/dag_extraction.py
[2026-09-17T15:56:51.233+0000] {logging_mixin.py:188} INFO - [2026-09-17T15:56:51.233+0000] {__init__.py:49} INFO - file_cache is only supported with oauth2client<4.0.0
[2026-09-17T15:56:51.585+0000] {logging_mixin.py:188} INFO - [2026-09-17T15:56:51.585+0000] {__init__.py:49} INFO - file_cache is only supported with oauth2client<4.0.0
[2026-09-17T15:56:54.378+0000] {logging_mixin.py:188} INFO - [2026-09-17T15:56:54.377+0000] {__init__.py:49} INFO - file_cache is only supported with oauth2client<4.0.0
[2026-09-17T15:57:01.419+0000] {processor.py:840} INFO - DAG(s) 'youtube_extraction' retrieved from /opt/airflow/dags/dag_extraction.py
[2026-09-17T15:57:01.433+0000] {logging_mixin.py:188} INFO - [2026-09-17T15:57:01.433+0000] {dag.py:3096} INFO - Sync 1 DAGs
[2026-09-17T15:57:01.471+0000] {logging_mixin.py:188} INFO - [2026-09-17T15:57:01.470+0000] {dag.py:3954} INFO - Setting next_dagrun for youtube_extraction to 2026-09-17 00:00:00+00:00, run_after=2026-09-18 00:00:00+00:00
[2026-09-17T15:57:01.515+0000] {processor.py:183} INFO - Processing /opt/airflow/dags/dag_extraction.py took 10.395 seconds
[2026-09-17T15:57:31.762+0000] {processor.py:161} INFO - Started process (PID=2720) to work on /opt/airflow/dags/dag_extraction.py
[2026-09-17T15:57:31.768+0000] {processor.py:830} INFO - Processing file /opt/airflow/dags/dag_extraction.py for tasks to queue
[2026-09-17T15:57:31.770+0000] {logging_mixin.py:188} INFO - [2026-09-17T15:57:31.770+0000] {dagbag.py:545} INFO - Filling up the DagBag from /opt/airflow/dags/dag_extraction.py
[2026-09-17T15:57:31.856+0000] {logging_mixin.py:188} INFO - [2026-09-17T15:57:31.856+0000] {__init__.py:49} INFO - file_cache is only supported with oauth2client<4.0.0
[2026-09-17T15:57:32.241+0000] {logging_mixin.py:188} INFO - [2026-09-17T15:57:32.240+0000] {__init__.py:49} INFO - file_cache is only supported with oauth2client<4.0.0
[2026-09-17T15:57:34.843+0000] {logging_mixin.py:188} INFO - [2026-09-17T15:57:34.843+0000] {__init__.py:49} INFO - file_cache is only supported with oauth2client<4.0.0
[2026-09-17T15:57:41.348+0000] {processor.py:840} INFO - DAG(s) 'youtube_extraction' retrieved from /opt/airflow/dags/dag_extraction.py
[2026-09-17T15:57:41.381+0000] {logging_mixin.py:188} INFO - [2026-09-17T15:57:41.381+0000] {dag.py:3096} INFO - Sync 1 DAGs
[2026-09-17T15:57:41.418+0000] {logging_mixin.py:188} INFO - [2026-09-17T15:57:41.417+0000] {dag.py:3954} INFO - Setting next_dagrun for youtube_extraction to 2026-09-17 00:00:00+00:00, run_after=2026-09-18 00:00:00+00:00
[2026-09-17T15:57:41.450+0000] {processor.py:183} INFO - Processing /opt/airflow/dags/dag_extraction.py took 9.697 seconds
[2026-09-17T15:58:12.150+0000] {processor.py:161} INFO - Started process (PID=2729) to work on /opt/airflow/dags/dag_extraction.py
[2026-09-17T15:58:12.153+0000] {processor.py:830} INFO - Processing file /opt/airflow/dags/dag_extraction.py for tasks to queue
[2026-09-17T15:58:12.155+0000] {logging_mixin.py:188} INFO - [2026-09-17T15:58:12.155+0000] {dagbag.py:545} INFO - Filling up the DagBag from /opt/airflow/dags/dag_extraction.py
[2026-09-17T15:58:12.242+0000] {logging_mixin.py:188} INFO - [2026-09-17T15:58:12.242+0000] {__init__.py:49} INFO - file_cache is only supported with oauth2client<4.0.0
[2026-09-17T15:58:12.589+0000] {logging_mixin.py:188} INFO - [2026-09-17T15:58:12.589+0000] {__init__.py:49} INFO - file_cache is only supported with oauth2client<4.0.0
[2026-09-17T15:58:15.453+0000] {logging_mixin.py:188} INFO - [2026-09-17T15:58:15.453+0000] {__init__.py:49} INFO - file_cache is only supported with oauth2client<4.0.0
[2026-09-17T15:58:23.442+0000] {processor.py:840} INFO - DAG(s) 'youtube_extraction' retrieved from /opt/airflow/dags/dag_extraction.py
[2026-09-17T15:58:23.465+0000] {logging_mixin.py:188} INFO - [2026-09-17T15:58:23.465+0000] {dag.py:3096} INFO - Sync 1 DAGs
[2026-09-17T15:58:23.488+0000] {logging_mixin.py:188} INFO - [2026-09-17T15:58:23.487+0000] {dag.py:3954} INFO - Setting next_dagrun for youtube_extraction to 2026-09-17 00:00:00+00:00, run_after=2026-09-18 00:00:00+00:00
[2026-09-17T15:58:23.509+0000] {processor.py:183} INFO - Processing /opt/airflow/dags/dag_extraction.py took 11.368 seconds
[2026-09-17T15:58:53.810+0000] {processor.py:161} INFO - Started process (PID=2744) to work on /opt/airflow/dags/dag_extraction.py
[2026-09-17T15:58:53.813+0000] {processor.py:830} INFO - Processing file /opt/airflow/dags/dag_extraction.py for tasks to queue
[2026-09-17T15:58:53.815+0000] {logging_mixin.py:188} INFO - [2026-09-17T15:58:53.814+0000] {dagbag.py:545} INFO - Filling up the DagBag from /opt/airflow/dags/dag_extraction.py
[2026-09-17T15:58:53.896+0000] {logging_mixin.py:188} INFO - [2026-09-17T15:58:53.895+0000] {__init__.py:49} INFO - file_cache is only supported with oauth2client<4.0.0
[2026-09-17T15:58:54.367+0000] {logging_mixin.py:188} INFO - [2026-09-17T15:58:54.367+0000] {__init__.py:49} INFO - file_cache is only supported with oauth2client<4.0.0
[2026-09-17T15:58:57.248+0000] {logging_mixin.py:188} INFO - [2026-09-17T15:58:57.247+0000] {__init__.py:49} INFO - file_cache is only supported with oauth2client<4.0.0
[2026-09-17T15:59:04.417+0000] {processor.py:840} INFO - DAG(s) 'youtube_extraction' retrieved from /opt/airflow/dags/dag_extraction.py
[2026-09-17T15:59:04.440+0000] {logging_mixin.py:188} INFO - [2026-09-17T15:59:04.439+0000] {dag.py:3096} INFO - Sync 1 DAGs
[2026-09-17T15:59:04.465+0000] {logging_mixin.py:188} INFO - [2026-09-17T15:59:04.465+0000] {dag.py:3954} INFO - Setting next_dagrun for youtube_extraction to 2026-09-17 00:00:00+00:00, run_after=2026-09-18 00:00:00+00:00
[2026-09-17T15:59:04.487+0000] {processor.py:183} INFO - Processing /opt/airflow/dags/dag_extraction.py took 10.686 seconds
[2026-09-17T15:59:35.267+0000] {processor.py:161} INFO - Started process (PID=2752) to work on /opt/airflow/dags/dag_extraction.py
[2026-09-17T15:59:35.270+0000] {processor.py:830} INFO - Processing file /opt/airflow/dags/dag_extraction.py for tasks to queue
[2026-09-17T15:59:35.271+0000] {logging_mixin.py:188} INFO - [2026-09-17T15:59:35.271+0000] {dagbag.py:545} INFO - Filling up the DagBag from /opt/airflow/dags/dag_extraction.py
[2026-09-17T15:59:35.343+0000] {logging_mixin.py:188} INFO - [2026-09-17T15:59:35.343+0000] {__init__.py:49} INFO - file_cache is only supported with oauth2client<4.0.0
[2026-09-17T15:59:35.848+0000] {logging_mixin.py:188} INFO - [2026-09-17T15:59:35.847+0000] {__init__.py:49} INFO - file_cache is only supported with oauth2client<4.0.0
[2026-09-17T15:59:38.918+0000] {logging_mixin.py:188} INFO - [2026-09-17T15:59:38.918+0000] {__init__.py:49} INFO - file_cache is only supported with oauth2client<4.0.0
[2026-09-17T15:59:46.290+0000] {processor.py:840} INFO - DAG(s) 'youtube_extraction' retrieved from /opt/airflow/dags/dag_extraction.py
[2026-09-17T15:59:46.311+0000] {logging_mixin.py:188} INFO - [2026-09-17T15:59:46.310+0000] {dag.py:3096} INFO - Sync 1 DAGs
[2026-09-17T15:59:46.331+0000] {logging_mixin.py:188} INFO - [2026-09-17T15:59:46.331+0000] {dag.py:3954} INFO - Setting next_dagrun for youtube_extraction to 2026-09-17 00:00:00+00:00, run_after=2026-09-18 00:00:00+00:00
[2026-09-17T15:59:46.354+0000] {processor.py:183} INFO - Processing /opt/airflow/dags/dag_extraction.py took 11.093 seconds
[2026-09-17T16:00:16.725+0000] {processor.py:161} INFO - Started process (PID=2760) to work on /opt/airflow/dags/dag_extraction.py
[2026-09-17T16:00:16.727+0000] {processor.py:830} INFO - Processing file /opt/airflow/dags/dag_extraction.py for tasks to queue
[2026-09-17T16:00:16.729+0000] {logging_mixin.py:188} INFO - [2026-09-17T16:00:16.728+0000] {dagbag.py:545} INFO - Filling up the DagBag from /opt/airflow/dags/dag_extraction.py
[2026-09-17T16:00:16.807+0000] {logging_mixin.py:188} INFO - [2026-09-17T16:00:16.806+0000] {__init__.py:49} INFO - file_cache is only supported with oauth2client<4.0.0
[2026-09-17T16:00:17.728+0000] {logging_mixin.py:188} INFO - [2026-09-17T16:00:17.728+0000] {__init__.py:49} INFO - file_cache is only supported with oauth2client<4.0.0
[2026-09-17T16:00:21.017+0000] {logging_mixin.py:188} INFO - [2026-09-17T16:00:21.016+0000] {__init__.py:49} INFO - file_cache is only supported with oauth2client<4.0.0
[2026-09-17T16:00:29.507+0000] {processor.py:840} INFO - DAG(s) 'youtube_extraction' retrieved from /opt/airflow/dags/dag_extraction.py
[2026-09-17T16:00:29.530+0000] {logging_mixin.py:188} INFO - [2026-09-17T16:00:29.530+0000] {dag.py:3096} INFO - Sync 1 DAGs
[2026-09-17T16:00:29.553+0000] {logging_mixin.py:188} INFO - [2026-09-17T16:00:29.552+0000] {dag.py:3954} INFO - Setting next_dagrun for youtube_extraction to 2026-09-17 00:00:00+00:00, run_after=2026-09-18 00:00:00+00:00
[2026-09-17T16:00:29.573+0000] {processor.py:183} INFO - Processing /opt/airflow/dags/dag_extraction.py took 12.855 seconds
[2026-09-17T16:01:00.333+0000] {processor.py:161} INFO - Started process (PID=2775) to work on /opt/airflow/dags/dag_extraction.py
[2026-09-17T16:01:00.336+0000] {processor.py:830} INFO - Processing file /opt/airflow/dags/dag_extraction.py for tasks to queue
[2026-09-17T16:01:00.338+0000] {logging_mixin.py:188} INFO - [2026-09-17T16:01:00.338+0000] {dagbag.py:545} INFO - Filling up the DagBag from /opt/airflow/dags/dag_extraction.py
[2026-09-17T16:01:00.414+0000] {logging_mixin.py:188} INFO - [2026-09-17T16:01:00.414+0000] {__init__.py:49} INFO - file_cache is only supported with oauth2client<4.0.0
[2026-09-17T16:01:00.842+0000] {logging_mixin.py:188} INFO - [2026-09-17T16:01:00.841+0000] {__init__.py:49} INFO - file_cache is only supported with oauth2client<4.0.0
[2026-09-17T16:01:04.124+0000] {logging_mixin.py:188} INFO - [2026-09-17T16:01:04.124+0000] {__init__.py:49} INFO - file_cache is only supported with oauth2client<4.0.0
[2026-09-17T16:01:11.813+0000] {processor.py:840} INFO - DAG(s) 'youtube_extraction' retrieved from /opt/airflow/dags/dag_extraction.py
[2026-09-17T16:01:11.834+0000] {logging_mixin.py:188} INFO - [2026-09-17T16:01:11.833+0000] {dag.py:3096} INFO - Sync 1 DAGs
[2026-09-17T16:01:11.853+0000] {logging_mixin.py:188} INFO - [2026-09-17T16:01:11.853+0000] {dag.py:3954} INFO - Setting next_dagrun for youtube_extraction to 2026-09-17 00:00:00+00:00, run_after=2026-09-18 00:00:00+00:00
[2026-09-17T16:01:11.873+0000] {processor.py:183} INFO - Processing /opt/airflow/dags/dag_extraction.py took 11.548 seconds
[2026-09-17T16:01:41.979+0000] {processor.py:161} INFO - Started process (PID=2783) to work on /opt/airflow/dags/dag_extraction.py
[2026-09-17T16:01:41.981+0000] {processor.py:830} INFO - Processing file /opt/airflow/dags/dag_extraction.py for tasks to queue
[2026-09-17T16:01:41.984+0000] {logging_mixin.py:188} INFO - [2026-09-17T16:01:41.983+0000] {dagbag.py:545} INFO - Filling up the DagBag from /opt/airflow/dags/dag_extraction.py
[2026-09-17T16:01:42.059+0000] {logging_mixin.py:188} INFO - [2026-09-17T16:01:42.059+0000] {__init__.py:49} INFO - file_cache is only supported with oauth2client<4.0.0
[2026-09-17T16:01:42.642+0000] {logging_mixin.py:188} INFO - [2026-09-17T16:01:42.642+0000] {__init__.py:49} INFO - file_cache is only supported with oauth2client<4.0.0
[2026-09-17T16:01:45.692+0000] {logging_mixin.py:188} INFO - [2026-09-17T16:01:45.692+0000] {__init__.py:49} INFO - file_cache is only supported with oauth2client<4.0.0
[2026-09-17T16:01:53.074+0000] {processor.py:840} INFO - DAG(s) 'youtube_extraction' retrieved from /opt/airflow/dags/dag_extraction.py
[2026-09-17T16:01:53.096+0000] {logging_mixin.py:188} INFO - [2026-09-17T16:01:53.096+0000] {dag.py:3096} INFO - Sync 1 DAGs
[2026-09-17T16:01:53.115+0000] {logging_mixin.py:188} INFO - [2026-09-17T16:01:53.115+0000] {dag.py:3954} INFO - Setting next_dagrun for youtube_extraction to 2026-09-17 00:00:00+00:00, run_after=2026-09-18 00:00:00+00:00
[2026-09-17T16:01:53.135+0000] {processor.py:183} INFO - Processing /opt/airflow/dags/dag_extraction.py took 11.162 seconds
[2026-09-17T16:02:23.464+0000] {processor.py:161} INFO - Started process (PID=2802) to work on /opt/airflow/dags/dag_extraction.py
[2026-09-17T16:02:23.466+0000] {processor.py:830} INFO - Processing file /opt/airflow/dags/dag_extraction.py for tasks to queue
[2026-09-17T16:02:23.468+0000] {logging_mixin.py:188} INFO - [2026-09-17T16:02:23.468+0000] {dagbag.py:545} INFO - Filling up the DagBag from /opt/airflow/dags/dag_extraction.py
[2026-09-17T16:02:23.541+0000] {logging_mixin.py:188} INFO - [2026-09-17T16:02:23.541+0000] {__init__.py:49} INFO - file_cache is only supported with oauth2client<4.0.0
[2026-09-17T16:02:23.888+0000] {logging_mixin.py:188} INFO - [2026-09-17T16:02:23.888+0000] {__init__.py:49} INFO - file_cache is only supported with oauth2client<4.0.0
[2026-09-17T16:02:27.271+0000] {logging_mixin.py:188} INFO - [2026-09-17T16:02:27.271+0000] {__init__.py:49} INFO - file_cache is only supported with oauth2client<4.0.0
[2026-09-17T16:02:35.150+0000] {processor.py:840} INFO - DAG(s) 'youtube_extraction' retrieved from /opt/airflow/dags/dag_extraction.py
[2026-09-17T16:02:35.171+0000] {logging_mixin.py:188} INFO - [2026-09-17T16:02:35.171+0000] {dag.py:3096} INFO - Sync 1 DAGs
[2026-09-17T16:02:35.191+0000] {logging_mixin.py:188} INFO - [2026-09-17T16:02:35.191+0000] {dag.py:3954} INFO - Setting next_dagrun for youtube_extraction to 2026-09-17 00:00:00+00:00, run_after=2026-09-18 00:00:00+00:00
[2026-09-17T16:02:35.211+0000] {processor.py:183} INFO - Processing /opt/airflow/dags/dag_extraction.py took 11.758 seconds
[2026-09-17T16:03:06.007+0000] {processor.py:161} INFO - Started process (PID=2810) to work on /opt/airflow/dags/dag_extraction.py
[2026-09-17T16:03:06.010+0000] {processor.py:830} INFO - Processing file /opt/airflow/dags/dag_extraction.py for tasks to queue
[2026-09-17T16:03:06.013+0000] {logging_mixin.py:188} INFO - [2026-09-17T16:03:06.012+0000] {dagbag.py:545} INFO - Filling up the DagBag from /opt/airflow/dags/dag_extraction.py
[2026-09-17T16:03:06.101+0000] {logging_mixin.py:188} INFO - [2026-09-17T16:03:06.101+0000] {__init__.py:49} INFO - file_cache is only supported with oauth2client<4.0.0
[2026-09-17T16:03:06.485+0000] {logging_mixin.py:188} INFO - [2026-09-17T16:03:06.485+0000] {__init__.py:49} INFO - file_cache is only supported with oauth2client<4.0.0
[2026-09-17T16:03:09.362+0000] {logging_mixin.py:188} INFO - [2026-09-17T16:03:09.362+0000] {__init__.py:49} INFO - file_cache is only supported with oauth2client<4.0.0
[2026-09-17T16:03:16.825+0000] {processor.py:840} INFO - DAG(s) 'youtube_extraction' retrieved from /opt/airflow/dags/dag_extraction.py
[2026-09-17T16:03:16.846+0000] {logging_mixin.py:188} INFO - [2026-09-17T16:03:16.846+0000] {dag.py:3096} INFO - Sync 1 DAGs
[2026-09-17T16:03:16.865+0000] {logging_mixin.py:188} INFO - [2026-09-17T16:03:16.865+0000] {dag.py:3954} INFO - Setting next_dagrun for youtube_extraction to 2026-09-17 00:00:00+00:00, run_after=2026-09-18 00:00:00+00:00
[2026-09-17T16:03:16.884+0000] {processor.py:183} INFO - Processing /opt/airflow/dags/dag_extraction.py took 10.886 seconds
[2026-09-17T16:03:47.588+0000] {processor.py:161} INFO - Started process (PID=2818) to work on /opt/airflow/dags/dag_extraction.py
[2026-09-17T16:03:47.593+0000] {processor.py:830} INFO - Processing file /opt/airflow/dags/dag_extraction.py for tasks to queue
[2026-09-17T16:03:47.598+0000] {logging_mixin.py:188} INFO - [2026-09-17T16:03:47.597+0000] {dagbag.py:545} INFO - Filling up the DagBag from /opt/airflow/dags/dag_extraction.py
[2026-09-17T16:03:47.732+0000] {logging_mixin.py:188} INFO - [2026-09-17T16:03:47.732+0000] {__init__.py:49} INFO - file_cache is only supported with oauth2client<4.0.0
[2026-09-17T16:03:48.288+0000] {logging_mixin.py:188} INFO - [2026-09-17T16:03:48.287+0000] {__init__.py:49} INFO - file_cache is only supported with oauth2client<4.0.0
[2026-09-17T16:03:51.473+0000] {logging_mixin.py:188} INFO - [2026-09-17T16:03:51.472+0000] {__init__.py:49} INFO - file_cache is only supported with oauth2client<4.0.0
[2026-09-17T16:03:59.346+0000] {processor.py:840} INFO - DAG(s) 'youtube_extraction' retrieved from /opt/airflow/dags/dag_extraction.py
[2026-09-17T16:03:59.397+0000] {logging_mixin.py:188} INFO - [2026-09-17T16:03:59.396+0000] {dag.py:3096} INFO - Sync 1 DAGs
[2026-09-17T16:03:59.443+0000] {logging_mixin.py:188} INFO - [2026-09-17T16:03:59.443+0000] {dag.py:3954} INFO - Setting next_dagrun for youtube_extraction to 2026-09-17 00:00:00+00:00, run_after=2026-09-18 00:00:00+00:00
[2026-09-17T16:03:59.475+0000] {processor.py:183} INFO - Processing /opt/airflow/dags/dag_extraction.py took 11.906 seconds
[2026-09-17T16:04:29.754+0000] {processor.py:161} INFO - Started process (PID=2833) to work on /opt/airflow/dags/dag_extraction.py
[2026-09-17T16:04:29.758+0000] {processor.py:830} INFO - Processing file /opt/airflow/dags/dag_extraction.py for tasks to queue
[2026-09-17T16:04:29.761+0000] {logging_mixin.py:188} INFO - [2026-09-17T16:04:29.760+0000] {dagbag.py:545} INFO - Filling up the DagBag from /opt/airflow/dags/dag_extraction.py
[2026-09-17T16:04:29.867+0000] {logging_mixin.py:188} INFO - [2026-09-17T16:04:29.867+0000] {__init__.py:49} INFO - file_cache is only supported with oauth2client<4.0.0
[2026-09-17T16:04:30.381+0000] {logging_mixin.py:188} INFO - [2026-09-17T16:04:30.381+0000] {__init__.py:49} INFO - file_cache is only supported with oauth2client<4.0.0
[2026-09-17T16:04:33.669+0000] {logging_mixin.py:188} INFO - [2026-09-17T16:04:33.669+0000] {__init__.py:49} INFO - file_cache is only supported with oauth2client<4.0.0
[2026-09-17T16:04:41.530+0000] {processor.py:840} INFO - DAG(s) 'youtube_extraction' retrieved from /opt/airflow/dags/dag_extraction.py
[2026-09-17T16:04:41.591+0000] {logging_mixin.py:188} INFO - [2026-09-17T16:04:41.590+0000] {dag.py:3096} INFO - Sync 1 DAGs
[2026-09-17T16:04:41.648+0000] {logging_mixin.py:188} INFO - [2026-09-17T16:04:41.648+0000] {dag.py:3954} INFO - Setting next_dagrun for youtube_extraction to 2026-09-17 00:00:00+00:00, run_after=2026-09-18 00:00:00+00:00
[2026-09-17T16:04:41.699+0000] {processor.py:183} INFO - Processing /opt/airflow/dags/dag_extraction.py took 11.955 seconds
[2026-09-17T16:05:12.203+0000] {processor.py:161} INFO - Started process (PID=2841) to work on /opt/airflow/dags/dag_extraction.py
[2026-09-17T16:05:12.209+0000] {processor.py:830} INFO - Processing file /opt/airflow/dags/dag_extraction.py for tasks to queue
[2026-09-17T16:05:12.214+0000] {logging_mixin.py:188} INFO - [2026-09-17T16:05:12.213+0000] {dagbag.py:545} INFO - Filling up the DagBag from /opt/airflow/dags/dag_extraction.py
[2026-09-17T16:05:12.391+0000] {logging_mixin.py:188} INFO - [2026-09-17T16:05:12.391+0000] {__init__.py:49} INFO - file_cache is only supported with oauth2client<4.0.0
[2026-09-17T16:05:12.873+0000] {logging_mixin.py:188} INFO - [2026-09-17T16:05:12.872+0000] {__init__.py:49} INFO - file_cache is only supported with oauth2client<4.0.0
[2026-09-17T16:05:16.261+0000] {logging_mixin.py:188} INFO - [2026-09-17T16:05:16.261+0000] {__init__.py:49} INFO - file_cache is only supported with oauth2client<4.0.0
[2026-09-17T16:05:24.382+0000] {processor.py:840} INFO - DAG(s) 'youtube_extraction' retrieved from /opt/airflow/dags/dag_extraction.py
[2026-09-17T16:05:24.459+0000] {logging_mixin.py:188} INFO - [2026-09-17T16:05:24.447+0000] {dag.py:3096} INFO - Sync 1 DAGs
[2026-09-17T16:05:24.579+0000] {logging_mixin.py:188} INFO - [2026-09-17T16:05:24.578+0000] {dag.py:3954} INFO - Setting next_dagrun for youtube_extraction to 2026-09-17 00:00:00+00:00, run_after=2026-09-18 00:00:00+00:00
[2026-09-17T16:05:24.648+0000] {processor.py:183} INFO - Processing /opt/airflow/dags/dag_extraction.py took 12.463 seconds
[2026-09-17T16:06:47.285+0000] {processor.py:161} INFO - Started process (PID=61) to work on /opt/airflow/dags/dag_extraction.py
[2026-09-17T16:06:47.292+0000] {processor.py:830} INFO - Processing file /opt/airflow/dags/dag_extraction.py for tasks to queue
[2026-09-17T16:06:47.307+0000] {logging_mixin.py:188} INFO - [2026-09-17T16:06:47.306+0000] {dagbag.py:545} INFO - Filling up the DagBag from /opt/airflow/dags/dag_extraction.py
[2026-09-17T16:06:47.722+0000] {logging_mixin.py:188} INFO - [2026-09-17T16:06:47.722+0000] {__init__.py:49} INFO - file_cache is only supported with oauth2client<4.0.0
[2026-09-17T16:06:48.819+0000] {logging_mixin.py:188} INFO - [2026-09-17T16:06:48.818+0000] {__init__.py:49} INFO - file_cache is only supported with oauth2client<4.0.0
[2026-09-17T16:06:52.948+0000] {logging_mixin.py:188} INFO - [2026-09-17T16:06:52.948+0000] {__init__.py:49} INFO - file_cache is only supported with oauth2client<4.0.0
[2026-09-17T16:07:01.633+0000] {processor.py:840} INFO - DAG(s) 'youtube_extraction' retrieved from /opt/airflow/dags/dag_extraction.py
[2026-09-17T16:07:01.851+0000] {logging_mixin.py:188} INFO - [2026-09-17T16:07:01.850+0000] {dag.py:3096} INFO - Sync 1 DAGs
[2026-09-17T16:07:01.910+0000] {logging_mixin.py:188} INFO - [2026-09-17T16:07:01.910+0000] {dag.py:3954} INFO - Setting next_dagrun for youtube_extraction to 2026-09-17 00:00:00+00:00, run_after=2026-09-18 00:00:00+00:00
[2026-09-17T16:07:01.974+0000] {processor.py:183} INFO - Processing /opt/airflow/dags/dag_extraction.py took 14.709 seconds
[2026-09-17T16:07:32.482+0000] {processor.py:161} INFO - Started process (PID=70) to work on /opt/airflow/dags/dag_extraction.py
[2026-09-17T16:07:32.486+0000] {processor.py:830} INFO - Processing file /opt/airflow/dags/dag_extraction.py for tasks to queue
[2026-09-17T16:07:32.493+0000] {logging_mixin.py:188} INFO - [2026-09-17T16:07:32.492+0000] {dagbag.py:545} INFO - Filling up the DagBag from /opt/airflow/dags/dag_extraction.py
[2026-09-17T16:07:32.662+0000] {logging_mixin.py:188} INFO - [2026-09-17T16:07:32.662+0000] {__init__.py:49} INFO - file_cache is only supported with oauth2client<4.0.0
[2026-09-17T16:07:33.065+0000] {logging_mixin.py:188} INFO - [2026-09-17T16:07:33.064+0000] {__init__.py:49} INFO - file_cache is only supported with oauth2client<4.0.0
[2026-09-17T16:07:36.340+0000] {logging_mixin.py:188} INFO - [2026-09-17T16:07:36.340+0000] {__init__.py:49} INFO - file_cache is only supported with oauth2client<4.0.0
[2026-09-17T16:07:45.246+0000] {processor.py:840} INFO - DAG(s) 'youtube_extraction' retrieved from /opt/airflow/dags/dag_extraction.py
[2026-09-17T16:07:45.299+0000] {logging_mixin.py:188} INFO - [2026-09-17T16:07:45.298+0000] {dag.py:3096} INFO - Sync 1 DAGs
[2026-09-17T16:07:45.345+0000] {logging_mixin.py:188} INFO - [2026-09-17T16:07:45.345+0000] {dag.py:3954} INFO - Setting next_dagrun for youtube_extraction to 2026-09-17 00:00:00+00:00, run_after=2026-09-18 00:00:00+00:00
[2026-09-17T16:07:45.385+0000] {processor.py:183} INFO - Processing /opt/airflow/dags/dag_extraction.py took 12.915 seconds
[2026-09-17T16:08:15.659+0000] {processor.py:161} INFO - Started process (PID=84) to work on /opt/airflow/dags/dag_extraction.py
[2026-09-17T16:08:15.667+0000] {processor.py:830} INFO - Processing file /opt/airflow/dags/dag_extraction.py for tasks to queue
[2026-09-17T16:08:15.675+0000] {logging_mixin.py:188} INFO - [2026-09-17T16:08:15.674+0000] {dagbag.py:545} INFO - Filling up the DagBag from /opt/airflow/dags/dag_extraction.py
[2026-09-17T16:08:15.958+0000] {logging_mixin.py:188} INFO - [2026-09-17T16:08:15.957+0000] {__init__.py:49} INFO - file_cache is only supported with oauth2client<4.0.0
[2026-09-17T16:08:16.502+0000] {logging_mixin.py:188} INFO - [2026-09-17T16:08:16.501+0000] {__init__.py:49} INFO - file_cache is only supported with oauth2client<4.0.0
[2026-09-17T16:08:20.167+0000] {logging_mixin.py:188} INFO - [2026-09-17T16:08:20.166+0000] {__init__.py:49} INFO - file_cache is only supported with oauth2client<4.0.0
[2026-09-17T16:08:27.432+0000] {processor.py:840} INFO - DAG(s) 'youtube_extraction' retrieved from /opt/airflow/dags/dag_extraction.py
[2026-09-17T16:08:27.475+0000] {logging_mixin.py:188} INFO - [2026-09-17T16:08:27.474+0000] {dag.py:3096} INFO - Sync 1 DAGs
[2026-09-17T16:08:27.531+0000] {logging_mixin.py:188} INFO - [2026-09-17T16:08:27.530+0000] {dag.py:3954} INFO - Setting next_dagrun for youtube_extraction to 2026-09-17 00:00:00+00:00, run_after=2026-09-18 00:00:00+00:00
[2026-09-17T16:08:27.590+0000] {processor.py:183} INFO - Processing /opt/airflow/dags/dag_extraction.py took 11.964 seconds
[2026-09-17T16:08:58.271+0000] {processor.py:161} INFO - Started process (PID=99) to work on /opt/airflow/dags/dag_extraction.py
[2026-09-17T16:08:58.278+0000] {processor.py:830} INFO - Processing file /opt/airflow/dags/dag_extraction.py for tasks to queue
[2026-09-17T16:08:58.287+0000] {logging_mixin.py:188} INFO - [2026-09-17T16:08:58.286+0000] {dagbag.py:545} INFO - Filling up the DagBag from /opt/airflow/dags/dag_extraction.py
[2026-09-17T16:08:58.541+0000] {logging_mixin.py:188} INFO - [2026-09-17T16:08:58.540+0000] {__init__.py:49} INFO - file_cache is only supported with oauth2client<4.0.0
[2026-09-17T16:08:58.886+0000] {logging_mixin.py:188} INFO - [2026-09-17T16:08:58.886+0000] {__init__.py:49} INFO - file_cache is only supported with oauth2client<4.0.0
[2026-09-17T16:09:02.453+0000] {logging_mixin.py:188} INFO - [2026-09-17T16:09:02.453+0000] {__init__.py:49} INFO - file_cache is only supported with oauth2client<4.0.0
[2026-09-17T16:09:10.454+0000] {processor.py:840} INFO - DAG(s) 'youtube_extraction' retrieved from /opt/airflow/dags/dag_extraction.py
[2026-09-17T16:09:10.530+0000] {logging_mixin.py:188} INFO - [2026-09-17T16:09:10.528+0000] {dag.py:3096} INFO - Sync 1 DAGs
[2026-09-17T16:09:10.570+0000] {logging_mixin.py:188} INFO - [2026-09-17T16:09:10.569+0000] {dag.py:3954} INFO - Setting next_dagrun for youtube_extraction to 2026-09-17 00:00:00+00:00, run_after=2026-09-18 00:00:00+00:00
[2026-09-17T16:09:10.600+0000] {processor.py:183} INFO - Processing /opt/airflow/dags/dag_extraction.py took 12.357 seconds
[2026-09-17T16:09:41.146+0000] {processor.py:161} INFO - Started process (PID=107) to work on /opt/airflow/dags/dag_extraction.py
[2026-09-17T16:09:41.149+0000] {processor.py:830} INFO - Processing file /opt/airflow/dags/dag_extraction.py for tasks to queue
[2026-09-17T16:09:41.155+0000] {logging_mixin.py:188} INFO - [2026-09-17T16:09:41.154+0000] {dagbag.py:545} INFO - Filling up the DagBag from /opt/airflow/dags/dag_extraction.py
[2026-09-17T16:09:41.305+0000] {logging_mixin.py:188} INFO - [2026-09-17T16:09:41.305+0000] {__init__.py:49} INFO - file_cache is only supported with oauth2client<4.0.0
[2026-09-17T16:09:41.889+0000] {logging_mixin.py:188} INFO - [2026-09-17T16:09:41.888+0000] {__init__.py:49} INFO - file_cache is only supported with oauth2client<4.0.0
[2026-09-17T16:09:45.068+0000] {logging_mixin.py:188} INFO - [2026-09-17T16:09:45.067+0000] {__init__.py:49} INFO - file_cache is only supported with oauth2client<4.0.0
[2026-09-17T16:09:54.707+0000] {processor.py:840} INFO - DAG(s) 'youtube_extraction' retrieved from /opt/airflow/dags/dag_extraction.py
[2026-09-17T16:09:54.751+0000] {logging_mixin.py:188} INFO - [2026-09-17T16:09:54.750+0000] {dag.py:3096} INFO - Sync 1 DAGs
[2026-09-17T16:09:54.824+0000] {logging_mixin.py:188} INFO - [2026-09-17T16:09:54.823+0000] {dag.py:3954} INFO - Setting next_dagrun for youtube_extraction to 2026-09-17 00:00:00+00:00, run_after=2026-09-18 00:00:00+00:00
[2026-09-17T16:09:54.856+0000] {processor.py:183} INFO - Processing /opt/airflow/dags/dag_extraction.py took 13.725 seconds
[2026-09-17T16:10:25.494+0000] {processor.py:161} INFO - Started process (PID=122) to work on /opt/airflow/dags/dag_extraction.py
[2026-09-17T16:10:25.501+0000] {processor.py:830} INFO - Processing file /opt/airflow/dags/dag_extraction.py for tasks to queue
[2026-09-17T16:10:25.508+0000] {logging_mixin.py:188} INFO - [2026-09-17T16:10:25.507+0000] {dagbag.py:545} INFO - Filling up the DagBag from /opt/airflow/dags/dag_extraction.py
[2026-09-17T16:10:25.683+0000] {logging_mixin.py:188} INFO - [2026-09-17T16:10:25.682+0000] {__init__.py:49} INFO - file_cache is only supported with oauth2client<4.0.0
[2026-09-17T16:10:26.228+0000] {logging_mixin.py:188} INFO - [2026-09-17T16:10:26.228+0000] {__init__.py:49} INFO - file_cache is only supported with oauth2client<4.0.0
[2026-09-17T16:10:29.934+0000] {logging_mixin.py:188} INFO - [2026-09-17T16:10:29.933+0000] {__init__.py:49} INFO - file_cache is only supported with oauth2client<4.0.0
[2026-09-17T16:10:39.637+0000] {processor.py:840} INFO - DAG(s) 'youtube_extraction' retrieved from /opt/airflow/dags/dag_extraction.py
[2026-09-17T16:10:39.698+0000] {logging_mixin.py:188} INFO - [2026-09-17T16:10:39.697+0000] {dag.py:3096} INFO - Sync 1 DAGs
[2026-09-17T16:10:39.765+0000] {logging_mixin.py:188} INFO - [2026-09-17T16:10:39.765+0000] {dag.py:3954} INFO - Setting next_dagrun for youtube_extraction to 2026-09-17 00:00:00+00:00, run_after=2026-09-18 00:00:00+00:00
[2026-09-17T16:10:39.825+0000] {processor.py:183} INFO - Processing /opt/airflow/dags/dag_extraction.py took 14.356 seconds
[2026-09-17T16:11:10.291+0000] {processor.py:161} INFO - Started process (PID=130) to work on /opt/airflow/dags/dag_extraction.py
[2026-09-17T16:11:10.294+0000] {processor.py:830} INFO - Processing file /opt/airflow/dags/dag_extraction.py for tasks to queue
[2026-09-17T16:11:10.301+0000] {logging_mixin.py:188} INFO - [2026-09-17T16:11:10.301+0000] {dagbag.py:545} INFO - Filling up the DagBag from /opt/airflow/dags/dag_extraction.py
[2026-09-17T16:11:10.437+0000] {logging_mixin.py:188} INFO - [2026-09-17T16:11:10.436+0000] {__init__.py:49} INFO - file_cache is only supported with oauth2client<4.0.0
[2026-09-17T16:11:11.399+0000] {logging_mixin.py:188} INFO - [2026-09-17T16:11:11.398+0000] {__init__.py:49} INFO - file_cache is only supported with oauth2client<4.0.0
[2026-09-17T16:11:14.867+0000] {logging_mixin.py:188} INFO - [2026-09-17T16:11:14.866+0000] {__init__.py:49} INFO - file_cache is only supported with oauth2client<4.0.0
[2026-09-17T16:11:23.475+0000] {processor.py:840} INFO - DAG(s) 'youtube_extraction' retrieved from /opt/airflow/dags/dag_extraction.py
[2026-09-17T16:11:23.519+0000] {logging_mixin.py:188} INFO - [2026-09-17T16:11:23.518+0000] {dag.py:3096} INFO - Sync 1 DAGs
[2026-09-17T16:11:23.577+0000] {logging_mixin.py:188} INFO - [2026-09-17T16:11:23.576+0000] {dag.py:3954} INFO - Setting next_dagrun for youtube_extraction to 2026-09-17 00:00:00+00:00, run_after=2026-09-18 00:00:00+00:00
[2026-09-17T16:11:23.615+0000] {processor.py:183} INFO - Processing /opt/airflow/dags/dag_extraction.py took 13.336 seconds
[2026-09-17T16:11:54.304+0000] {processor.py:161} INFO - Started process (PID=144) to work on /opt/airflow/dags/dag_extraction.py
[2026-09-17T16:11:54.331+0000] {processor.py:830} INFO - Processing file /opt/airflow/dags/dag_extraction.py for tasks to queue
[2026-09-17T16:11:54.336+0000] {logging_mixin.py:188} INFO - [2026-09-17T16:11:54.336+0000] {dagbag.py:545} INFO - Filling up the DagBag from /opt/airflow/dags/dag_extraction.py
[2026-09-17T16:11:54.550+0000] {logging_mixin.py:188} INFO - [2026-09-17T16:11:54.550+0000] {__init__.py:49} INFO - file_cache is only supported with oauth2client<4.0.0
[2026-09-17T16:11:55.106+0000] {logging_mixin.py:188} INFO - [2026-09-17T16:11:55.105+0000] {__init__.py:49} INFO - file_cache is only supported with oauth2client<4.0.0
[2026-09-17T16:11:58.299+0000] {logging_mixin.py:188} INFO - [2026-09-17T16:11:58.299+0000] {__init__.py:49} INFO - file_cache is only supported with oauth2client<4.0.0
[2026-09-17T16:12:07.829+0000] {processor.py:840} INFO - DAG(s) 'youtube_extraction' retrieved from /opt/airflow/dags/dag_extraction.py
[2026-09-17T16:12:07.870+0000] {logging_mixin.py:188} INFO - [2026-09-17T16:12:07.869+0000] {dag.py:3096} INFO - Sync 1 DAGs
[2026-09-17T16:12:07.925+0000] {logging_mixin.py:188} INFO - [2026-09-17T16:12:07.924+0000] {dag.py:3954} INFO - Setting next_dagrun for youtube_extraction to 2026-09-17 00:00:00+00:00, run_after=2026-09-18 00:00:00+00:00
[2026-09-17T16:12:07.959+0000] {processor.py:183} INFO - Processing /opt/airflow/dags/dag_extraction.py took 13.667 seconds
[2026-09-17T16:12:38.418+0000] {processor.py:161} INFO - Started process (PID=153) to work on /opt/airflow/dags/dag_extraction.py
[2026-09-17T16:12:38.423+0000] {processor.py:830} INFO - Processing file /opt/airflow/dags/dag_extraction.py for tasks to queue
[2026-09-17T16:12:38.429+0000] {logging_mixin.py:188} INFO - [2026-09-17T16:12:38.428+0000] {dagbag.py:545} INFO - Filling up the DagBag from /opt/airflow/dags/dag_extraction.py
[2026-09-17T16:12:38.575+0000] {logging_mixin.py:188} INFO - [2026-09-17T16:12:38.575+0000] {__init__.py:49} INFO - file_cache is only supported with oauth2client<4.0.0
[2026-09-17T16:12:39.161+0000] {logging_mixin.py:188} INFO - [2026-09-17T16:12:39.161+0000] {__init__.py:49} INFO - file_cache is only supported with oauth2client<4.0.0
[2026-09-17T16:12:42.645+0000] {logging_mixin.py:188} INFO - [2026-09-17T16:12:42.644+0000] {__init__.py:49} INFO - file_cache is only supported with oauth2client<4.0.0
[2026-09-17T16:12:50.005+0000] {processor.py:840} INFO - DAG(s) 'youtube_extraction' retrieved from /opt/airflow/dags/dag_extraction.py
[2026-09-17T16:12:50.058+0000] {logging_mixin.py:188} INFO - [2026-09-17T16:12:50.056+0000] {dag.py:3096} INFO - Sync 1 DAGs
[2026-09-17T16:12:50.117+0000] {logging_mixin.py:188} INFO - [2026-09-17T16:12:50.116+0000] {dag.py:3954} INFO - Setting next_dagrun for youtube_extraction to 2026-09-17 00:00:00+00:00, run_after=2026-09-18 00:00:00+00:00
[2026-09-17T16:12:50.168+0000] {processor.py:183} INFO - Processing /opt/airflow/dags/dag_extraction.py took 11.763 seconds
[2026-09-17T16:13:20.293+0000] {processor.py:161} INFO - Started process (PID=167) to work on /opt/airflow/dags/dag_extraction.py
[2026-09-17T16:13:20.297+0000] {processor.py:830} INFO - Processing file /opt/airflow/dags/dag_extraction.py for tasks to queue
[2026-09-17T16:13:20.305+0000] {logging_mixin.py:188} INFO - [2026-09-17T16:13:20.304+0000] {dagbag.py:545} INFO - Filling up the DagBag from /opt/airflow/dags/dag_extraction.py
[2026-09-17T16:13:20.515+0000] {logging_mixin.py:188} INFO - [2026-09-17T16:13:20.515+0000] {__init__.py:49} INFO - file_cache is only supported with oauth2client<4.0.0
[2026-09-17T16:13:21.649+0000] {logging_mixin.py:188} INFO - [2026-09-17T16:13:21.648+0000] {__init__.py:49} INFO - file_cache is only supported with oauth2client<4.0.0
[2026-09-17T16:13:26.053+0000] {logging_mixin.py:188} INFO - [2026-09-17T16:13:26.052+0000] {__init__.py:49} INFO - file_cache is only supported with oauth2client<4.0.0
[2026-09-17T16:13:35.053+0000] {processor.py:840} INFO - DAG(s) 'youtube_extraction' retrieved from /opt/airflow/dags/dag_extraction.py
[2026-09-17T16:13:35.087+0000] {logging_mixin.py:188} INFO - [2026-09-17T16:13:35.086+0000] {dag.py:3096} INFO - Sync 1 DAGs
[2026-09-17T16:13:35.120+0000] {logging_mixin.py:188} INFO - [2026-09-17T16:13:35.120+0000] {dag.py:3954} INFO - Setting next_dagrun for youtube_extraction to 2026-09-17 00:00:00+00:00, run_after=2026-09-18 00:00:00+00:00
[2026-09-17T16:13:35.154+0000] {processor.py:183} INFO - Processing /opt/airflow/dags/dag_extraction.py took 14.877 seconds
[2026-09-17T16:14:05.397+0000] {processor.py:161} INFO - Started process (PID=181) to work on /opt/airflow/dags/dag_extraction.py
[2026-09-17T16:14:05.405+0000] {processor.py:830} INFO - Processing file /opt/airflow/dags/dag_extraction.py for tasks to queue
[2026-09-17T16:14:05.415+0000] {logging_mixin.py:188} INFO - [2026-09-17T16:14:05.414+0000] {dagbag.py:545} INFO - Filling up the DagBag from /opt/airflow/dags/dag_extraction.py
[2026-09-17T16:14:05.579+0000] {logging_mixin.py:188} INFO - [2026-09-17T16:14:05.579+0000] {__init__.py:49} INFO - file_cache is only supported with oauth2client<4.0.0
[2026-09-17T16:14:06.199+0000] {logging_mixin.py:188} INFO - [2026-09-17T16:14:06.198+0000] {__init__.py:49} INFO - file_cache is only supported with oauth2client<4.0.0
[2026-09-17T16:14:10.181+0000] {logging_mixin.py:188} INFO - [2026-09-17T16:14:10.180+0000] {__init__.py:49} INFO - file_cache is only supported with oauth2client<4.0.0
[2026-09-17T16:14:18.808+0000] {processor.py:840} INFO - DAG(s) 'youtube_extraction' retrieved from /opt/airflow/dags/dag_extraction.py
[2026-09-17T16:14:18.869+0000] {logging_mixin.py:188} INFO - [2026-09-17T16:14:18.868+0000] {dag.py:3096} INFO - Sync 1 DAGs
[2026-09-17T16:14:18.930+0000] {logging_mixin.py:188} INFO - [2026-09-17T16:14:18.929+0000] {dag.py:3954} INFO - Setting next_dagrun for youtube_extraction to 2026-09-17 00:00:00+00:00, run_after=2026-09-18 00:00:00+00:00
[2026-09-17T16:14:18.994+0000] {processor.py:183} INFO - Processing /opt/airflow/dags/dag_extraction.py took 13.614 seconds
[2026-09-17T16:14:49.140+0000] {processor.py:161} INFO - Started process (PID=195) to work on /opt/airflow/dags/dag_extraction.py
[2026-09-17T16:14:49.147+0000] {processor.py:830} INFO - Processing file /opt/airflow/dags/dag_extraction.py for tasks to queue
[2026-09-17T16:14:49.156+0000] {logging_mixin.py:188} INFO - [2026-09-17T16:14:49.154+0000] {dagbag.py:545} INFO - Filling up the DagBag from /opt/airflow/dags/dag_extraction.py
[2026-09-17T16:14:49.325+0000] {logging_mixin.py:188} INFO - [2026-09-17T16:14:49.325+0000] {__init__.py:49} INFO - file_cache is only supported with oauth2client<4.0.0
[2026-09-17T16:14:50.027+0000] {logging_mixin.py:188} INFO - [2026-09-17T16:14:50.027+0000] {__init__.py:49} INFO - file_cache is only supported with oauth2client<4.0.0
[2026-09-17T16:14:53.724+0000] {logging_mixin.py:188} INFO - [2026-09-17T16:14:53.723+0000] {__init__.py:49} INFO - file_cache is only supported with oauth2client<4.0.0
[2026-09-17T16:15:03.051+0000] {processor.py:840} INFO - DAG(s) 'youtube_extraction' retrieved from /opt/airflow/dags/dag_extraction.py
[2026-09-17T16:15:03.113+0000] {logging_mixin.py:188} INFO - [2026-09-17T16:15:03.112+0000] {dag.py:3096} INFO - Sync 1 DAGs
[2026-09-17T16:15:03.189+0000] {logging_mixin.py:188} INFO - [2026-09-17T16:15:03.188+0000] {dag.py:3954} INFO - Setting next_dagrun for youtube_extraction to 2026-09-17 00:00:00+00:00, run_after=2026-09-18 00:00:00+00:00
[2026-09-17T16:15:03.248+0000] {processor.py:183} INFO - Processing /opt/airflow/dags/dag_extraction.py took 14.128 seconds
[2026-09-17T16:15:33.756+0000] {processor.py:161} INFO - Started process (PID=204) to work on /opt/airflow/dags/dag_extraction.py
[2026-09-17T16:15:33.761+0000] {processor.py:830} INFO - Processing file /opt/airflow/dags/dag_extraction.py for tasks to queue
[2026-09-17T16:15:33.768+0000] {logging_mixin.py:188} INFO - [2026-09-17T16:15:33.767+0000] {dagbag.py:545} INFO - Filling up the DagBag from /opt/airflow/dags/dag_extraction.py
[2026-09-17T16:15:33.966+0000] {logging_mixin.py:188} INFO - [2026-09-17T16:15:33.966+0000] {__init__.py:49} INFO - file_cache is only supported with oauth2client<4.0.0
[2026-09-17T16:15:35.385+0000] {logging_mixin.py:188} INFO - [2026-09-17T16:15:35.384+0000] {__init__.py:49} INFO - file_cache is only supported with oauth2client<4.0.0
[2026-09-17T16:15:40.511+0000] {logging_mixin.py:188} INFO - [2026-09-17T16:15:40.510+0000] {__init__.py:49} INFO - file_cache is only supported with oauth2client<4.0.0
[2026-09-17T16:15:50.432+0000] {processor.py:840} INFO - DAG(s) 'youtube_extraction' retrieved from /opt/airflow/dags/dag_extraction.py
[2026-09-17T16:15:50.466+0000] {logging_mixin.py:188} INFO - [2026-09-17T16:15:50.466+0000] {dag.py:3096} INFO - Sync 1 DAGs
[2026-09-17T16:15:50.504+0000] {logging_mixin.py:188} INFO - [2026-09-17T16:15:50.504+0000] {dag.py:3954} INFO - Setting next_dagrun for youtube_extraction to 2026-09-17 00:00:00+00:00, run_after=2026-09-18 00:00:00+00:00
[2026-09-17T16:15:50.540+0000] {processor.py:183} INFO - Processing /opt/airflow/dags/dag_extraction.py took 16.794 seconds
[2026-09-17T16:16:20.948+0000] {processor.py:161} INFO - Started process (PID=218) to work on /opt/airflow/dags/dag_extraction.py
[2026-09-17T16:16:20.952+0000] {processor.py:830} INFO - Processing file /opt/airflow/dags/dag_extraction.py for tasks to queue
[2026-09-17T16:16:20.957+0000] {logging_mixin.py:188} INFO - [2026-09-17T16:16:20.956+0000] {dagbag.py:545} INFO - Filling up the DagBag from /opt/airflow/dags/dag_extraction.py
[2026-09-17T16:16:21.052+0000] {logging_mixin.py:188} INFO - [2026-09-17T16:16:21.052+0000] {__init__.py:49} INFO - file_cache is only supported with oauth2client<4.0.0
[2026-09-17T16:16:21.654+0000] {logging_mixin.py:188} INFO - [2026-09-17T16:16:21.654+0000] {__init__.py:49} INFO - file_cache is only supported with oauth2client<4.0.0
[2026-09-17T16:16:25.473+0000] {logging_mixin.py:188} INFO - [2026-09-17T16:16:25.472+0000] {__init__.py:49} INFO - file_cache is only supported with oauth2client<4.0.0
[2026-09-17T16:16:34.879+0000] {processor.py:840} INFO - DAG(s) 'youtube_extraction' retrieved from /opt/airflow/dags/dag_extraction.py
[2026-09-17T16:16:34.955+0000] {logging_mixin.py:188} INFO - [2026-09-17T16:16:34.954+0000] {dag.py:3096} INFO - Sync 1 DAGs
[2026-09-17T16:16:35.022+0000] {logging_mixin.py:188} INFO - [2026-09-17T16:16:35.021+0000] {dag.py:3954} INFO - Setting next_dagrun for youtube_extraction to 2026-09-17 00:00:00+00:00, run_after=2026-09-18 00:00:00+00:00
[2026-09-17T16:16:35.067+0000] {processor.py:183} INFO - Processing /opt/airflow/dags/dag_extraction.py took 14.129 seconds
[2026-09-17T16:18:28.937+0000] {processor.py:161} INFO - Started process (PID=54) to work on /opt/airflow/dags/dag_extraction.py
[2026-09-17T16:18:28.941+0000] {processor.py:830} INFO - Processing file /opt/airflow/dags/dag_extraction.py for tasks to queue
[2026-09-17T16:18:28.948+0000] {logging_mixin.py:188} INFO - [2026-09-17T16:18:28.947+0000] {dagbag.py:545} INFO - Filling up the DagBag from /opt/airflow/dags/dag_extraction.py
[2026-09-17T16:18:29.224+0000] {logging_mixin.py:188} INFO - [2026-09-17T16:18:29.224+0000] {__init__.py:49} INFO - file_cache is only supported with oauth2client<4.0.0
[2026-09-17T16:18:30.399+0000] {logging_mixin.py:188} INFO - [2026-09-17T16:18:30.398+0000] {__init__.py:49} INFO - file_cache is only supported with oauth2client<4.0.0
[2026-09-17T16:18:35.097+0000] {logging_mixin.py:188} INFO - [2026-09-17T16:18:35.096+0000] {__init__.py:49} INFO - file_cache is only supported with oauth2client<4.0.0
[2026-09-17T16:18:44.835+0000] {processor.py:840} INFO - DAG(s) 'youtube_extraction' retrieved from /opt/airflow/dags/dag_extraction.py
[2026-09-17T16:18:45.040+0000] {logging_mixin.py:188} INFO - [2026-09-17T16:18:45.040+0000] {dag.py:3096} INFO - Sync 1 DAGs
[2026-09-17T16:18:45.068+0000] {logging_mixin.py:188} INFO - [2026-09-17T16:18:45.068+0000] {dag.py:3954} INFO - Setting next_dagrun for youtube_extraction to 2026-09-17 00:00:00+00:00, run_after=2026-09-18 00:00:00+00:00
[2026-09-17T16:18:45.098+0000] {processor.py:183} INFO - Processing /opt/airflow/dags/dag_extraction.py took 16.180 seconds
[2026-09-17T16:19:15.500+0000] {processor.py:161} INFO - Started process (PID=75) to work on /opt/airflow/dags/dag_extraction.py
[2026-09-17T16:19:15.505+0000] {processor.py:830} INFO - Processing file /opt/airflow/dags/dag_extraction.py for tasks to queue
[2026-09-17T16:19:15.509+0000] {logging_mixin.py:188} INFO - [2026-09-17T16:19:15.509+0000] {dagbag.py:545} INFO - Filling up the DagBag from /opt/airflow/dags/dag_extraction.py
[2026-09-17T16:19:15.632+0000] {logging_mixin.py:188} INFO - [2026-09-17T16:19:15.632+0000] {__init__.py:49} INFO - file_cache is only supported with oauth2client<4.0.0
[2026-09-17T16:19:16.045+0000] {logging_mixin.py:188} INFO - [2026-09-17T16:19:16.044+0000] {__init__.py:49} INFO - file_cache is only supported with oauth2client<4.0.0
[2026-09-17T16:19:18.863+0000] {logging_mixin.py:188} INFO - [2026-09-17T16:19:18.863+0000] {__init__.py:49} INFO - file_cache is only supported with oauth2client<4.0.0
[2026-09-17T16:19:25.985+0000] {processor.py:840} INFO - DAG(s) 'youtube_extraction' retrieved from /opt/airflow/dags/dag_extraction.py
[2026-09-17T16:19:26.015+0000] {logging_mixin.py:188} INFO - [2026-09-17T16:19:26.015+0000] {dag.py:3096} INFO - Sync 1 DAGs
[2026-09-17T16:19:26.045+0000] {logging_mixin.py:188} INFO - [2026-09-17T16:19:26.045+0000] {dag.py:3954} INFO - Setting next_dagrun for youtube_extraction to 2026-09-17 00:00:00+00:00, run_after=2026-09-18 00:00:00+00:00
[2026-09-17T16:19:26.077+0000] {processor.py:183} INFO - Processing /opt/airflow/dags/dag_extraction.py took 10.586 seconds
[2026-09-17T16:19:56.428+0000] {processor.py:161} INFO - Started process (PID=83) to work on /opt/airflow/dags/dag_extraction.py
[2026-09-17T16:19:56.431+0000] {processor.py:830} INFO - Processing file /opt/airflow/dags/dag_extraction.py for tasks to queue
[2026-09-17T16:19:56.436+0000] {logging_mixin.py:188} INFO - [2026-09-17T16:19:56.436+0000] {dagbag.py:545} INFO - Filling up the DagBag from /opt/airflow/dags/dag_extraction.py
[2026-09-17T16:19:56.582+0000] {logging_mixin.py:188} INFO - [2026-09-17T16:19:56.582+0000] {__init__.py:49} INFO - file_cache is only supported with oauth2client<4.0.0
[2026-09-17T16:19:57.138+0000] {logging_mixin.py:188} INFO - [2026-09-17T16:19:57.138+0000] {__init__.py:49} INFO - file_cache is only supported with oauth2client<4.0.0
[2026-09-17T16:20:01.127+0000] {logging_mixin.py:188} INFO - [2026-09-17T16:20:01.126+0000] {__init__.py:49} INFO - file_cache is only supported with oauth2client<4.0.0
[2026-09-17T16:20:10.237+0000] {processor.py:840} INFO - DAG(s) 'youtube_extraction' retrieved from /opt/airflow/dags/dag_extraction.py
[2026-09-17T16:20:10.301+0000] {logging_mixin.py:188} INFO - [2026-09-17T16:20:10.300+0000] {dag.py:3096} INFO - Sync 1 DAGs
[2026-09-17T16:20:10.365+0000] {logging_mixin.py:188} INFO - [2026-09-17T16:20:10.364+0000] {dag.py:3954} INFO - Setting next_dagrun for youtube_extraction to 2026-09-17 00:00:00+00:00, run_after=2026-09-18 00:00:00+00:00
[2026-09-17T16:20:10.428+0000] {processor.py:183} INFO - Processing /opt/airflow/dags/dag_extraction.py took 14.012 seconds
[2026-09-17T16:20:41.071+0000] {processor.py:161} INFO - Started process (PID=98) to work on /opt/airflow/dags/dag_extraction.py
[2026-09-17T16:20:41.078+0000] {processor.py:830} INFO - Processing file /opt/airflow/dags/dag_extraction.py for tasks to queue
[2026-09-17T16:20:41.084+0000] {logging_mixin.py:188} INFO - [2026-09-17T16:20:41.083+0000] {dagbag.py:545} INFO - Filling up the DagBag from /opt/airflow/dags/dag_extraction.py
[2026-09-17T16:20:41.249+0000] {logging_mixin.py:188} INFO - [2026-09-17T16:20:41.249+0000] {__init__.py:49} INFO - file_cache is only supported with oauth2client<4.0.0
[2026-09-17T16:20:41.774+0000] {logging_mixin.py:188} INFO - [2026-09-17T16:20:41.773+0000] {__init__.py:49} INFO - file_cache is only supported with oauth2client<4.0.0
[2026-09-17T16:20:46.208+0000] {logging_mixin.py:188} INFO - [2026-09-17T16:20:46.207+0000] {__init__.py:49} INFO - file_cache is only supported with oauth2client<4.0.0
[2026-09-17T16:20:57.457+0000] {processor.py:840} INFO - DAG(s) 'youtube_extraction' retrieved from /opt/airflow/dags/dag_extraction.py
[2026-09-17T16:20:57.528+0000] {logging_mixin.py:188} INFO - [2026-09-17T16:20:57.527+0000] {dag.py:3096} INFO - Sync 1 DAGs
[2026-09-17T16:20:57.609+0000] {logging_mixin.py:188} INFO - [2026-09-17T16:20:57.609+0000] {dag.py:3954} INFO - Setting next_dagrun for youtube_extraction to 2026-09-17 00:00:00+00:00, run_after=2026-09-18 00:00:00+00:00
[2026-09-17T16:20:57.675+0000] {processor.py:183} INFO - Processing /opt/airflow/dags/dag_extraction.py took 16.628 seconds
[2026-09-17T16:21:27.794+0000] {processor.py:161} INFO - Started process (PID=106) to work on /opt/airflow/dags/dag_extraction.py
[2026-09-17T16:21:27.799+0000] {processor.py:830} INFO - Processing file /opt/airflow/dags/dag_extraction.py for tasks to queue
[2026-09-17T16:21:27.806+0000] {logging_mixin.py:188} INFO - [2026-09-17T16:21:27.805+0000] {dagbag.py:545} INFO - Filling up the DagBag from /opt/airflow/dags/dag_extraction.py
[2026-09-17T16:21:27.952+0000] {logging_mixin.py:188} INFO - [2026-09-17T16:21:27.952+0000] {__init__.py:49} INFO - file_cache is only supported with oauth2client<4.0.0
[2026-09-17T16:21:28.687+0000] {logging_mixin.py:188} INFO - [2026-09-17T16:21:28.687+0000] {__init__.py:49} INFO - file_cache is only supported with oauth2client<4.0.0
[2026-09-17T16:21:33.184+0000] {logging_mixin.py:188} INFO - [2026-09-17T16:21:33.184+0000] {__init__.py:49} INFO - file_cache is only supported with oauth2client<4.0.0
[2026-09-17T16:21:42.850+0000] {processor.py:840} INFO - DAG(s) 'youtube_extraction' retrieved from /opt/airflow/dags/dag_extraction.py
[2026-09-17T16:21:42.905+0000] {logging_mixin.py:188} INFO - [2026-09-17T16:21:42.905+0000] {dag.py:3096} INFO - Sync 1 DAGs
[2026-09-17T16:21:42.952+0000] {logging_mixin.py:188} INFO - [2026-09-17T16:21:42.951+0000] {dag.py:3954} INFO - Setting next_dagrun for youtube_extraction to 2026-09-17 00:00:00+00:00, run_after=2026-09-18 00:00:00+00:00
[2026-09-17T16:21:42.989+0000] {processor.py:183} INFO - Processing /opt/airflow/dags/dag_extraction.py took 15.211 seconds
[2026-09-17T16:22:13.628+0000] {processor.py:161} INFO - Started process (PID=121) to work on /opt/airflow/dags/dag_extraction.py
[2026-09-17T16:22:13.633+0000] {processor.py:830} INFO - Processing file /opt/airflow/dags/dag_extraction.py for tasks to queue
[2026-09-17T16:22:13.643+0000] {logging_mixin.py:188} INFO - [2026-09-17T16:22:13.642+0000] {dagbag.py:545} INFO - Filling up the DagBag from /opt/airflow/dags/dag_extraction.py
[2026-09-17T16:22:13.826+0000] {logging_mixin.py:188} INFO - [2026-09-17T16:22:13.826+0000] {__init__.py:49} INFO - file_cache is only supported with oauth2client<4.0.0
[2026-09-17T16:22:14.227+0000] {logging_mixin.py:188} INFO - [2026-09-17T16:22:14.226+0000] {__init__.py:49} INFO - file_cache is only supported with oauth2client<4.0.0
[2026-09-17T16:22:19.070+0000] {logging_mixin.py:188} INFO - [2026-09-17T16:22:19.069+0000] {__init__.py:49} INFO - file_cache is only supported with oauth2client<4.0.0
[2026-09-17T16:22:32.686+0000] {processor.py:840} INFO - DAG(s) 'youtube_extraction' retrieved from /opt/airflow/dags/dag_extraction.py
[2026-09-17T16:22:32.742+0000] {logging_mixin.py:188} INFO - [2026-09-17T16:22:32.741+0000] {dag.py:3096} INFO - Sync 1 DAGs
[2026-09-17T16:22:32.801+0000] {logging_mixin.py:188} INFO - [2026-09-17T16:22:32.801+0000] {dag.py:3954} INFO - Setting next_dagrun for youtube_extraction to 2026-09-17 00:00:00+00:00, run_after=2026-09-18 00:00:00+00:00
[2026-09-17T16:22:32.851+0000] {processor.py:183} INFO - Processing /opt/airflow/dags/dag_extraction.py took 19.245 seconds
[2026-09-17T16:23:03.341+0000] {processor.py:161} INFO - Started process (PID=129) to work on /opt/airflow/dags/dag_extraction.py
[2026-09-17T16:23:03.346+0000] {processor.py:830} INFO - Processing file /opt/airflow/dags/dag_extraction.py for tasks to queue
[2026-09-17T16:23:03.351+0000] {logging_mixin.py:188} INFO - [2026-09-17T16:23:03.351+0000] {dagbag.py:545} INFO - Filling up the DagBag from /opt/airflow/dags/dag_extraction.py
[2026-09-17T16:23:03.534+0000] {logging_mixin.py:188} INFO - [2026-09-17T16:23:03.533+0000] {__init__.py:49} INFO - file_cache is only supported with oauth2client<4.0.0
[2026-09-17T16:23:04.229+0000] {logging_mixin.py:188} INFO - [2026-09-17T16:23:04.228+0000] {__init__.py:49} INFO - file_cache is only supported with oauth2client<4.0.0
[2026-09-17T16:23:08.545+0000] {logging_mixin.py:188} INFO - [2026-09-17T16:23:08.544+0000] {__init__.py:49} INFO - file_cache is only supported with oauth2client<4.0.0
[2026-09-17T16:23:17.751+0000] {processor.py:840} INFO - DAG(s) 'youtube_extraction' retrieved from /opt/airflow/dags/dag_extraction.py
[2026-09-17T16:23:17.808+0000] {logging_mixin.py:188} INFO - [2026-09-17T16:23:17.807+0000] {dag.py:3096} INFO - Sync 1 DAGs
[2026-09-17T16:23:17.856+0000] {logging_mixin.py:188} INFO - [2026-09-17T16:23:17.856+0000] {dag.py:3954} INFO - Setting next_dagrun for youtube_extraction to 2026-09-17 00:00:00+00:00, run_after=2026-09-18 00:00:00+00:00
[2026-09-17T16:23:17.912+0000] {processor.py:183} INFO - Processing /opt/airflow/dags/dag_extraction.py took 14.580 seconds
[2026-09-17T16:23:48.392+0000] {processor.py:161} INFO - Started process (PID=144) to work on /opt/airflow/dags/dag_extraction.py
[2026-09-17T16:23:48.399+0000] {processor.py:830} INFO - Processing file /opt/airflow/dags/dag_extraction.py for tasks to queue
[2026-09-17T16:23:48.405+0000] {logging_mixin.py:188} INFO - [2026-09-17T16:23:48.404+0000] {dagbag.py:545} INFO - Filling up the DagBag from /opt/airflow/dags/dag_extraction.py
[2026-09-17T16:23:48.611+0000] {logging_mixin.py:188} INFO - [2026-09-17T16:23:48.610+0000] {__init__.py:49} INFO - file_cache is only supported with oauth2client<4.0.0
[2026-09-17T16:23:49.086+0000] {logging_mixin.py:188} INFO - [2026-09-17T16:23:49.085+0000] {__init__.py:49} INFO - file_cache is only supported with oauth2client<4.0.0
[2026-09-17T16:23:53.293+0000] {logging_mixin.py:188} INFO - [2026-09-17T16:23:53.291+0000] {__init__.py:49} INFO - file_cache is only supported with oauth2client<4.0.0
[2026-09-17T16:24:01.987+0000] {processor.py:840} INFO - DAG(s) 'youtube_extraction' retrieved from /opt/airflow/dags/dag_extraction.py
[2026-09-17T16:24:02.052+0000] {logging_mixin.py:188} INFO - [2026-09-17T16:24:02.051+0000] {dag.py:3096} INFO - Sync 1 DAGs
[2026-09-17T16:24:02.103+0000] {logging_mixin.py:188} INFO - [2026-09-17T16:24:02.103+0000] {dag.py:3954} INFO - Setting next_dagrun for youtube_extraction to 2026-09-17 00:00:00+00:00, run_after=2026-09-18 00:00:00+00:00
[2026-09-17T16:24:02.162+0000] {processor.py:183} INFO - Processing /opt/airflow/dags/dag_extraction.py took 13.788 seconds
[2026-09-17T16:24:32.657+0000] {processor.py:161} INFO - Started process (PID=156) to work on /opt/airflow/dags/dag_extraction.py
[2026-09-17T16:24:32.664+0000] {processor.py:830} INFO - Processing file /opt/airflow/dags/dag_extraction.py for tasks to queue
[2026-09-17T16:24:32.675+0000] {logging_mixin.py:188} INFO - [2026-09-17T16:24:32.674+0000] {dagbag.py:545} INFO - Filling up the DagBag from /opt/airflow/dags/dag_extraction.py
[2026-09-17T16:24:32.914+0000] {logging_mixin.py:188} INFO - [2026-09-17T16:24:32.914+0000] {__init__.py:49} INFO - file_cache is only supported with oauth2client<4.0.0
[2026-09-17T16:24:33.636+0000] {logging_mixin.py:188} INFO - [2026-09-17T16:24:33.635+0000] {__init__.py:49} INFO - file_cache is only supported with oauth2client<4.0.0
[2026-09-17T16:24:37.717+0000] {logging_mixin.py:188} INFO - [2026-09-17T16:24:37.716+0000] {__init__.py:49} INFO - file_cache is only supported with oauth2client<4.0.0
[2026-09-17T16:24:46.303+0000] {processor.py:840} INFO - DAG(s) 'youtube_extraction' retrieved from /opt/airflow/dags/dag_extraction.py
[2026-09-17T16:24:46.341+0000] {logging_mixin.py:188} INFO - [2026-09-17T16:24:46.339+0000] {dag.py:3096} INFO - Sync 1 DAGs
[2026-09-17T16:24:46.378+0000] {logging_mixin.py:188} INFO - [2026-09-17T16:24:46.378+0000] {dag.py:3954} INFO - Setting next_dagrun for youtube_extraction to 2026-09-17 00:00:00+00:00, run_after=2026-09-18 00:00:00+00:00
[2026-09-17T16:24:46.408+0000] {processor.py:183} INFO - Processing /opt/airflow/dags/dag_extraction.py took 13.782 seconds
[2026-09-17T16:24:57.511+0000] {processor.py:161} INFO - Started process (PID=164) to work on /opt/airflow/dags/dag_extraction.py
[2026-09-17T16:24:57.517+0000] {processor.py:830} INFO - Processing file /opt/airflow/dags/dag_extraction.py for tasks to queue
[2026-09-17T16:24:57.522+0000] {logging_mixin.py:188} INFO - [2026-09-17T16:24:57.521+0000] {dagbag.py:545} INFO - Filling up the DagBag from /opt/airflow/dags/dag_extraction.py
[2026-09-17T16:24:57.710+0000] {logging_mixin.py:188} INFO - [2026-09-17T16:24:57.710+0000] {__init__.py:49} INFO - file_cache is only supported with oauth2client<4.0.0
[2026-09-17T16:24:58.088+0000] {logging_mixin.py:188} INFO - [2026-09-17T16:24:58.087+0000] {__init__.py:49} INFO - file_cache is only supported with oauth2client<4.0.0
[2026-09-17T16:25:01.796+0000] {logging_mixin.py:188} INFO - [2026-09-17T16:25:01.796+0000] {__init__.py:49} INFO - file_cache is only supported with oauth2client<4.0.0
[2026-09-17T16:25:11.384+0000] {processor.py:842} WARNING - No viable dags retrieved from /opt/airflow/dags/dag_extraction.py
[2026-09-17T16:25:11.424+0000] {processor.py:183} INFO - Processing /opt/airflow/dags/dag_extraction.py took 13.928 seconds
[2026-09-17T16:25:21.663+0000] {processor.py:161} INFO - Started process (PID=172) to work on /opt/airflow/dags/dag_extraction.py
[2026-09-17T16:25:21.668+0000] {processor.py:830} INFO - Processing file /opt/airflow/dags/dag_extraction.py for tasks to queue
[2026-09-17T16:25:21.677+0000] {logging_mixin.py:188} INFO - [2026-09-17T16:25:21.676+0000] {dagbag.py:545} INFO - Filling up the DagBag from /opt/airflow/dags/dag_extraction.py
[2026-09-17T16:25:21.970+0000] {logging_mixin.py:188} INFO - [2026-09-17T16:25:21.968+0000] {__init__.py:49} INFO - file_cache is only supported with oauth2client<4.0.0
[2026-09-17T16:25:22.570+0000] {logging_mixin.py:188} INFO - [2026-09-17T16:25:22.569+0000] {__init__.py:49} INFO - file_cache is only supported with oauth2client<4.0.0
[2026-09-17T16:25:26.477+0000] {logging_mixin.py:188} INFO - [2026-09-17T16:25:26.477+0000] {__init__.py:49} INFO - file_cache is only supported with oauth2client<4.0.0
[2026-09-17T16:25:34.744+0000] {logging_mixin.py:188} INFO - [2026-09-17T16:25:34.734+0000] {dagbag.py:355} ERROR - Failed to import: /opt/airflow/dags/dag_extraction.py
Traceback (most recent call last):
  File "/home/airflow/.local/lib/python3.10/site-packages/airflow/models/dagbag.py", line 351, in parse
    loader.exec_module(new_module)
  File "<frozen importlib._bootstrap_external>", line 883, in exec_module
  File "<frozen importlib._bootstrap>", line 241, in _call_with_frames_removed
  File "/opt/airflow/dags/dag_extraction.py", line 57, in <module>
ModuleNotFoundError: No module named 'datawarehouse'
[2026-09-17T16:25:34.748+0000] {processor.py:842} WARNING - No viable dags retrieved from /opt/airflow/dags/dag_extraction.py
[2026-09-17T16:25:34.779+0000] {processor.py:183} INFO - Processing /opt/airflow/dags/dag_extraction.py took 13.134 seconds
[2026-09-17T16:26:05.280+0000] {processor.py:161} INFO - Started process (PID=186) to work on /opt/airflow/dags/dag_extraction.py
[2026-09-17T16:26:05.285+0000] {processor.py:830} INFO - Processing file /opt/airflow/dags/dag_extraction.py for tasks to queue
[2026-09-17T16:26:05.296+0000] {logging_mixin.py:188} INFO - [2026-09-17T16:26:05.295+0000] {dagbag.py:545} INFO - Filling up the DagBag from /opt/airflow/dags/dag_extraction.py
[2026-09-17T16:26:05.553+0000] {logging_mixin.py:188} INFO - [2026-09-17T16:26:05.552+0000] {__init__.py:49} INFO - file_cache is only supported with oauth2client<4.0.0
[2026-09-17T16:26:06.288+0000] {logging_mixin.py:188} INFO - [2026-09-17T16:26:06.287+0000] {__init__.py:49} INFO - file_cache is only supported with oauth2client<4.0.0
[2026-09-17T16:26:10.187+0000] {logging_mixin.py:188} INFO - [2026-09-17T16:26:10.187+0000] {__init__.py:49} INFO - file_cache is only supported with oauth2client<4.0.0
[2026-09-17T16:26:19.206+0000] {processor.py:840} INFO - DAG(s) 'youtube_extraction' retrieved from /opt/airflow/dags/dag_extraction.py
[2026-09-17T16:26:19.260+0000] {logging_mixin.py:188} INFO - [2026-09-17T16:26:19.260+0000] {dag.py:3096} INFO - Sync 1 DAGs
[2026-09-17T16:26:19.312+0000] {logging_mixin.py:188} INFO - [2026-09-17T16:26:19.312+0000] {dag.py:3954} INFO - Setting next_dagrun for youtube_extraction to 2026-09-17 00:00:00+00:00, run_after=2026-09-18 00:00:00+00:00
[2026-09-17T16:26:19.379+0000] {processor.py:183} INFO - Processing /opt/airflow/dags/dag_extraction.py took 14.121 seconds
[2026-09-17T16:26:50.095+0000] {processor.py:161} INFO - Started process (PID=195) to work on /opt/airflow/dags/dag_extraction.py
[2026-09-17T16:26:50.100+0000] {processor.py:830} INFO - Processing file /opt/airflow/dags/dag_extraction.py for tasks to queue
[2026-09-17T16:26:50.110+0000] {logging_mixin.py:188} INFO - [2026-09-17T16:26:50.109+0000] {dagbag.py:545} INFO - Filling up the DagBag from /opt/airflow/dags/dag_extraction.py
[2026-09-17T16:26:50.305+0000] {logging_mixin.py:188} INFO - [2026-09-17T16:26:50.305+0000] {__init__.py:49} INFO - file_cache is only supported with oauth2client<4.0.0
[2026-09-17T16:26:50.853+0000] {logging_mixin.py:188} INFO - [2026-09-17T16:26:50.853+0000] {__init__.py:49} INFO - file_cache is only supported with oauth2client<4.0.0
[2026-09-17T16:26:53.951+0000] {logging_mixin.py:188} INFO - [2026-09-17T16:26:53.950+0000] {__init__.py:49} INFO - file_cache is only supported with oauth2client<4.0.0
[2026-09-17T16:27:02.117+0000] {processor.py:840} INFO - DAG(s) 'youtube_extraction' retrieved from /opt/airflow/dags/dag_extraction.py
[2026-09-17T16:27:02.174+0000] {logging_mixin.py:188} INFO - [2026-09-17T16:27:02.173+0000] {dag.py:3096} INFO - Sync 1 DAGs
[2026-09-17T16:27:02.236+0000] {logging_mixin.py:188} INFO - [2026-09-17T16:27:02.235+0000] {dag.py:3954} INFO - Setting next_dagrun for youtube_extraction to 2026-09-17 00:00:00+00:00, run_after=2026-09-18 00:00:00+00:00
[2026-09-17T16:27:02.273+0000] {processor.py:183} INFO - Processing /opt/airflow/dags/dag_extraction.py took 12.192 seconds
[2026-09-17T16:27:32.879+0000] {processor.py:161} INFO - Started process (PID=203) to work on /opt/airflow/dags/dag_extraction.py
[2026-09-17T16:27:32.882+0000] {processor.py:830} INFO - Processing file /opt/airflow/dags/dag_extraction.py for tasks to queue
[2026-09-17T16:27:32.888+0000] {logging_mixin.py:188} INFO - [2026-09-17T16:27:32.887+0000] {dagbag.py:545} INFO - Filling up the DagBag from /opt/airflow/dags/dag_extraction.py
[2026-09-17T16:27:33.044+0000] {logging_mixin.py:188} INFO - [2026-09-17T16:27:33.043+0000] {__init__.py:49} INFO - file_cache is only supported with oauth2client<4.0.0
[2026-09-17T16:27:33.529+0000] {logging_mixin.py:188} INFO - [2026-09-17T16:27:33.528+0000] {__init__.py:49} INFO - file_cache is only supported with oauth2client<4.0.0
[2026-09-17T16:27:37.334+0000] {logging_mixin.py:188} INFO - [2026-09-17T16:27:37.333+0000] {__init__.py:49} INFO - file_cache is only supported with oauth2client<4.0.0
[2026-09-17T16:27:44.604+0000] {processor.py:840} INFO - DAG(s) 'youtube_extraction' retrieved from /opt/airflow/dags/dag_extraction.py
[2026-09-17T16:27:44.682+0000] {logging_mixin.py:188} INFO - [2026-09-17T16:27:44.681+0000] {dag.py:3096} INFO - Sync 1 DAGs
[2026-09-17T16:27:44.737+0000] {logging_mixin.py:188} INFO - [2026-09-17T16:27:44.736+0000] {dag.py:3954} INFO - Setting next_dagrun for youtube_extraction to 2026-09-17 00:00:00+00:00, run_after=2026-09-18 00:00:00+00:00
[2026-09-17T16:27:44.785+0000] {processor.py:183} INFO - Processing /opt/airflow/dags/dag_extraction.py took 11.924 seconds
[2026-09-17T16:28:14.916+0000] {processor.py:161} INFO - Started process (PID=218) to work on /opt/airflow/dags/dag_extraction.py
[2026-09-17T16:28:14.922+0000] {processor.py:830} INFO - Processing file /opt/airflow/dags/dag_extraction.py for tasks to queue
[2026-09-17T16:28:14.930+0000] {logging_mixin.py:188} INFO - [2026-09-17T16:28:14.929+0000] {dagbag.py:545} INFO - Filling up the DagBag from /opt/airflow/dags/dag_extraction.py
[2026-09-17T16:28:15.159+0000] {logging_mixin.py:188} INFO - [2026-09-17T16:28:15.158+0000] {__init__.py:49} INFO - file_cache is only supported with oauth2client<4.0.0
[2026-09-17T16:28:15.639+0000] {logging_mixin.py:188} INFO - [2026-09-17T16:28:15.638+0000] {__init__.py:49} INFO - file_cache is only supported with oauth2client<4.0.0
[2026-09-17T16:28:19.532+0000] {logging_mixin.py:188} INFO - [2026-09-17T16:28:19.531+0000] {__init__.py:49} INFO - file_cache is only supported with oauth2client<4.0.0
[2026-09-17T16:28:28.419+0000] {processor.py:840} INFO - DAG(s) 'youtube_extraction' retrieved from /opt/airflow/dags/dag_extraction.py
[2026-09-17T16:28:28.472+0000] {logging_mixin.py:188} INFO - [2026-09-17T16:28:28.472+0000] {dag.py:3096} INFO - Sync 1 DAGs
[2026-09-17T16:28:28.506+0000] {logging_mixin.py:188} INFO - [2026-09-17T16:28:28.506+0000] {dag.py:3954} INFO - Setting next_dagrun for youtube_extraction to 2026-09-17 00:00:00+00:00, run_after=2026-09-18 00:00:00+00:00
[2026-09-17T16:28:28.540+0000] {processor.py:183} INFO - Processing /opt/airflow/dags/dag_extraction.py took 13.642 seconds
[2026-09-17T16:28:58.673+0000] {processor.py:161} INFO - Started process (PID=226) to work on /opt/airflow/dags/dag_extraction.py
[2026-09-17T16:28:58.675+0000] {processor.py:830} INFO - Processing file /opt/airflow/dags/dag_extraction.py for tasks to queue
[2026-09-17T16:28:58.682+0000] {logging_mixin.py:188} INFO - [2026-09-17T16:28:58.681+0000] {dagbag.py:545} INFO - Filling up the DagBag from /opt/airflow/dags/dag_extraction.py
[2026-09-17T16:28:58.789+0000] {logging_mixin.py:188} INFO - [2026-09-17T16:28:58.789+0000] {__init__.py:49} INFO - file_cache is only supported with oauth2client<4.0.0
[2026-09-17T16:28:59.385+0000] {logging_mixin.py:188} INFO - [2026-09-17T16:28:59.384+0000] {__init__.py:49} INFO - file_cache is only supported with oauth2client<4.0.0
[2026-09-17T16:29:02.355+0000] {logging_mixin.py:188} INFO - [2026-09-17T16:29:02.355+0000] {__init__.py:49} INFO - file_cache is only supported with oauth2client<4.0.0
[2026-09-17T16:29:11.452+0000] {processor.py:840} INFO - DAG(s) 'youtube_extraction' retrieved from /opt/airflow/dags/dag_extraction.py
[2026-09-17T16:29:11.493+0000] {logging_mixin.py:188} INFO - [2026-09-17T16:29:11.492+0000] {dag.py:3096} INFO - Sync 1 DAGs
[2026-09-17T16:29:11.523+0000] {logging_mixin.py:188} INFO - [2026-09-17T16:29:11.522+0000] {dag.py:3954} INFO - Setting next_dagrun for youtube_extraction to 2026-09-17 00:00:00+00:00, run_after=2026-09-18 00:00:00+00:00
[2026-09-17T16:29:11.555+0000] {processor.py:183} INFO - Processing /opt/airflow/dags/dag_extraction.py took 12.894 seconds
[2026-09-17T16:29:41.860+0000] {processor.py:161} INFO - Started process (PID=240) to work on /opt/airflow/dags/dag_extraction.py
[2026-09-17T16:29:41.866+0000] {processor.py:830} INFO - Processing file /opt/airflow/dags/dag_extraction.py for tasks to queue
[2026-09-17T16:29:41.872+0000] {logging_mixin.py:188} INFO - [2026-09-17T16:29:41.872+0000] {dagbag.py:545} INFO - Filling up the DagBag from /opt/airflow/dags/dag_extraction.py
[2026-09-17T16:29:42.075+0000] {logging_mixin.py:188} INFO - [2026-09-17T16:29:42.074+0000] {__init__.py:49} INFO - file_cache is only supported with oauth2client<4.0.0
[2026-09-17T16:29:42.456+0000] {logging_mixin.py:188} INFO - [2026-09-17T16:29:42.455+0000] {__init__.py:49} INFO - file_cache is only supported with oauth2client<4.0.0
[2026-09-17T16:29:45.631+0000] {logging_mixin.py:188} INFO - [2026-09-17T16:29:45.630+0000] {__init__.py:49} INFO - file_cache is only supported with oauth2client<4.0.0
[2026-09-17T16:29:53.020+0000] {processor.py:840} INFO - DAG(s) 'youtube_extraction' retrieved from /opt/airflow/dags/dag_extraction.py
[2026-09-17T16:29:53.081+0000] {logging_mixin.py:188} INFO - [2026-09-17T16:29:53.080+0000] {dag.py:3096} INFO - Sync 1 DAGs
[2026-09-17T16:29:53.140+0000] {logging_mixin.py:188} INFO - [2026-09-17T16:29:53.140+0000] {dag.py:3954} INFO - Setting next_dagrun for youtube_extraction to 2026-09-17 00:00:00+00:00, run_after=2026-09-18 00:00:00+00:00
[2026-09-17T16:29:53.192+0000] {processor.py:183} INFO - Processing /opt/airflow/dags/dag_extraction.py took 11.348 seconds
[2026-09-17T16:30:23.326+0000] {processor.py:161} INFO - Started process (PID=249) to work on /opt/airflow/dags/dag_extraction.py
[2026-09-17T16:30:23.334+0000] {processor.py:830} INFO - Processing file /opt/airflow/dags/dag_extraction.py for tasks to queue
[2026-09-17T16:30:23.342+0000] {logging_mixin.py:188} INFO - [2026-09-17T16:30:23.342+0000] {dagbag.py:545} INFO - Filling up the DagBag from /opt/airflow/dags/dag_extraction.py
[2026-09-17T16:30:23.532+0000] {logging_mixin.py:188} INFO - [2026-09-17T16:30:23.531+0000] {__init__.py:49} INFO - file_cache is only supported with oauth2client<4.0.0
[2026-09-17T16:30:24.054+0000] {logging_mixin.py:188} INFO - [2026-09-17T16:30:24.053+0000] {__init__.py:49} INFO - file_cache is only supported with oauth2client<4.0.0
[2026-09-17T16:30:27.528+0000] {logging_mixin.py:188} INFO - [2026-09-17T16:30:27.527+0000] {__init__.py:49} INFO - file_cache is only supported with oauth2client<4.0.0
[2026-09-17T16:30:35.744+0000] {processor.py:840} INFO - DAG(s) 'youtube_extraction' retrieved from /opt/airflow/dags/dag_extraction.py
[2026-09-17T16:30:35.791+0000] {logging_mixin.py:188} INFO - [2026-09-17T16:30:35.790+0000] {dag.py:3096} INFO - Sync 1 DAGs
[2026-09-17T16:30:35.819+0000] {logging_mixin.py:188} INFO - [2026-09-17T16:30:35.819+0000] {dag.py:3954} INFO - Setting next_dagrun for youtube_extraction to 2026-09-17 00:00:00+00:00, run_after=2026-09-18 00:00:00+00:00
[2026-09-17T16:30:35.850+0000] {processor.py:183} INFO - Processing /opt/airflow/dags/dag_extraction.py took 12.547 seconds
[2026-09-17T16:31:06.301+0000] {processor.py:161} INFO - Started process (PID=263) to work on /opt/airflow/dags/dag_extraction.py
[2026-09-17T16:31:06.307+0000] {processor.py:830} INFO - Processing file /opt/airflow/dags/dag_extraction.py for tasks to queue
[2026-09-17T16:31:06.313+0000] {logging_mixin.py:188} INFO - [2026-09-17T16:31:06.312+0000] {dagbag.py:545} INFO - Filling up the DagBag from /opt/airflow/dags/dag_extraction.py
[2026-09-17T16:31:06.476+0000] {logging_mixin.py:188} INFO - [2026-09-17T16:31:06.476+0000] {__init__.py:49} INFO - file_cache is only supported with oauth2client<4.0.0
[2026-09-17T16:31:06.940+0000] {logging_mixin.py:188} INFO - [2026-09-17T16:31:06.940+0000] {__init__.py:49} INFO - file_cache is only supported with oauth2client<4.0.0
[2026-09-17T16:31:10.129+0000] {logging_mixin.py:188} INFO - [2026-09-17T16:31:10.129+0000] {__init__.py:49} INFO - file_cache is only supported with oauth2client<4.0.0
[2026-09-17T16:31:18.415+0000] {processor.py:840} INFO - DAG(s) 'youtube_extraction' retrieved from /opt/airflow/dags/dag_extraction.py
[2026-09-17T16:31:18.451+0000] {logging_mixin.py:188} INFO - [2026-09-17T16:31:18.450+0000] {dag.py:3096} INFO - Sync 1 DAGs
[2026-09-17T16:31:18.497+0000] {logging_mixin.py:188} INFO - [2026-09-17T16:31:18.497+0000] {dag.py:3954} INFO - Setting next_dagrun for youtube_extraction to 2026-09-17 00:00:00+00:00, run_after=2026-09-18 00:00:00+00:00
[2026-09-17T16:31:18.548+0000] {processor.py:183} INFO - Processing /opt/airflow/dags/dag_extraction.py took 12.260 seconds
[2026-09-17T16:31:48.976+0000] {processor.py:161} INFO - Started process (PID=272) to work on /opt/airflow/dags/dag_extraction.py
[2026-09-17T16:31:48.981+0000] {processor.py:830} INFO - Processing file /opt/airflow/dags/dag_extraction.py for tasks to queue
[2026-09-17T16:31:48.986+0000] {logging_mixin.py:188} INFO - [2026-09-17T16:31:48.985+0000] {dagbag.py:545} INFO - Filling up the DagBag from /opt/airflow/dags/dag_extraction.py
[2026-09-17T16:31:49.080+0000] {logging_mixin.py:188} INFO - [2026-09-17T16:31:49.080+0000] {__init__.py:49} INFO - file_cache is only supported with oauth2client<4.0.0
[2026-09-17T16:31:49.555+0000] {logging_mixin.py:188} INFO - [2026-09-17T16:31:49.555+0000] {__init__.py:49} INFO - file_cache is only supported with oauth2client<4.0.0
[2026-09-17T16:31:52.834+0000] {logging_mixin.py:188} INFO - [2026-09-17T16:31:52.834+0000] {__init__.py:49} INFO - file_cache is only supported with oauth2client<4.0.0
[2026-09-17T16:32:00.314+0000] {processor.py:840} INFO - DAG(s) 'youtube_extraction' retrieved from /opt/airflow/dags/dag_extraction.py
[2026-09-17T16:32:00.351+0000] {logging_mixin.py:188} INFO - [2026-09-17T16:32:00.351+0000] {dag.py:3096} INFO - Sync 1 DAGs
[2026-09-17T16:32:00.399+0000] {logging_mixin.py:188} INFO - [2026-09-17T16:32:00.399+0000] {dag.py:3954} INFO - Setting next_dagrun for youtube_extraction to 2026-09-17 00:00:00+00:00, run_after=2026-09-18 00:00:00+00:00
[2026-09-17T16:32:00.455+0000] {processor.py:183} INFO - Processing /opt/airflow/dags/dag_extraction.py took 11.488 seconds
[2026-09-17T16:32:30.899+0000] {processor.py:161} INFO - Started process (PID=280) to work on /opt/airflow/dags/dag_extraction.py
[2026-09-17T16:32:30.903+0000] {processor.py:830} INFO - Processing file /opt/airflow/dags/dag_extraction.py for tasks to queue
[2026-09-17T16:32:30.908+0000] {logging_mixin.py:188} INFO - [2026-09-17T16:32:30.908+0000] {dagbag.py:545} INFO - Filling up the DagBag from /opt/airflow/dags/dag_extraction.py
[2026-09-17T16:32:31.021+0000] {logging_mixin.py:188} INFO - [2026-09-17T16:32:31.020+0000] {__init__.py:49} INFO - file_cache is only supported with oauth2client<4.0.0
[2026-09-17T16:32:31.422+0000] {logging_mixin.py:188} INFO - [2026-09-17T16:32:31.422+0000] {__init__.py:49} INFO - file_cache is only supported with oauth2client<4.0.0
[2026-09-17T16:32:34.614+0000] {logging_mixin.py:188} INFO - [2026-09-17T16:32:34.613+0000] {__init__.py:49} INFO - file_cache is only supported with oauth2client<4.0.0
[2026-09-17T16:32:42.497+0000] {processor.py:840} INFO - DAG(s) 'youtube_extraction' retrieved from /opt/airflow/dags/dag_extraction.py
[2026-09-17T16:32:42.562+0000] {logging_mixin.py:188} INFO - [2026-09-17T16:32:42.562+0000] {dag.py:3096} INFO - Sync 1 DAGs
[2026-09-17T16:32:42.610+0000] {logging_mixin.py:188} INFO - [2026-09-17T16:32:42.610+0000] {dag.py:3954} INFO - Setting next_dagrun for youtube_extraction to 2026-09-17 00:00:00+00:00, run_after=2026-09-18 00:00:00+00:00
[2026-09-17T16:32:42.656+0000] {processor.py:183} INFO - Processing /opt/airflow/dags/dag_extraction.py took 11.767 seconds
[2026-09-17T16:33:13.161+0000] {processor.py:161} INFO - Started process (PID=295) to work on /opt/airflow/dags/dag_extraction.py
[2026-09-17T16:33:13.168+0000] {processor.py:830} INFO - Processing file /opt/airflow/dags/dag_extraction.py for tasks to queue
[2026-09-17T16:33:13.175+0000] {logging_mixin.py:188} INFO - [2026-09-17T16:33:13.174+0000] {dagbag.py:545} INFO - Filling up the DagBag from /opt/airflow/dags/dag_extraction.py
[2026-09-17T16:33:13.326+0000] {logging_mixin.py:188} INFO - [2026-09-17T16:33:13.326+0000] {__init__.py:49} INFO - file_cache is only supported with oauth2client<4.0.0
[2026-09-17T16:33:13.826+0000] {logging_mixin.py:188} INFO - [2026-09-17T16:33:13.825+0000] {__init__.py:49} INFO - file_cache is only supported with oauth2client<4.0.0
[2026-09-17T16:33:16.901+0000] {logging_mixin.py:188} INFO - [2026-09-17T16:33:16.900+0000] {__init__.py:49} INFO - file_cache is only supported with oauth2client<4.0.0
[2026-09-17T16:33:23.980+0000] {processor.py:840} INFO - DAG(s) 'youtube_extraction' retrieved from /opt/airflow/dags/dag_extraction.py
[2026-09-17T16:33:24.023+0000] {logging_mixin.py:188} INFO - [2026-09-17T16:33:24.022+0000] {dag.py:3096} INFO - Sync 1 DAGs
[2026-09-17T16:33:24.079+0000] {logging_mixin.py:188} INFO - [2026-09-17T16:33:24.078+0000] {dag.py:3954} INFO - Setting next_dagrun for youtube_extraction to 2026-09-17 00:00:00+00:00, run_after=2026-09-18 00:00:00+00:00
[2026-09-17T16:33:24.144+0000] {processor.py:183} INFO - Processing /opt/airflow/dags/dag_extraction.py took 10.994 seconds
[2026-09-17T16:33:54.281+0000] {processor.py:161} INFO - Started process (PID=304) to work on /opt/airflow/dags/dag_extraction.py
[2026-09-17T16:33:54.286+0000] {processor.py:830} INFO - Processing file /opt/airflow/dags/dag_extraction.py for tasks to queue
[2026-09-17T16:33:54.291+0000] {logging_mixin.py:188} INFO - [2026-09-17T16:33:54.290+0000] {dagbag.py:545} INFO - Filling up the DagBag from /opt/airflow/dags/dag_extraction.py
[2026-09-17T16:33:54.449+0000] {logging_mixin.py:188} INFO - [2026-09-17T16:33:54.449+0000] {__init__.py:49} INFO - file_cache is only supported with oauth2client<4.0.0
[2026-09-17T16:33:54.783+0000] {logging_mixin.py:188} INFO - [2026-09-17T16:33:54.783+0000] {__init__.py:49} INFO - file_cache is only supported with oauth2client<4.0.0
[2026-09-17T16:33:57.672+0000] {logging_mixin.py:188} INFO - [2026-09-17T16:33:57.671+0000] {__init__.py:49} INFO - file_cache is only supported with oauth2client<4.0.0
[2026-09-17T16:34:05.033+0000] {processor.py:840} INFO - DAG(s) 'youtube_extraction' retrieved from /opt/airflow/dags/dag_extraction.py
[2026-09-17T16:34:05.091+0000] {logging_mixin.py:188} INFO - [2026-09-17T16:34:05.089+0000] {dag.py:3096} INFO - Sync 1 DAGs
[2026-09-17T16:34:05.148+0000] {logging_mixin.py:188} INFO - [2026-09-17T16:34:05.148+0000] {dag.py:3954} INFO - Setting next_dagrun for youtube_extraction to 2026-09-17 00:00:00+00:00, run_after=2026-09-18 00:00:00+00:00
[2026-09-17T16:34:05.188+0000] {processor.py:183} INFO - Processing /opt/airflow/dags/dag_extraction.py took 10.936 seconds
[2026-09-17T19:19:57.933+0000] {processor.py:161} INFO - Started process (PID=61) to work on /opt/airflow/dags/dag_extraction.py
[2026-09-17T19:19:57.940+0000] {processor.py:830} INFO - Processing file /opt/airflow/dags/dag_extraction.py for tasks to queue
[2026-09-17T19:19:57.948+0000] {logging_mixin.py:188} INFO - [2026-09-17T19:19:57.947+0000] {dagbag.py:545} INFO - Filling up the DagBag from /opt/airflow/dags/dag_extraction.py
[2026-09-17T19:19:58.385+0000] {logging_mixin.py:188} INFO - [2026-09-17T19:19:58.371+0000] {dagbag.py:355} ERROR - Failed to import: /opt/airflow/dags/dag_extraction.py
Traceback (most recent call last):
  File "/home/airflow/.local/lib/python3.10/site-packages/airflow/models/dagbag.py", line 351, in parse
    loader.exec_module(new_module)
  File "<frozen importlib._bootstrap_external>", line 883, in exec_module
  File "<frozen importlib._bootstrap>", line 241, in _call_with_frames_removed
  File "/opt/airflow/dags/dag_extraction.py", line 7, in <module>
    from scripts.channel import get_channel
  File "/opt/airflow/scripts/channel.py", line 4, in <module>
    from scripts.channel import get_channel
ImportError: cannot import name 'get_channel' from partially initialized module 'scripts.channel' (most likely due to a circular import) (/opt/airflow/scripts/channel.py)
[2026-09-17T19:19:58.391+0000] {processor.py:842} WARNING - No viable dags retrieved from /opt/airflow/dags/dag_extraction.py
[2026-09-17T19:19:58.434+0000] {processor.py:183} INFO - Processing /opt/airflow/dags/dag_extraction.py took 0.526 seconds
[2026-09-17T19:20:28.816+0000] {processor.py:161} INFO - Started process (PID=69) to work on /opt/airflow/dags/dag_extraction.py
[2026-09-17T19:20:28.824+0000] {processor.py:830} INFO - Processing file /opt/airflow/dags/dag_extraction.py for tasks to queue
[2026-09-17T19:20:28.833+0000] {logging_mixin.py:188} INFO - [2026-09-17T19:20:28.831+0000] {dagbag.py:545} INFO - Filling up the DagBag from /opt/airflow/dags/dag_extraction.py
[2026-09-17T19:20:28.987+0000] {logging_mixin.py:188} INFO - [2026-09-17T19:20:28.969+0000] {dagbag.py:355} ERROR - Failed to import: /opt/airflow/dags/dag_extraction.py
Traceback (most recent call last):
  File "/home/airflow/.local/lib/python3.10/site-packages/airflow/models/dagbag.py", line 351, in parse
    loader.exec_module(new_module)
  File "<frozen importlib._bootstrap_external>", line 883, in exec_module
  File "<frozen importlib._bootstrap>", line 241, in _call_with_frames_removed
  File "/opt/airflow/dags/dag_extraction.py", line 7, in <module>
    from scripts.channel import get_channel
  File "/opt/airflow/scripts/channel.py", line 4, in <module>
    from scripts.channel import get_channel
ImportError: cannot import name 'get_channel' from partially initialized module 'scripts.channel' (most likely due to a circular import) (/opt/airflow/scripts/channel.py)
[2026-09-17T19:20:28.993+0000] {processor.py:842} WARNING - No viable dags retrieved from /opt/airflow/dags/dag_extraction.py
[2026-09-17T19:20:29.026+0000] {processor.py:183} INFO - Processing /opt/airflow/dags/dag_extraction.py took 0.223 seconds
[2026-09-17T19:20:59.593+0000] {processor.py:161} INFO - Started process (PID=77) to work on /opt/airflow/dags/dag_extraction.py
[2026-09-17T19:20:59.600+0000] {processor.py:830} INFO - Processing file /opt/airflow/dags/dag_extraction.py for tasks to queue
[2026-09-17T19:20:59.608+0000] {logging_mixin.py:188} INFO - [2026-09-17T19:20:59.607+0000] {dagbag.py:545} INFO - Filling up the DagBag from /opt/airflow/dags/dag_extraction.py
[2026-09-17T19:20:59.838+0000] {logging_mixin.py:188} INFO - [2026-09-17T19:20:59.824+0000] {dagbag.py:355} ERROR - Failed to import: /opt/airflow/dags/dag_extraction.py
Traceback (most recent call last):
  File "/home/airflow/.local/lib/python3.10/site-packages/airflow/models/dagbag.py", line 351, in parse
    loader.exec_module(new_module)
  File "<frozen importlib._bootstrap_external>", line 883, in exec_module
  File "<frozen importlib._bootstrap>", line 241, in _call_with_frames_removed
  File "/opt/airflow/dags/dag_extraction.py", line 7, in <module>
    from scripts.channel import get_channel
  File "/opt/airflow/scripts/channel.py", line 4, in <module>
    from scripts.channel import get_channel
ImportError: cannot import name 'get_channel' from partially initialized module 'scripts.channel' (most likely due to a circular import) (/opt/airflow/scripts/channel.py)
[2026-09-17T19:20:59.844+0000] {processor.py:842} WARNING - No viable dags retrieved from /opt/airflow/dags/dag_extraction.py
[2026-09-17T19:20:59.871+0000] {processor.py:183} INFO - Processing /opt/airflow/dags/dag_extraction.py took 0.302 seconds
[2026-09-17T19:21:30.302+0000] {processor.py:161} INFO - Started process (PID=86) to work on /opt/airflow/dags/dag_extraction.py
[2026-09-17T19:21:30.307+0000] {processor.py:830} INFO - Processing file /opt/airflow/dags/dag_extraction.py for tasks to queue
[2026-09-17T19:21:30.310+0000] {logging_mixin.py:188} INFO - [2026-09-17T19:21:30.309+0000] {dagbag.py:545} INFO - Filling up the DagBag from /opt/airflow/dags/dag_extraction.py
[2026-09-17T19:21:30.457+0000] {logging_mixin.py:188} INFO - [2026-09-17T19:21:30.456+0000] {__init__.py:49} INFO - file_cache is only supported with oauth2client<4.0.0
[2026-09-17T19:21:31.157+0000] {processor.py:840} INFO - DAG(s) 'youtube_extraction' retrieved from /opt/airflow/dags/dag_extraction.py
[2026-09-17T19:21:31.415+0000] {logging_mixin.py:188} INFO - [2026-09-17T19:21:31.415+0000] {dag.py:3096} INFO - Sync 1 DAGs
[2026-09-17T19:21:31.450+0000] {logging_mixin.py:188} INFO - [2026-09-17T19:21:31.450+0000] {dag.py:3954} INFO - Setting next_dagrun for youtube_extraction to 2026-09-17 00:00:00+00:00, run_after=2026-09-18 00:00:00+00:00
[2026-09-17T19:21:31.499+0000] {processor.py:183} INFO - Processing /opt/airflow/dags/dag_extraction.py took 1.208 seconds
[2026-09-17T19:22:01.954+0000] {processor.py:161} INFO - Started process (PID=101) to work on /opt/airflow/dags/dag_extraction.py
[2026-09-17T19:22:01.959+0000] {processor.py:830} INFO - Processing file /opt/airflow/dags/dag_extraction.py for tasks to queue
[2026-09-17T19:22:01.962+0000] {logging_mixin.py:188} INFO - [2026-09-17T19:22:01.962+0000] {dagbag.py:545} INFO - Filling up the DagBag from /opt/airflow/dags/dag_extraction.py
[2026-09-17T19:22:02.157+0000] {logging_mixin.py:188} INFO - [2026-09-17T19:22:02.157+0000] {__init__.py:49} INFO - file_cache is only supported with oauth2client<4.0.0
[2026-09-17T19:22:02.612+0000] {logging_mixin.py:188} INFO - [2026-09-17T19:22:02.611+0000] {__init__.py:49} INFO - file_cache is only supported with oauth2client<4.0.0
[2026-09-17T19:22:05.678+0000] {processor.py:840} INFO - DAG(s) 'youtube_extraction' retrieved from /opt/airflow/dags/dag_extraction.py
[2026-09-17T19:22:05.706+0000] {logging_mixin.py:188} INFO - [2026-09-17T19:22:05.705+0000] {dag.py:3096} INFO - Sync 1 DAGs
[2026-09-17T19:22:05.733+0000] {logging_mixin.py:188} INFO - [2026-09-17T19:22:05.733+0000] {dag.py:3954} INFO - Setting next_dagrun for youtube_extraction to 2026-09-17 00:00:00+00:00, run_after=2026-09-18 00:00:00+00:00
[2026-09-17T19:22:05.763+0000] {processor.py:183} INFO - Processing /opt/airflow/dags/dag_extraction.py took 3.823 seconds
[2026-09-17T19:22:36.540+0000] {processor.py:161} INFO - Started process (PID=109) to work on /opt/airflow/dags/dag_extraction.py
[2026-09-17T19:22:36.545+0000] {processor.py:830} INFO - Processing file /opt/airflow/dags/dag_extraction.py for tasks to queue
[2026-09-17T19:22:36.548+0000] {logging_mixin.py:188} INFO - [2026-09-17T19:22:36.548+0000] {dagbag.py:545} INFO - Filling up the DagBag from /opt/airflow/dags/dag_extraction.py
[2026-09-17T19:22:36.665+0000] {logging_mixin.py:188} INFO - [2026-09-17T19:22:36.665+0000] {__init__.py:49} INFO - file_cache is only supported with oauth2client<4.0.0
[2026-09-17T19:22:37.087+0000] {logging_mixin.py:188} INFO - [2026-09-17T19:22:37.086+0000] {__init__.py:49} INFO - file_cache is only supported with oauth2client<4.0.0
[2026-09-17T19:22:40.391+0000] {logging_mixin.py:188} INFO - [2026-09-17T19:22:40.390+0000] {__init__.py:49} INFO - file_cache is only supported with oauth2client<4.0.0
[2026-09-17T19:22:47.350+0000] {processor.py:840} INFO - DAG(s) 'youtube_extraction' retrieved from /opt/airflow/dags/dag_extraction.py
[2026-09-17T19:22:47.412+0000] {logging_mixin.py:188} INFO - [2026-09-17T19:22:47.411+0000] {dag.py:3096} INFO - Sync 1 DAGs
[2026-09-17T19:22:47.458+0000] {logging_mixin.py:188} INFO - [2026-09-17T19:22:47.456+0000] {dag.py:3954} INFO - Setting next_dagrun for youtube_extraction to 2026-09-17 00:00:00+00:00, run_after=2026-09-18 00:00:00+00:00
[2026-09-17T19:22:47.512+0000] {processor.py:183} INFO - Processing /opt/airflow/dags/dag_extraction.py took 10.979 seconds
[2026-09-17T19:23:18.210+0000] {processor.py:161} INFO - Started process (PID=117) to work on /opt/airflow/dags/dag_extraction.py
[2026-09-17T19:23:18.216+0000] {processor.py:830} INFO - Processing file /opt/airflow/dags/dag_extraction.py for tasks to queue
[2026-09-17T19:23:18.219+0000] {logging_mixin.py:188} INFO - [2026-09-17T19:23:18.218+0000] {dagbag.py:545} INFO - Filling up the DagBag from /opt/airflow/dags/dag_extraction.py
[2026-09-17T19:23:18.377+0000] {logging_mixin.py:188} INFO - [2026-09-17T19:23:18.377+0000] {__init__.py:49} INFO - file_cache is only supported with oauth2client<4.0.0
[2026-09-17T19:23:18.865+0000] {logging_mixin.py:188} INFO - [2026-09-17T19:23:18.865+0000] {__init__.py:49} INFO - file_cache is only supported with oauth2client<4.0.0
[2026-09-17T19:23:21.789+0000] {logging_mixin.py:188} INFO - [2026-09-17T19:23:21.788+0000] {__init__.py:49} INFO - file_cache is only supported with oauth2client<4.0.0
[2026-09-17T19:23:29.347+0000] {processor.py:840} INFO - DAG(s) 'youtube_extraction' retrieved from /opt/airflow/dags/dag_extraction.py
[2026-09-17T19:23:29.389+0000] {logging_mixin.py:188} INFO - [2026-09-17T19:23:29.389+0000] {dag.py:3096} INFO - Sync 1 DAGs
[2026-09-17T19:23:29.417+0000] {logging_mixin.py:188} INFO - [2026-09-17T19:23:29.417+0000] {dag.py:3954} INFO - Setting next_dagrun for youtube_extraction to 2026-09-17 00:00:00+00:00, run_after=2026-09-18 00:00:00+00:00
[2026-09-17T19:23:29.445+0000] {processor.py:183} INFO - Processing /opt/airflow/dags/dag_extraction.py took 11.248 seconds
[2026-09-17T19:23:59.880+0000] {processor.py:161} INFO - Started process (PID=125) to work on /opt/airflow/dags/dag_extraction.py
[2026-09-17T19:23:59.884+0000] {processor.py:830} INFO - Processing file /opt/airflow/dags/dag_extraction.py for tasks to queue
[2026-09-17T19:23:59.888+0000] {logging_mixin.py:188} INFO - [2026-09-17T19:23:59.887+0000] {dagbag.py:545} INFO - Filling up the DagBag from /opt/airflow/dags/dag_extraction.py
[2026-09-17T19:24:00.024+0000] {logging_mixin.py:188} INFO - [2026-09-17T19:24:00.023+0000] {__init__.py:49} INFO - file_cache is only supported with oauth2client<4.0.0
[2026-09-17T19:24:00.544+0000] {logging_mixin.py:188} INFO - [2026-09-17T19:24:00.544+0000] {__init__.py:49} INFO - file_cache is only supported with oauth2client<4.0.0
[2026-09-17T19:24:03.605+0000] {logging_mixin.py:188} INFO - [2026-09-17T19:24:03.605+0000] {__init__.py:49} INFO - file_cache is only supported with oauth2client<4.0.0
[2026-09-17T19:24:10.709+0000] {processor.py:840} INFO - DAG(s) 'youtube_extraction' retrieved from /opt/airflow/dags/dag_extraction.py
[2026-09-17T19:24:10.749+0000] {logging_mixin.py:188} INFO - [2026-09-17T19:24:10.748+0000] {dag.py:3096} INFO - Sync 1 DAGs
[2026-09-17T19:24:10.805+0000] {logging_mixin.py:188} INFO - [2026-09-17T19:24:10.804+0000] {dag.py:3954} INFO - Setting next_dagrun for youtube_extraction to 2026-09-17 00:00:00+00:00, run_after=2026-09-18 00:00:00+00:00
[2026-09-17T19:24:10.840+0000] {processor.py:183} INFO - Processing /opt/airflow/dags/dag_extraction.py took 10.971 seconds
[2026-09-17T19:24:41.628+0000] {processor.py:161} INFO - Started process (PID=140) to work on /opt/airflow/dags/dag_extraction.py
[2026-09-17T19:24:41.633+0000] {processor.py:830} INFO - Processing file /opt/airflow/dags/dag_extraction.py for tasks to queue
[2026-09-17T19:24:41.636+0000] {logging_mixin.py:188} INFO - [2026-09-17T19:24:41.635+0000] {dagbag.py:545} INFO - Filling up the DagBag from /opt/airflow/dags/dag_extraction.py
[2026-09-17T19:24:41.751+0000] {logging_mixin.py:188} INFO - [2026-09-17T19:24:41.751+0000] {__init__.py:49} INFO - file_cache is only supported with oauth2client<4.0.0
[2026-09-17T19:24:42.128+0000] {logging_mixin.py:188} INFO - [2026-09-17T19:24:42.127+0000] {__init__.py:49} INFO - file_cache is only supported with oauth2client<4.0.0
[2026-09-17T19:24:45.016+0000] {logging_mixin.py:188} INFO - [2026-09-17T19:24:45.016+0000] {__init__.py:49} INFO - file_cache is only supported with oauth2client<4.0.0
[2026-09-17T19:24:53.287+0000] {processor.py:840} INFO - DAG(s) 'youtube_extraction' retrieved from /opt/airflow/dags/dag_extraction.py
[2026-09-17T19:24:53.325+0000] {logging_mixin.py:188} INFO - [2026-09-17T19:24:53.324+0000] {dag.py:3096} INFO - Sync 1 DAGs
[2026-09-17T19:24:53.364+0000] {logging_mixin.py:188} INFO - [2026-09-17T19:24:53.363+0000] {dag.py:3954} INFO - Setting next_dagrun for youtube_extraction to 2026-09-17 00:00:00+00:00, run_after=2026-09-18 00:00:00+00:00
[2026-09-17T19:24:53.399+0000] {processor.py:183} INFO - Processing /opt/airflow/dags/dag_extraction.py took 11.780 seconds
[2026-09-17T19:25:23.696+0000] {processor.py:161} INFO - Started process (PID=148) to work on /opt/airflow/dags/dag_extraction.py
[2026-09-17T19:25:23.701+0000] {processor.py:830} INFO - Processing file /opt/airflow/dags/dag_extraction.py for tasks to queue
[2026-09-17T19:25:23.705+0000] {logging_mixin.py:188} INFO - [2026-09-17T19:25:23.704+0000] {dagbag.py:545} INFO - Filling up the DagBag from /opt/airflow/dags/dag_extraction.py
[2026-09-17T19:25:23.849+0000] {logging_mixin.py:188} INFO - [2026-09-17T19:25:23.848+0000] {__init__.py:49} INFO - file_cache is only supported with oauth2client<4.0.0
[2026-09-17T19:25:24.331+0000] {logging_mixin.py:188} INFO - [2026-09-17T19:25:24.331+0000] {__init__.py:49} INFO - file_cache is only supported with oauth2client<4.0.0
[2026-09-17T19:25:27.613+0000] {logging_mixin.py:188} INFO - [2026-09-17T19:25:27.612+0000] {__init__.py:49} INFO - file_cache is only supported with oauth2client<4.0.0
[2026-09-17T19:25:37.131+0000] {processor.py:840} INFO - DAG(s) 'youtube_extraction' retrieved from /opt/airflow/dags/dag_extraction.py
[2026-09-17T19:25:37.169+0000] {logging_mixin.py:188} INFO - [2026-09-17T19:25:37.168+0000] {dag.py:3096} INFO - Sync 1 DAGs
[2026-09-17T19:25:37.202+0000] {logging_mixin.py:188} INFO - [2026-09-17T19:25:37.202+0000] {dag.py:3954} INFO - Setting next_dagrun for youtube_extraction to 2026-09-17 00:00:00+00:00, run_after=2026-09-18 00:00:00+00:00
[2026-09-17T19:25:37.237+0000] {processor.py:183} INFO - Processing /opt/airflow/dags/dag_extraction.py took 13.553 seconds
[2026-09-17T19:26:07.406+0000] {processor.py:161} INFO - Started process (PID=163) to work on /opt/airflow/dags/dag_extraction.py
[2026-09-17T19:26:07.411+0000] {processor.py:830} INFO - Processing file /opt/airflow/dags/dag_extraction.py for tasks to queue
[2026-09-17T19:26:07.414+0000] {logging_mixin.py:188} INFO - [2026-09-17T19:26:07.414+0000] {dagbag.py:545} INFO - Filling up the DagBag from /opt/airflow/dags/dag_extraction.py
[2026-09-17T19:26:07.560+0000] {logging_mixin.py:188} INFO - [2026-09-17T19:26:07.560+0000] {__init__.py:49} INFO - file_cache is only supported with oauth2client<4.0.0
[2026-09-17T19:26:08.048+0000] {logging_mixin.py:188} INFO - [2026-09-17T19:26:08.047+0000] {__init__.py:49} INFO - file_cache is only supported with oauth2client<4.0.0
[2026-09-17T19:26:10.914+0000] {logging_mixin.py:188} INFO - [2026-09-17T19:26:10.914+0000] {__init__.py:49} INFO - file_cache is only supported with oauth2client<4.0.0
[2026-09-17T19:26:18.095+0000] {processor.py:840} INFO - DAG(s) 'youtube_extraction' retrieved from /opt/airflow/dags/dag_extraction.py
[2026-09-17T19:26:18.152+0000] {logging_mixin.py:188} INFO - [2026-09-17T19:26:18.151+0000] {dag.py:3096} INFO - Sync 1 DAGs
[2026-09-17T19:26:18.208+0000] {logging_mixin.py:188} INFO - [2026-09-17T19:26:18.208+0000] {dag.py:3954} INFO - Setting next_dagrun for youtube_extraction to 2026-09-17 00:00:00+00:00, run_after=2026-09-18 00:00:00+00:00
[2026-09-17T19:26:18.249+0000] {processor.py:183} INFO - Processing /opt/airflow/dags/dag_extraction.py took 10.855 seconds
[2026-09-17T19:26:48.911+0000] {processor.py:161} INFO - Started process (PID=171) to work on /opt/airflow/dags/dag_extraction.py
[2026-09-17T19:26:48.914+0000] {processor.py:830} INFO - Processing file /opt/airflow/dags/dag_extraction.py for tasks to queue
[2026-09-17T19:26:48.918+0000] {logging_mixin.py:188} INFO - [2026-09-17T19:26:48.918+0000] {dagbag.py:545} INFO - Filling up the DagBag from /opt/airflow/dags/dag_extraction.py
[2026-09-17T19:26:49.036+0000] {logging_mixin.py:188} INFO - [2026-09-17T19:26:49.036+0000] {__init__.py:49} INFO - file_cache is only supported with oauth2client<4.0.0
[2026-09-17T19:26:49.411+0000] {logging_mixin.py:188} INFO - [2026-09-17T19:26:49.410+0000] {__init__.py:49} INFO - file_cache is only supported with oauth2client<4.0.0
[2026-09-17T19:26:52.491+0000] {logging_mixin.py:188} INFO - [2026-09-17T19:26:52.491+0000] {__init__.py:49} INFO - file_cache is only supported with oauth2client<4.0.0
[2026-09-17T19:26:59.854+0000] {processor.py:840} INFO - DAG(s) 'youtube_extraction' retrieved from /opt/airflow/dags/dag_extraction.py
[2026-09-17T19:26:59.894+0000] {logging_mixin.py:188} INFO - [2026-09-17T19:26:59.893+0000] {dag.py:3096} INFO - Sync 1 DAGs
[2026-09-17T19:26:59.925+0000] {logging_mixin.py:188} INFO - [2026-09-17T19:26:59.925+0000] {dag.py:3954} INFO - Setting next_dagrun for youtube_extraction to 2026-09-17 00:00:00+00:00, run_after=2026-09-18 00:00:00+00:00
[2026-09-17T19:26:59.955+0000] {processor.py:183} INFO - Processing /opt/airflow/dags/dag_extraction.py took 11.053 seconds
[2026-09-17T19:27:30.463+0000] {processor.py:161} INFO - Started process (PID=179) to work on /opt/airflow/dags/dag_extraction.py
[2026-09-17T19:27:30.468+0000] {processor.py:830} INFO - Processing file /opt/airflow/dags/dag_extraction.py for tasks to queue
[2026-09-17T19:27:30.472+0000] {logging_mixin.py:188} INFO - [2026-09-17T19:27:30.471+0000] {dagbag.py:545} INFO - Filling up the DagBag from /opt/airflow/dags/dag_extraction.py
[2026-09-17T19:27:30.601+0000] {logging_mixin.py:188} INFO - [2026-09-17T19:27:30.600+0000] {__init__.py:49} INFO - file_cache is only supported with oauth2client<4.0.0
[2026-09-17T19:27:31.094+0000] {logging_mixin.py:188} INFO - [2026-09-17T19:27:31.093+0000] {__init__.py:49} INFO - file_cache is only supported with oauth2client<4.0.0
[2026-09-17T19:27:34.488+0000] {logging_mixin.py:188} INFO - [2026-09-17T19:27:34.487+0000] {__init__.py:49} INFO - file_cache is only supported with oauth2client<4.0.0
[2026-09-17T19:27:42.059+0000] {processor.py:840} INFO - DAG(s) 'youtube_extraction' retrieved from /opt/airflow/dags/dag_extraction.py
[2026-09-17T19:27:42.090+0000] {logging_mixin.py:188} INFO - [2026-09-17T19:27:42.089+0000] {dag.py:3096} INFO - Sync 1 DAGs
[2026-09-17T19:27:42.118+0000] {logging_mixin.py:188} INFO - [2026-09-17T19:27:42.117+0000] {dag.py:3954} INFO - Setting next_dagrun for youtube_extraction to 2026-09-17 00:00:00+00:00, run_after=2026-09-18 00:00:00+00:00
[2026-09-17T19:27:42.150+0000] {processor.py:183} INFO - Processing /opt/airflow/dags/dag_extraction.py took 11.701 seconds
[2026-09-17T19:28:12.590+0000] {processor.py:161} INFO - Started process (PID=194) to work on /opt/airflow/dags/dag_extraction.py
[2026-09-17T19:28:12.594+0000] {processor.py:830} INFO - Processing file /opt/airflow/dags/dag_extraction.py for tasks to queue
[2026-09-17T19:28:12.598+0000] {logging_mixin.py:188} INFO - [2026-09-17T19:28:12.597+0000] {dagbag.py:545} INFO - Filling up the DagBag from /opt/airflow/dags/dag_extraction.py
[2026-09-17T19:28:12.710+0000] {logging_mixin.py:188} INFO - [2026-09-17T19:28:12.710+0000] {__init__.py:49} INFO - file_cache is only supported with oauth2client<4.0.0
[2026-09-17T19:28:13.063+0000] {logging_mixin.py:188} INFO - [2026-09-17T19:28:13.062+0000] {__init__.py:49} INFO - file_cache is only supported with oauth2client<4.0.0
[2026-09-17T19:28:16.062+0000] {logging_mixin.py:188} INFO - [2026-09-17T19:28:16.061+0000] {__init__.py:49} INFO - file_cache is only supported with oauth2client<4.0.0
[2026-09-17T19:28:24.047+0000] {processor.py:840} INFO - DAG(s) 'youtube_extraction' retrieved from /opt/airflow/dags/dag_extraction.py
[2026-09-17T19:28:24.101+0000] {logging_mixin.py:188} INFO - [2026-09-17T19:28:24.100+0000] {dag.py:3096} INFO - Sync 1 DAGs
[2026-09-17T19:28:24.139+0000] {logging_mixin.py:188} INFO - [2026-09-17T19:28:24.139+0000] {dag.py:3954} INFO - Setting next_dagrun for youtube_extraction to 2026-09-17 00:00:00+00:00, run_after=2026-09-18 00:00:00+00:00
[2026-09-17T19:28:24.164+0000] {processor.py:183} INFO - Processing /opt/airflow/dags/dag_extraction.py took 11.586 seconds
[2026-09-17T19:28:54.245+0000] {processor.py:161} INFO - Started process (PID=202) to work on /opt/airflow/dags/dag_extraction.py
[2026-09-17T19:28:54.251+0000] {processor.py:830} INFO - Processing file /opt/airflow/dags/dag_extraction.py for tasks to queue
[2026-09-17T19:28:54.255+0000] {logging_mixin.py:188} INFO - [2026-09-17T19:28:54.254+0000] {dagbag.py:545} INFO - Filling up the DagBag from /opt/airflow/dags/dag_extraction.py
[2026-09-17T19:28:54.374+0000] {logging_mixin.py:188} INFO - [2026-09-17T19:28:54.373+0000] {__init__.py:49} INFO - file_cache is only supported with oauth2client<4.0.0
[2026-09-17T19:28:54.862+0000] {logging_mixin.py:188} INFO - [2026-09-17T19:28:54.861+0000] {__init__.py:49} INFO - file_cache is only supported with oauth2client<4.0.0
[2026-09-17T19:28:58.181+0000] {logging_mixin.py:188} INFO - [2026-09-17T19:28:58.181+0000] {__init__.py:49} INFO - file_cache is only supported with oauth2client<4.0.0
[2026-09-17T19:29:04.696+0000] {processor.py:840} INFO - DAG(s) 'youtube_extraction' retrieved from /opt/airflow/dags/dag_extraction.py
[2026-09-17T19:29:04.740+0000] {logging_mixin.py:188} INFO - [2026-09-17T19:29:04.739+0000] {dag.py:3096} INFO - Sync 1 DAGs
[2026-09-17T19:29:04.805+0000] {logging_mixin.py:188} INFO - [2026-09-17T19:29:04.804+0000] {dag.py:3954} INFO - Setting next_dagrun for youtube_extraction to 2026-09-17 00:00:00+00:00, run_after=2026-09-18 00:00:00+00:00
[2026-09-17T19:29:04.840+0000] {processor.py:183} INFO - Processing /opt/airflow/dags/dag_extraction.py took 10.608 seconds
[2026-09-17T19:29:35.267+0000] {processor.py:161} INFO - Started process (PID=216) to work on /opt/airflow/dags/dag_extraction.py
[2026-09-17T19:29:35.270+0000] {processor.py:830} INFO - Processing file /opt/airflow/dags/dag_extraction.py for tasks to queue
[2026-09-17T19:29:35.273+0000] {logging_mixin.py:188} INFO - [2026-09-17T19:29:35.273+0000] {dagbag.py:545} INFO - Filling up the DagBag from /opt/airflow/dags/dag_extraction.py
[2026-09-17T19:29:35.379+0000] {logging_mixin.py:188} INFO - [2026-09-17T19:29:35.378+0000] {__init__.py:49} INFO - file_cache is only supported with oauth2client<4.0.0
[2026-09-17T19:29:35.832+0000] {logging_mixin.py:188} INFO - [2026-09-17T19:29:35.831+0000] {__init__.py:49} INFO - file_cache is only supported with oauth2client<4.0.0
[2026-09-17T19:29:38.776+0000] {logging_mixin.py:188} INFO - [2026-09-17T19:29:38.775+0000] {__init__.py:49} INFO - file_cache is only supported with oauth2client<4.0.0
[2026-09-17T19:29:46.369+0000] {processor.py:840} INFO - DAG(s) 'youtube_extraction' retrieved from /opt/airflow/dags/dag_extraction.py
[2026-09-17T19:29:46.418+0000] {logging_mixin.py:188} INFO - [2026-09-17T19:29:46.418+0000] {dag.py:3096} INFO - Sync 1 DAGs
[2026-09-17T19:29:46.449+0000] {logging_mixin.py:188} INFO - [2026-09-17T19:29:46.448+0000] {dag.py:3954} INFO - Setting next_dagrun for youtube_extraction to 2026-09-17 00:00:00+00:00, run_after=2026-09-18 00:00:00+00:00
[2026-09-17T19:29:46.478+0000] {processor.py:183} INFO - Processing /opt/airflow/dags/dag_extraction.py took 11.222 seconds
[2026-09-17T19:30:16.968+0000] {processor.py:161} INFO - Started process (PID=225) to work on /opt/airflow/dags/dag_extraction.py
[2026-09-17T19:30:16.971+0000] {processor.py:830} INFO - Processing file /opt/airflow/dags/dag_extraction.py for tasks to queue
[2026-09-17T19:30:16.974+0000] {logging_mixin.py:188} INFO - [2026-09-17T19:30:16.974+0000] {dagbag.py:545} INFO - Filling up the DagBag from /opt/airflow/dags/dag_extraction.py
[2026-09-17T19:30:17.093+0000] {logging_mixin.py:188} INFO - [2026-09-17T19:30:17.093+0000] {__init__.py:49} INFO - file_cache is only supported with oauth2client<4.0.0
[2026-09-17T19:30:17.604+0000] {logging_mixin.py:188} INFO - [2026-09-17T19:30:17.603+0000] {__init__.py:49} INFO - file_cache is only supported with oauth2client<4.0.0
[2026-09-17T19:30:20.595+0000] {logging_mixin.py:188} INFO - [2026-09-17T19:30:20.595+0000] {__init__.py:49} INFO - file_cache is only supported with oauth2client<4.0.0
[2026-09-17T19:30:28.058+0000] {processor.py:840} INFO - DAG(s) 'youtube_extraction' retrieved from /opt/airflow/dags/dag_extraction.py
[2026-09-17T19:30:28.083+0000] {logging_mixin.py:188} INFO - [2026-09-17T19:30:28.083+0000] {dag.py:3096} INFO - Sync 1 DAGs
[2026-09-17T19:30:28.110+0000] {logging_mixin.py:188} INFO - [2026-09-17T19:30:28.109+0000] {dag.py:3954} INFO - Setting next_dagrun for youtube_extraction to 2026-09-17 00:00:00+00:00, run_after=2026-09-18 00:00:00+00:00
[2026-09-17T19:30:28.137+0000] {processor.py:183} INFO - Processing /opt/airflow/dags/dag_extraction.py took 11.178 seconds
[2026-09-17T19:30:58.609+0000] {processor.py:161} INFO - Started process (PID=233) to work on /opt/airflow/dags/dag_extraction.py
[2026-09-17T19:30:58.614+0000] {processor.py:830} INFO - Processing file /opt/airflow/dags/dag_extraction.py for tasks to queue
[2026-09-17T19:30:58.620+0000] {logging_mixin.py:188} INFO - [2026-09-17T19:30:58.619+0000] {dagbag.py:545} INFO - Filling up the DagBag from /opt/airflow/dags/dag_extraction.py
[2026-09-17T19:30:58.776+0000] {logging_mixin.py:188} INFO - [2026-09-17T19:30:58.775+0000] {__init__.py:49} INFO - file_cache is only supported with oauth2client<4.0.0
[2026-09-17T19:30:59.190+0000] {logging_mixin.py:188} INFO - [2026-09-17T19:30:59.190+0000] {__init__.py:49} INFO - file_cache is only supported with oauth2client<4.0.0
[2026-09-17T19:31:02.257+0000] {logging_mixin.py:188} INFO - [2026-09-17T19:31:02.255+0000] {__init__.py:49} INFO - file_cache is only supported with oauth2client<4.0.0
[2026-09-17T19:31:09.632+0000] {processor.py:840} INFO - DAG(s) 'youtube_extraction' retrieved from /opt/airflow/dags/dag_extraction.py
[2026-09-17T19:31:09.691+0000] {logging_mixin.py:188} INFO - [2026-09-17T19:31:09.689+0000] {dag.py:3096} INFO - Sync 1 DAGs
[2026-09-17T19:31:09.823+0000] {logging_mixin.py:188} INFO - [2026-09-17T19:31:09.822+0000] {dag.py:3954} INFO - Setting next_dagrun for youtube_extraction to 2026-09-17 00:00:00+00:00, run_after=2026-09-18 00:00:00+00:00
[2026-09-17T19:31:09.868+0000] {processor.py:183} INFO - Processing /opt/airflow/dags/dag_extraction.py took 11.277 seconds
[2026-09-17T19:31:40.321+0000] {processor.py:161} INFO - Started process (PID=247) to work on /opt/airflow/dags/dag_extraction.py
[2026-09-17T19:31:40.326+0000] {processor.py:830} INFO - Processing file /opt/airflow/dags/dag_extraction.py for tasks to queue
[2026-09-17T19:31:40.329+0000] {logging_mixin.py:188} INFO - [2026-09-17T19:31:40.329+0000] {dagbag.py:545} INFO - Filling up the DagBag from /opt/airflow/dags/dag_extraction.py
[2026-09-17T19:31:40.475+0000] {logging_mixin.py:188} INFO - [2026-09-17T19:31:40.475+0000] {__init__.py:49} INFO - file_cache is only supported with oauth2client<4.0.0
[2026-09-17T19:31:40.966+0000] {logging_mixin.py:188} INFO - [2026-09-17T19:31:40.965+0000] {__init__.py:49} INFO - file_cache is only supported with oauth2client<4.0.0
[2026-09-17T19:31:43.947+0000] {logging_mixin.py:188} INFO - [2026-09-17T19:31:43.946+0000] {__init__.py:49} INFO - file_cache is only supported with oauth2client<4.0.0
[2026-09-17T19:31:50.907+0000] {processor.py:840} INFO - DAG(s) 'youtube_extraction' retrieved from /opt/airflow/dags/dag_extraction.py
[2026-09-17T19:31:50.953+0000] {logging_mixin.py:188} INFO - [2026-09-17T19:31:50.952+0000] {dag.py:3096} INFO - Sync 1 DAGs
[2026-09-17T19:31:50.986+0000] {logging_mixin.py:188} INFO - [2026-09-17T19:31:50.986+0000] {dag.py:3954} INFO - Setting next_dagrun for youtube_extraction to 2026-09-17 00:00:00+00:00, run_after=2026-09-18 00:00:00+00:00
[2026-09-17T19:31:51.019+0000] {processor.py:183} INFO - Processing /opt/airflow/dags/dag_extraction.py took 10.706 seconds
[2026-09-17T19:32:21.149+0000] {processor.py:161} INFO - Started process (PID=256) to work on /opt/airflow/dags/dag_extraction.py
[2026-09-17T19:32:21.153+0000] {processor.py:830} INFO - Processing file /opt/airflow/dags/dag_extraction.py for tasks to queue
[2026-09-17T19:32:21.157+0000] {logging_mixin.py:188} INFO - [2026-09-17T19:32:21.156+0000] {dagbag.py:545} INFO - Filling up the DagBag from /opt/airflow/dags/dag_extraction.py
[2026-09-17T19:32:21.281+0000] {logging_mixin.py:188} INFO - [2026-09-17T19:32:21.281+0000] {__init__.py:49} INFO - file_cache is only supported with oauth2client<4.0.0
[2026-09-17T19:32:21.607+0000] {logging_mixin.py:188} INFO - [2026-09-17T19:32:21.607+0000] {__init__.py:49} INFO - file_cache is only supported with oauth2client<4.0.0
[2026-09-17T19:32:24.795+0000] {logging_mixin.py:188} INFO - [2026-09-17T19:32:24.794+0000] {__init__.py:49} INFO - file_cache is only supported with oauth2client<4.0.0
[2026-09-17T19:32:31.448+0000] {processor.py:840} INFO - DAG(s) 'youtube_extraction' retrieved from /opt/airflow/dags/dag_extraction.py
[2026-09-17T19:32:31.481+0000] {logging_mixin.py:188} INFO - [2026-09-17T19:32:31.480+0000] {dag.py:3096} INFO - Sync 1 DAGs
[2026-09-17T19:32:31.520+0000] {logging_mixin.py:188} INFO - [2026-09-17T19:32:31.519+0000] {dag.py:3954} INFO - Setting next_dagrun for youtube_extraction to 2026-09-17 00:00:00+00:00, run_after=2026-09-18 00:00:00+00:00
[2026-09-17T19:32:31.550+0000] {processor.py:183} INFO - Processing /opt/airflow/dags/dag_extraction.py took 10.412 seconds
[2026-09-17T19:33:01.976+0000] {processor.py:161} INFO - Started process (PID=264) to work on /opt/airflow/dags/dag_extraction.py
[2026-09-17T19:33:01.980+0000] {processor.py:830} INFO - Processing file /opt/airflow/dags/dag_extraction.py for tasks to queue
[2026-09-17T19:33:01.985+0000] {logging_mixin.py:188} INFO - [2026-09-17T19:33:01.984+0000] {dagbag.py:545} INFO - Filling up the DagBag from /opt/airflow/dags/dag_extraction.py
[2026-09-17T19:33:02.129+0000] {logging_mixin.py:188} INFO - [2026-09-17T19:33:02.128+0000] {__init__.py:49} INFO - file_cache is only supported with oauth2client<4.0.0
[2026-09-17T19:33:02.574+0000] {logging_mixin.py:188} INFO - [2026-09-17T19:33:02.573+0000] {__init__.py:49} INFO - file_cache is only supported with oauth2client<4.0.0
[2026-09-17T19:33:05.550+0000] {logging_mixin.py:188} INFO - [2026-09-17T19:33:05.549+0000] {__init__.py:49} INFO - file_cache is only supported with oauth2client<4.0.0
[2026-09-17T19:33:12.739+0000] {processor.py:840} INFO - DAG(s) 'youtube_extraction' retrieved from /opt/airflow/dags/dag_extraction.py
[2026-09-17T19:33:12.774+0000] {logging_mixin.py:188} INFO - [2026-09-17T19:33:12.773+0000] {dag.py:3096} INFO - Sync 1 DAGs
[2026-09-17T19:33:12.808+0000] {logging_mixin.py:188} INFO - [2026-09-17T19:33:12.808+0000] {dag.py:3954} INFO - Setting next_dagrun for youtube_extraction to 2026-09-17 00:00:00+00:00, run_after=2026-09-18 00:00:00+00:00
[2026-09-17T19:33:12.842+0000] {processor.py:183} INFO - Processing /opt/airflow/dags/dag_extraction.py took 10.876 seconds
[2026-09-17T19:33:43.548+0000] {processor.py:161} INFO - Started process (PID=278) to work on /opt/airflow/dags/dag_extraction.py
[2026-09-17T19:33:43.552+0000] {processor.py:830} INFO - Processing file /opt/airflow/dags/dag_extraction.py for tasks to queue
[2026-09-17T19:33:43.556+0000] {logging_mixin.py:188} INFO - [2026-09-17T19:33:43.555+0000] {dagbag.py:545} INFO - Filling up the DagBag from /opt/airflow/dags/dag_extraction.py
[2026-09-17T19:33:43.700+0000] {logging_mixin.py:188} INFO - [2026-09-17T19:33:43.700+0000] {__init__.py:49} INFO - file_cache is only supported with oauth2client<4.0.0
[2026-09-17T19:33:46.728+0000] {logging_mixin.py:188} INFO - [2026-09-17T19:33:46.727+0000] {__init__.py:49} INFO - file_cache is only supported with oauth2client<4.0.0
[2026-09-17T19:33:54.500+0000] {processor.py:840} INFO - DAG(s) 'youtube_extraction' retrieved from /opt/airflow/dags/dag_extraction.py
[2026-09-17T19:33:54.530+0000] {logging_mixin.py:188} INFO - [2026-09-17T19:33:54.529+0000] {dag.py:3096} INFO - Sync 1 DAGs
[2026-09-17T19:33:54.566+0000] {logging_mixin.py:188} INFO - [2026-09-17T19:33:54.566+0000] {dag.py:3954} INFO - Setting next_dagrun for youtube_extraction to 2026-09-17 00:00:00+00:00, run_after=2026-09-18 00:00:00+00:00
[2026-09-17T19:33:54.594+0000] {processor.py:183} INFO - Processing /opt/airflow/dags/dag_extraction.py took 11.058 seconds
[2026-09-17T19:34:25.258+0000] {processor.py:161} INFO - Started process (PID=287) to work on /opt/airflow/dags/dag_extraction.py
[2026-09-17T19:34:25.262+0000] {processor.py:830} INFO - Processing file /opt/airflow/dags/dag_extraction.py for tasks to queue
[2026-09-17T19:34:25.265+0000] {logging_mixin.py:188} INFO - [2026-09-17T19:34:25.265+0000] {dagbag.py:545} INFO - Filling up the DagBag from /opt/airflow/dags/dag_extraction.py
[2026-09-17T19:34:25.400+0000] {logging_mixin.py:188} INFO - [2026-09-17T19:34:25.400+0000] {__init__.py:49} INFO - file_cache is only supported with oauth2client<4.0.0
[2026-09-17T19:35:37.645+0000] {processor.py:161} INFO - Started process (PID=55) to work on /opt/airflow/dags/dag_extraction.py
[2026-09-17T19:35:37.650+0000] {processor.py:830} INFO - Processing file /opt/airflow/dags/dag_extraction.py for tasks to queue
[2026-09-17T19:35:37.657+0000] {logging_mixin.py:188} INFO - [2026-09-17T19:35:37.656+0000] {dagbag.py:545} INFO - Filling up the DagBag from /opt/airflow/dags/dag_extraction.py
[2026-09-17T19:35:38.080+0000] {logging_mixin.py:188} INFO - [2026-09-17T19:35:38.080+0000] {__init__.py:49} INFO - file_cache is only supported with oauth2client<4.0.0
[2026-09-17T19:35:45.536+0000] {processor.py:840} INFO - DAG(s) 'youtube_extraction' retrieved from /opt/airflow/dags/dag_extraction.py
[2026-09-17T19:35:45.672+0000] {logging_mixin.py:188} INFO - [2026-09-17T19:35:45.672+0000] {dag.py:3096} INFO - Sync 1 DAGs
[2026-09-17T19:35:45.701+0000] {logging_mixin.py:188} INFO - [2026-09-17T19:35:45.700+0000] {dag.py:3954} INFO - Setting next_dagrun for youtube_extraction to 2026-09-17 00:00:00+00:00, run_after=2026-09-18 00:00:00+00:00
[2026-09-17T19:35:45.729+0000] {processor.py:183} INFO - Processing /opt/airflow/dags/dag_extraction.py took 8.100 seconds
[2026-09-17T19:36:16.361+0000] {processor.py:161} INFO - Started process (PID=70) to work on /opt/airflow/dags/dag_extraction.py
[2026-09-17T19:36:16.367+0000] {processor.py:830} INFO - Processing file /opt/airflow/dags/dag_extraction.py for tasks to queue
[2026-09-17T19:36:16.373+0000] {logging_mixin.py:188} INFO - [2026-09-17T19:36:16.372+0000] {dagbag.py:545} INFO - Filling up the DagBag from /opt/airflow/dags/dag_extraction.py
[2026-09-17T19:36:16.582+0000] {logging_mixin.py:188} INFO - [2026-09-17T19:36:16.581+0000] {__init__.py:49} INFO - file_cache is only supported with oauth2client<4.0.0
[2026-09-17T19:36:24.121+0000] {processor.py:840} INFO - DAG(s) 'youtube_extraction' retrieved from /opt/airflow/dags/dag_extraction.py
[2026-09-17T19:36:24.150+0000] {logging_mixin.py:188} INFO - [2026-09-17T19:36:24.150+0000] {dag.py:3096} INFO - Sync 1 DAGs
[2026-09-17T19:36:24.190+0000] {logging_mixin.py:188} INFO - [2026-09-17T19:36:24.190+0000] {dag.py:3954} INFO - Setting next_dagrun for youtube_extraction to 2026-09-17 00:00:00+00:00, run_after=2026-09-18 00:00:00+00:00
[2026-09-17T19:36:24.227+0000] {processor.py:183} INFO - Processing /opt/airflow/dags/dag_extraction.py took 7.884 seconds
[2026-09-17T19:36:54.719+0000] {processor.py:161} INFO - Started process (PID=78) to work on /opt/airflow/dags/dag_extraction.py
[2026-09-17T19:36:54.723+0000] {processor.py:830} INFO - Processing file /opt/airflow/dags/dag_extraction.py for tasks to queue
[2026-09-17T19:36:54.730+0000] {logging_mixin.py:188} INFO - [2026-09-17T19:36:54.729+0000] {dagbag.py:545} INFO - Filling up the DagBag from /opt/airflow/dags/dag_extraction.py
[2026-09-17T19:36:54.904+0000] {logging_mixin.py:188} INFO - [2026-09-17T19:36:54.904+0000] {__init__.py:49} INFO - file_cache is only supported with oauth2client<4.0.0
[2026-09-17T19:37:02.421+0000] {processor.py:840} INFO - DAG(s) 'youtube_extraction' retrieved from /opt/airflow/dags/dag_extraction.py
[2026-09-17T19:37:02.467+0000] {logging_mixin.py:188} INFO - [2026-09-17T19:37:02.467+0000] {dag.py:3096} INFO - Sync 1 DAGs
[2026-09-17T19:37:02.515+0000] {logging_mixin.py:188} INFO - [2026-09-17T19:37:02.515+0000] {dag.py:3954} INFO - Setting next_dagrun for youtube_extraction to 2026-09-17 00:00:00+00:00, run_after=2026-09-18 00:00:00+00:00
[2026-09-17T19:37:02.560+0000] {processor.py:183} INFO - Processing /opt/airflow/dags/dag_extraction.py took 7.849 seconds
[2026-09-17T19:37:29.427+0000] {processor.py:161} INFO - Started process (PID=86) to work on /opt/airflow/dags/dag_extraction.py
[2026-09-17T19:37:29.434+0000] {processor.py:830} INFO - Processing file /opt/airflow/dags/dag_extraction.py for tasks to queue
[2026-09-17T19:37:29.446+0000] {logging_mixin.py:188} INFO - [2026-09-17T19:37:29.445+0000] {dagbag.py:545} INFO - Filling up the DagBag from /opt/airflow/dags/dag_extraction.py
[2026-09-17T19:37:29.661+0000] {logging_mixin.py:188} INFO - [2026-09-17T19:37:29.660+0000] {__init__.py:49} INFO - file_cache is only supported with oauth2client<4.0.0
[2026-09-17T19:37:36.615+0000] {processor.py:840} INFO - DAG(s) 'youtube_extraction' retrieved from /opt/airflow/dags/dag_extraction.py
[2026-09-17T19:37:36.649+0000] {logging_mixin.py:188} INFO - [2026-09-17T19:37:36.648+0000] {dag.py:3096} INFO - Sync 1 DAGs
[2026-09-17T19:37:36.684+0000] {logging_mixin.py:188} INFO - [2026-09-17T19:37:36.683+0000] {dag.py:3954} INFO - Setting next_dagrun for youtube_extraction to 2026-09-17 00:00:00+00:00, run_after=2026-09-18 00:00:00+00:00
[2026-09-17T19:37:36.741+0000] {processor.py:183} INFO - Processing /opt/airflow/dags/dag_extraction.py took 7.346 seconds
[2026-09-17T19:37:39.903+0000] {processor.py:161} INFO - Started process (PID=93) to work on /opt/airflow/dags/dag_extraction.py
[2026-09-17T19:37:39.907+0000] {processor.py:830} INFO - Processing file /opt/airflow/dags/dag_extraction.py for tasks to queue
[2026-09-17T19:37:39.915+0000] {logging_mixin.py:188} INFO - [2026-09-17T19:37:39.914+0000] {dagbag.py:545} INFO - Filling up the DagBag from /opt/airflow/dags/dag_extraction.py
[2026-09-17T19:37:40.444+0000] {logging_mixin.py:188} INFO - [2026-09-17T19:37:40.443+0000] {__init__.py:49} INFO - file_cache is only supported with oauth2client<4.0.0
[2026-09-17T19:37:47.889+0000] {processor.py:840} INFO - DAG(s) 'youtube_extraction' retrieved from /opt/airflow/dags/dag_extraction.py
[2026-09-17T19:37:47.969+0000] {logging_mixin.py:188} INFO - [2026-09-17T19:37:47.968+0000] {dag.py:3096} INFO - Sync 1 DAGs
[2026-09-17T19:37:48.020+0000] {logging_mixin.py:188} INFO - [2026-09-17T19:37:48.019+0000] {dag.py:3954} INFO - Setting next_dagrun for youtube_extraction to 2026-09-17 00:00:00+00:00, run_after=2026-09-18 00:00:00+00:00
[2026-09-17T19:37:48.065+0000] {processor.py:183} INFO - Processing /opt/airflow/dags/dag_extraction.py took 8.183 seconds
[2026-09-17T19:38:18.527+0000] {processor.py:161} INFO - Started process (PID=102) to work on /opt/airflow/dags/dag_extraction.py
[2026-09-17T19:38:18.530+0000] {processor.py:830} INFO - Processing file /opt/airflow/dags/dag_extraction.py for tasks to queue
[2026-09-17T19:38:18.537+0000] {logging_mixin.py:188} INFO - [2026-09-17T19:38:18.537+0000] {dagbag.py:545} INFO - Filling up the DagBag from /opt/airflow/dags/dag_extraction.py
[2026-09-17T19:38:18.791+0000] {logging_mixin.py:188} INFO - [2026-09-17T19:38:18.791+0000] {__init__.py:49} INFO - file_cache is only supported with oauth2client<4.0.0
[2026-09-17T19:38:26.482+0000] {processor.py:840} INFO - DAG(s) 'youtube_extraction' retrieved from /opt/airflow/dags/dag_extraction.py
[2026-09-17T19:38:26.557+0000] {logging_mixin.py:188} INFO - [2026-09-17T19:38:26.556+0000] {dag.py:3096} INFO - Sync 1 DAGs
[2026-09-17T19:38:26.636+0000] {logging_mixin.py:188} INFO - [2026-09-17T19:38:26.635+0000] {dag.py:3954} INFO - Setting next_dagrun for youtube_extraction to 2026-09-17 00:00:00+00:00, run_after=2026-09-18 00:00:00+00:00
[2026-09-17T19:38:26.702+0000] {processor.py:183} INFO - Processing /opt/airflow/dags/dag_extraction.py took 8.186 seconds
[2026-09-17T19:38:57.246+0000] {processor.py:161} INFO - Started process (PID=110) to work on /opt/airflow/dags/dag_extraction.py
[2026-09-17T19:38:57.254+0000] {processor.py:830} INFO - Processing file /opt/airflow/dags/dag_extraction.py for tasks to queue
[2026-09-17T19:38:57.264+0000] {logging_mixin.py:188} INFO - [2026-09-17T19:38:57.262+0000] {dagbag.py:545} INFO - Filling up the DagBag from /opt/airflow/dags/dag_extraction.py
[2026-09-17T19:38:57.471+0000] {logging_mixin.py:188} INFO - [2026-09-17T19:38:57.471+0000] {__init__.py:49} INFO - file_cache is only supported with oauth2client<4.0.0
[2026-09-17T19:39:04.825+0000] {processor.py:840} INFO - DAG(s) 'youtube_extraction' retrieved from /opt/airflow/dags/dag_extraction.py
[2026-09-17T19:39:04.862+0000] {logging_mixin.py:188} INFO - [2026-09-17T19:39:04.862+0000] {dag.py:3096} INFO - Sync 1 DAGs
[2026-09-17T19:39:04.895+0000] {logging_mixin.py:188} INFO - [2026-09-17T19:39:04.895+0000] {dag.py:3954} INFO - Setting next_dagrun for youtube_extraction to 2026-09-17 00:00:00+00:00, run_after=2026-09-18 00:00:00+00:00
[2026-09-17T19:39:04.921+0000] {processor.py:183} INFO - Processing /opt/airflow/dags/dag_extraction.py took 7.697 seconds
[2026-09-17T19:39:35.271+0000] {processor.py:161} INFO - Started process (PID=118) to work on /opt/airflow/dags/dag_extraction.py
[2026-09-17T19:39:35.276+0000] {processor.py:830} INFO - Processing file /opt/airflow/dags/dag_extraction.py for tasks to queue
[2026-09-17T19:39:35.281+0000] {logging_mixin.py:188} INFO - [2026-09-17T19:39:35.281+0000] {dagbag.py:545} INFO - Filling up the DagBag from /opt/airflow/dags/dag_extraction.py
[2026-09-17T19:39:35.405+0000] {logging_mixin.py:188} INFO - [2026-09-17T19:39:35.405+0000] {__init__.py:49} INFO - file_cache is only supported with oauth2client<4.0.0
[2026-09-17T19:39:43.704+0000] {processor.py:840} INFO - DAG(s) 'youtube_extraction' retrieved from /opt/airflow/dags/dag_extraction.py
[2026-09-17T19:39:43.758+0000] {logging_mixin.py:188} INFO - [2026-09-17T19:39:43.758+0000] {dag.py:3096} INFO - Sync 1 DAGs
[2026-09-17T19:39:43.822+0000] {logging_mixin.py:188} INFO - [2026-09-17T19:39:43.822+0000] {dag.py:3954} INFO - Setting next_dagrun for youtube_extraction to 2026-09-17 00:00:00+00:00, run_after=2026-09-18 00:00:00+00:00
[2026-09-17T19:39:43.881+0000] {processor.py:183} INFO - Processing /opt/airflow/dags/dag_extraction.py took 8.622 seconds
[2026-09-17T19:40:14.214+0000] {processor.py:161} INFO - Started process (PID=133) to work on /opt/airflow/dags/dag_extraction.py
[2026-09-17T19:40:14.220+0000] {processor.py:830} INFO - Processing file /opt/airflow/dags/dag_extraction.py for tasks to queue
[2026-09-17T19:40:14.226+0000] {logging_mixin.py:188} INFO - [2026-09-17T19:40:14.225+0000] {dagbag.py:545} INFO - Filling up the DagBag from /opt/airflow/dags/dag_extraction.py
[2026-09-17T19:40:14.467+0000] {logging_mixin.py:188} INFO - [2026-09-17T19:40:14.467+0000] {__init__.py:49} INFO - file_cache is only supported with oauth2client<4.0.0
[2026-09-17T19:40:21.903+0000] {processor.py:840} INFO - DAG(s) 'youtube_extraction' retrieved from /opt/airflow/dags/dag_extraction.py
[2026-09-17T19:40:21.936+0000] {logging_mixin.py:188} INFO - [2026-09-17T19:40:21.936+0000] {dag.py:3096} INFO - Sync 1 DAGs
[2026-09-17T19:40:21.975+0000] {logging_mixin.py:188} INFO - [2026-09-17T19:40:21.975+0000] {dag.py:3954} INFO - Setting next_dagrun for youtube_extraction to 2026-09-17 00:00:00+00:00, run_after=2026-09-18 00:00:00+00:00
[2026-09-17T19:40:22.007+0000] {processor.py:183} INFO - Processing /opt/airflow/dags/dag_extraction.py took 7.808 seconds
[2026-09-17T19:40:52.464+0000] {processor.py:161} INFO - Started process (PID=141) to work on /opt/airflow/dags/dag_extraction.py
[2026-09-17T19:40:52.467+0000] {processor.py:830} INFO - Processing file /opt/airflow/dags/dag_extraction.py for tasks to queue
[2026-09-17T19:40:52.471+0000] {logging_mixin.py:188} INFO - [2026-09-17T19:40:52.471+0000] {dagbag.py:545} INFO - Filling up the DagBag from /opt/airflow/dags/dag_extraction.py
[2026-09-17T19:40:52.599+0000] {logging_mixin.py:188} INFO - [2026-09-17T19:40:52.599+0000] {__init__.py:49} INFO - file_cache is only supported with oauth2client<4.0.0
[2026-09-17T19:40:59.995+0000] {processor.py:840} INFO - DAG(s) 'youtube_extraction' retrieved from /opt/airflow/dags/dag_extraction.py
[2026-09-17T19:41:00.033+0000] {logging_mixin.py:188} INFO - [2026-09-17T19:41:00.032+0000] {dag.py:3096} INFO - Sync 1 DAGs
[2026-09-17T19:41:00.059+0000] {logging_mixin.py:188} INFO - [2026-09-17T19:41:00.059+0000] {dag.py:3954} INFO - Setting next_dagrun for youtube_extraction to 2026-09-17 00:00:00+00:00, run_after=2026-09-18 00:00:00+00:00
[2026-09-17T19:41:00.085+0000] {processor.py:183} INFO - Processing /opt/airflow/dags/dag_extraction.py took 7.630 seconds
[2026-09-17T19:41:30.460+0000] {processor.py:161} INFO - Started process (PID=149) to work on /opt/airflow/dags/dag_extraction.py
[2026-09-17T19:41:30.463+0000] {processor.py:830} INFO - Processing file /opt/airflow/dags/dag_extraction.py for tasks to queue
[2026-09-17T19:41:30.468+0000] {logging_mixin.py:188} INFO - [2026-09-17T19:41:30.468+0000] {dagbag.py:545} INFO - Filling up the DagBag from /opt/airflow/dags/dag_extraction.py
[2026-09-17T19:41:30.605+0000] {logging_mixin.py:188} INFO - [2026-09-17T19:41:30.605+0000] {__init__.py:49} INFO - file_cache is only supported with oauth2client<4.0.0
[2026-09-17T19:41:37.863+0000] {processor.py:840} INFO - DAG(s) 'youtube_extraction' retrieved from /opt/airflow/dags/dag_extraction.py
[2026-09-17T19:41:37.909+0000] {logging_mixin.py:188} INFO - [2026-09-17T19:41:37.908+0000] {dag.py:3096} INFO - Sync 1 DAGs
[2026-09-17T19:41:37.965+0000] {logging_mixin.py:188} INFO - [2026-09-17T19:41:37.965+0000] {dag.py:3954} INFO - Setting next_dagrun for youtube_extraction to 2026-09-17 00:00:00+00:00, run_after=2026-09-18 00:00:00+00:00
[2026-09-17T19:41:38.022+0000] {processor.py:183} INFO - Processing /opt/airflow/dags/dag_extraction.py took 7.579 seconds
[2026-09-17T19:42:08.139+0000] {processor.py:161} INFO - Started process (PID=157) to work on /opt/airflow/dags/dag_extraction.py
[2026-09-17T19:42:08.143+0000] {processor.py:830} INFO - Processing file /opt/airflow/dags/dag_extraction.py for tasks to queue
[2026-09-17T19:42:08.148+0000] {logging_mixin.py:188} INFO - [2026-09-17T19:42:08.147+0000] {dagbag.py:545} INFO - Filling up the DagBag from /opt/airflow/dags/dag_extraction.py
[2026-09-17T19:42:08.352+0000] {logging_mixin.py:188} INFO - [2026-09-17T19:42:08.352+0000] {__init__.py:49} INFO - file_cache is only supported with oauth2client<4.0.0
[2026-09-17T19:42:08.808+0000] {logging_mixin.py:188} INFO - [2026-09-17T19:42:08.807+0000] {__init__.py:49} INFO - file_cache is only supported with oauth2client<4.0.0
[2026-09-17T19:42:12.016+0000] {logging_mixin.py:188} INFO - [2026-09-17T19:42:12.015+0000] {__init__.py:49} INFO - file_cache is only supported with oauth2client<4.0.0
[2026-09-17T19:42:19.576+0000] {processor.py:840} INFO - DAG(s) 'youtube_extraction' retrieved from /opt/airflow/dags/dag_extraction.py
[2026-09-17T19:42:19.643+0000] {logging_mixin.py:188} INFO - [2026-09-17T19:42:19.642+0000] {dag.py:3096} INFO - Sync 1 DAGs
[2026-09-17T19:42:19.711+0000] {logging_mixin.py:188} INFO - [2026-09-17T19:42:19.709+0000] {dag.py:3954} INFO - Setting next_dagrun for youtube_extraction to 2026-09-17 00:00:00+00:00, run_after=2026-09-18 00:00:00+00:00
[2026-09-17T19:42:19.768+0000] {processor.py:183} INFO - Processing /opt/airflow/dags/dag_extraction.py took 11.638 seconds
[2026-09-17T19:42:50.215+0000] {processor.py:161} INFO - Started process (PID=172) to work on /opt/airflow/dags/dag_extraction.py
[2026-09-17T19:42:50.220+0000] {processor.py:830} INFO - Processing file /opt/airflow/dags/dag_extraction.py for tasks to queue
[2026-09-17T19:42:50.224+0000] {logging_mixin.py:188} INFO - [2026-09-17T19:42:50.223+0000] {dagbag.py:545} INFO - Filling up the DagBag from /opt/airflow/dags/dag_extraction.py
[2026-09-17T19:42:50.379+0000] {logging_mixin.py:188} INFO - [2026-09-17T19:42:50.379+0000] {__init__.py:49} INFO - file_cache is only supported with oauth2client<4.0.0
[2026-09-17T19:43:53.518+0000] {processor.py:161} INFO - Started process (PID=55) to work on /opt/airflow/dags/dag_extraction.py
[2026-09-17T19:43:53.523+0000] {processor.py:830} INFO - Processing file /opt/airflow/dags/dag_extraction.py for tasks to queue
[2026-09-17T19:43:53.529+0000] {logging_mixin.py:188} INFO - [2026-09-17T19:43:53.528+0000] {dagbag.py:545} INFO - Filling up the DagBag from /opt/airflow/dags/dag_extraction.py
[2026-09-17T19:43:53.795+0000] {logging_mixin.py:188} INFO - [2026-09-17T19:43:53.795+0000] {__init__.py:49} INFO - file_cache is only supported with oauth2client<4.0.0
[2026-09-17T19:43:54.276+0000] {logging_mixin.py:188} INFO - [2026-09-17T19:43:54.276+0000] {__init__.py:49} INFO - file_cache is only supported with oauth2client<4.0.0
[2026-09-17T19:43:57.712+0000] {logging_mixin.py:188} INFO - [2026-09-17T19:43:57.711+0000] {__init__.py:49} INFO - file_cache is only supported with oauth2client<4.0.0
[2026-09-17T19:44:05.689+0000] {processor.py:840} INFO - DAG(s) 'youtube_extraction' retrieved from /opt/airflow/dags/dag_extraction.py
[2026-09-17T19:44:05.890+0000] {logging_mixin.py:188} INFO - [2026-09-17T19:44:05.890+0000] {dag.py:3096} INFO - Sync 1 DAGs
[2026-09-17T19:44:05.926+0000] {logging_mixin.py:188} INFO - [2026-09-17T19:44:05.925+0000] {dag.py:3954} INFO - Setting next_dagrun for youtube_extraction to 2026-09-17 00:00:00+00:00, run_after=2026-09-18 00:00:00+00:00
[2026-09-17T19:44:05.982+0000] {processor.py:183} INFO - Processing /opt/airflow/dags/dag_extraction.py took 12.481 seconds
[2026-09-17T19:44:36.411+0000] {processor.py:161} INFO - Started process (PID=74) to work on /opt/airflow/dags/dag_extraction.py
[2026-09-17T19:44:36.418+0000] {processor.py:830} INFO - Processing file /opt/airflow/dags/dag_extraction.py for tasks to queue
[2026-09-17T19:44:36.425+0000] {logging_mixin.py:188} INFO - [2026-09-17T19:44:36.424+0000] {dagbag.py:545} INFO - Filling up the DagBag from /opt/airflow/dags/dag_extraction.py
[2026-09-17T19:44:36.646+0000] {logging_mixin.py:188} INFO - [2026-09-17T19:44:36.645+0000] {__init__.py:49} INFO - file_cache is only supported with oauth2client<4.0.0
[2026-09-17T19:44:37.071+0000] {logging_mixin.py:188} INFO - [2026-09-17T19:44:37.071+0000] {__init__.py:49} INFO - file_cache is only supported with oauth2client<4.0.0
[2026-09-17T19:44:39.775+0000] {logging_mixin.py:188} INFO - [2026-09-17T19:44:39.774+0000] {__init__.py:49} INFO - file_cache is only supported with oauth2client<4.0.0
[2026-09-17T19:44:46.929+0000] {processor.py:840} INFO - DAG(s) 'youtube_extraction' retrieved from /opt/airflow/dags/dag_extraction.py
[2026-09-17T19:44:46.964+0000] {logging_mixin.py:188} INFO - [2026-09-17T19:44:46.963+0000] {dag.py:3096} INFO - Sync 1 DAGs
[2026-09-17T19:44:47.001+0000] {logging_mixin.py:188} INFO - [2026-09-17T19:44:47.001+0000] {dag.py:3954} INFO - Setting next_dagrun for youtube_extraction to 2026-09-17 00:00:00+00:00, run_after=2026-09-18 00:00:00+00:00
[2026-09-17T19:44:47.032+0000] {processor.py:183} INFO - Processing /opt/airflow/dags/dag_extraction.py took 10.629 seconds
[2026-09-17T19:45:17.522+0000] {processor.py:161} INFO - Started process (PID=88) to work on /opt/airflow/dags/dag_extraction.py
[2026-09-17T19:45:17.533+0000] {processor.py:830} INFO - Processing file /opt/airflow/dags/dag_extraction.py for tasks to queue
[2026-09-17T19:45:17.538+0000] {logging_mixin.py:188} INFO - [2026-09-17T19:45:17.537+0000] {dagbag.py:545} INFO - Filling up the DagBag from /opt/airflow/dags/dag_extraction.py
[2026-09-17T19:45:17.794+0000] {logging_mixin.py:188} INFO - [2026-09-17T19:45:17.793+0000] {__init__.py:49} INFO - file_cache is only supported with oauth2client<4.0.0
[2026-09-17T19:45:18.143+0000] {logging_mixin.py:188} INFO - [2026-09-17T19:45:18.142+0000] {__init__.py:49} INFO - file_cache is only supported with oauth2client<4.0.0
[2026-09-17T19:45:20.921+0000] {logging_mixin.py:188} INFO - [2026-09-17T19:45:20.921+0000] {__init__.py:49} INFO - file_cache is only supported with oauth2client<4.0.0
[2026-09-17T19:45:28.016+0000] {processor.py:840} INFO - DAG(s) 'youtube_extraction' retrieved from /opt/airflow/dags/dag_extraction.py
[2026-09-17T19:45:28.053+0000] {logging_mixin.py:188} INFO - [2026-09-17T19:45:28.053+0000] {dag.py:3096} INFO - Sync 1 DAGs
[2026-09-17T19:45:28.107+0000] {logging_mixin.py:188} INFO - [2026-09-17T19:45:28.106+0000] {dag.py:3954} INFO - Setting next_dagrun for youtube_extraction to 2026-09-17 00:00:00+00:00, run_after=2026-09-18 00:00:00+00:00
[2026-09-17T19:45:28.161+0000] {processor.py:183} INFO - Processing /opt/airflow/dags/dag_extraction.py took 10.646 seconds
[2026-09-17T19:45:58.580+0000] {processor.py:161} INFO - Started process (PID=103) to work on /opt/airflow/dags/dag_extraction.py
[2026-09-17T19:45:58.586+0000] {processor.py:830} INFO - Processing file /opt/airflow/dags/dag_extraction.py for tasks to queue
[2026-09-17T19:45:58.592+0000] {logging_mixin.py:188} INFO - [2026-09-17T19:45:58.591+0000] {dagbag.py:545} INFO - Filling up the DagBag from /opt/airflow/dags/dag_extraction.py
[2026-09-17T19:45:58.705+0000] {logging_mixin.py:188} INFO - [2026-09-17T19:45:58.704+0000] {__init__.py:49} INFO - file_cache is only supported with oauth2client<4.0.0
[2026-09-17T19:45:59.212+0000] {logging_mixin.py:188} INFO - [2026-09-17T19:45:59.211+0000] {__init__.py:49} INFO - file_cache is only supported with oauth2client<4.0.0
[2026-09-17T19:46:02.204+0000] {logging_mixin.py:188} INFO - [2026-09-17T19:46:02.203+0000] {__init__.py:49} INFO - file_cache is only supported with oauth2client<4.0.0
[2026-09-17T19:46:09.247+0000] {processor.py:840} INFO - DAG(s) 'youtube_extraction' retrieved from /opt/airflow/dags/dag_extraction.py
[2026-09-17T19:46:09.295+0000] {logging_mixin.py:188} INFO - [2026-09-17T19:46:09.294+0000] {dag.py:3096} INFO - Sync 1 DAGs
[2026-09-17T19:46:09.339+0000] {logging_mixin.py:188} INFO - [2026-09-17T19:46:09.339+0000] {dag.py:3954} INFO - Setting next_dagrun for youtube_extraction to 2026-09-17 00:00:00+00:00, run_after=2026-09-18 00:00:00+00:00
[2026-09-17T19:46:09.385+0000] {processor.py:183} INFO - Processing /opt/airflow/dags/dag_extraction.py took 10.815 seconds
[2026-09-17T19:46:40.290+0000] {processor.py:161} INFO - Started process (PID=111) to work on /opt/airflow/dags/dag_extraction.py
[2026-09-17T19:46:40.295+0000] {processor.py:830} INFO - Processing file /opt/airflow/dags/dag_extraction.py for tasks to queue
[2026-09-17T19:46:40.300+0000] {logging_mixin.py:188} INFO - [2026-09-17T19:46:40.299+0000] {dagbag.py:545} INFO - Filling up the DagBag from /opt/airflow/dags/dag_extraction.py
[2026-09-17T19:46:40.418+0000] {logging_mixin.py:188} INFO - [2026-09-17T19:46:40.418+0000] {__init__.py:49} INFO - file_cache is only supported with oauth2client<4.0.0
[2026-09-17T19:46:40.797+0000] {logging_mixin.py:188} INFO - [2026-09-17T19:46:40.797+0000] {__init__.py:49} INFO - file_cache is only supported with oauth2client<4.0.0
[2026-09-17T19:46:43.868+0000] {logging_mixin.py:188} INFO - [2026-09-17T19:46:43.867+0000] {__init__.py:49} INFO - file_cache is only supported with oauth2client<4.0.0
[2026-09-17T19:46:51.551+0000] {processor.py:840} INFO - DAG(s) 'youtube_extraction' retrieved from /opt/airflow/dags/dag_extraction.py
[2026-09-17T19:46:51.600+0000] {logging_mixin.py:188} INFO - [2026-09-17T19:46:51.599+0000] {dag.py:3096} INFO - Sync 1 DAGs
[2026-09-17T19:46:51.662+0000] {logging_mixin.py:188} INFO - [2026-09-17T19:46:51.661+0000] {dag.py:3954} INFO - Setting next_dagrun for youtube_extraction to 2026-09-17 00:00:00+00:00, run_after=2026-09-18 00:00:00+00:00
[2026-09-17T19:46:51.733+0000] {processor.py:183} INFO - Processing /opt/airflow/dags/dag_extraction.py took 11.451 seconds
[2026-09-17T19:47:21.833+0000] {processor.py:161} INFO - Started process (PID=119) to work on /opt/airflow/dags/dag_extraction.py
[2026-09-17T19:47:21.838+0000] {processor.py:830} INFO - Processing file /opt/airflow/dags/dag_extraction.py for tasks to queue
[2026-09-17T19:47:21.844+0000] {logging_mixin.py:188} INFO - [2026-09-17T19:47:21.844+0000] {dagbag.py:545} INFO - Filling up the DagBag from /opt/airflow/dags/dag_extraction.py
[2026-09-17T19:47:21.970+0000] {logging_mixin.py:188} INFO - [2026-09-17T19:47:21.970+0000] {__init__.py:49} INFO - file_cache is only supported with oauth2client<4.0.0
[2026-09-17T19:47:22.485+0000] {logging_mixin.py:188} INFO - [2026-09-17T19:47:22.485+0000] {__init__.py:49} INFO - file_cache is only supported with oauth2client<4.0.0
[2026-09-17T19:47:25.547+0000] {logging_mixin.py:188} INFO - [2026-09-17T19:47:25.546+0000] {__init__.py:49} INFO - file_cache is only supported with oauth2client<4.0.0
[2026-09-17T19:47:32.852+0000] {processor.py:840} INFO - DAG(s) 'youtube_extraction' retrieved from /opt/airflow/dags/dag_extraction.py
[2026-09-17T19:47:32.914+0000] {logging_mixin.py:188} INFO - [2026-09-17T19:47:32.913+0000] {dag.py:3096} INFO - Sync 1 DAGs
[2026-09-17T19:47:32.972+0000] {logging_mixin.py:188} INFO - [2026-09-17T19:47:32.972+0000] {dag.py:3954} INFO - Setting next_dagrun for youtube_extraction to 2026-09-17 00:00:00+00:00, run_after=2026-09-18 00:00:00+00:00
[2026-09-17T19:47:33.016+0000] {processor.py:183} INFO - Processing /opt/airflow/dags/dag_extraction.py took 11.190 seconds
[2026-09-17T19:48:03.551+0000] {processor.py:161} INFO - Started process (PID=134) to work on /opt/airflow/dags/dag_extraction.py
[2026-09-17T19:48:03.557+0000] {processor.py:830} INFO - Processing file /opt/airflow/dags/dag_extraction.py for tasks to queue
[2026-09-17T19:48:03.564+0000] {logging_mixin.py:188} INFO - [2026-09-17T19:48:03.563+0000] {dagbag.py:545} INFO - Filling up the DagBag from /opt/airflow/dags/dag_extraction.py
[2026-09-17T19:48:03.930+0000] {logging_mixin.py:188} INFO - [2026-09-17T19:48:03.930+0000] {__init__.py:49} INFO - file_cache is only supported with oauth2client<4.0.0
[2026-09-17T19:48:04.251+0000] {logging_mixin.py:188} INFO - [2026-09-17T19:48:04.229+0000] {dagbag.py:355} ERROR - Failed to import: /opt/airflow/dags/dag_extraction.py
Traceback (most recent call last):
  File "/home/airflow/.local/lib/python3.10/site-packages/airflow/models/dagbag.py", line 351, in parse
    loader.exec_module(new_module)
  File "<frozen importlib._bootstrap_external>", line 883, in exec_module
  File "<frozen importlib._bootstrap>", line 241, in _call_with_frames_removed
  File "/opt/airflow/dags/dag_extraction.py", line 8, in <module>
    from scripts.videos import get_videos
  File "/opt/airflow/scripts/videos.py", line 3, in <module>
    youtube, uploads_playlist_id = get_channel()
  File "/opt/airflow/scripts/channel.py", line 23, in get_channel
    kwargs['ti'].xcom_push(key='uploads_playlist_id', value=uploads_playlist_id)
KeyError: 'ti'
[2026-09-17T19:48:04.259+0000] {processor.py:842} WARNING - No viable dags retrieved from /opt/airflow/dags/dag_extraction.py
[2026-09-17T19:48:04.304+0000] {processor.py:183} INFO - Processing /opt/airflow/dags/dag_extraction.py took 0.766 seconds
[2026-09-17T19:48:34.957+0000] {processor.py:161} INFO - Started process (PID=142) to work on /opt/airflow/dags/dag_extraction.py
[2026-09-17T19:48:34.963+0000] {processor.py:830} INFO - Processing file /opt/airflow/dags/dag_extraction.py for tasks to queue
[2026-09-17T19:48:34.970+0000] {logging_mixin.py:188} INFO - [2026-09-17T19:48:34.969+0000] {dagbag.py:545} INFO - Filling up the DagBag from /opt/airflow/dags/dag_extraction.py
[2026-09-17T19:48:35.229+0000] {logging_mixin.py:188} INFO - [2026-09-17T19:48:35.229+0000] {__init__.py:49} INFO - file_cache is only supported with oauth2client<4.0.0
[2026-09-17T19:48:35.694+0000] {logging_mixin.py:188} INFO - [2026-09-17T19:48:35.667+0000] {dagbag.py:355} ERROR - Failed to import: /opt/airflow/dags/dag_extraction.py
Traceback (most recent call last):
  File "/home/airflow/.local/lib/python3.10/site-packages/airflow/models/dagbag.py", line 351, in parse
    loader.exec_module(new_module)
  File "<frozen importlib._bootstrap_external>", line 883, in exec_module
  File "<frozen importlib._bootstrap>", line 241, in _call_with_frames_removed
  File "/opt/airflow/dags/dag_extraction.py", line 10, in <module>
    from scripts.json_creation import create_json_file
  File "/opt/airflow/scripts/json_creation.py", line 9, in <module>
    youtube, uploads_playlist_id = get_channel()
  File "/opt/airflow/scripts/channel.py", line 23, in get_channel
    kwargs['ti'].xcom_push(key='uploads_playlist_id', value=uploads_playlist_id)
KeyError: 'ti'
[2026-09-17T19:48:35.701+0000] {processor.py:842} WARNING - No viable dags retrieved from /opt/airflow/dags/dag_extraction.py
[2026-09-17T19:48:35.737+0000] {processor.py:183} INFO - Processing /opt/airflow/dags/dag_extraction.py took 0.786 seconds
[2026-09-17T19:49:06.107+0000] {processor.py:161} INFO - Started process (PID=150) to work on /opt/airflow/dags/dag_extraction.py
[2026-09-17T19:49:06.115+0000] {processor.py:830} INFO - Processing file /opt/airflow/dags/dag_extraction.py for tasks to queue
[2026-09-17T19:49:06.121+0000] {logging_mixin.py:188} INFO - [2026-09-17T19:49:06.119+0000] {dagbag.py:545} INFO - Filling up the DagBag from /opt/airflow/dags/dag_extraction.py
[2026-09-17T19:49:06.469+0000] {processor.py:840} INFO - DAG(s) 'youtube_extraction' retrieved from /opt/airflow/dags/dag_extraction.py
[2026-09-17T19:49:06.790+0000] {logging_mixin.py:188} INFO - [2026-09-17T19:49:06.789+0000] {dag.py:3096} INFO - Sync 1 DAGs
[2026-09-17T19:49:06.855+0000] {logging_mixin.py:188} INFO - [2026-09-17T19:49:06.854+0000] {dag.py:3954} INFO - Setting next_dagrun for youtube_extraction to 2026-09-17 00:00:00+00:00, run_after=2026-09-18 00:00:00+00:00
[2026-09-17T19:49:06.931+0000] {processor.py:183} INFO - Processing /opt/airflow/dags/dag_extraction.py took 0.847 seconds
[2026-09-17T19:49:22.174+0000] {processor.py:161} INFO - Started process (PID=155) to work on /opt/airflow/dags/dag_extraction.py
[2026-09-17T19:49:22.178+0000] {processor.py:830} INFO - Processing file /opt/airflow/dags/dag_extraction.py for tasks to queue
[2026-09-17T19:49:22.181+0000] {logging_mixin.py:188} INFO - [2026-09-17T19:49:22.180+0000] {dagbag.py:545} INFO - Filling up the DagBag from /opt/airflow/dags/dag_extraction.py
[2026-09-17T19:49:22.218+0000] {logging_mixin.py:188} INFO - [2026-09-17T19:49:22.217+0000] {dagbag.py:355} ERROR - Failed to import: /opt/airflow/dags/dag_extraction.py
Traceback (most recent call last):
  File "/home/airflow/.local/lib/python3.10/site-packages/airflow/models/dagbag.py", line 351, in parse
    loader.exec_module(new_module)
  File "<frozen importlib._bootstrap_external>", line 879, in exec_module
  File "<frozen importlib._bootstrap_external>", line 1017, in get_code
  File "<frozen importlib._bootstrap_external>", line 947, in source_to_code
  File "<frozen importlib._bootstrap>", line 241, in _call_with_frames_removed
  File "/opt/airflow/dags/dag_extraction.py", line 55
    get_channel_task >> get_videos_task >> get_videos_details_task >> create_json_file_task >> trigger_staging
IndentationError: unexpected indent
[2026-09-17T19:49:22.221+0000] {processor.py:842} WARNING - No viable dags retrieved from /opt/airflow/dags/dag_extraction.py
[2026-09-17T19:49:22.276+0000] {processor.py:183} INFO - Processing /opt/airflow/dags/dag_extraction.py took 0.109 seconds
[2026-09-17T19:50:30.869+0000] {processor.py:161} INFO - Started process (PID=49) to work on /opt/airflow/dags/dag_extraction.py
[2026-09-17T19:50:30.875+0000] {processor.py:830} INFO - Processing file /opt/airflow/dags/dag_extraction.py for tasks to queue
[2026-09-17T19:50:30.881+0000] {logging_mixin.py:188} INFO - [2026-09-17T19:50:30.880+0000] {dagbag.py:545} INFO - Filling up the DagBag from /opt/airflow/dags/dag_extraction.py
[2026-09-17T19:50:31.190+0000] {processor.py:840} INFO - DAG(s) 'youtube_extraction' retrieved from /opt/airflow/dags/dag_extraction.py
[2026-09-17T19:50:31.393+0000] {logging_mixin.py:188} INFO - [2026-09-17T19:50:31.392+0000] {dag.py:3096} INFO - Sync 1 DAGs
[2026-09-17T19:50:31.431+0000] {logging_mixin.py:188} INFO - [2026-09-17T19:50:31.431+0000] {dag.py:3954} INFO - Setting next_dagrun for youtube_extraction to 2026-09-17 00:00:00+00:00, run_after=2026-09-18 00:00:00+00:00
[2026-09-17T19:50:31.473+0000] {processor.py:183} INFO - Processing /opt/airflow/dags/dag_extraction.py took 0.620 seconds
[2026-09-17T19:51:01.879+0000] {processor.py:161} INFO - Started process (PID=69) to work on /opt/airflow/dags/dag_extraction.py
[2026-09-17T19:51:01.884+0000] {processor.py:830} INFO - Processing file /opt/airflow/dags/dag_extraction.py for tasks to queue
[2026-09-17T19:51:01.888+0000] {logging_mixin.py:188} INFO - [2026-09-17T19:51:01.888+0000] {dagbag.py:545} INFO - Filling up the DagBag from /opt/airflow/dags/dag_extraction.py
[2026-09-17T19:51:02.102+0000] {processor.py:840} INFO - DAG(s) 'youtube_extraction' retrieved from /opt/airflow/dags/dag_extraction.py
[2026-09-17T19:51:02.139+0000] {logging_mixin.py:188} INFO - [2026-09-17T19:51:02.138+0000] {dag.py:3096} INFO - Sync 1 DAGs
[2026-09-17T19:51:02.177+0000] {logging_mixin.py:188} INFO - [2026-09-17T19:51:02.176+0000] {dag.py:3954} INFO - Setting next_dagrun for youtube_extraction to 2026-09-17 00:00:00+00:00, run_after=2026-09-18 00:00:00+00:00
[2026-09-17T19:51:02.232+0000] {processor.py:183} INFO - Processing /opt/airflow/dags/dag_extraction.py took 0.366 seconds
[2026-09-17T19:51:32.555+0000] {processor.py:161} INFO - Started process (PID=77) to work on /opt/airflow/dags/dag_extraction.py
[2026-09-17T19:51:32.560+0000] {processor.py:830} INFO - Processing file /opt/airflow/dags/dag_extraction.py for tasks to queue
[2026-09-17T19:51:32.565+0000] {logging_mixin.py:188} INFO - [2026-09-17T19:51:32.564+0000] {dagbag.py:545} INFO - Filling up the DagBag from /opt/airflow/dags/dag_extraction.py
[2026-09-17T19:51:32.692+0000] {processor.py:840} INFO - DAG(s) 'youtube_extraction' retrieved from /opt/airflow/dags/dag_extraction.py
[2026-09-17T19:51:32.718+0000] {logging_mixin.py:188} INFO - [2026-09-17T19:51:32.718+0000] {dag.py:3096} INFO - Sync 1 DAGs
[2026-09-17T19:51:32.746+0000] {logging_mixin.py:188} INFO - [2026-09-17T19:51:32.746+0000] {dag.py:3954} INFO - Setting next_dagrun for youtube_extraction to 2026-09-17 00:00:00+00:00, run_after=2026-09-18 00:00:00+00:00
[2026-09-17T19:51:32.771+0000] {processor.py:183} INFO - Processing /opt/airflow/dags/dag_extraction.py took 0.226 seconds
[2026-09-17T19:52:03.217+0000] {processor.py:161} INFO - Started process (PID=85) to work on /opt/airflow/dags/dag_extraction.py
[2026-09-17T19:52:03.223+0000] {processor.py:830} INFO - Processing file /opt/airflow/dags/dag_extraction.py for tasks to queue
[2026-09-17T19:52:03.230+0000] {logging_mixin.py:188} INFO - [2026-09-17T19:52:03.229+0000] {dagbag.py:545} INFO - Filling up the DagBag from /opt/airflow/dags/dag_extraction.py
[2026-09-17T19:52:03.361+0000] {processor.py:840} INFO - DAG(s) 'youtube_extraction' retrieved from /opt/airflow/dags/dag_extraction.py
[2026-09-17T19:52:03.400+0000] {logging_mixin.py:188} INFO - [2026-09-17T19:52:03.399+0000] {dag.py:3096} INFO - Sync 1 DAGs
[2026-09-17T19:52:03.441+0000] {logging_mixin.py:188} INFO - [2026-09-17T19:52:03.440+0000] {dag.py:3954} INFO - Setting next_dagrun for youtube_extraction to 2026-09-17 00:00:00+00:00, run_after=2026-09-18 00:00:00+00:00
[2026-09-17T19:52:03.470+0000] {processor.py:183} INFO - Processing /opt/airflow/dags/dag_extraction.py took 0.265 seconds
[2026-09-17T19:52:33.841+0000] {processor.py:161} INFO - Started process (PID=93) to work on /opt/airflow/dags/dag_extraction.py
[2026-09-17T19:52:33.844+0000] {processor.py:830} INFO - Processing file /opt/airflow/dags/dag_extraction.py for tasks to queue
[2026-09-17T19:52:33.850+0000] {logging_mixin.py:188} INFO - [2026-09-17T19:52:33.849+0000] {dagbag.py:545} INFO - Filling up the DagBag from /opt/airflow/dags/dag_extraction.py
[2026-09-17T19:52:33.991+0000] {processor.py:840} INFO - DAG(s) 'youtube_extraction' retrieved from /opt/airflow/dags/dag_extraction.py
[2026-09-17T19:52:34.023+0000] {logging_mixin.py:188} INFO - [2026-09-17T19:52:34.022+0000] {dag.py:3096} INFO - Sync 1 DAGs
[2026-09-17T19:52:34.063+0000] {logging_mixin.py:188} INFO - [2026-09-17T19:52:34.063+0000] {dag.py:3954} INFO - Setting next_dagrun for youtube_extraction to 2026-09-17 00:00:00+00:00, run_after=2026-09-18 00:00:00+00:00
[2026-09-17T19:52:34.092+0000] {processor.py:183} INFO - Processing /opt/airflow/dags/dag_extraction.py took 0.265 seconds
[2026-09-17T19:53:04.451+0000] {processor.py:161} INFO - Started process (PID=101) to work on /opt/airflow/dags/dag_extraction.py
[2026-09-17T19:53:04.454+0000] {processor.py:830} INFO - Processing file /opt/airflow/dags/dag_extraction.py for tasks to queue
[2026-09-17T19:53:04.458+0000] {logging_mixin.py:188} INFO - [2026-09-17T19:53:04.458+0000] {dagbag.py:545} INFO - Filling up the DagBag from /opt/airflow/dags/dag_extraction.py
[2026-09-17T19:53:04.578+0000] {processor.py:840} INFO - DAG(s) 'youtube_extraction' retrieved from /opt/airflow/dags/dag_extraction.py
[2026-09-17T19:53:04.609+0000] {logging_mixin.py:188} INFO - [2026-09-17T19:53:04.609+0000] {dag.py:3096} INFO - Sync 1 DAGs
[2026-09-17T19:53:04.644+0000] {logging_mixin.py:188} INFO - [2026-09-17T19:53:04.643+0000] {dag.py:3954} INFO - Setting next_dagrun for youtube_extraction to 2026-09-17 00:00:00+00:00, run_after=2026-09-18 00:00:00+00:00
[2026-09-17T19:53:04.666+0000] {processor.py:183} INFO - Processing /opt/airflow/dags/dag_extraction.py took 0.230 seconds
[2026-09-17T19:53:35.063+0000] {processor.py:161} INFO - Started process (PID=109) to work on /opt/airflow/dags/dag_extraction.py
[2026-09-17T19:53:35.067+0000] {processor.py:830} INFO - Processing file /opt/airflow/dags/dag_extraction.py for tasks to queue
[2026-09-17T19:53:35.070+0000] {logging_mixin.py:188} INFO - [2026-09-17T19:53:35.070+0000] {dagbag.py:545} INFO - Filling up the DagBag from /opt/airflow/dags/dag_extraction.py
[2026-09-17T19:53:35.201+0000] {processor.py:840} INFO - DAG(s) 'youtube_extraction' retrieved from /opt/airflow/dags/dag_extraction.py
[2026-09-17T19:53:35.229+0000] {logging_mixin.py:188} INFO - [2026-09-17T19:53:35.228+0000] {dag.py:3096} INFO - Sync 1 DAGs
[2026-09-17T19:53:35.255+0000] {logging_mixin.py:188} INFO - [2026-09-17T19:53:35.255+0000] {dag.py:3954} INFO - Setting next_dagrun for youtube_extraction to 2026-09-17 00:00:00+00:00, run_after=2026-09-18 00:00:00+00:00
[2026-09-17T19:53:35.276+0000] {processor.py:183} INFO - Processing /opt/airflow/dags/dag_extraction.py took 0.225 seconds
[2026-09-17T19:54:05.703+0000] {processor.py:161} INFO - Started process (PID=117) to work on /opt/airflow/dags/dag_extraction.py
[2026-09-17T19:54:05.709+0000] {processor.py:830} INFO - Processing file /opt/airflow/dags/dag_extraction.py for tasks to queue
[2026-09-17T19:54:05.718+0000] {logging_mixin.py:188} INFO - [2026-09-17T19:54:05.716+0000] {dagbag.py:545} INFO - Filling up the DagBag from /opt/airflow/dags/dag_extraction.py
[2026-09-17T19:54:05.934+0000] {processor.py:840} INFO - DAG(s) 'youtube_extraction' retrieved from /opt/airflow/dags/dag_extraction.py
[2026-09-17T19:54:05.964+0000] {logging_mixin.py:188} INFO - [2026-09-17T19:54:05.964+0000] {dag.py:3096} INFO - Sync 1 DAGs
[2026-09-17T19:54:05.991+0000] {logging_mixin.py:188} INFO - [2026-09-17T19:54:05.991+0000] {dag.py:3954} INFO - Setting next_dagrun for youtube_extraction to 2026-09-17 00:00:00+00:00, run_after=2026-09-18 00:00:00+00:00
[2026-09-17T19:54:06.019+0000] {processor.py:183} INFO - Processing /opt/airflow/dags/dag_extraction.py took 0.326 seconds
[2026-09-17T19:54:36.421+0000] {processor.py:161} INFO - Started process (PID=125) to work on /opt/airflow/dags/dag_extraction.py
[2026-09-17T19:54:36.425+0000] {processor.py:830} INFO - Processing file /opt/airflow/dags/dag_extraction.py for tasks to queue
[2026-09-17T19:54:36.429+0000] {logging_mixin.py:188} INFO - [2026-09-17T19:54:36.429+0000] {dagbag.py:545} INFO - Filling up the DagBag from /opt/airflow/dags/dag_extraction.py
[2026-09-17T19:54:36.559+0000] {processor.py:840} INFO - DAG(s) 'youtube_extraction' retrieved from /opt/airflow/dags/dag_extraction.py
[2026-09-17T19:54:36.590+0000] {logging_mixin.py:188} INFO - [2026-09-17T19:54:36.590+0000] {dag.py:3096} INFO - Sync 1 DAGs
[2026-09-17T19:54:36.617+0000] {logging_mixin.py:188} INFO - [2026-09-17T19:54:36.616+0000] {dag.py:3954} INFO - Setting next_dagrun for youtube_extraction to 2026-09-17 00:00:00+00:00, run_after=2026-09-18 00:00:00+00:00
[2026-09-17T19:54:36.644+0000] {processor.py:183} INFO - Processing /opt/airflow/dags/dag_extraction.py took 0.235 seconds
[2026-09-17T19:55:07.119+0000] {processor.py:161} INFO - Started process (PID=133) to work on /opt/airflow/dags/dag_extraction.py
[2026-09-17T19:55:07.125+0000] {processor.py:830} INFO - Processing file /opt/airflow/dags/dag_extraction.py for tasks to queue
[2026-09-17T19:55:07.131+0000] {logging_mixin.py:188} INFO - [2026-09-17T19:55:07.130+0000] {dagbag.py:545} INFO - Filling up the DagBag from /opt/airflow/dags/dag_extraction.py
[2026-09-17T19:55:07.389+0000] {processor.py:840} INFO - DAG(s) 'youtube_extraction' retrieved from /opt/airflow/dags/dag_extraction.py
[2026-09-17T19:55:07.426+0000] {logging_mixin.py:188} INFO - [2026-09-17T19:55:07.425+0000] {dag.py:3096} INFO - Sync 1 DAGs
[2026-09-17T19:55:07.455+0000] {logging_mixin.py:188} INFO - [2026-09-17T19:55:07.455+0000] {dag.py:3954} INFO - Setting next_dagrun for youtube_extraction to 2026-09-17 00:00:00+00:00, run_after=2026-09-18 00:00:00+00:00
[2026-09-17T19:55:07.493+0000] {processor.py:183} INFO - Processing /opt/airflow/dags/dag_extraction.py took 0.388 seconds
[2026-09-17T19:55:38.165+0000] {processor.py:161} INFO - Started process (PID=141) to work on /opt/airflow/dags/dag_extraction.py
[2026-09-17T19:55:38.171+0000] {processor.py:830} INFO - Processing file /opt/airflow/dags/dag_extraction.py for tasks to queue
[2026-09-17T19:55:38.177+0000] {logging_mixin.py:188} INFO - [2026-09-17T19:55:38.176+0000] {dagbag.py:545} INFO - Filling up the DagBag from /opt/airflow/dags/dag_extraction.py
[2026-09-17T19:55:38.373+0000] {processor.py:840} INFO - DAG(s) 'youtube_extraction' retrieved from /opt/airflow/dags/dag_extraction.py
[2026-09-17T19:55:38.434+0000] {logging_mixin.py:188} INFO - [2026-09-17T19:55:38.433+0000] {dag.py:3096} INFO - Sync 1 DAGs
[2026-09-17T19:55:38.505+0000] {logging_mixin.py:188} INFO - [2026-09-17T19:55:38.505+0000] {dag.py:3954} INFO - Setting next_dagrun for youtube_extraction to 2026-09-17 00:00:00+00:00, run_after=2026-09-18 00:00:00+00:00
[2026-09-17T19:55:38.551+0000] {processor.py:183} INFO - Processing /opt/airflow/dags/dag_extraction.py took 0.414 seconds
[2026-09-17T19:56:08.869+0000] {processor.py:161} INFO - Started process (PID=149) to work on /opt/airflow/dags/dag_extraction.py
[2026-09-17T19:56:08.873+0000] {processor.py:830} INFO - Processing file /opt/airflow/dags/dag_extraction.py for tasks to queue
[2026-09-17T19:56:08.876+0000] {logging_mixin.py:188} INFO - [2026-09-17T19:56:08.876+0000] {dagbag.py:545} INFO - Filling up the DagBag from /opt/airflow/dags/dag_extraction.py
[2026-09-17T19:56:09.016+0000] {processor.py:840} INFO - DAG(s) 'youtube_extraction' retrieved from /opt/airflow/dags/dag_extraction.py
[2026-09-17T19:56:09.048+0000] {logging_mixin.py:188} INFO - [2026-09-17T19:56:09.048+0000] {dag.py:3096} INFO - Sync 1 DAGs
[2026-09-17T19:56:09.091+0000] {logging_mixin.py:188} INFO - [2026-09-17T19:56:09.091+0000] {dag.py:3954} INFO - Setting next_dagrun for youtube_extraction to 2026-09-17 00:00:00+00:00, run_after=2026-09-18 00:00:00+00:00
[2026-09-17T19:56:09.120+0000] {processor.py:183} INFO - Processing /opt/airflow/dags/dag_extraction.py took 0.260 seconds
[2026-09-17T19:56:39.485+0000] {processor.py:161} INFO - Started process (PID=157) to work on /opt/airflow/dags/dag_extraction.py
[2026-09-17T19:56:39.489+0000] {processor.py:830} INFO - Processing file /opt/airflow/dags/dag_extraction.py for tasks to queue
[2026-09-17T19:56:39.493+0000] {logging_mixin.py:188} INFO - [2026-09-17T19:56:39.493+0000] {dagbag.py:545} INFO - Filling up the DagBag from /opt/airflow/dags/dag_extraction.py
[2026-09-17T19:56:39.647+0000] {processor.py:840} INFO - DAG(s) 'youtube_extraction' retrieved from /opt/airflow/dags/dag_extraction.py
[2026-09-17T19:56:39.685+0000] {logging_mixin.py:188} INFO - [2026-09-17T19:56:39.684+0000] {dag.py:3096} INFO - Sync 1 DAGs
[2026-09-17T19:56:39.718+0000] {logging_mixin.py:188} INFO - [2026-09-17T19:56:39.718+0000] {dag.py:3954} INFO - Setting next_dagrun for youtube_extraction to 2026-09-17 00:00:00+00:00, run_after=2026-09-18 00:00:00+00:00
[2026-09-17T19:56:39.760+0000] {processor.py:183} INFO - Processing /opt/airflow/dags/dag_extraction.py took 0.288 seconds
[2026-09-17T19:57:10.117+0000] {processor.py:161} INFO - Started process (PID=166) to work on /opt/airflow/dags/dag_extraction.py
[2026-09-17T19:57:10.120+0000] {processor.py:830} INFO - Processing file /opt/airflow/dags/dag_extraction.py for tasks to queue
[2026-09-17T19:57:10.125+0000] {logging_mixin.py:188} INFO - [2026-09-17T19:57:10.125+0000] {dagbag.py:545} INFO - Filling up the DagBag from /opt/airflow/dags/dag_extraction.py
[2026-09-17T19:57:10.269+0000] {processor.py:840} INFO - DAG(s) 'youtube_extraction' retrieved from /opt/airflow/dags/dag_extraction.py
[2026-09-17T19:57:10.301+0000] {logging_mixin.py:188} INFO - [2026-09-17T19:57:10.300+0000] {dag.py:3096} INFO - Sync 1 DAGs
[2026-09-17T19:57:10.331+0000] {logging_mixin.py:188} INFO - [2026-09-17T19:57:10.330+0000] {dag.py:3954} INFO - Setting next_dagrun for youtube_extraction to 2026-09-17 00:00:00+00:00, run_after=2026-09-18 00:00:00+00:00
[2026-09-17T19:57:10.368+0000] {processor.py:183} INFO - Processing /opt/airflow/dags/dag_extraction.py took 0.265 seconds
[2026-09-17T19:57:40.844+0000] {processor.py:161} INFO - Started process (PID=174) to work on /opt/airflow/dags/dag_extraction.py
[2026-09-17T19:57:40.851+0000] {processor.py:830} INFO - Processing file /opt/airflow/dags/dag_extraction.py for tasks to queue
[2026-09-17T19:57:40.856+0000] {logging_mixin.py:188} INFO - [2026-09-17T19:57:40.856+0000] {dagbag.py:545} INFO - Filling up the DagBag from /opt/airflow/dags/dag_extraction.py
[2026-09-17T19:57:41.087+0000] {processor.py:840} INFO - DAG(s) 'youtube_extraction' retrieved from /opt/airflow/dags/dag_extraction.py
[2026-09-17T19:57:41.166+0000] {logging_mixin.py:188} INFO - [2026-09-17T19:57:41.164+0000] {dag.py:3096} INFO - Sync 1 DAGs
[2026-09-17T19:57:41.239+0000] {logging_mixin.py:188} INFO - [2026-09-17T19:57:41.238+0000] {dag.py:3954} INFO - Setting next_dagrun for youtube_extraction to 2026-09-17 00:00:00+00:00, run_after=2026-09-18 00:00:00+00:00
[2026-09-17T19:57:41.306+0000] {processor.py:183} INFO - Processing /opt/airflow/dags/dag_extraction.py took 0.478 seconds
[2026-09-17T19:58:11.676+0000] {processor.py:161} INFO - Started process (PID=183) to work on /opt/airflow/dags/dag_extraction.py
[2026-09-17T19:58:11.681+0000] {processor.py:830} INFO - Processing file /opt/airflow/dags/dag_extraction.py for tasks to queue
[2026-09-17T19:58:11.689+0000] {logging_mixin.py:188} INFO - [2026-09-17T19:58:11.689+0000] {dagbag.py:545} INFO - Filling up the DagBag from /opt/airflow/dags/dag_extraction.py
[2026-09-17T19:58:11.856+0000] {processor.py:840} INFO - DAG(s) 'youtube_extraction' retrieved from /opt/airflow/dags/dag_extraction.py
[2026-09-17T19:58:11.889+0000] {logging_mixin.py:188} INFO - [2026-09-17T19:58:11.888+0000] {dag.py:3096} INFO - Sync 1 DAGs
[2026-09-17T19:58:11.924+0000] {logging_mixin.py:188} INFO - [2026-09-17T19:58:11.924+0000] {dag.py:3954} INFO - Setting next_dagrun for youtube_extraction to 2026-09-17 00:00:00+00:00, run_after=2026-09-18 00:00:00+00:00
[2026-09-17T19:58:11.974+0000] {processor.py:183} INFO - Processing /opt/airflow/dags/dag_extraction.py took 0.312 seconds
[2026-09-17T19:58:42.338+0000] {processor.py:161} INFO - Started process (PID=191) to work on /opt/airflow/dags/dag_extraction.py
[2026-09-17T19:58:42.343+0000] {processor.py:830} INFO - Processing file /opt/airflow/dags/dag_extraction.py for tasks to queue
[2026-09-17T19:58:42.348+0000] {logging_mixin.py:188} INFO - [2026-09-17T19:58:42.347+0000] {dagbag.py:545} INFO - Filling up the DagBag from /opt/airflow/dags/dag_extraction.py
[2026-09-17T19:58:42.487+0000] {processor.py:840} INFO - DAG(s) 'youtube_extraction' retrieved from /opt/airflow/dags/dag_extraction.py
[2026-09-17T19:58:42.518+0000] {logging_mixin.py:188} INFO - [2026-09-17T19:58:42.517+0000] {dag.py:3096} INFO - Sync 1 DAGs
[2026-09-17T19:58:42.552+0000] {logging_mixin.py:188} INFO - [2026-09-17T19:58:42.551+0000] {dag.py:3954} INFO - Setting next_dagrun for youtube_extraction to 2026-09-17 00:00:00+00:00, run_after=2026-09-18 00:00:00+00:00
[2026-09-17T19:58:42.586+0000] {processor.py:183} INFO - Processing /opt/airflow/dags/dag_extraction.py took 0.260 seconds
[2026-09-17T19:59:12.945+0000] {processor.py:161} INFO - Started process (PID=199) to work on /opt/airflow/dags/dag_extraction.py
[2026-09-17T19:59:12.950+0000] {processor.py:830} INFO - Processing file /opt/airflow/dags/dag_extraction.py for tasks to queue
[2026-09-17T19:59:12.954+0000] {logging_mixin.py:188} INFO - [2026-09-17T19:59:12.953+0000] {dagbag.py:545} INFO - Filling up the DagBag from /opt/airflow/dags/dag_extraction.py
[2026-09-17T19:59:13.092+0000] {processor.py:840} INFO - DAG(s) 'youtube_extraction' retrieved from /opt/airflow/dags/dag_extraction.py
[2026-09-17T19:59:13.122+0000] {logging_mixin.py:188} INFO - [2026-09-17T19:59:13.122+0000] {dag.py:3096} INFO - Sync 1 DAGs
[2026-09-17T19:59:13.153+0000] {logging_mixin.py:188} INFO - [2026-09-17T19:59:13.153+0000] {dag.py:3954} INFO - Setting next_dagrun for youtube_extraction to 2026-09-17 00:00:00+00:00, run_after=2026-09-18 00:00:00+00:00
[2026-09-17T19:59:13.186+0000] {processor.py:183} INFO - Processing /opt/airflow/dags/dag_extraction.py took 0.258 seconds
[2026-09-17T19:59:43.580+0000] {processor.py:161} INFO - Started process (PID=207) to work on /opt/airflow/dags/dag_extraction.py
[2026-09-17T19:59:43.583+0000] {processor.py:830} INFO - Processing file /opt/airflow/dags/dag_extraction.py for tasks to queue
[2026-09-17T19:59:43.587+0000] {logging_mixin.py:188} INFO - [2026-09-17T19:59:43.587+0000] {dagbag.py:545} INFO - Filling up the DagBag from /opt/airflow/dags/dag_extraction.py
[2026-09-17T19:59:43.734+0000] {processor.py:840} INFO - DAG(s) 'youtube_extraction' retrieved from /opt/airflow/dags/dag_extraction.py
[2026-09-17T19:59:43.764+0000] {logging_mixin.py:188} INFO - [2026-09-17T19:59:43.763+0000] {dag.py:3096} INFO - Sync 1 DAGs
[2026-09-17T19:59:43.788+0000] {logging_mixin.py:188} INFO - [2026-09-17T19:59:43.788+0000] {dag.py:3954} INFO - Setting next_dagrun for youtube_extraction to 2026-09-17 00:00:00+00:00, run_after=2026-09-18 00:00:00+00:00
[2026-09-17T19:59:43.816+0000] {processor.py:183} INFO - Processing /opt/airflow/dags/dag_extraction.py took 0.248 seconds
[2026-09-17T20:00:14.165+0000] {processor.py:161} INFO - Started process (PID=215) to work on /opt/airflow/dags/dag_extraction.py
[2026-09-17T20:00:14.168+0000] {processor.py:830} INFO - Processing file /opt/airflow/dags/dag_extraction.py for tasks to queue
[2026-09-17T20:00:14.172+0000] {logging_mixin.py:188} INFO - [2026-09-17T20:00:14.172+0000] {dagbag.py:545} INFO - Filling up the DagBag from /opt/airflow/dags/dag_extraction.py
[2026-09-17T20:00:14.334+0000] {processor.py:840} INFO - DAG(s) 'youtube_extraction' retrieved from /opt/airflow/dags/dag_extraction.py
[2026-09-17T20:00:14.370+0000] {logging_mixin.py:188} INFO - [2026-09-17T20:00:14.369+0000] {dag.py:3096} INFO - Sync 1 DAGs
[2026-09-17T20:00:14.401+0000] {logging_mixin.py:188} INFO - [2026-09-17T20:00:14.401+0000] {dag.py:3954} INFO - Setting next_dagrun for youtube_extraction to 2026-09-17 00:00:00+00:00, run_after=2026-09-18 00:00:00+00:00
[2026-09-17T20:00:14.429+0000] {processor.py:183} INFO - Processing /opt/airflow/dags/dag_extraction.py took 0.275 seconds
[2026-09-17T20:00:44.983+0000] {processor.py:161} INFO - Started process (PID=223) to work on /opt/airflow/dags/dag_extraction.py
[2026-09-17T20:00:44.987+0000] {processor.py:830} INFO - Processing file /opt/airflow/dags/dag_extraction.py for tasks to queue
[2026-09-17T20:00:44.993+0000] {logging_mixin.py:188} INFO - [2026-09-17T20:00:44.993+0000] {dagbag.py:545} INFO - Filling up the DagBag from /opt/airflow/dags/dag_extraction.py
[2026-09-17T20:00:45.229+0000] {processor.py:840} INFO - DAG(s) 'youtube_extraction' retrieved from /opt/airflow/dags/dag_extraction.py
[2026-09-17T20:00:45.281+0000] {logging_mixin.py:188} INFO - [2026-09-17T20:00:45.281+0000] {dag.py:3096} INFO - Sync 1 DAGs
[2026-09-17T20:00:45.335+0000] {logging_mixin.py:188} INFO - [2026-09-17T20:00:45.334+0000] {dag.py:3954} INFO - Setting next_dagrun for youtube_extraction to 2026-09-17 00:00:00+00:00, run_after=2026-09-18 00:00:00+00:00
[2026-09-17T20:00:45.391+0000] {processor.py:183} INFO - Processing /opt/airflow/dags/dag_extraction.py took 0.424 seconds
[2026-09-17T20:01:15.761+0000] {processor.py:161} INFO - Started process (PID=231) to work on /opt/airflow/dags/dag_extraction.py
[2026-09-17T20:01:15.766+0000] {processor.py:830} INFO - Processing file /opt/airflow/dags/dag_extraction.py for tasks to queue
[2026-09-17T20:01:15.774+0000] {logging_mixin.py:188} INFO - [2026-09-17T20:01:15.773+0000] {dagbag.py:545} INFO - Filling up the DagBag from /opt/airflow/dags/dag_extraction.py
[2026-09-17T20:01:15.960+0000] {processor.py:840} INFO - DAG(s) 'youtube_extraction' retrieved from /opt/airflow/dags/dag_extraction.py
[2026-09-17T20:01:15.998+0000] {logging_mixin.py:188} INFO - [2026-09-17T20:01:15.998+0000] {dag.py:3096} INFO - Sync 1 DAGs
[2026-09-17T20:01:16.035+0000] {logging_mixin.py:188} INFO - [2026-09-17T20:01:16.035+0000] {dag.py:3954} INFO - Setting next_dagrun for youtube_extraction to 2026-09-17 00:00:00+00:00, run_after=2026-09-18 00:00:00+00:00
[2026-09-17T20:01:16.067+0000] {processor.py:183} INFO - Processing /opt/airflow/dags/dag_extraction.py took 0.326 seconds
[2026-09-17T20:01:46.489+0000] {processor.py:161} INFO - Started process (PID=239) to work on /opt/airflow/dags/dag_extraction.py
[2026-09-17T20:01:46.494+0000] {processor.py:830} INFO - Processing file /opt/airflow/dags/dag_extraction.py for tasks to queue
[2026-09-17T20:01:46.506+0000] {logging_mixin.py:188} INFO - [2026-09-17T20:01:46.505+0000] {dagbag.py:545} INFO - Filling up the DagBag from /opt/airflow/dags/dag_extraction.py
[2026-09-17T20:01:46.706+0000] {processor.py:840} INFO - DAG(s) 'youtube_extraction' retrieved from /opt/airflow/dags/dag_extraction.py
[2026-09-17T20:01:46.737+0000] {logging_mixin.py:188} INFO - [2026-09-17T20:01:46.735+0000] {dag.py:3096} INFO - Sync 1 DAGs
[2026-09-17T20:01:46.766+0000] {logging_mixin.py:188} INFO - [2026-09-17T20:01:46.765+0000] {dag.py:3954} INFO - Setting next_dagrun for youtube_extraction to 2026-09-17 00:00:00+00:00, run_after=2026-09-18 00:00:00+00:00
[2026-09-17T20:01:46.789+0000] {processor.py:183} INFO - Processing /opt/airflow/dags/dag_extraction.py took 0.326 seconds
