[2026-09-17T09:56:05.421+0000] {processor.py:161} INFO - Started process (PID=334) to work on /opt/airflow/dags/dag_staging.py
[2026-09-17T09:56:05.423+0000] {processor.py:830} INFO - Processing file /opt/airflow/dags/dag_staging.py for tasks to queue
[2026-09-17T09:56:05.425+0000] {logging_mixin.py:188} INFO - [2026-09-17T09:56:05.425+0000] {dagbag.py:545} INFO - Filling up the DagBag from /opt/airflow/dags/dag_staging.py
[2026-09-17T09:56:05.446+0000] {logging_mixin.py:188} INFO - [2026-09-17T09:56:05.443+0000] {dagbag.py:355} ERROR - Failed to import: /opt/airflow/dags/dag_staging.py
Traceback (most recent call last):
  File "/home/airflow/.local/lib/python3.10/site-packages/airflow/models/dagbag.py", line 351, in parse
    loader.exec_module(new_module)
  File "<frozen importlib._bootstrap_external>", line 879, in exec_module
  File "<frozen importlib._bootstrap_external>", line 1017, in get_code
  File "<frozen importlib._bootstrap_external>", line 947, in source_to_code
  File "<frozen importlib._bootstrap>", line 241, in _call_with_frames_removed
  File "/opt/airflow/dags/dag_staging.py", line 4
    from googleapiclient.
                         ^
SyntaxError: invalid syntax
[2026-09-17T09:56:05.447+0000] {processor.py:842} WARNING - No viable dags retrieved from /opt/airflow/dags/dag_staging.py
[2026-09-17T09:56:05.473+0000] {processor.py:183} INFO - Processing /opt/airflow/dags/dag_staging.py took 0.058 seconds
[2026-09-17T09:56:07.553+0000] {processor.py:161} INFO - Started process (PID=342) to work on /opt/airflow/dags/dag_staging.py
[2026-09-17T09:56:07.555+0000] {processor.py:830} INFO - Processing file /opt/airflow/dags/dag_staging.py for tasks to queue
[2026-09-17T09:56:07.558+0000] {logging_mixin.py:188} INFO - [2026-09-17T09:56:07.557+0000] {dagbag.py:545} INFO - Filling up the DagBag from /opt/airflow/dags/dag_staging.py
[2026-09-17T09:56:07.573+0000] {logging_mixin.py:188} INFO - [2026-09-17T09:56:07.573+0000] {dagbag.py:355} ERROR - Failed to import: /opt/airflow/dags/dag_staging.py
Traceback (most recent call last):
  File "/home/airflow/.local/lib/python3.10/site-packages/airflow/models/dagbag.py", line 351, in parse
    loader.exec_module(new_module)
  File "<frozen importlib._bootstrap_external>", line 879, in exec_module
  File "<frozen importlib._bootstrap_external>", line 1017, in get_code
  File "<frozen importlib._bootstrap_external>", line 947, in source_to_code
  File "<frozen importlib._bootstrap>", line 241, in _call_with_frames_removed
  File "/opt/airflow/dags/dag_staging.py", line 4
    from googleapiclient.discovery import 
                                          ^
SyntaxError: invalid syntax
[2026-09-17T09:56:07.574+0000] {processor.py:842} WARNING - No viable dags retrieved from /opt/airflow/dags/dag_staging.py
[2026-09-17T09:56:07.598+0000] {processor.py:183} INFO - Processing /opt/airflow/dags/dag_staging.py took 0.052 seconds
[2026-09-17T09:56:10.594+0000] {processor.py:161} INFO - Started process (PID=343) to work on /opt/airflow/dags/dag_staging.py
[2026-09-17T09:56:10.596+0000] {processor.py:830} INFO - Processing file /opt/airflow/dags/dag_staging.py for tasks to queue
[2026-09-17T09:56:10.598+0000] {logging_mixin.py:188} INFO - [2026-09-17T09:56:10.598+0000] {dagbag.py:545} INFO - Filling up the DagBag from /opt/airflow/dags/dag_staging.py
[2026-09-17T09:56:10.623+0000] {logging_mixin.py:188} INFO - [2026-09-17T09:56:10.619+0000] {dagbag.py:355} ERROR - Failed to import: /opt/airflow/dags/dag_staging.py
Traceback (most recent call last):
  File "/home/airflow/.local/lib/python3.10/site-packages/airflow/models/dagbag.py", line 351, in parse
    loader.exec_module(new_module)
  File "<frozen importlib._bootstrap_external>", line 883, in exec_module
  File "<frozen importlib._bootstrap>", line 241, in _call_with_frames_removed
  File "/opt/airflow/dags/dag_staging.py", line 2, in <module>
    from airflow.operators.python import pythonOperator
ImportError: cannot import name 'pythonOperator' from 'airflow.operators.python' (/home/airflow/.local/lib/python3.10/site-packages/airflow/operators/python.py)
[2026-09-17T09:56:10.625+0000] {processor.py:842} WARNING - No viable dags retrieved from /opt/airflow/dags/dag_staging.py
[2026-09-17T09:56:10.646+0000] {processor.py:183} INFO - Processing /opt/airflow/dags/dag_staging.py took 0.058 seconds
[2026-09-17T09:56:11.682+0000] {processor.py:161} INFO - Started process (PID=344) to work on /opt/airflow/dags/dag_staging.py
[2026-09-17T09:56:11.684+0000] {processor.py:830} INFO - Processing file /opt/airflow/dags/dag_staging.py for tasks to queue
[2026-09-17T09:56:11.686+0000] {logging_mixin.py:188} INFO - [2026-09-17T09:56:11.686+0000] {dagbag.py:545} INFO - Filling up the DagBag from /opt/airflow/dags/dag_staging.py
[2026-09-17T09:56:11.714+0000] {logging_mixin.py:188} INFO - [2026-09-17T09:56:11.711+0000] {dagbag.py:355} ERROR - Failed to import: /opt/airflow/dags/dag_staging.py
Traceback (most recent call last):
  File "/home/airflow/.local/lib/python3.10/site-packages/airflow/models/dagbag.py", line 351, in parse
    loader.exec_module(new_module)
  File "<frozen importlib._bootstrap_external>", line 883, in exec_module
  File "<frozen importlib._bootstrap>", line 241, in _call_with_frames_removed
  File "/opt/airflow/dags/dag_staging.py", line 2, in <module>
    from airflow.operators.python import pythonOperator
ImportError: cannot import name 'pythonOperator' from 'airflow.operators.python' (/home/airflow/.local/lib/python3.10/site-packages/airflow/operators/python.py)
[2026-09-17T09:56:11.716+0000] {processor.py:842} WARNING - No viable dags retrieved from /opt/airflow/dags/dag_staging.py
[2026-09-17T09:56:11.737+0000] {processor.py:183} INFO - Processing /opt/airflow/dags/dag_staging.py took 0.062 seconds
[2026-09-17T09:56:13.714+0000] {processor.py:161} INFO - Started process (PID=345) to work on /opt/airflow/dags/dag_staging.py
[2026-09-17T09:56:13.716+0000] {processor.py:830} INFO - Processing file /opt/airflow/dags/dag_staging.py for tasks to queue
[2026-09-17T09:56:13.719+0000] {logging_mixin.py:188} INFO - [2026-09-17T09:56:13.719+0000] {dagbag.py:545} INFO - Filling up the DagBag from /opt/airflow/dags/dag_staging.py
[2026-09-17T09:56:13.747+0000] {logging_mixin.py:188} INFO - [2026-09-17T09:56:13.743+0000] {dagbag.py:355} ERROR - Failed to import: /opt/airflow/dags/dag_staging.py
Traceback (most recent call last):
  File "/home/airflow/.local/lib/python3.10/site-packages/airflow/models/dagbag.py", line 351, in parse
    loader.exec_module(new_module)
  File "<frozen importlib._bootstrap_external>", line 883, in exec_module
  File "<frozen importlib._bootstrap>", line 241, in _call_with_frames_removed
  File "/opt/airflow/dags/dag_staging.py", line 2, in <module>
    from airflow.operators.python import pythonOperator
ImportError: cannot import name 'pythonOperator' from 'airflow.operators.python' (/home/airflow/.local/lib/python3.10/site-packages/airflow/operators/python.py)
[2026-09-17T09:56:13.749+0000] {processor.py:842} WARNING - No viable dags retrieved from /opt/airflow/dags/dag_staging.py
[2026-09-17T09:56:13.795+0000] {processor.py:183} INFO - Processing /opt/airflow/dags/dag_staging.py took 0.088 seconds
[2026-09-17T09:56:14.797+0000] {processor.py:161} INFO - Started process (PID=346) to work on /opt/airflow/dags/dag_staging.py
[2026-09-17T09:56:14.799+0000] {processor.py:830} INFO - Processing file /opt/airflow/dags/dag_staging.py for tasks to queue
[2026-09-17T09:56:14.802+0000] {logging_mixin.py:188} INFO - [2026-09-17T09:56:14.802+0000] {dagbag.py:545} INFO - Filling up the DagBag from /opt/airflow/dags/dag_staging.py
[2026-09-17T09:56:14.828+0000] {logging_mixin.py:188} INFO - [2026-09-17T09:56:14.825+0000] {dagbag.py:355} ERROR - Failed to import: /opt/airflow/dags/dag_staging.py
Traceback (most recent call last):
  File "/home/airflow/.local/lib/python3.10/site-packages/airflow/models/dagbag.py", line 351, in parse
    loader.exec_module(new_module)
  File "<frozen importlib._bootstrap_external>", line 883, in exec_module
  File "<frozen importlib._bootstrap>", line 241, in _call_with_frames_removed
  File "/opt/airflow/dags/dag_staging.py", line 2, in <module>
    from airflow.operators.python import pythonOperator
ImportError: cannot import name 'pythonOperator' from 'airflow.operators.python' (/home/airflow/.local/lib/python3.10/site-packages/airflow/operators/python.py)
[2026-09-17T09:56:14.830+0000] {processor.py:842} WARNING - No viable dags retrieved from /opt/airflow/dags/dag_staging.py
[2026-09-17T09:56:14.861+0000] {processor.py:183} INFO - Processing /opt/airflow/dags/dag_staging.py took 0.070 seconds
[2026-09-17T09:56:16.870+0000] {processor.py:161} INFO - Started process (PID=347) to work on /opt/airflow/dags/dag_staging.py
[2026-09-17T09:56:16.871+0000] {processor.py:830} INFO - Processing file /opt/airflow/dags/dag_staging.py for tasks to queue
[2026-09-17T09:56:16.874+0000] {logging_mixin.py:188} INFO - [2026-09-17T09:56:16.874+0000] {dagbag.py:545} INFO - Filling up the DagBag from /opt/airflow/dags/dag_staging.py
[2026-09-17T09:56:16.889+0000] {logging_mixin.py:188} INFO - [2026-09-17T09:56:16.888+0000] {dagbag.py:355} ERROR - Failed to import: /opt/airflow/dags/dag_staging.py
Traceback (most recent call last):
  File "/home/airflow/.local/lib/python3.10/site-packages/airflow/models/dagbag.py", line 351, in parse
    loader.exec_module(new_module)
  File "<frozen importlib._bootstrap_external>", line 879, in exec_module
  File "<frozen importlib._bootstrap_external>", line 1017, in get_code
  File "<frozen importlib._bootstrap_external>", line 947, in source_to_code
  File "<frozen importlib._bootstrap>", line 241, in _call_with_frames_removed
  File "/opt/airflow/dags/dag_staging.py", line 5
    from
        ^
SyntaxError: invalid syntax
[2026-09-17T09:56:16.890+0000] {processor.py:842} WARNING - No viable dags retrieved from /opt/airflow/dags/dag_staging.py
[2026-09-17T09:56:16.918+0000] {processor.py:183} INFO - Processing /opt/airflow/dags/dag_staging.py took 0.055 seconds
[2026-09-17T09:56:17.941+0000] {processor.py:161} INFO - Started process (PID=348) to work on /opt/airflow/dags/dag_staging.py
[2026-09-17T09:56:17.943+0000] {processor.py:830} INFO - Processing file /opt/airflow/dags/dag_staging.py for tasks to queue
[2026-09-17T09:56:17.947+0000] {logging_mixin.py:188} INFO - [2026-09-17T09:56:17.947+0000] {dagbag.py:545} INFO - Filling up the DagBag from /opt/airflow/dags/dag_staging.py
[2026-09-17T09:56:17.969+0000] {logging_mixin.py:188} INFO - [2026-09-17T09:56:17.968+0000] {dagbag.py:355} ERROR - Failed to import: /opt/airflow/dags/dag_staging.py
Traceback (most recent call last):
  File "/home/airflow/.local/lib/python3.10/site-packages/airflow/models/dagbag.py", line 351, in parse
    loader.exec_module(new_module)
  File "<frozen importlib._bootstrap_external>", line 879, in exec_module
  File "<frozen importlib._bootstrap_external>", line 1017, in get_code
  File "<frozen importlib._bootstrap_external>", line 947, in source_to_code
  File "<frozen importlib._bootstrap>", line 241, in _call_with_frames_removed
  File "/opt/airflow/dags/dag_staging.py", line 5
    from 
         ^
SyntaxError: invalid syntax
[2026-09-17T09:56:17.970+0000] {processor.py:842} WARNING - No viable dags retrieved from /opt/airflow/dags/dag_staging.py
[2026-09-17T09:56:17.990+0000] {processor.py:183} INFO - Processing /opt/airflow/dags/dag_staging.py took 0.062 seconds
[2026-09-17T09:56:20.049+0000] {processor.py:161} INFO - Started process (PID=349) to work on /opt/airflow/dags/dag_staging.py
[2026-09-17T09:56:20.051+0000] {processor.py:830} INFO - Processing file /opt/airflow/dags/dag_staging.py for tasks to queue
[2026-09-17T09:56:20.054+0000] {logging_mixin.py:188} INFO - [2026-09-17T09:56:20.053+0000] {dagbag.py:545} INFO - Filling up the DagBag from /opt/airflow/dags/dag_staging.py
[2026-09-17T09:56:20.072+0000] {logging_mixin.py:188} INFO - [2026-09-17T09:56:20.071+0000] {dagbag.py:355} ERROR - Failed to import: /opt/airflow/dags/dag_staging.py
Traceback (most recent call last):
  File "/home/airflow/.local/lib/python3.10/site-packages/airflow/models/dagbag.py", line 351, in parse
    loader.exec_module(new_module)
  File "<frozen importlib._bootstrap_external>", line 879, in exec_module
  File "<frozen importlib._bootstrap_external>", line 1017, in get_code
  File "<frozen importlib._bootstrap_external>", line 947, in source_to_code
  File "<frozen importlib._bootstrap>", line 241, in _call_with_frames_removed
  File "/opt/airflow/dags/dag_staging.py", line 5
    from date
             ^
SyntaxError: invalid syntax
[2026-09-17T09:56:20.073+0000] {processor.py:842} WARNING - No viable dags retrieved from /opt/airflow/dags/dag_staging.py
[2026-09-17T09:56:20.096+0000] {processor.py:183} INFO - Processing /opt/airflow/dags/dag_staging.py took 0.053 seconds
[2026-09-17T09:56:23.084+0000] {processor.py:161} INFO - Started process (PID=350) to work on /opt/airflow/dags/dag_staging.py
[2026-09-17T09:56:23.086+0000] {processor.py:830} INFO - Processing file /opt/airflow/dags/dag_staging.py for tasks to queue
[2026-09-17T09:56:23.088+0000] {logging_mixin.py:188} INFO - [2026-09-17T09:56:23.088+0000] {dagbag.py:545} INFO - Filling up the DagBag from /opt/airflow/dags/dag_staging.py
[2026-09-17T09:56:23.103+0000] {logging_mixin.py:188} INFO - [2026-09-17T09:56:23.102+0000] {dagbag.py:355} ERROR - Failed to import: /opt/airflow/dags/dag_staging.py
Traceback (most recent call last):
  File "/home/airflow/.local/lib/python3.10/site-packages/airflow/models/dagbag.py", line 351, in parse
    loader.exec_module(new_module)
  File "<frozen importlib._bootstrap_external>", line 879, in exec_module
  File "<frozen importlib._bootstrap_external>", line 1017, in get_code
  File "<frozen importlib._bootstrap_external>", line 947, in source_to_code
  File "<frozen importlib._bootstrap>", line 241, in _call_with_frames_removed
  File "/opt/airflow/dags/dag_staging.py", line 5
    from datetime
                 ^
SyntaxError: invalid syntax
[2026-09-17T09:56:23.104+0000] {processor.py:842} WARNING - No viable dags retrieved from /opt/airflow/dags/dag_staging.py
[2026-09-17T09:56:23.125+0000] {processor.py:183} INFO - Processing /opt/airflow/dags/dag_staging.py took 0.047 seconds
[2026-09-17T09:56:29.211+0000] {processor.py:161} INFO - Started process (PID=351) to work on /opt/airflow/dags/dag_staging.py
[2026-09-17T09:56:29.212+0000] {processor.py:830} INFO - Processing file /opt/airflow/dags/dag_staging.py for tasks to queue
[2026-09-17T09:56:29.216+0000] {logging_mixin.py:188} INFO - [2026-09-17T09:56:29.215+0000] {dagbag.py:545} INFO - Filling up the DagBag from /opt/airflow/dags/dag_staging.py
[2026-09-17T09:56:29.244+0000] {logging_mixin.py:188} INFO - [2026-09-17T09:56:29.241+0000] {dagbag.py:355} ERROR - Failed to import: /opt/airflow/dags/dag_staging.py
Traceback (most recent call last):
  File "/home/airflow/.local/lib/python3.10/site-packages/airflow/models/dagbag.py", line 351, in parse
    loader.exec_module(new_module)
  File "<frozen importlib._bootstrap_external>", line 883, in exec_module
  File "<frozen importlib._bootstrap>", line 241, in _call_with_frames_removed
  File "/opt/airflow/dags/dag_staging.py", line 2, in <module>
    from airflow.operators.python import pythonOperator
ImportError: cannot import name 'pythonOperator' from 'airflow.operators.python' (/home/airflow/.local/lib/python3.10/site-packages/airflow/operators/python.py)
[2026-09-17T09:56:29.245+0000] {processor.py:842} WARNING - No viable dags retrieved from /opt/airflow/dags/dag_staging.py
[2026-09-17T09:56:29.263+0000] {processor.py:183} INFO - Processing /opt/airflow/dags/dag_staging.py took 0.058 seconds
[2026-09-17T09:56:30.278+0000] {processor.py:161} INFO - Started process (PID=352) to work on /opt/airflow/dags/dag_staging.py
[2026-09-17T09:56:30.279+0000] {processor.py:830} INFO - Processing file /opt/airflow/dags/dag_staging.py for tasks to queue
[2026-09-17T09:56:30.282+0000] {logging_mixin.py:188} INFO - [2026-09-17T09:56:30.282+0000] {dagbag.py:545} INFO - Filling up the DagBag from /opt/airflow/dags/dag_staging.py
[2026-09-17T09:56:30.311+0000] {logging_mixin.py:188} INFO - [2026-09-17T09:56:30.308+0000] {dagbag.py:355} ERROR - Failed to import: /opt/airflow/dags/dag_staging.py
Traceback (most recent call last):
  File "/home/airflow/.local/lib/python3.10/site-packages/airflow/models/dagbag.py", line 351, in parse
    loader.exec_module(new_module)
  File "<frozen importlib._bootstrap_external>", line 883, in exec_module
  File "<frozen importlib._bootstrap>", line 241, in _call_with_frames_removed
  File "/opt/airflow/dags/dag_staging.py", line 2, in <module>
    from airflow.operators.python import pythonOperator
ImportError: cannot import name 'pythonOperator' from 'airflow.operators.python' (/home/airflow/.local/lib/python3.10/site-packages/airflow/operators/python.py)
[2026-09-17T09:56:30.313+0000] {processor.py:842} WARNING - No viable dags retrieved from /opt/airflow/dags/dag_staging.py
[2026-09-17T09:56:30.331+0000] {processor.py:183} INFO - Processing /opt/airflow/dags/dag_staging.py took 0.062 seconds
[2026-09-17T09:56:32.338+0000] {processor.py:161} INFO - Started process (PID=353) to work on /opt/airflow/dags/dag_staging.py
[2026-09-17T09:56:32.340+0000] {processor.py:830} INFO - Processing file /opt/airflow/dags/dag_staging.py for tasks to queue
[2026-09-17T09:56:32.342+0000] {logging_mixin.py:188} INFO - [2026-09-17T09:56:32.342+0000] {dagbag.py:545} INFO - Filling up the DagBag from /opt/airflow/dags/dag_staging.py
[2026-09-17T09:56:32.364+0000] {logging_mixin.py:188} INFO - [2026-09-17T09:56:32.361+0000] {dagbag.py:355} ERROR - Failed to import: /opt/airflow/dags/dag_staging.py
Traceback (most recent call last):
  File "/home/airflow/.local/lib/python3.10/site-packages/airflow/models/dagbag.py", line 351, in parse
    loader.exec_module(new_module)
  File "<frozen importlib._bootstrap_external>", line 883, in exec_module
  File "<frozen importlib._bootstrap>", line 241, in _call_with_frames_removed
  File "/opt/airflow/dags/dag_staging.py", line 2, in <module>
    from airflow.operators.python import pythonOperator
ImportError: cannot import name 'pythonOperator' from 'airflow.operators.python' (/home/airflow/.local/lib/python3.10/site-packages/airflow/operators/python.py)
[2026-09-17T09:56:32.365+0000] {processor.py:842} WARNING - No viable dags retrieved from /opt/airflow/dags/dag_staging.py
[2026-09-17T09:56:32.384+0000] {processor.py:183} INFO - Processing /opt/airflow/dags/dag_staging.py took 0.052 seconds
[2026-09-17T09:56:38.756+0000] {processor.py:161} INFO - Started process (PID=361) to work on /opt/airflow/dags/dag_staging.py
[2026-09-17T09:56:38.758+0000] {processor.py:830} INFO - Processing file /opt/airflow/dags/dag_staging.py for tasks to queue
[2026-09-17T09:56:38.761+0000] {logging_mixin.py:188} INFO - [2026-09-17T09:56:38.760+0000] {dagbag.py:545} INFO - Filling up the DagBag from /opt/airflow/dags/dag_staging.py
[2026-09-17T09:56:38.799+0000] {logging_mixin.py:188} INFO - [2026-09-17T09:56:38.796+0000] {dagbag.py:355} ERROR - Failed to import: /opt/airflow/dags/dag_staging.py
Traceback (most recent call last):
  File "/home/airflow/.local/lib/python3.10/site-packages/airflow/models/dagbag.py", line 351, in parse
    loader.exec_module(new_module)
  File "<frozen importlib._bootstrap_external>", line 883, in exec_module
  File "<frozen importlib._bootstrap>", line 241, in _call_with_frames_removed
  File "/opt/airflow/dags/dag_staging.py", line 2, in <module>
    from airflow.operators.python import pythonOperator
ImportError: cannot import name 'pythonOperator' from 'airflow.operators.python' (/home/airflow/.local/lib/python3.10/site-packages/airflow/operators/python.py)
[2026-09-17T09:56:38.801+0000] {processor.py:842} WARNING - No viable dags retrieved from /opt/airflow/dags/dag_staging.py
[2026-09-17T09:56:38.821+0000] {processor.py:183} INFO - Processing /opt/airflow/dags/dag_staging.py took 0.073 seconds
[2026-09-17T09:56:40.786+0000] {processor.py:161} INFO - Started process (PID=362) to work on /opt/airflow/dags/dag_staging.py
[2026-09-17T09:56:40.787+0000] {processor.py:830} INFO - Processing file /opt/airflow/dags/dag_staging.py for tasks to queue
[2026-09-17T09:56:40.790+0000] {logging_mixin.py:188} INFO - [2026-09-17T09:56:40.789+0000] {dagbag.py:545} INFO - Filling up the DagBag from /opt/airflow/dags/dag_staging.py
[2026-09-17T09:56:40.829+0000] {logging_mixin.py:188} INFO - [2026-09-17T09:56:40.823+0000] {dagbag.py:355} ERROR - Failed to import: /opt/airflow/dags/dag_staging.py
Traceback (most recent call last):
  File "/home/airflow/.local/lib/python3.10/site-packages/airflow/models/dagbag.py", line 351, in parse
    loader.exec_module(new_module)
  File "<frozen importlib._bootstrap_external>", line 883, in exec_module
  File "<frozen importlib._bootstrap>", line 241, in _call_with_frames_removed
  File "/opt/airflow/dags/dag_staging.py", line 2, in <module>
    from airflow.operators.python import pythonOperator
ImportError: cannot import name 'pythonOperator' from 'airflow.operators.python' (/home/airflow/.local/lib/python3.10/site-packages/airflow/operators/python.py)
[2026-09-17T09:56:40.831+0000] {processor.py:842} WARNING - No viable dags retrieved from /opt/airflow/dags/dag_staging.py
[2026-09-17T09:56:40.865+0000] {processor.py:183} INFO - Processing /opt/airflow/dags/dag_staging.py took 0.085 seconds
[2026-09-17T09:56:43.906+0000] {processor.py:161} INFO - Started process (PID=363) to work on /opt/airflow/dags/dag_staging.py
[2026-09-17T09:56:43.907+0000] {processor.py:830} INFO - Processing file /opt/airflow/dags/dag_staging.py for tasks to queue
[2026-09-17T09:56:43.909+0000] {logging_mixin.py:188} INFO - [2026-09-17T09:56:43.909+0000] {dagbag.py:545} INFO - Filling up the DagBag from /opt/airflow/dags/dag_staging.py
[2026-09-17T09:56:43.936+0000] {logging_mixin.py:188} INFO - [2026-09-17T09:56:43.932+0000] {dagbag.py:355} ERROR - Failed to import: /opt/airflow/dags/dag_staging.py
Traceback (most recent call last):
  File "/home/airflow/.local/lib/python3.10/site-packages/airflow/models/dagbag.py", line 351, in parse
    loader.exec_module(new_module)
  File "<frozen importlib._bootstrap_external>", line 883, in exec_module
  File "<frozen importlib._bootstrap>", line 241, in _call_with_frames_removed
  File "/opt/airflow/dags/dag_staging.py", line 2, in <module>
    from airflow.operators.python import pythonOperator
ImportError: cannot import name 'pythonOperator' from 'airflow.operators.python' (/home/airflow/.local/lib/python3.10/site-packages/airflow/operators/python.py)
[2026-09-17T09:56:43.938+0000] {processor.py:842} WARNING - No viable dags retrieved from /opt/airflow/dags/dag_staging.py
[2026-09-17T09:56:43.959+0000] {processor.py:183} INFO - Processing /opt/airflow/dags/dag_staging.py took 0.060 seconds
[2026-09-17T09:56:56.117+0000] {processor.py:161} INFO - Started process (PID=364) to work on /opt/airflow/dags/dag_staging.py
[2026-09-17T09:56:56.119+0000] {processor.py:830} INFO - Processing file /opt/airflow/dags/dag_staging.py for tasks to queue
[2026-09-17T09:56:56.122+0000] {logging_mixin.py:188} INFO - [2026-09-17T09:56:56.121+0000] {dagbag.py:545} INFO - Filling up the DagBag from /opt/airflow/dags/dag_staging.py
[2026-09-17T09:56:56.148+0000] {logging_mixin.py:188} INFO - [2026-09-17T09:56:56.145+0000] {dagbag.py:355} ERROR - Failed to import: /opt/airflow/dags/dag_staging.py
Traceback (most recent call last):
  File "/home/airflow/.local/lib/python3.10/site-packages/airflow/models/dagbag.py", line 351, in parse
    loader.exec_module(new_module)
  File "<frozen importlib._bootstrap_external>", line 883, in exec_module
  File "<frozen importlib._bootstrap>", line 241, in _call_with_frames_removed
  File "/opt/airflow/dags/dag_staging.py", line 2, in <module>
    from airflow.operators.python import pythonOperator
ImportError: cannot import name 'pythonOperator' from 'airflow.operators.python' (/home/airflow/.local/lib/python3.10/site-packages/airflow/operators/python.py)
[2026-09-17T09:56:56.149+0000] {processor.py:842} WARNING - No viable dags retrieved from /opt/airflow/dags/dag_staging.py
[2026-09-17T09:56:56.171+0000] {processor.py:183} INFO - Processing /opt/airflow/dags/dag_staging.py took 0.059 seconds
[2026-09-17T09:56:58.192+0000] {processor.py:161} INFO - Started process (PID=365) to work on /opt/airflow/dags/dag_staging.py
[2026-09-17T09:56:58.195+0000] {processor.py:830} INFO - Processing file /opt/airflow/dags/dag_staging.py for tasks to queue
[2026-09-17T09:56:58.199+0000] {logging_mixin.py:188} INFO - [2026-09-17T09:56:58.199+0000] {dagbag.py:545} INFO - Filling up the DagBag from /opt/airflow/dags/dag_staging.py
[2026-09-17T09:56:58.232+0000] {logging_mixin.py:188} INFO - [2026-09-17T09:56:58.228+0000] {dagbag.py:355} ERROR - Failed to import: /opt/airflow/dags/dag_staging.py
Traceback (most recent call last):
  File "/home/airflow/.local/lib/python3.10/site-packages/airflow/models/dagbag.py", line 351, in parse
    loader.exec_module(new_module)
  File "<frozen importlib._bootstrap_external>", line 883, in exec_module
  File "<frozen importlib._bootstrap>", line 241, in _call_with_frames_removed
  File "/opt/airflow/dags/dag_staging.py", line 2, in <module>
    from airflow.operators.python import pythonOperator
ImportError: cannot import name 'pythonOperator' from 'airflow.operators.python' (/home/airflow/.local/lib/python3.10/site-packages/airflow/operators/python.py)
[2026-09-17T09:56:58.234+0000] {processor.py:842} WARNING - No viable dags retrieved from /opt/airflow/dags/dag_staging.py
[2026-09-17T09:56:58.264+0000] {processor.py:183} INFO - Processing /opt/airflow/dags/dag_staging.py took 0.089 seconds
[2026-09-17T09:56:59.316+0000] {processor.py:161} INFO - Started process (PID=366) to work on /opt/airflow/dags/dag_staging.py
[2026-09-17T09:56:59.318+0000] {processor.py:830} INFO - Processing file /opt/airflow/dags/dag_staging.py for tasks to queue
[2026-09-17T09:56:59.321+0000] {logging_mixin.py:188} INFO - [2026-09-17T09:56:59.321+0000] {dagbag.py:545} INFO - Filling up the DagBag from /opt/airflow/dags/dag_staging.py
[2026-09-17T09:56:59.339+0000] {logging_mixin.py:188} INFO - [2026-09-17T09:56:59.338+0000] {dagbag.py:355} ERROR - Failed to import: /opt/airflow/dags/dag_staging.py
Traceback (most recent call last):
  File "/home/airflow/.local/lib/python3.10/site-packages/airflow/models/dagbag.py", line 351, in parse
    loader.exec_module(new_module)
  File "<frozen importlib._bootstrap_external>", line 879, in exec_module
  File "<frozen importlib._bootstrap_external>", line 1017, in get_code
  File "<frozen importlib._bootstrap_external>", line 947, in source_to_code
  File "<frozen importlib._bootstrap>", line 241, in _call_with_frames_removed
  File "/opt/airflow/dags/dag_staging.py", line 9
    def 
        ^
SyntaxError: invalid syntax
[2026-09-17T09:56:59.342+0000] {processor.py:842} WARNING - No viable dags retrieved from /opt/airflow/dags/dag_staging.py
[2026-09-17T09:56:59.363+0000] {processor.py:183} INFO - Processing /opt/airflow/dags/dag_staging.py took 0.056 seconds
[2026-09-17T09:57:06.382+0000] {processor.py:161} INFO - Started process (PID=367) to work on /opt/airflow/dags/dag_staging.py
[2026-09-17T09:57:06.385+0000] {processor.py:830} INFO - Processing file /opt/airflow/dags/dag_staging.py for tasks to queue
[2026-09-17T09:57:06.389+0000] {logging_mixin.py:188} INFO - [2026-09-17T09:57:06.388+0000] {dagbag.py:545} INFO - Filling up the DagBag from /opt/airflow/dags/dag_staging.py
[2026-09-17T09:57:06.410+0000] {logging_mixin.py:188} INFO - [2026-09-17T09:57:06.410+0000] {dagbag.py:355} ERROR - Failed to import: /opt/airflow/dags/dag_staging.py
Traceback (most recent call last):
  File "/home/airflow/.local/lib/python3.10/site-packages/airflow/models/dagbag.py", line 351, in parse
    loader.exec_module(new_module)
  File "<frozen importlib._bootstrap_external>", line 879, in exec_module
  File "<frozen importlib._bootstrap_external>", line 1017, in get_code
  File "<frozen importlib._bootstrap_external>", line 947, in source_to_code
  File "<frozen importlib._bootstrap>", line 241, in _call_with_frames_removed
  File "/opt/airflow/dags/dag_staging.py", line 9
    def stagin
              ^
SyntaxError: invalid syntax
[2026-09-17T09:57:06.412+0000] {processor.py:842} WARNING - No viable dags retrieved from /opt/airflow/dags/dag_staging.py
[2026-09-17T09:57:06.440+0000] {processor.py:183} INFO - Processing /opt/airflow/dags/dag_staging.py took 0.067 seconds
[2026-09-17T09:57:08.476+0000] {processor.py:161} INFO - Started process (PID=374) to work on /opt/airflow/dags/dag_staging.py
[2026-09-17T09:57:08.478+0000] {processor.py:830} INFO - Processing file /opt/airflow/dags/dag_staging.py for tasks to queue
[2026-09-17T09:57:08.481+0000] {logging_mixin.py:188} INFO - [2026-09-17T09:57:08.480+0000] {dagbag.py:545} INFO - Filling up the DagBag from /opt/airflow/dags/dag_staging.py
[2026-09-17T09:57:08.501+0000] {logging_mixin.py:188} INFO - [2026-09-17T09:57:08.500+0000] {dagbag.py:355} ERROR - Failed to import: /opt/airflow/dags/dag_staging.py
Traceback (most recent call last):
  File "/home/airflow/.local/lib/python3.10/site-packages/airflow/models/dagbag.py", line 351, in parse
    loader.exec_module(new_module)
  File "<frozen importlib._bootstrap_external>", line 879, in exec_module
  File "<frozen importlib._bootstrap_external>", line 1017, in get_code
  File "<frozen importlib._bootstrap_external>", line 947, in source_to_code
  File "<frozen importlib._bootstrap>", line 241, in _call_with_frames_removed
  File "/opt/airflow/dags/dag_staging.py", line 9
    def staging()
                 ^
SyntaxError: expected ':'
[2026-09-17T09:57:08.502+0000] {processor.py:842} WARNING - No viable dags retrieved from /opt/airflow/dags/dag_staging.py
[2026-09-17T09:57:08.523+0000] {processor.py:183} INFO - Processing /opt/airflow/dags/dag_staging.py took 0.056 seconds
[2026-09-17T09:57:10.579+0000] {processor.py:161} INFO - Started process (PID=376) to work on /opt/airflow/dags/dag_staging.py
[2026-09-17T09:57:10.581+0000] {processor.py:830} INFO - Processing file /opt/airflow/dags/dag_staging.py for tasks to queue
[2026-09-17T09:57:10.583+0000] {logging_mixin.py:188} INFO - [2026-09-17T09:57:10.582+0000] {dagbag.py:545} INFO - Filling up the DagBag from /opt/airflow/dags/dag_staging.py
[2026-09-17T09:57:10.597+0000] {logging_mixin.py:188} INFO - [2026-09-17T09:57:10.596+0000] {dagbag.py:355} ERROR - Failed to import: /opt/airflow/dags/dag_staging.py
Traceback (most recent call last):
  File "/home/airflow/.local/lib/python3.10/site-packages/airflow/models/dagbag.py", line 351, in parse
    loader.exec_module(new_module)
  File "<frozen importlib._bootstrap_external>", line 879, in exec_module
  File "<frozen importlib._bootstrap_external>", line 1017, in get_code
  File "<frozen importlib._bootstrap_external>", line 947, in source_to_code
  File "<frozen importlib._bootstrap>", line 241, in _call_with_frames_removed
  File "/opt/airflow/dags/dag_staging.py", line 10
    
    ^
IndentationError: expected an indented block after function definition on line 9
[2026-09-17T09:57:10.598+0000] {processor.py:842} WARNING - No viable dags retrieved from /opt/airflow/dags/dag_staging.py
[2026-09-17T09:57:10.618+0000] {processor.py:183} INFO - Processing /opt/airflow/dags/dag_staging.py took 0.045 seconds
[2026-09-17T09:57:16.642+0000] {processor.py:161} INFO - Started process (PID=377) to work on /opt/airflow/dags/dag_staging.py
[2026-09-17T09:57:16.644+0000] {processor.py:830} INFO - Processing file /opt/airflow/dags/dag_staging.py for tasks to queue
[2026-09-17T09:57:16.648+0000] {logging_mixin.py:188} INFO - [2026-09-17T09:57:16.647+0000] {dagbag.py:545} INFO - Filling up the DagBag from /opt/airflow/dags/dag_staging.py
[2026-09-17T09:57:16.679+0000] {logging_mixin.py:188} INFO - [2026-09-17T09:57:16.675+0000] {dagbag.py:355} ERROR - Failed to import: /opt/airflow/dags/dag_staging.py
Traceback (most recent call last):
  File "/home/airflow/.local/lib/python3.10/site-packages/airflow/models/dagbag.py", line 351, in parse
    loader.exec_module(new_module)
  File "<frozen importlib._bootstrap_external>", line 883, in exec_module
  File "<frozen importlib._bootstrap>", line 241, in _call_with_frames_removed
  File "/opt/airflow/dags/dag_staging.py", line 2, in <module>
    from airflow.operators.python import pythonOperator
ImportError: cannot import name 'pythonOperator' from 'airflow.operators.python' (/home/airflow/.local/lib/python3.10/site-packages/airflow/operators/python.py)
[2026-09-17T09:57:16.681+0000] {processor.py:842} WARNING - No viable dags retrieved from /opt/airflow/dags/dag_staging.py
[2026-09-17T09:57:16.700+0000] {processor.py:183} INFO - Processing /opt/airflow/dags/dag_staging.py took 0.065 seconds
[2026-09-17T09:57:19.715+0000] {processor.py:161} INFO - Started process (PID=378) to work on /opt/airflow/dags/dag_staging.py
[2026-09-17T09:57:19.716+0000] {processor.py:830} INFO - Processing file /opt/airflow/dags/dag_staging.py for tasks to queue
[2026-09-17T09:57:19.718+0000] {logging_mixin.py:188} INFO - [2026-09-17T09:57:19.718+0000] {dagbag.py:545} INFO - Filling up the DagBag from /opt/airflow/dags/dag_staging.py
[2026-09-17T09:57:19.741+0000] {logging_mixin.py:188} INFO - [2026-09-17T09:57:19.738+0000] {dagbag.py:355} ERROR - Failed to import: /opt/airflow/dags/dag_staging.py
Traceback (most recent call last):
  File "/home/airflow/.local/lib/python3.10/site-packages/airflow/models/dagbag.py", line 351, in parse
    loader.exec_module(new_module)
  File "<frozen importlib._bootstrap_external>", line 883, in exec_module
  File "<frozen importlib._bootstrap>", line 241, in _call_with_frames_removed
  File "/opt/airflow/dags/dag_staging.py", line 2, in <module>
    from airflow.operators.python import pythonOperator
ImportError: cannot import name 'pythonOperator' from 'airflow.operators.python' (/home/airflow/.local/lib/python3.10/site-packages/airflow/operators/python.py)
[2026-09-17T09:57:19.742+0000] {processor.py:842} WARNING - No viable dags retrieved from /opt/airflow/dags/dag_staging.py
[2026-09-17T09:57:19.761+0000] {processor.py:183} INFO - Processing /opt/airflow/dags/dag_staging.py took 0.053 seconds
[2026-09-17T09:57:21.779+0000] {processor.py:161} INFO - Started process (PID=379) to work on /opt/airflow/dags/dag_staging.py
[2026-09-17T09:57:21.782+0000] {processor.py:830} INFO - Processing file /opt/airflow/dags/dag_staging.py for tasks to queue
[2026-09-17T09:57:21.785+0000] {logging_mixin.py:188} INFO - [2026-09-17T09:57:21.784+0000] {dagbag.py:545} INFO - Filling up the DagBag from /opt/airflow/dags/dag_staging.py
[2026-09-17T09:57:21.814+0000] {logging_mixin.py:188} INFO - [2026-09-17T09:57:21.813+0000] {dagbag.py:355} ERROR - Failed to import: /opt/airflow/dags/dag_staging.py
Traceback (most recent call last):
  File "/home/airflow/.local/lib/python3.10/site-packages/airflow/models/dagbag.py", line 351, in parse
    loader.exec_module(new_module)
  File "<frozen importlib._bootstrap_external>", line 879, in exec_module
  File "<frozen importlib._bootstrap_external>", line 1017, in get_code
  File "<frozen importlib._bootstrap_external>", line 947, in source_to_code
  File "<frozen importlib._bootstrap>", line 241, in _call_with_frames_removed
  File "/opt/airflow/dags/dag_staging.py", line 10
    api_key = 
              ^
SyntaxError: invalid syntax
[2026-09-17T09:57:21.815+0000] {processor.py:842} WARNING - No viable dags retrieved from /opt/airflow/dags/dag_staging.py
[2026-09-17T09:57:21.847+0000] {processor.py:183} INFO - Processing /opt/airflow/dags/dag_staging.py took 0.074 seconds
[2026-09-17T09:57:23.831+0000] {processor.py:161} INFO - Started process (PID=380) to work on /opt/airflow/dags/dag_staging.py
[2026-09-17T09:57:23.832+0000] {processor.py:830} INFO - Processing file /opt/airflow/dags/dag_staging.py for tasks to queue
[2026-09-17T09:57:23.834+0000] {logging_mixin.py:188} INFO - [2026-09-17T09:57:23.834+0000] {dagbag.py:545} INFO - Filling up the DagBag from /opt/airflow/dags/dag_staging.py
[2026-09-17T09:57:23.847+0000] {logging_mixin.py:188} INFO - [2026-09-17T09:57:23.847+0000] {dagbag.py:355} ERROR - Failed to import: /opt/airflow/dags/dag_staging.py
Traceback (most recent call last):
  File "/home/airflow/.local/lib/python3.10/site-packages/airflow/models/dagbag.py", line 351, in parse
    loader.exec_module(new_module)
  File "<frozen importlib._bootstrap_external>", line 879, in exec_module
  File "<frozen importlib._bootstrap_external>", line 1017, in get_code
  File "<frozen importlib._bootstrap_external>", line 947, in source_to_code
  File "<frozen importlib._bootstrap>", line 241, in _call_with_frames_removed
  File "/opt/airflow/dags/dag_staging.py", line 10
    api_key = os.
                 ^
SyntaxError: invalid syntax
[2026-09-17T09:57:23.848+0000] {processor.py:842} WARNING - No viable dags retrieved from /opt/airflow/dags/dag_staging.py
[2026-09-17T09:57:23.867+0000] {processor.py:183} INFO - Processing /opt/airflow/dags/dag_staging.py took 0.042 seconds
[2026-09-17T09:57:31.921+0000] {processor.py:161} INFO - Started process (PID=381) to work on /opt/airflow/dags/dag_staging.py
[2026-09-17T09:57:31.922+0000] {processor.py:830} INFO - Processing file /opt/airflow/dags/dag_staging.py for tasks to queue
[2026-09-17T09:57:31.925+0000] {logging_mixin.py:188} INFO - [2026-09-17T09:57:31.925+0000] {dagbag.py:545} INFO - Filling up the DagBag from /opt/airflow/dags/dag_staging.py
[2026-09-17T09:57:31.948+0000] {logging_mixin.py:188} INFO - [2026-09-17T09:57:31.945+0000] {dagbag.py:355} ERROR - Failed to import: /opt/airflow/dags/dag_staging.py
Traceback (most recent call last):
  File "/home/airflow/.local/lib/python3.10/site-packages/airflow/models/dagbag.py", line 351, in parse
    loader.exec_module(new_module)
  File "<frozen importlib._bootstrap_external>", line 883, in exec_module
  File "<frozen importlib._bootstrap>", line 241, in _call_with_frames_removed
  File "/opt/airflow/dags/dag_staging.py", line 2, in <module>
    from airflow.operators.python import pythonOperator
ImportError: cannot import name 'pythonOperator' from 'airflow.operators.python' (/home/airflow/.local/lib/python3.10/site-packages/airflow/operators/python.py)
[2026-09-17T09:57:31.949+0000] {processor.py:842} WARNING - No viable dags retrieved from /opt/airflow/dags/dag_staging.py
[2026-09-17T09:57:31.968+0000] {processor.py:183} INFO - Processing /opt/airflow/dags/dag_staging.py took 0.053 seconds
[2026-09-17T09:57:34.019+0000] {processor.py:161} INFO - Started process (PID=382) to work on /opt/airflow/dags/dag_staging.py
[2026-09-17T09:57:34.021+0000] {processor.py:830} INFO - Processing file /opt/airflow/dags/dag_staging.py for tasks to queue
[2026-09-17T09:57:34.024+0000] {logging_mixin.py:188} INFO - [2026-09-17T09:57:34.024+0000] {dagbag.py:545} INFO - Filling up the DagBag from /opt/airflow/dags/dag_staging.py
[2026-09-17T09:57:34.048+0000] {logging_mixin.py:188} INFO - [2026-09-17T09:57:34.045+0000] {dagbag.py:355} ERROR - Failed to import: /opt/airflow/dags/dag_staging.py
Traceback (most recent call last):
  File "/home/airflow/.local/lib/python3.10/site-packages/airflow/models/dagbag.py", line 351, in parse
    loader.exec_module(new_module)
  File "<frozen importlib._bootstrap_external>", line 883, in exec_module
  File "<frozen importlib._bootstrap>", line 241, in _call_with_frames_removed
  File "/opt/airflow/dags/dag_staging.py", line 2, in <module>
    from airflow.operators.python import pythonOperator
ImportError: cannot import name 'pythonOperator' from 'airflow.operators.python' (/home/airflow/.local/lib/python3.10/site-packages/airflow/operators/python.py)
[2026-09-17T09:57:34.050+0000] {processor.py:842} WARNING - No viable dags retrieved from /opt/airflow/dags/dag_staging.py
[2026-09-17T09:57:34.071+0000] {processor.py:183} INFO - Processing /opt/airflow/dags/dag_staging.py took 0.058 seconds
[2026-09-17T09:57:36.054+0000] {processor.py:161} INFO - Started process (PID=383) to work on /opt/airflow/dags/dag_staging.py
[2026-09-17T09:57:36.055+0000] {processor.py:830} INFO - Processing file /opt/airflow/dags/dag_staging.py for tasks to queue
[2026-09-17T09:57:36.058+0000] {logging_mixin.py:188} INFO - [2026-09-17T09:57:36.057+0000] {dagbag.py:545} INFO - Filling up the DagBag from /opt/airflow/dags/dag_staging.py
[2026-09-17T09:57:36.085+0000] {logging_mixin.py:188} INFO - [2026-09-17T09:57:36.081+0000] {dagbag.py:355} ERROR - Failed to import: /opt/airflow/dags/dag_staging.py
Traceback (most recent call last):
  File "/home/airflow/.local/lib/python3.10/site-packages/airflow/models/dagbag.py", line 351, in parse
    loader.exec_module(new_module)
  File "<frozen importlib._bootstrap_external>", line 883, in exec_module
  File "<frozen importlib._bootstrap>", line 241, in _call_with_frames_removed
  File "/opt/airflow/dags/dag_staging.py", line 2, in <module>
    from airflow.operators.python import pythonOperator
ImportError: cannot import name 'pythonOperator' from 'airflow.operators.python' (/home/airflow/.local/lib/python3.10/site-packages/airflow/operators/python.py)
[2026-09-17T09:57:36.088+0000] {processor.py:842} WARNING - No viable dags retrieved from /opt/airflow/dags/dag_staging.py
[2026-09-17T09:57:36.109+0000] {processor.py:183} INFO - Processing /opt/airflow/dags/dag_staging.py took 0.062 seconds
[2026-09-17T09:57:42.192+0000] {processor.py:161} INFO - Started process (PID=391) to work on /opt/airflow/dags/dag_staging.py
[2026-09-17T09:57:42.196+0000] {processor.py:830} INFO - Processing file /opt/airflow/dags/dag_staging.py for tasks to queue
[2026-09-17T09:57:42.198+0000] {logging_mixin.py:188} INFO - [2026-09-17T09:57:42.198+0000] {dagbag.py:545} INFO - Filling up the DagBag from /opt/airflow/dags/dag_staging.py
[2026-09-17T09:57:42.239+0000] {logging_mixin.py:188} INFO - [2026-09-17T09:57:42.232+0000] {dagbag.py:355} ERROR - Failed to import: /opt/airflow/dags/dag_staging.py
Traceback (most recent call last):
  File "/home/airflow/.local/lib/python3.10/site-packages/airflow/models/dagbag.py", line 351, in parse
    loader.exec_module(new_module)
  File "<frozen importlib._bootstrap_external>", line 883, in exec_module
  File "<frozen importlib._bootstrap>", line 241, in _call_with_frames_removed
  File "/opt/airflow/dags/dag_staging.py", line 2, in <module>
    from airflow.operators.python import pythonOperator
ImportError: cannot import name 'pythonOperator' from 'airflow.operators.python' (/home/airflow/.local/lib/python3.10/site-packages/airflow/operators/python.py)
[2026-09-17T09:57:42.242+0000] {processor.py:842} WARNING - No viable dags retrieved from /opt/airflow/dags/dag_staging.py
[2026-09-17T09:57:42.268+0000] {processor.py:183} INFO - Processing /opt/airflow/dags/dag_staging.py took 0.082 seconds
[2026-09-17T09:57:44.215+0000] {processor.py:161} INFO - Started process (PID=392) to work on /opt/airflow/dags/dag_staging.py
[2026-09-17T09:57:44.219+0000] {processor.py:830} INFO - Processing file /opt/airflow/dags/dag_staging.py for tasks to queue
[2026-09-17T09:57:44.222+0000] {logging_mixin.py:188} INFO - [2026-09-17T09:57:44.221+0000] {dagbag.py:545} INFO - Filling up the DagBag from /opt/airflow/dags/dag_staging.py
[2026-09-17T09:57:44.249+0000] {logging_mixin.py:188} INFO - [2026-09-17T09:57:44.244+0000] {dagbag.py:355} ERROR - Failed to import: /opt/airflow/dags/dag_staging.py
Traceback (most recent call last):
  File "/home/airflow/.local/lib/python3.10/site-packages/airflow/models/dagbag.py", line 351, in parse
    loader.exec_module(new_module)
  File "<frozen importlib._bootstrap_external>", line 883, in exec_module
  File "<frozen importlib._bootstrap>", line 241, in _call_with_frames_removed
  File "/opt/airflow/dags/dag_staging.py", line 2, in <module>
    from airflow.operators.python import pythonOperator
ImportError: cannot import name 'pythonOperator' from 'airflow.operators.python' (/home/airflow/.local/lib/python3.10/site-packages/airflow/operators/python.py)
[2026-09-17T09:57:44.251+0000] {processor.py:842} WARNING - No viable dags retrieved from /opt/airflow/dags/dag_staging.py
[2026-09-17T09:57:44.283+0000] {processor.py:183} INFO - Processing /opt/airflow/dags/dag_staging.py took 0.074 seconds
[2026-09-17T09:57:46.305+0000] {processor.py:161} INFO - Started process (PID=393) to work on /opt/airflow/dags/dag_staging.py
[2026-09-17T09:57:46.308+0000] {processor.py:830} INFO - Processing file /opt/airflow/dags/dag_staging.py for tasks to queue
[2026-09-17T09:57:46.311+0000] {logging_mixin.py:188} INFO - [2026-09-17T09:57:46.311+0000] {dagbag.py:545} INFO - Filling up the DagBag from /opt/airflow/dags/dag_staging.py
[2026-09-17T09:57:46.335+0000] {logging_mixin.py:188} INFO - [2026-09-17T09:57:46.332+0000] {dagbag.py:355} ERROR - Failed to import: /opt/airflow/dags/dag_staging.py
Traceback (most recent call last):
  File "/home/airflow/.local/lib/python3.10/site-packages/airflow/models/dagbag.py", line 351, in parse
    loader.exec_module(new_module)
  File "<frozen importlib._bootstrap_external>", line 883, in exec_module
  File "<frozen importlib._bootstrap>", line 241, in _call_with_frames_removed
  File "/opt/airflow/dags/dag_staging.py", line 2, in <module>
    from airflow.operators.python import pythonOperator
ImportError: cannot import name 'pythonOperator' from 'airflow.operators.python' (/home/airflow/.local/lib/python3.10/site-packages/airflow/operators/python.py)
[2026-09-17T09:57:46.337+0000] {processor.py:842} WARNING - No viable dags retrieved from /opt/airflow/dags/dag_staging.py
[2026-09-17T09:57:46.355+0000] {processor.py:183} INFO - Processing /opt/airflow/dags/dag_staging.py took 0.056 seconds
[2026-09-17T09:57:48.405+0000] {processor.py:161} INFO - Started process (PID=394) to work on /opt/airflow/dags/dag_staging.py
[2026-09-17T09:57:48.430+0000] {processor.py:830} INFO - Processing file /opt/airflow/dags/dag_staging.py for tasks to queue
[2026-09-17T09:57:48.441+0000] {logging_mixin.py:188} INFO - [2026-09-17T09:57:48.441+0000] {dagbag.py:545} INFO - Filling up the DagBag from /opt/airflow/dags/dag_staging.py
[2026-09-17T09:57:48.474+0000] {logging_mixin.py:188} INFO - [2026-09-17T09:57:48.471+0000] {dagbag.py:355} ERROR - Failed to import: /opt/airflow/dags/dag_staging.py
Traceback (most recent call last):
  File "/home/airflow/.local/lib/python3.10/site-packages/airflow/models/dagbag.py", line 351, in parse
    loader.exec_module(new_module)
  File "<frozen importlib._bootstrap_external>", line 883, in exec_module
  File "<frozen importlib._bootstrap>", line 241, in _call_with_frames_removed
  File "/opt/airflow/dags/dag_staging.py", line 2, in <module>
    from airflow.operators.python import pythonOperator
ImportError: cannot import name 'pythonOperator' from 'airflow.operators.python' (/home/airflow/.local/lib/python3.10/site-packages/airflow/operators/python.py)
[2026-09-17T09:57:48.476+0000] {processor.py:842} WARNING - No viable dags retrieved from /opt/airflow/dags/dag_staging.py
[2026-09-17T09:57:48.498+0000] {processor.py:183} INFO - Processing /opt/airflow/dags/dag_staging.py took 0.099 seconds
[2026-09-17T09:57:50.444+0000] {processor.py:161} INFO - Started process (PID=395) to work on /opt/airflow/dags/dag_staging.py
[2026-09-17T09:57:50.446+0000] {processor.py:830} INFO - Processing file /opt/airflow/dags/dag_staging.py for tasks to queue
[2026-09-17T09:57:50.449+0000] {logging_mixin.py:188} INFO - [2026-09-17T09:57:50.448+0000] {dagbag.py:545} INFO - Filling up the DagBag from /opt/airflow/dags/dag_staging.py
[2026-09-17T09:57:50.471+0000] {logging_mixin.py:188} INFO - [2026-09-17T09:57:50.468+0000] {dagbag.py:355} ERROR - Failed to import: /opt/airflow/dags/dag_staging.py
Traceback (most recent call last):
  File "/home/airflow/.local/lib/python3.10/site-packages/airflow/models/dagbag.py", line 351, in parse
    loader.exec_module(new_module)
  File "<frozen importlib._bootstrap_external>", line 883, in exec_module
  File "<frozen importlib._bootstrap>", line 241, in _call_with_frames_removed
  File "/opt/airflow/dags/dag_staging.py", line 2, in <module>
    from airflow.operators.python import pythonOperator
ImportError: cannot import name 'pythonOperator' from 'airflow.operators.python' (/home/airflow/.local/lib/python3.10/site-packages/airflow/operators/python.py)
[2026-09-17T09:57:50.473+0000] {processor.py:842} WARNING - No viable dags retrieved from /opt/airflow/dags/dag_staging.py
[2026-09-17T09:57:50.493+0000] {processor.py:183} INFO - Processing /opt/airflow/dags/dag_staging.py took 0.057 seconds
[2026-09-17T09:57:55.490+0000] {processor.py:161} INFO - Started process (PID=396) to work on /opt/airflow/dags/dag_staging.py
[2026-09-17T09:57:55.492+0000] {processor.py:830} INFO - Processing file /opt/airflow/dags/dag_staging.py for tasks to queue
[2026-09-17T09:57:55.494+0000] {logging_mixin.py:188} INFO - [2026-09-17T09:57:55.494+0000] {dagbag.py:545} INFO - Filling up the DagBag from /opt/airflow/dags/dag_staging.py
[2026-09-17T09:57:55.509+0000] {logging_mixin.py:188} INFO - [2026-09-17T09:57:55.508+0000] {dagbag.py:355} ERROR - Failed to import: /opt/airflow/dags/dag_staging.py
Traceback (most recent call last):
  File "/home/airflow/.local/lib/python3.10/site-packages/airflow/models/dagbag.py", line 351, in parse
    loader.exec_module(new_module)
  File "<frozen importlib._bootstrap_external>", line 879, in exec_module
  File "<frozen importlib._bootstrap_external>", line 1017, in get_code
  File "<frozen importlib._bootstrap_external>", line 947, in source_to_code
  File "<frozen importlib._bootstrap>", line 241, in _call_with_frames_removed
  File "/opt/airflow/dags/dag_staging.py", line 11
    channel_id = 
                 ^
SyntaxError: invalid syntax
[2026-09-17T09:57:55.510+0000] {processor.py:842} WARNING - No viable dags retrieved from /opt/airflow/dags/dag_staging.py
[2026-09-17T09:57:55.531+0000] {processor.py:183} INFO - Processing /opt/airflow/dags/dag_staging.py took 0.046 seconds
[2026-09-17T09:58:08.606+0000] {processor.py:161} INFO - Started process (PID=403) to work on /opt/airflow/dags/dag_staging.py
[2026-09-17T09:58:08.610+0000] {processor.py:830} INFO - Processing file /opt/airflow/dags/dag_staging.py for tasks to queue
[2026-09-17T09:58:08.613+0000] {logging_mixin.py:188} INFO - [2026-09-17T09:58:08.613+0000] {dagbag.py:545} INFO - Filling up the DagBag from /opt/airflow/dags/dag_staging.py
[2026-09-17T09:58:08.668+0000] {logging_mixin.py:188} INFO - [2026-09-17T09:58:08.662+0000] {dagbag.py:355} ERROR - Failed to import: /opt/airflow/dags/dag_staging.py
Traceback (most recent call last):
  File "/home/airflow/.local/lib/python3.10/site-packages/airflow/models/dagbag.py", line 351, in parse
    loader.exec_module(new_module)
  File "<frozen importlib._bootstrap_external>", line 883, in exec_module
  File "<frozen importlib._bootstrap>", line 241, in _call_with_frames_removed
  File "/opt/airflow/dags/dag_staging.py", line 2, in <module>
    from airflow.operators.python import pythonOperator
ImportError: cannot import name 'pythonOperator' from 'airflow.operators.python' (/home/airflow/.local/lib/python3.10/site-packages/airflow/operators/python.py)
[2026-09-17T09:58:08.671+0000] {processor.py:842} WARNING - No viable dags retrieved from /opt/airflow/dags/dag_staging.py
[2026-09-17T09:58:08.706+0000] {processor.py:183} INFO - Processing /opt/airflow/dags/dag_staging.py took 0.107 seconds
[2026-09-17T09:58:39.018+0000] {processor.py:161} INFO - Started process (PID=411) to work on /opt/airflow/dags/dag_staging.py
[2026-09-17T09:58:39.019+0000] {processor.py:830} INFO - Processing file /opt/airflow/dags/dag_staging.py for tasks to queue
[2026-09-17T09:58:39.021+0000] {logging_mixin.py:188} INFO - [2026-09-17T09:58:39.021+0000] {dagbag.py:545} INFO - Filling up the DagBag from /opt/airflow/dags/dag_staging.py
[2026-09-17T09:58:39.036+0000] {logging_mixin.py:188} INFO - [2026-09-17T09:58:39.033+0000] {dagbag.py:355} ERROR - Failed to import: /opt/airflow/dags/dag_staging.py
Traceback (most recent call last):
  File "/home/airflow/.local/lib/python3.10/site-packages/airflow/models/dagbag.py", line 351, in parse
    loader.exec_module(new_module)
  File "<frozen importlib._bootstrap_external>", line 883, in exec_module
  File "<frozen importlib._bootstrap>", line 241, in _call_with_frames_removed
  File "/opt/airflow/dags/dag_staging.py", line 2, in <module>
    from airflow.operators.python import pythonOperator
ImportError: cannot import name 'pythonOperator' from 'airflow.operators.python' (/home/airflow/.local/lib/python3.10/site-packages/airflow/operators/python.py)
[2026-09-17T09:58:39.038+0000] {processor.py:842} WARNING - No viable dags retrieved from /opt/airflow/dags/dag_staging.py
[2026-09-17T09:58:39.057+0000] {processor.py:183} INFO - Processing /opt/airflow/dags/dag_staging.py took 0.047 seconds
[2026-09-17T09:59:09.341+0000] {processor.py:161} INFO - Started process (PID=419) to work on /opt/airflow/dags/dag_staging.py
[2026-09-17T09:59:09.344+0000] {processor.py:830} INFO - Processing file /opt/airflow/dags/dag_staging.py for tasks to queue
[2026-09-17T09:59:09.346+0000] {logging_mixin.py:188} INFO - [2026-09-17T09:59:09.346+0000] {dagbag.py:545} INFO - Filling up the DagBag from /opt/airflow/dags/dag_staging.py
[2026-09-17T09:59:09.362+0000] {logging_mixin.py:188} INFO - [2026-09-17T09:59:09.359+0000] {dagbag.py:355} ERROR - Failed to import: /opt/airflow/dags/dag_staging.py
Traceback (most recent call last):
  File "/home/airflow/.local/lib/python3.10/site-packages/airflow/models/dagbag.py", line 351, in parse
    loader.exec_module(new_module)
  File "<frozen importlib._bootstrap_external>", line 883, in exec_module
  File "<frozen importlib._bootstrap>", line 241, in _call_with_frames_removed
  File "/opt/airflow/dags/dag_staging.py", line 2, in <module>
    from airflow.operators.python import pythonOperator
ImportError: cannot import name 'pythonOperator' from 'airflow.operators.python' (/home/airflow/.local/lib/python3.10/site-packages/airflow/operators/python.py)
[2026-09-17T09:59:09.363+0000] {processor.py:842} WARNING - No viable dags retrieved from /opt/airflow/dags/dag_staging.py
[2026-09-17T09:59:09.383+0000] {processor.py:183} INFO - Processing /opt/airflow/dags/dag_staging.py took 0.049 seconds
[2026-09-17T09:59:39.709+0000] {processor.py:161} INFO - Started process (PID=427) to work on /opt/airflow/dags/dag_staging.py
[2026-09-17T09:59:39.712+0000] {processor.py:830} INFO - Processing file /opt/airflow/dags/dag_staging.py for tasks to queue
[2026-09-17T09:59:39.715+0000] {logging_mixin.py:188} INFO - [2026-09-17T09:59:39.715+0000] {dagbag.py:545} INFO - Filling up the DagBag from /opt/airflow/dags/dag_staging.py
[2026-09-17T09:59:39.730+0000] {logging_mixin.py:188} INFO - [2026-09-17T09:59:39.727+0000] {dagbag.py:355} ERROR - Failed to import: /opt/airflow/dags/dag_staging.py
Traceback (most recent call last):
  File "/home/airflow/.local/lib/python3.10/site-packages/airflow/models/dagbag.py", line 351, in parse
    loader.exec_module(new_module)
  File "<frozen importlib._bootstrap_external>", line 883, in exec_module
  File "<frozen importlib._bootstrap>", line 241, in _call_with_frames_removed
  File "/opt/airflow/dags/dag_staging.py", line 2, in <module>
    from airflow.operators.python import pythonOperator
ImportError: cannot import name 'pythonOperator' from 'airflow.operators.python' (/home/airflow/.local/lib/python3.10/site-packages/airflow/operators/python.py)
[2026-09-17T09:59:39.731+0000] {processor.py:842} WARNING - No viable dags retrieved from /opt/airflow/dags/dag_staging.py
[2026-09-17T09:59:39.751+0000] {processor.py:183} INFO - Processing /opt/airflow/dags/dag_staging.py took 0.050 seconds
[2026-09-17T10:00:10.036+0000] {processor.py:161} INFO - Started process (PID=435) to work on /opt/airflow/dags/dag_staging.py
[2026-09-17T10:00:10.038+0000] {processor.py:830} INFO - Processing file /opt/airflow/dags/dag_staging.py for tasks to queue
[2026-09-17T10:00:10.041+0000] {logging_mixin.py:188} INFO - [2026-09-17T10:00:10.041+0000] {dagbag.py:545} INFO - Filling up the DagBag from /opt/airflow/dags/dag_staging.py
[2026-09-17T10:00:10.072+0000] {logging_mixin.py:188} INFO - [2026-09-17T10:00:10.065+0000] {dagbag.py:355} ERROR - Failed to import: /opt/airflow/dags/dag_staging.py
Traceback (most recent call last):
  File "/home/airflow/.local/lib/python3.10/site-packages/airflow/models/dagbag.py", line 351, in parse
    loader.exec_module(new_module)
  File "<frozen importlib._bootstrap_external>", line 883, in exec_module
  File "<frozen importlib._bootstrap>", line 241, in _call_with_frames_removed
  File "/opt/airflow/dags/dag_staging.py", line 2, in <module>
    from airflow.operators.python import pythonOperator
ImportError: cannot import name 'pythonOperator' from 'airflow.operators.python' (/home/airflow/.local/lib/python3.10/site-packages/airflow/operators/python.py)
[2026-09-17T10:00:10.074+0000] {processor.py:842} WARNING - No viable dags retrieved from /opt/airflow/dags/dag_staging.py
[2026-09-17T10:00:10.102+0000] {processor.py:183} INFO - Processing /opt/airflow/dags/dag_staging.py took 0.072 seconds
[2026-09-17T10:00:40.384+0000] {processor.py:161} INFO - Started process (PID=443) to work on /opt/airflow/dags/dag_staging.py
[2026-09-17T10:00:40.387+0000] {processor.py:830} INFO - Processing file /opt/airflow/dags/dag_staging.py for tasks to queue
[2026-09-17T10:00:40.390+0000] {logging_mixin.py:188} INFO - [2026-09-17T10:00:40.390+0000] {dagbag.py:545} INFO - Filling up the DagBag from /opt/airflow/dags/dag_staging.py
[2026-09-17T10:00:40.408+0000] {logging_mixin.py:188} INFO - [2026-09-17T10:00:40.404+0000] {dagbag.py:355} ERROR - Failed to import: /opt/airflow/dags/dag_staging.py
Traceback (most recent call last):
  File "/home/airflow/.local/lib/python3.10/site-packages/airflow/models/dagbag.py", line 351, in parse
    loader.exec_module(new_module)
  File "<frozen importlib._bootstrap_external>", line 883, in exec_module
  File "<frozen importlib._bootstrap>", line 241, in _call_with_frames_removed
  File "/opt/airflow/dags/dag_staging.py", line 2, in <module>
    from airflow.operators.python import pythonOperator
ImportError: cannot import name 'pythonOperator' from 'airflow.operators.python' (/home/airflow/.local/lib/python3.10/site-packages/airflow/operators/python.py)
[2026-09-17T10:00:40.410+0000] {processor.py:842} WARNING - No viable dags retrieved from /opt/airflow/dags/dag_staging.py
[2026-09-17T10:00:40.429+0000] {processor.py:183} INFO - Processing /opt/airflow/dags/dag_staging.py took 0.052 seconds
[2026-09-17T10:01:10.750+0000] {processor.py:161} INFO - Started process (PID=451) to work on /opt/airflow/dags/dag_staging.py
[2026-09-17T10:01:10.754+0000] {processor.py:830} INFO - Processing file /opt/airflow/dags/dag_staging.py for tasks to queue
[2026-09-17T10:01:10.757+0000] {logging_mixin.py:188} INFO - [2026-09-17T10:01:10.757+0000] {dagbag.py:545} INFO - Filling up the DagBag from /opt/airflow/dags/dag_staging.py
[2026-09-17T10:01:10.775+0000] {logging_mixin.py:188} INFO - [2026-09-17T10:01:10.772+0000] {dagbag.py:355} ERROR - Failed to import: /opt/airflow/dags/dag_staging.py
Traceback (most recent call last):
  File "/home/airflow/.local/lib/python3.10/site-packages/airflow/models/dagbag.py", line 351, in parse
    loader.exec_module(new_module)
  File "<frozen importlib._bootstrap_external>", line 883, in exec_module
  File "<frozen importlib._bootstrap>", line 241, in _call_with_frames_removed
  File "/opt/airflow/dags/dag_staging.py", line 2, in <module>
    from airflow.operators.python import pythonOperator
ImportError: cannot import name 'pythonOperator' from 'airflow.operators.python' (/home/airflow/.local/lib/python3.10/site-packages/airflow/operators/python.py)
[2026-09-17T10:01:10.778+0000] {processor.py:842} WARNING - No viable dags retrieved from /opt/airflow/dags/dag_staging.py
[2026-09-17T10:01:10.811+0000] {processor.py:183} INFO - Processing /opt/airflow/dags/dag_staging.py took 0.068 seconds
[2026-09-17T10:01:11.858+0000] {processor.py:161} INFO - Started process (PID=453) to work on /opt/airflow/dags/dag_staging.py
[2026-09-17T10:01:11.862+0000] {processor.py:830} INFO - Processing file /opt/airflow/dags/dag_staging.py for tasks to queue
[2026-09-17T10:01:11.869+0000] {logging_mixin.py:188} INFO - [2026-09-17T10:01:11.868+0000] {dagbag.py:545} INFO - Filling up the DagBag from /opt/airflow/dags/dag_staging.py
[2026-09-17T10:01:11.897+0000] {logging_mixin.py:188} INFO - [2026-09-17T10:01:11.893+0000] {dagbag.py:355} ERROR - Failed to import: /opt/airflow/dags/dag_staging.py
Traceback (most recent call last):
  File "/home/airflow/.local/lib/python3.10/site-packages/airflow/models/dagbag.py", line 351, in parse
    loader.exec_module(new_module)
  File "<frozen importlib._bootstrap_external>", line 883, in exec_module
  File "<frozen importlib._bootstrap>", line 241, in _call_with_frames_removed
  File "/opt/airflow/dags/dag_staging.py", line 2, in <module>
    from airflow.operators.python import pythonOperator
ImportError: cannot import name 'pythonOperator' from 'airflow.operators.python' (/home/airflow/.local/lib/python3.10/site-packages/airflow/operators/python.py)
[2026-09-17T10:01:11.899+0000] {processor.py:842} WARNING - No viable dags retrieved from /opt/airflow/dags/dag_staging.py
[2026-09-17T10:01:11.923+0000] {processor.py:183} INFO - Processing /opt/airflow/dags/dag_staging.py took 0.073 seconds
[2026-09-17T10:01:18.014+0000] {processor.py:161} INFO - Started process (PID=454) to work on /opt/airflow/dags/dag_staging.py
[2026-09-17T10:01:18.017+0000] {processor.py:830} INFO - Processing file /opt/airflow/dags/dag_staging.py for tasks to queue
[2026-09-17T10:01:18.020+0000] {logging_mixin.py:188} INFO - [2026-09-17T10:01:18.020+0000] {dagbag.py:545} INFO - Filling up the DagBag from /opt/airflow/dags/dag_staging.py
[2026-09-17T10:01:18.058+0000] {logging_mixin.py:188} INFO - [2026-09-17T10:01:18.054+0000] {dagbag.py:355} ERROR - Failed to import: /opt/airflow/dags/dag_staging.py
Traceback (most recent call last):
  File "/home/airflow/.local/lib/python3.10/site-packages/airflow/models/dagbag.py", line 351, in parse
    loader.exec_module(new_module)
  File "<frozen importlib._bootstrap_external>", line 883, in exec_module
  File "<frozen importlib._bootstrap>", line 241, in _call_with_frames_removed
  File "/opt/airflow/dags/dag_staging.py", line 2, in <module>
    from airflow.operators.python import pythonOperator
ImportError: cannot import name 'pythonOperator' from 'airflow.operators.python' (/home/airflow/.local/lib/python3.10/site-packages/airflow/operators/python.py)
[2026-09-17T10:01:18.060+0000] {processor.py:842} WARNING - No viable dags retrieved from /opt/airflow/dags/dag_staging.py
[2026-09-17T10:01:18.085+0000] {processor.py:183} INFO - Processing /opt/airflow/dags/dag_staging.py took 0.082 seconds
[2026-09-17T10:01:24.079+0000] {processor.py:161} INFO - Started process (PID=455) to work on /opt/airflow/dags/dag_staging.py
[2026-09-17T10:01:24.082+0000] {processor.py:830} INFO - Processing file /opt/airflow/dags/dag_staging.py for tasks to queue
[2026-09-17T10:01:24.087+0000] {logging_mixin.py:188} INFO - [2026-09-17T10:01:24.087+0000] {dagbag.py:545} INFO - Filling up the DagBag from /opt/airflow/dags/dag_staging.py
[2026-09-17T10:01:24.132+0000] {logging_mixin.py:188} INFO - [2026-09-17T10:01:24.126+0000] {dagbag.py:355} ERROR - Failed to import: /opt/airflow/dags/dag_staging.py
Traceback (most recent call last):
  File "/home/airflow/.local/lib/python3.10/site-packages/airflow/models/dagbag.py", line 351, in parse
    loader.exec_module(new_module)
  File "<frozen importlib._bootstrap_external>", line 883, in exec_module
  File "<frozen importlib._bootstrap>", line 241, in _call_with_frames_removed
  File "/opt/airflow/dags/dag_staging.py", line 2, in <module>
    from airflow.operators.python import pythonOperator
ImportError: cannot import name 'pythonOperator' from 'airflow.operators.python' (/home/airflow/.local/lib/python3.10/site-packages/airflow/operators/python.py)
[2026-09-17T10:01:24.135+0000] {processor.py:842} WARNING - No viable dags retrieved from /opt/airflow/dags/dag_staging.py
[2026-09-17T10:01:24.171+0000] {processor.py:183} INFO - Processing /opt/airflow/dags/dag_staging.py took 0.099 seconds
[2026-09-17T10:01:45.555+0000] {processor.py:161} INFO - Started process (PID=463) to work on /opt/airflow/dags/dag_staging.py
[2026-09-17T10:01:45.557+0000] {processor.py:830} INFO - Processing file /opt/airflow/dags/dag_staging.py for tasks to queue
[2026-09-17T10:01:45.560+0000] {logging_mixin.py:188} INFO - [2026-09-17T10:01:45.560+0000] {dagbag.py:545} INFO - Filling up the DagBag from /opt/airflow/dags/dag_staging.py
[2026-09-17T10:01:45.591+0000] {logging_mixin.py:188} INFO - [2026-09-17T10:01:45.587+0000] {dagbag.py:355} ERROR - Failed to import: /opt/airflow/dags/dag_staging.py
Traceback (most recent call last):
  File "/home/airflow/.local/lib/python3.10/site-packages/airflow/models/dagbag.py", line 351, in parse
    loader.exec_module(new_module)
  File "<frozen importlib._bootstrap_external>", line 883, in exec_module
  File "<frozen importlib._bootstrap>", line 241, in _call_with_frames_removed
  File "/opt/airflow/dags/dag_staging.py", line 2, in <module>
    from airflow.operators.python import pythonOperator
ImportError: cannot import name 'pythonOperator' from 'airflow.operators.python' (/home/airflow/.local/lib/python3.10/site-packages/airflow/operators/python.py)
[2026-09-17T10:01:45.593+0000] {processor.py:842} WARNING - No viable dags retrieved from /opt/airflow/dags/dag_staging.py
[2026-09-17T10:01:45.617+0000] {processor.py:183} INFO - Processing /opt/airflow/dags/dag_staging.py took 0.071 seconds
[2026-09-17T10:01:48.679+0000] {processor.py:161} INFO - Started process (PID=464) to work on /opt/airflow/dags/dag_staging.py
[2026-09-17T10:01:48.680+0000] {processor.py:830} INFO - Processing file /opt/airflow/dags/dag_staging.py for tasks to queue
[2026-09-17T10:01:48.683+0000] {logging_mixin.py:188} INFO - [2026-09-17T10:01:48.683+0000] {dagbag.py:545} INFO - Filling up the DagBag from /opt/airflow/dags/dag_staging.py
[2026-09-17T10:01:48.699+0000] {logging_mixin.py:188} INFO - [2026-09-17T10:01:48.697+0000] {dagbag.py:355} ERROR - Failed to import: /opt/airflow/dags/dag_staging.py
Traceback (most recent call last):
  File "/home/airflow/.local/lib/python3.10/site-packages/airflow/models/dagbag.py", line 351, in parse
    loader.exec_module(new_module)
  File "<frozen importlib._bootstrap_external>", line 879, in exec_module
  File "<frozen importlib._bootstrap_external>", line 1017, in get_code
  File "<frozen importlib._bootstrap_external>", line 947, in source_to_code
  File "<frozen importlib._bootstrap>", line 241, in _call_with_frames_removed
  File "/opt/airflow/dags/dag_staging.py", line 10
    api_key = os.getenv("API_KEY"
                       ^
SyntaxError: '(' was never closed
[2026-09-17T10:01:48.700+0000] {processor.py:842} WARNING - No viable dags retrieved from /opt/airflow/dags/dag_staging.py
[2026-09-17T10:01:48.719+0000] {processor.py:183} INFO - Processing /opt/airflow/dags/dag_staging.py took 0.047 seconds
[2026-09-17T10:01:52.747+0000] {processor.py:161} INFO - Started process (PID=465) to work on /opt/airflow/dags/dag_staging.py
[2026-09-17T10:01:52.750+0000] {processor.py:830} INFO - Processing file /opt/airflow/dags/dag_staging.py for tasks to queue
[2026-09-17T10:01:52.755+0000] {logging_mixin.py:188} INFO - [2026-09-17T10:01:52.755+0000] {dagbag.py:545} INFO - Filling up the DagBag from /opt/airflow/dags/dag_staging.py
[2026-09-17T10:01:52.779+0000] {logging_mixin.py:188} INFO - [2026-09-17T10:01:52.777+0000] {dagbag.py:355} ERROR - Failed to import: /opt/airflow/dags/dag_staging.py
Traceback (most recent call last):
  File "/home/airflow/.local/lib/python3.10/site-packages/airflow/models/dagbag.py", line 351, in parse
    loader.exec_module(new_module)
  File "<frozen importlib._bootstrap_external>", line 879, in exec_module
  File "<frozen importlib._bootstrap_external>", line 1017, in get_code
  File "<frozen importlib._bootstrap_external>", line 947, in source_to_code
  File "<frozen importlib._bootstrap>", line 241, in _call_with_frames_removed
  File "/opt/airflow/dags/dag_staging.py", line 11
    load_dotenv()
IndentationError: unexpected indent
[2026-09-17T10:01:52.781+0000] {processor.py:842} WARNING - No viable dags retrieved from /opt/airflow/dags/dag_staging.py
[2026-09-17T10:01:52.804+0000] {processor.py:183} INFO - Processing /opt/airflow/dags/dag_staging.py took 0.074 seconds
[2026-09-17T10:01:58.840+0000] {processor.py:161} INFO - Started process (PID=466) to work on /opt/airflow/dags/dag_staging.py
[2026-09-17T10:01:58.842+0000] {processor.py:830} INFO - Processing file /opt/airflow/dags/dag_staging.py for tasks to queue
[2026-09-17T10:01:58.844+0000] {logging_mixin.py:188} INFO - [2026-09-17T10:01:58.844+0000] {dagbag.py:545} INFO - Filling up the DagBag from /opt/airflow/dags/dag_staging.py
[2026-09-17T10:01:58.872+0000] {logging_mixin.py:188} INFO - [2026-09-17T10:01:58.869+0000] {dagbag.py:355} ERROR - Failed to import: /opt/airflow/dags/dag_staging.py
Traceback (most recent call last):
  File "/home/airflow/.local/lib/python3.10/site-packages/airflow/models/dagbag.py", line 351, in parse
    loader.exec_module(new_module)
  File "<frozen importlib._bootstrap_external>", line 883, in exec_module
  File "<frozen importlib._bootstrap>", line 241, in _call_with_frames_removed
  File "/opt/airflow/dags/dag_staging.py", line 2, in <module>
    from airflow.operators.python import pythonOperator
ImportError: cannot import name 'pythonOperator' from 'airflow.operators.python' (/home/airflow/.local/lib/python3.10/site-packages/airflow/operators/python.py)
[2026-09-17T10:01:58.874+0000] {processor.py:842} WARNING - No viable dags retrieved from /opt/airflow/dags/dag_staging.py
[2026-09-17T10:01:58.893+0000] {processor.py:183} INFO - Processing /opt/airflow/dags/dag_staging.py took 0.058 seconds
[2026-09-17T10:02:02.930+0000] {processor.py:161} INFO - Started process (PID=467) to work on /opt/airflow/dags/dag_staging.py
[2026-09-17T10:02:02.932+0000] {processor.py:830} INFO - Processing file /opt/airflow/dags/dag_staging.py for tasks to queue
[2026-09-17T10:02:02.935+0000] {logging_mixin.py:188} INFO - [2026-09-17T10:02:02.935+0000] {dagbag.py:545} INFO - Filling up the DagBag from /opt/airflow/dags/dag_staging.py
[2026-09-17T10:02:02.965+0000] {logging_mixin.py:188} INFO - [2026-09-17T10:02:02.961+0000] {dagbag.py:355} ERROR - Failed to import: /opt/airflow/dags/dag_staging.py
Traceback (most recent call last):
  File "/home/airflow/.local/lib/python3.10/site-packages/airflow/models/dagbag.py", line 351, in parse
    loader.exec_module(new_module)
  File "<frozen importlib._bootstrap_external>", line 883, in exec_module
  File "<frozen importlib._bootstrap>", line 241, in _call_with_frames_removed
  File "/opt/airflow/dags/dag_staging.py", line 2, in <module>
    from airflow.operators.python import pythonOperator
ImportError: cannot import name 'pythonOperator' from 'airflow.operators.python' (/home/airflow/.local/lib/python3.10/site-packages/airflow/operators/python.py)
[2026-09-17T10:02:02.967+0000] {processor.py:842} WARNING - No viable dags retrieved from /opt/airflow/dags/dag_staging.py
[2026-09-17T10:02:02.987+0000] {processor.py:183} INFO - Processing /opt/airflow/dags/dag_staging.py took 0.064 seconds
[2026-09-17T10:02:06.996+0000] {processor.py:161} INFO - Started process (PID=468) to work on /opt/airflow/dags/dag_staging.py
[2026-09-17T10:02:06.998+0000] {processor.py:830} INFO - Processing file /opt/airflow/dags/dag_staging.py for tasks to queue
[2026-09-17T10:02:07.000+0000] {logging_mixin.py:188} INFO - [2026-09-17T10:02:07.000+0000] {dagbag.py:545} INFO - Filling up the DagBag from /opt/airflow/dags/dag_staging.py
[2026-09-17T10:02:07.029+0000] {logging_mixin.py:188} INFO - [2026-09-17T10:02:07.023+0000] {dagbag.py:355} ERROR - Failed to import: /opt/airflow/dags/dag_staging.py
Traceback (most recent call last):
  File "/home/airflow/.local/lib/python3.10/site-packages/airflow/models/dagbag.py", line 351, in parse
    loader.exec_module(new_module)
  File "<frozen importlib._bootstrap_external>", line 883, in exec_module
  File "<frozen importlib._bootstrap>", line 241, in _call_with_frames_removed
  File "/opt/airflow/dags/dag_staging.py", line 2, in <module>
    from airflow.operators.python import pythonOperator
ImportError: cannot import name 'pythonOperator' from 'airflow.operators.python' (/home/airflow/.local/lib/python3.10/site-packages/airflow/operators/python.py)
[2026-09-17T10:02:07.031+0000] {processor.py:842} WARNING - No viable dags retrieved from /opt/airflow/dags/dag_staging.py
[2026-09-17T10:02:07.055+0000] {processor.py:183} INFO - Processing /opt/airflow/dags/dag_staging.py took 0.064 seconds
[2026-09-17T10:02:08.099+0000] {processor.py:161} INFO - Started process (PID=475) to work on /opt/airflow/dags/dag_staging.py
[2026-09-17T10:02:08.105+0000] {processor.py:830} INFO - Processing file /opt/airflow/dags/dag_staging.py for tasks to queue
[2026-09-17T10:02:08.120+0000] {logging_mixin.py:188} INFO - [2026-09-17T10:02:08.119+0000] {dagbag.py:545} INFO - Filling up the DagBag from /opt/airflow/dags/dag_staging.py
[2026-09-17T10:02:08.172+0000] {logging_mixin.py:188} INFO - [2026-09-17T10:02:08.166+0000] {dagbag.py:355} ERROR - Failed to import: /opt/airflow/dags/dag_staging.py
Traceback (most recent call last):
  File "/home/airflow/.local/lib/python3.10/site-packages/airflow/models/dagbag.py", line 351, in parse
    loader.exec_module(new_module)
  File "<frozen importlib._bootstrap_external>", line 883, in exec_module
  File "<frozen importlib._bootstrap>", line 241, in _call_with_frames_removed
  File "/opt/airflow/dags/dag_staging.py", line 2, in <module>
    from airflow.operators.python import pythonOperator
ImportError: cannot import name 'pythonOperator' from 'airflow.operators.python' (/home/airflow/.local/lib/python3.10/site-packages/airflow/operators/python.py)
[2026-09-17T10:02:08.177+0000] {processor.py:842} WARNING - No viable dags retrieved from /opt/airflow/dags/dag_staging.py
[2026-09-17T10:02:08.206+0000] {processor.py:183} INFO - Processing /opt/airflow/dags/dag_staging.py took 0.126 seconds
[2026-09-17T10:02:10.123+0000] {processor.py:161} INFO - Started process (PID=476) to work on /opt/airflow/dags/dag_staging.py
[2026-09-17T10:02:10.126+0000] {processor.py:830} INFO - Processing file /opt/airflow/dags/dag_staging.py for tasks to queue
[2026-09-17T10:02:10.129+0000] {logging_mixin.py:188} INFO - [2026-09-17T10:02:10.129+0000] {dagbag.py:545} INFO - Filling up the DagBag from /opt/airflow/dags/dag_staging.py
[2026-09-17T10:02:10.153+0000] {logging_mixin.py:188} INFO - [2026-09-17T10:02:10.150+0000] {dagbag.py:355} ERROR - Failed to import: /opt/airflow/dags/dag_staging.py
Traceback (most recent call last):
  File "/home/airflow/.local/lib/python3.10/site-packages/airflow/models/dagbag.py", line 351, in parse
    loader.exec_module(new_module)
  File "<frozen importlib._bootstrap_external>", line 883, in exec_module
  File "<frozen importlib._bootstrap>", line 241, in _call_with_frames_removed
  File "/opt/airflow/dags/dag_staging.py", line 2, in <module>
    from airflow.operators.python import pythonOperator
ImportError: cannot import name 'pythonOperator' from 'airflow.operators.python' (/home/airflow/.local/lib/python3.10/site-packages/airflow/operators/python.py)
[2026-09-17T10:02:10.155+0000] {processor.py:842} WARNING - No viable dags retrieved from /opt/airflow/dags/dag_staging.py
[2026-09-17T10:02:10.187+0000] {processor.py:183} INFO - Processing /opt/airflow/dags/dag_staging.py took 0.070 seconds
[2026-09-17T10:02:12.158+0000] {processor.py:161} INFO - Started process (PID=477) to work on /opt/airflow/dags/dag_staging.py
[2026-09-17T10:02:12.163+0000] {processor.py:830} INFO - Processing file /opt/airflow/dags/dag_staging.py for tasks to queue
[2026-09-17T10:02:12.168+0000] {logging_mixin.py:188} INFO - [2026-09-17T10:02:12.167+0000] {dagbag.py:545} INFO - Filling up the DagBag from /opt/airflow/dags/dag_staging.py
[2026-09-17T10:02:12.202+0000] {logging_mixin.py:188} INFO - [2026-09-17T10:02:12.198+0000] {dagbag.py:355} ERROR - Failed to import: /opt/airflow/dags/dag_staging.py
Traceback (most recent call last):
  File "/home/airflow/.local/lib/python3.10/site-packages/airflow/models/dagbag.py", line 351, in parse
    loader.exec_module(new_module)
  File "<frozen importlib._bootstrap_external>", line 883, in exec_module
  File "<frozen importlib._bootstrap>", line 241, in _call_with_frames_removed
  File "/opt/airflow/dags/dag_staging.py", line 2, in <module>
    from airflow.operators.python import pythonOperator
ImportError: cannot import name 'pythonOperator' from 'airflow.operators.python' (/home/airflow/.local/lib/python3.10/site-packages/airflow/operators/python.py)
[2026-09-17T10:02:12.205+0000] {processor.py:842} WARNING - No viable dags retrieved from /opt/airflow/dags/dag_staging.py
[2026-09-17T10:02:12.231+0000] {processor.py:183} INFO - Processing /opt/airflow/dags/dag_staging.py took 0.082 seconds
[2026-09-17T10:02:13.251+0000] {processor.py:161} INFO - Started process (PID=478) to work on /opt/airflow/dags/dag_staging.py
[2026-09-17T10:02:13.254+0000] {processor.py:830} INFO - Processing file /opt/airflow/dags/dag_staging.py for tasks to queue
[2026-09-17T10:02:13.257+0000] {logging_mixin.py:188} INFO - [2026-09-17T10:02:13.257+0000] {dagbag.py:545} INFO - Filling up the DagBag from /opt/airflow/dags/dag_staging.py
[2026-09-17T10:02:13.281+0000] {logging_mixin.py:188} INFO - [2026-09-17T10:02:13.277+0000] {dagbag.py:355} ERROR - Failed to import: /opt/airflow/dags/dag_staging.py
Traceback (most recent call last):
  File "/home/airflow/.local/lib/python3.10/site-packages/airflow/models/dagbag.py", line 351, in parse
    loader.exec_module(new_module)
  File "<frozen importlib._bootstrap_external>", line 883, in exec_module
  File "<frozen importlib._bootstrap>", line 241, in _call_with_frames_removed
  File "/opt/airflow/dags/dag_staging.py", line 2, in <module>
    from airflow.operators.python import pythonOperator
ImportError: cannot import name 'pythonOperator' from 'airflow.operators.python' (/home/airflow/.local/lib/python3.10/site-packages/airflow/operators/python.py)
[2026-09-17T10:02:13.282+0000] {processor.py:842} WARNING - No viable dags retrieved from /opt/airflow/dags/dag_staging.py
[2026-09-17T10:02:13.305+0000] {processor.py:183} INFO - Processing /opt/airflow/dags/dag_staging.py took 0.061 seconds
[2026-09-17T10:02:14.355+0000] {processor.py:161} INFO - Started process (PID=480) to work on /opt/airflow/dags/dag_staging.py
[2026-09-17T10:02:14.359+0000] {processor.py:830} INFO - Processing file /opt/airflow/dags/dag_staging.py for tasks to queue
[2026-09-17T10:02:14.361+0000] {logging_mixin.py:188} INFO - [2026-09-17T10:02:14.361+0000] {dagbag.py:545} INFO - Filling up the DagBag from /opt/airflow/dags/dag_staging.py
[2026-09-17T10:02:14.383+0000] {logging_mixin.py:188} INFO - [2026-09-17T10:02:14.380+0000] {dagbag.py:355} ERROR - Failed to import: /opt/airflow/dags/dag_staging.py
Traceback (most recent call last):
  File "/home/airflow/.local/lib/python3.10/site-packages/airflow/models/dagbag.py", line 351, in parse
    loader.exec_module(new_module)
  File "<frozen importlib._bootstrap_external>", line 883, in exec_module
  File "<frozen importlib._bootstrap>", line 241, in _call_with_frames_removed
  File "/opt/airflow/dags/dag_staging.py", line 2, in <module>
    from airflow.operators.python import pythonOperator
ImportError: cannot import name 'pythonOperator' from 'airflow.operators.python' (/home/airflow/.local/lib/python3.10/site-packages/airflow/operators/python.py)
[2026-09-17T10:02:14.386+0000] {processor.py:842} WARNING - No viable dags retrieved from /opt/airflow/dags/dag_staging.py
[2026-09-17T10:02:14.409+0000] {processor.py:183} INFO - Processing /opt/airflow/dags/dag_staging.py took 0.060 seconds
[2026-09-17T10:02:16.387+0000] {processor.py:161} INFO - Started process (PID=481) to work on /opt/airflow/dags/dag_staging.py
[2026-09-17T10:02:16.389+0000] {processor.py:830} INFO - Processing file /opt/airflow/dags/dag_staging.py for tasks to queue
[2026-09-17T10:02:16.393+0000] {logging_mixin.py:188} INFO - [2026-09-17T10:02:16.392+0000] {dagbag.py:545} INFO - Filling up the DagBag from /opt/airflow/dags/dag_staging.py
[2026-09-17T10:02:16.417+0000] {logging_mixin.py:188} INFO - [2026-09-17T10:02:16.413+0000] {dagbag.py:355} ERROR - Failed to import: /opt/airflow/dags/dag_staging.py
Traceback (most recent call last):
  File "/home/airflow/.local/lib/python3.10/site-packages/airflow/models/dagbag.py", line 351, in parse
    loader.exec_module(new_module)
  File "<frozen importlib._bootstrap_external>", line 883, in exec_module
  File "<frozen importlib._bootstrap>", line 241, in _call_with_frames_removed
  File "/opt/airflow/dags/dag_staging.py", line 2, in <module>
    from airflow.operators.python import pythonOperator
ImportError: cannot import name 'pythonOperator' from 'airflow.operators.python' (/home/airflow/.local/lib/python3.10/site-packages/airflow/operators/python.py)
[2026-09-17T10:02:16.419+0000] {processor.py:842} WARNING - No viable dags retrieved from /opt/airflow/dags/dag_staging.py
[2026-09-17T10:02:16.444+0000] {processor.py:183} INFO - Processing /opt/airflow/dags/dag_staging.py took 0.062 seconds
[2026-09-17T10:02:18.495+0000] {processor.py:161} INFO - Started process (PID=482) to work on /opt/airflow/dags/dag_staging.py
[2026-09-17T10:02:18.497+0000] {processor.py:830} INFO - Processing file /opt/airflow/dags/dag_staging.py for tasks to queue
[2026-09-17T10:02:18.502+0000] {logging_mixin.py:188} INFO - [2026-09-17T10:02:18.501+0000] {dagbag.py:545} INFO - Filling up the DagBag from /opt/airflow/dags/dag_staging.py
[2026-09-17T10:02:18.536+0000] {logging_mixin.py:188} INFO - [2026-09-17T10:02:18.532+0000] {dagbag.py:355} ERROR - Failed to import: /opt/airflow/dags/dag_staging.py
Traceback (most recent call last):
  File "/home/airflow/.local/lib/python3.10/site-packages/airflow/models/dagbag.py", line 351, in parse
    loader.exec_module(new_module)
  File "<frozen importlib._bootstrap_external>", line 883, in exec_module
  File "<frozen importlib._bootstrap>", line 241, in _call_with_frames_removed
  File "/opt/airflow/dags/dag_staging.py", line 2, in <module>
    from airflow.operators.python import pythonOperator
ImportError: cannot import name 'pythonOperator' from 'airflow.operators.python' (/home/airflow/.local/lib/python3.10/site-packages/airflow/operators/python.py)
[2026-09-17T10:02:18.538+0000] {processor.py:842} WARNING - No viable dags retrieved from /opt/airflow/dags/dag_staging.py
[2026-09-17T10:02:18.560+0000] {processor.py:183} INFO - Processing /opt/airflow/dags/dag_staging.py took 0.077 seconds
[2026-09-17T10:02:21.531+0000] {processor.py:161} INFO - Started process (PID=483) to work on /opt/airflow/dags/dag_staging.py
[2026-09-17T10:02:21.533+0000] {processor.py:830} INFO - Processing file /opt/airflow/dags/dag_staging.py for tasks to queue
[2026-09-17T10:02:21.536+0000] {logging_mixin.py:188} INFO - [2026-09-17T10:02:21.536+0000] {dagbag.py:545} INFO - Filling up the DagBag from /opt/airflow/dags/dag_staging.py
[2026-09-17T10:02:21.549+0000] {logging_mixin.py:188} INFO - [2026-09-17T10:02:21.549+0000] {dagbag.py:355} ERROR - Failed to import: /opt/airflow/dags/dag_staging.py
Traceback (most recent call last):
  File "/home/airflow/.local/lib/python3.10/site-packages/airflow/models/dagbag.py", line 351, in parse
    loader.exec_module(new_module)
  File "<frozen importlib._bootstrap_external>", line 879, in exec_module
  File "<frozen importlib._bootstrap_external>", line 1017, in get_code
  File "<frozen importlib._bootstrap_external>", line 947, in source_to_code
  File "<frozen importlib._bootstrap>", line 241, in _call_with_frames_removed
  File "/opt/airflow/dags/dag_staging.py", line 28
    f  or video in videos:
                         ^
SyntaxError: invalid syntax
[2026-09-17T10:02:21.550+0000] {processor.py:842} WARNING - No viable dags retrieved from /opt/airflow/dags/dag_staging.py
[2026-09-17T10:02:21.569+0000] {processor.py:183} INFO - Processing /opt/airflow/dags/dag_staging.py took 0.045 seconds
[2026-09-17T10:02:23.559+0000] {processor.py:161} INFO - Started process (PID=484) to work on /opt/airflow/dags/dag_staging.py
[2026-09-17T10:02:23.561+0000] {processor.py:830} INFO - Processing file /opt/airflow/dags/dag_staging.py for tasks to queue
[2026-09-17T10:02:23.564+0000] {logging_mixin.py:188} INFO - [2026-09-17T10:02:23.563+0000] {dagbag.py:545} INFO - Filling up the DagBag from /opt/airflow/dags/dag_staging.py
[2026-09-17T10:02:23.589+0000] {logging_mixin.py:188} INFO - [2026-09-17T10:02:23.586+0000] {dagbag.py:355} ERROR - Failed to import: /opt/airflow/dags/dag_staging.py
Traceback (most recent call last):
  File "/home/airflow/.local/lib/python3.10/site-packages/airflow/models/dagbag.py", line 351, in parse
    loader.exec_module(new_module)
  File "<frozen importlib._bootstrap_external>", line 883, in exec_module
  File "<frozen importlib._bootstrap>", line 241, in _call_with_frames_removed
  File "/opt/airflow/dags/dag_staging.py", line 2, in <module>
    from airflow.operators.python import pythonOperator
ImportError: cannot import name 'pythonOperator' from 'airflow.operators.python' (/home/airflow/.local/lib/python3.10/site-packages/airflow/operators/python.py)
[2026-09-17T10:02:23.591+0000] {processor.py:842} WARNING - No viable dags retrieved from /opt/airflow/dags/dag_staging.py
[2026-09-17T10:02:23.611+0000] {processor.py:183} INFO - Processing /opt/airflow/dags/dag_staging.py took 0.062 seconds
[2026-09-17T10:02:25.646+0000] {processor.py:161} INFO - Started process (PID=485) to work on /opt/airflow/dags/dag_staging.py
[2026-09-17T10:02:25.648+0000] {processor.py:830} INFO - Processing file /opt/airflow/dags/dag_staging.py for tasks to queue
[2026-09-17T10:02:25.650+0000] {logging_mixin.py:188} INFO - [2026-09-17T10:02:25.650+0000] {dagbag.py:545} INFO - Filling up the DagBag from /opt/airflow/dags/dag_staging.py
[2026-09-17T10:02:25.664+0000] {logging_mixin.py:188} INFO - [2026-09-17T10:02:25.664+0000] {dagbag.py:355} ERROR - Failed to import: /opt/airflow/dags/dag_staging.py
Traceback (most recent call last):
  File "/home/airflow/.local/lib/python3.10/site-packages/airflow/models/dagbag.py", line 351, in parse
    loader.exec_module(new_module)
  File "<frozen importlib._bootstrap_external>", line 879, in exec_module
  File "<frozen importlib._bootstrap_external>", line 1017, in get_code
  File "<frozen importlib._bootstrap_external>", line 947, in source_to_code
  File "<frozen importlib._bootstrap>", line 241, in _call_with_frames_removed
  File "/opt/airflow/dags/dag_staging.py", line 29
    cur.execute("""
    ^^^
IndentationError: expected an indented block after 'for' statement on line 28
[2026-09-17T10:02:25.665+0000] {processor.py:842} WARNING - No viable dags retrieved from /opt/airflow/dags/dag_staging.py
[2026-09-17T10:02:25.687+0000] {processor.py:183} INFO - Processing /opt/airflow/dags/dag_staging.py took 0.047 seconds
[2026-09-17T10:02:28.760+0000] {processor.py:161} INFO - Started process (PID=486) to work on /opt/airflow/dags/dag_staging.py
[2026-09-17T10:02:28.762+0000] {processor.py:830} INFO - Processing file /opt/airflow/dags/dag_staging.py for tasks to queue
[2026-09-17T10:02:28.765+0000] {logging_mixin.py:188} INFO - [2026-09-17T10:02:28.764+0000] {dagbag.py:545} INFO - Filling up the DagBag from /opt/airflow/dags/dag_staging.py
[2026-09-17T10:02:28.795+0000] {logging_mixin.py:188} INFO - [2026-09-17T10:02:28.792+0000] {dagbag.py:355} ERROR - Failed to import: /opt/airflow/dags/dag_staging.py
Traceback (most recent call last):
  File "/home/airflow/.local/lib/python3.10/site-packages/airflow/models/dagbag.py", line 351, in parse
    loader.exec_module(new_module)
  File "<frozen importlib._bootstrap_external>", line 883, in exec_module
  File "<frozen importlib._bootstrap>", line 241, in _call_with_frames_removed
  File "/opt/airflow/dags/dag_staging.py", line 2, in <module>
    from airflow.operators.python import pythonOperator
ImportError: cannot import name 'pythonOperator' from 'airflow.operators.python' (/home/airflow/.local/lib/python3.10/site-packages/airflow/operators/python.py)
[2026-09-17T10:02:28.797+0000] {processor.py:842} WARNING - No viable dags retrieved from /opt/airflow/dags/dag_staging.py
[2026-09-17T10:02:28.818+0000] {processor.py:183} INFO - Processing /opt/airflow/dags/dag_staging.py took 0.066 seconds
[2026-09-17T10:02:36.839+0000] {processor.py:161} INFO - Started process (PID=487) to work on /opt/airflow/dags/dag_staging.py
[2026-09-17T10:02:36.840+0000] {processor.py:830} INFO - Processing file /opt/airflow/dags/dag_staging.py for tasks to queue
[2026-09-17T10:02:36.843+0000] {logging_mixin.py:188} INFO - [2026-09-17T10:02:36.842+0000] {dagbag.py:545} INFO - Filling up the DagBag from /opt/airflow/dags/dag_staging.py
[2026-09-17T10:02:36.865+0000] {logging_mixin.py:188} INFO - [2026-09-17T10:02:36.861+0000] {dagbag.py:355} ERROR - Failed to import: /opt/airflow/dags/dag_staging.py
Traceback (most recent call last):
  File "/home/airflow/.local/lib/python3.10/site-packages/airflow/models/dagbag.py", line 351, in parse
    loader.exec_module(new_module)
  File "<frozen importlib._bootstrap_external>", line 883, in exec_module
  File "<frozen importlib._bootstrap>", line 241, in _call_with_frames_removed
  File "/opt/airflow/dags/dag_staging.py", line 2, in <module>
    from airflow.operators.python import pythonOperator
ImportError: cannot import name 'pythonOperator' from 'airflow.operators.python' (/home/airflow/.local/lib/python3.10/site-packages/airflow/operators/python.py)
[2026-09-17T10:02:36.867+0000] {processor.py:842} WARNING - No viable dags retrieved from /opt/airflow/dags/dag_staging.py
[2026-09-17T10:02:36.887+0000] {processor.py:183} INFO - Processing /opt/airflow/dags/dag_staging.py took 0.054 seconds
[2026-09-17T10:02:49.070+0000] {processor.py:161} INFO - Started process (PID=495) to work on /opt/airflow/dags/dag_staging.py
[2026-09-17T10:02:49.074+0000] {processor.py:830} INFO - Processing file /opt/airflow/dags/dag_staging.py for tasks to queue
[2026-09-17T10:02:49.077+0000] {logging_mixin.py:188} INFO - [2026-09-17T10:02:49.076+0000] {dagbag.py:545} INFO - Filling up the DagBag from /opt/airflow/dags/dag_staging.py
[2026-09-17T10:02:49.104+0000] {logging_mixin.py:188} INFO - [2026-09-17T10:02:49.100+0000] {dagbag.py:355} ERROR - Failed to import: /opt/airflow/dags/dag_staging.py
Traceback (most recent call last):
  File "/home/airflow/.local/lib/python3.10/site-packages/airflow/models/dagbag.py", line 351, in parse
    loader.exec_module(new_module)
  File "<frozen importlib._bootstrap_external>", line 883, in exec_module
  File "<frozen importlib._bootstrap>", line 241, in _call_with_frames_removed
  File "/opt/airflow/dags/dag_staging.py", line 2, in <module>
    from airflow.operators.python import pythonOperator
ImportError: cannot import name 'pythonOperator' from 'airflow.operators.python' (/home/airflow/.local/lib/python3.10/site-packages/airflow/operators/python.py)
[2026-09-17T10:02:49.106+0000] {processor.py:842} WARNING - No viable dags retrieved from /opt/airflow/dags/dag_staging.py
[2026-09-17T10:02:49.127+0000] {processor.py:183} INFO - Processing /opt/airflow/dags/dag_staging.py took 0.065 seconds
[2026-09-17T10:02:51.104+0000] {processor.py:161} INFO - Started process (PID=496) to work on /opt/airflow/dags/dag_staging.py
[2026-09-17T10:02:51.107+0000] {processor.py:830} INFO - Processing file /opt/airflow/dags/dag_staging.py for tasks to queue
[2026-09-17T10:02:51.110+0000] {logging_mixin.py:188} INFO - [2026-09-17T10:02:51.109+0000] {dagbag.py:545} INFO - Filling up the DagBag from /opt/airflow/dags/dag_staging.py
[2026-09-17T10:02:51.153+0000] {logging_mixin.py:188} INFO - [2026-09-17T10:02:51.145+0000] {dagbag.py:355} ERROR - Failed to import: /opt/airflow/dags/dag_staging.py
Traceback (most recent call last):
  File "/home/airflow/.local/lib/python3.10/site-packages/airflow/models/dagbag.py", line 351, in parse
    loader.exec_module(new_module)
  File "<frozen importlib._bootstrap_external>", line 883, in exec_module
  File "<frozen importlib._bootstrap>", line 241, in _call_with_frames_removed
  File "/opt/airflow/dags/dag_staging.py", line 2, in <module>
    from airflow.operators.python import pythonOperator
ImportError: cannot import name 'pythonOperator' from 'airflow.operators.python' (/home/airflow/.local/lib/python3.10/site-packages/airflow/operators/python.py)
[2026-09-17T10:02:51.157+0000] {processor.py:842} WARNING - No viable dags retrieved from /opt/airflow/dags/dag_staging.py
[2026-09-17T10:02:51.186+0000] {processor.py:183} INFO - Processing /opt/airflow/dags/dag_staging.py took 0.090 seconds
[2026-09-17T10:02:52.280+0000] {processor.py:161} INFO - Started process (PID=497) to work on /opt/airflow/dags/dag_staging.py
[2026-09-17T10:02:52.284+0000] {processor.py:830} INFO - Processing file /opt/airflow/dags/dag_staging.py for tasks to queue
[2026-09-17T10:02:52.293+0000] {logging_mixin.py:188} INFO - [2026-09-17T10:02:52.292+0000] {dagbag.py:545} INFO - Filling up the DagBag from /opt/airflow/dags/dag_staging.py
[2026-09-17T10:02:52.366+0000] {logging_mixin.py:188} INFO - [2026-09-17T10:02:52.359+0000] {dagbag.py:355} ERROR - Failed to import: /opt/airflow/dags/dag_staging.py
Traceback (most recent call last):
  File "/home/airflow/.local/lib/python3.10/site-packages/airflow/models/dagbag.py", line 351, in parse
    loader.exec_module(new_module)
  File "<frozen importlib._bootstrap_external>", line 883, in exec_module
  File "<frozen importlib._bootstrap>", line 241, in _call_with_frames_removed
  File "/opt/airflow/dags/dag_staging.py", line 2, in <module>
    from airflow.operators.python import pythonOperator
ImportError: cannot import name 'pythonOperator' from 'airflow.operators.python' (/home/airflow/.local/lib/python3.10/site-packages/airflow/operators/python.py)
[2026-09-17T10:02:52.369+0000] {processor.py:842} WARNING - No viable dags retrieved from /opt/airflow/dags/dag_staging.py
[2026-09-17T10:02:52.407+0000] {processor.py:183} INFO - Processing /opt/airflow/dags/dag_staging.py took 0.145 seconds
[2026-09-17T10:02:53.273+0000] {processor.py:161} INFO - Started process (PID=498) to work on /opt/airflow/dags/dag_staging.py
[2026-09-17T10:02:53.275+0000] {processor.py:830} INFO - Processing file /opt/airflow/dags/dag_staging.py for tasks to queue
[2026-09-17T10:02:53.278+0000] {logging_mixin.py:188} INFO - [2026-09-17T10:02:53.277+0000] {dagbag.py:545} INFO - Filling up the DagBag from /opt/airflow/dags/dag_staging.py
[2026-09-17T10:02:53.305+0000] {logging_mixin.py:188} INFO - [2026-09-17T10:02:53.302+0000] {dagbag.py:355} ERROR - Failed to import: /opt/airflow/dags/dag_staging.py
Traceback (most recent call last):
  File "/home/airflow/.local/lib/python3.10/site-packages/airflow/models/dagbag.py", line 351, in parse
    loader.exec_module(new_module)
  File "<frozen importlib._bootstrap_external>", line 883, in exec_module
  File "<frozen importlib._bootstrap>", line 241, in _call_with_frames_removed
  File "/opt/airflow/dags/dag_staging.py", line 2, in <module>
    from airflow.operators.python import pythonOperator
ImportError: cannot import name 'pythonOperator' from 'airflow.operators.python' (/home/airflow/.local/lib/python3.10/site-packages/airflow/operators/python.py)
[2026-09-17T10:02:53.307+0000] {processor.py:842} WARNING - No viable dags retrieved from /opt/airflow/dags/dag_staging.py
[2026-09-17T10:02:53.334+0000] {processor.py:183} INFO - Processing /opt/airflow/dags/dag_staging.py took 0.072 seconds
[2026-09-17T10:03:08.485+0000] {processor.py:161} INFO - Started process (PID=505) to work on /opt/airflow/dags/dag_staging.py
[2026-09-17T10:03:08.487+0000] {processor.py:830} INFO - Processing file /opt/airflow/dags/dag_staging.py for tasks to queue
[2026-09-17T10:03:08.489+0000] {logging_mixin.py:188} INFO - [2026-09-17T10:03:08.489+0000] {dagbag.py:545} INFO - Filling up the DagBag from /opt/airflow/dags/dag_staging.py
[2026-09-17T10:03:08.510+0000] {logging_mixin.py:188} INFO - [2026-09-17T10:03:08.507+0000] {dagbag.py:355} ERROR - Failed to import: /opt/airflow/dags/dag_staging.py
Traceback (most recent call last):
  File "/home/airflow/.local/lib/python3.10/site-packages/airflow/models/dagbag.py", line 351, in parse
    loader.exec_module(new_module)
  File "<frozen importlib._bootstrap_external>", line 883, in exec_module
  File "<frozen importlib._bootstrap>", line 241, in _call_with_frames_removed
  File "/opt/airflow/dags/dag_staging.py", line 2, in <module>
    from airflow.operators.python import pythonOperator
ImportError: cannot import name 'pythonOperator' from 'airflow.operators.python' (/home/airflow/.local/lib/python3.10/site-packages/airflow/operators/python.py)
[2026-09-17T10:03:08.512+0000] {processor.py:842} WARNING - No viable dags retrieved from /opt/airflow/dags/dag_staging.py
[2026-09-17T10:03:08.533+0000] {processor.py:183} INFO - Processing /opt/airflow/dags/dag_staging.py took 0.054 seconds
[2026-09-17T10:03:38.837+0000] {processor.py:161} INFO - Started process (PID=513) to work on /opt/airflow/dags/dag_staging.py
[2026-09-17T10:03:38.839+0000] {processor.py:830} INFO - Processing file /opt/airflow/dags/dag_staging.py for tasks to queue
[2026-09-17T10:03:38.841+0000] {logging_mixin.py:188} INFO - [2026-09-17T10:03:38.841+0000] {dagbag.py:545} INFO - Filling up the DagBag from /opt/airflow/dags/dag_staging.py
[2026-09-17T10:03:38.856+0000] {logging_mixin.py:188} INFO - [2026-09-17T10:03:38.854+0000] {dagbag.py:355} ERROR - Failed to import: /opt/airflow/dags/dag_staging.py
Traceback (most recent call last):
  File "/home/airflow/.local/lib/python3.10/site-packages/airflow/models/dagbag.py", line 351, in parse
    loader.exec_module(new_module)
  File "<frozen importlib._bootstrap_external>", line 883, in exec_module
  File "<frozen importlib._bootstrap>", line 241, in _call_with_frames_removed
  File "/opt/airflow/dags/dag_staging.py", line 2, in <module>
    from airflow.operators.python import pythonOperator
ImportError: cannot import name 'pythonOperator' from 'airflow.operators.python' (/home/airflow/.local/lib/python3.10/site-packages/airflow/operators/python.py)
[2026-09-17T10:03:38.858+0000] {processor.py:842} WARNING - No viable dags retrieved from /opt/airflow/dags/dag_staging.py
[2026-09-17T10:03:38.877+0000] {processor.py:183} INFO - Processing /opt/airflow/dags/dag_staging.py took 0.047 seconds
[2026-09-17T10:04:32.537+0000] {processor.py:161} INFO - Started process (PID=49) to work on /opt/airflow/dags/dag_staging.py
[2026-09-17T10:04:32.542+0000] {processor.py:830} INFO - Processing file /opt/airflow/dags/dag_staging.py for tasks to queue
[2026-09-17T10:04:32.552+0000] {logging_mixin.py:188} INFO - [2026-09-17T10:04:32.551+0000] {dagbag.py:545} INFO - Filling up the DagBag from /opt/airflow/dags/dag_staging.py
[2026-09-17T10:04:32.774+0000] {logging_mixin.py:188} INFO - [2026-09-17T10:04:32.746+0000] {dagbag.py:355} ERROR - Failed to import: /opt/airflow/dags/dag_staging.py
Traceback (most recent call last):
  File "/home/airflow/.local/lib/python3.10/site-packages/airflow/models/dagbag.py", line 351, in parse
    loader.exec_module(new_module)
  File "<frozen importlib._bootstrap_external>", line 883, in exec_module
  File "<frozen importlib._bootstrap>", line 241, in _call_with_frames_removed
  File "/opt/airflow/dags/dag_staging.py", line 2, in <module>
    from airflow.operators.python import pythonOperator
ImportError: cannot import name 'pythonOperator' from 'airflow.operators.python' (/home/airflow/.local/lib/python3.10/site-packages/airflow/operators/python.py)
[2026-09-17T10:04:32.781+0000] {processor.py:842} WARNING - No viable dags retrieved from /opt/airflow/dags/dag_staging.py
[2026-09-17T10:04:32.852+0000] {processor.py:183} INFO - Processing /opt/airflow/dags/dag_staging.py took 0.361 seconds
[2026-09-17T10:05:03.062+0000] {processor.py:161} INFO - Started process (PID=63) to work on /opt/airflow/dags/dag_staging.py
[2026-09-17T10:05:03.064+0000] {processor.py:830} INFO - Processing file /opt/airflow/dags/dag_staging.py for tasks to queue
[2026-09-17T10:05:03.067+0000] {logging_mixin.py:188} INFO - [2026-09-17T10:05:03.067+0000] {dagbag.py:545} INFO - Filling up the DagBag from /opt/airflow/dags/dag_staging.py
[2026-09-17T10:05:03.084+0000] {logging_mixin.py:188} INFO - [2026-09-17T10:05:03.081+0000] {dagbag.py:355} ERROR - Failed to import: /opt/airflow/dags/dag_staging.py
Traceback (most recent call last):
  File "/home/airflow/.local/lib/python3.10/site-packages/airflow/models/dagbag.py", line 351, in parse
    loader.exec_module(new_module)
  File "<frozen importlib._bootstrap_external>", line 883, in exec_module
  File "<frozen importlib._bootstrap>", line 241, in _call_with_frames_removed
  File "/opt/airflow/dags/dag_staging.py", line 2, in <module>
    from airflow.operators.python import pythonOperator
ImportError: cannot import name 'pythonOperator' from 'airflow.operators.python' (/home/airflow/.local/lib/python3.10/site-packages/airflow/operators/python.py)
[2026-09-17T10:05:03.086+0000] {processor.py:842} WARNING - No viable dags retrieved from /opt/airflow/dags/dag_staging.py
[2026-09-17T10:05:03.108+0000] {processor.py:183} INFO - Processing /opt/airflow/dags/dag_staging.py took 0.053 seconds
[2026-09-17T10:05:33.372+0000] {processor.py:161} INFO - Started process (PID=71) to work on /opt/airflow/dags/dag_staging.py
[2026-09-17T10:05:33.374+0000] {processor.py:830} INFO - Processing file /opt/airflow/dags/dag_staging.py for tasks to queue
[2026-09-17T10:05:33.377+0000] {logging_mixin.py:188} INFO - [2026-09-17T10:05:33.377+0000] {dagbag.py:545} INFO - Filling up the DagBag from /opt/airflow/dags/dag_staging.py
[2026-09-17T10:05:33.395+0000] {logging_mixin.py:188} INFO - [2026-09-17T10:05:33.392+0000] {dagbag.py:355} ERROR - Failed to import: /opt/airflow/dags/dag_staging.py
Traceback (most recent call last):
  File "/home/airflow/.local/lib/python3.10/site-packages/airflow/models/dagbag.py", line 351, in parse
    loader.exec_module(new_module)
  File "<frozen importlib._bootstrap_external>", line 883, in exec_module
  File "<frozen importlib._bootstrap>", line 241, in _call_with_frames_removed
  File "/opt/airflow/dags/dag_staging.py", line 2, in <module>
    from airflow.operators.python import pythonOperator
ImportError: cannot import name 'pythonOperator' from 'airflow.operators.python' (/home/airflow/.local/lib/python3.10/site-packages/airflow/operators/python.py)
[2026-09-17T10:05:33.396+0000] {processor.py:842} WARNING - No viable dags retrieved from /opt/airflow/dags/dag_staging.py
[2026-09-17T10:05:33.416+0000] {processor.py:183} INFO - Processing /opt/airflow/dags/dag_staging.py took 0.051 seconds
[2026-09-17T10:06:03.705+0000] {processor.py:161} INFO - Started process (PID=79) to work on /opt/airflow/dags/dag_staging.py
[2026-09-17T10:06:03.708+0000] {processor.py:830} INFO - Processing file /opt/airflow/dags/dag_staging.py for tasks to queue
[2026-09-17T10:06:03.711+0000] {logging_mixin.py:188} INFO - [2026-09-17T10:06:03.711+0000] {dagbag.py:545} INFO - Filling up the DagBag from /opt/airflow/dags/dag_staging.py
[2026-09-17T10:06:03.732+0000] {logging_mixin.py:188} INFO - [2026-09-17T10:06:03.727+0000] {dagbag.py:355} ERROR - Failed to import: /opt/airflow/dags/dag_staging.py
Traceback (most recent call last):
  File "/home/airflow/.local/lib/python3.10/site-packages/airflow/models/dagbag.py", line 351, in parse
    loader.exec_module(new_module)
  File "<frozen importlib._bootstrap_external>", line 883, in exec_module
  File "<frozen importlib._bootstrap>", line 241, in _call_with_frames_removed
  File "/opt/airflow/dags/dag_staging.py", line 2, in <module>
    from airflow.operators.python import pythonOperator
ImportError: cannot import name 'pythonOperator' from 'airflow.operators.python' (/home/airflow/.local/lib/python3.10/site-packages/airflow/operators/python.py)
[2026-09-17T10:06:03.735+0000] {processor.py:842} WARNING - No viable dags retrieved from /opt/airflow/dags/dag_staging.py
[2026-09-17T10:06:03.758+0000] {processor.py:183} INFO - Processing /opt/airflow/dags/dag_staging.py took 0.058 seconds
[2026-09-17T10:06:34.096+0000] {processor.py:161} INFO - Started process (PID=87) to work on /opt/airflow/dags/dag_staging.py
[2026-09-17T10:06:34.100+0000] {processor.py:830} INFO - Processing file /opt/airflow/dags/dag_staging.py for tasks to queue
[2026-09-17T10:06:34.104+0000] {logging_mixin.py:188} INFO - [2026-09-17T10:06:34.103+0000] {dagbag.py:545} INFO - Filling up the DagBag from /opt/airflow/dags/dag_staging.py
[2026-09-17T10:06:34.122+0000] {logging_mixin.py:188} INFO - [2026-09-17T10:06:34.119+0000] {dagbag.py:355} ERROR - Failed to import: /opt/airflow/dags/dag_staging.py
Traceback (most recent call last):
  File "/home/airflow/.local/lib/python3.10/site-packages/airflow/models/dagbag.py", line 351, in parse
    loader.exec_module(new_module)
  File "<frozen importlib._bootstrap_external>", line 883, in exec_module
  File "<frozen importlib._bootstrap>", line 241, in _call_with_frames_removed
  File "/opt/airflow/dags/dag_staging.py", line 2, in <module>
    from airflow.operators.python import pythonOperator
ImportError: cannot import name 'pythonOperator' from 'airflow.operators.python' (/home/airflow/.local/lib/python3.10/site-packages/airflow/operators/python.py)
[2026-09-17T10:06:34.123+0000] {processor.py:842} WARNING - No viable dags retrieved from /opt/airflow/dags/dag_staging.py
[2026-09-17T10:06:34.150+0000] {processor.py:183} INFO - Processing /opt/airflow/dags/dag_staging.py took 0.062 seconds
[2026-09-17T10:06:57.412+0000] {processor.py:161} INFO - Started process (PID=89) to work on /opt/airflow/dags/dag_staging.py
[2026-09-17T10:06:57.415+0000] {processor.py:830} INFO - Processing file /opt/airflow/dags/dag_staging.py for tasks to queue
[2026-09-17T10:06:57.418+0000] {logging_mixin.py:188} INFO - [2026-09-17T10:06:57.418+0000] {dagbag.py:545} INFO - Filling up the DagBag from /opt/airflow/dags/dag_staging.py
[2026-09-17T10:06:57.449+0000] {logging_mixin.py:188} INFO - [2026-09-17T10:06:57.444+0000] {dagbag.py:355} ERROR - Failed to import: /opt/airflow/dags/dag_staging.py
Traceback (most recent call last):
  File "/home/airflow/.local/lib/python3.10/site-packages/airflow/models/dagbag.py", line 351, in parse
    loader.exec_module(new_module)
  File "<frozen importlib._bootstrap_external>", line 883, in exec_module
  File "<frozen importlib._bootstrap>", line 241, in _call_with_frames_removed
  File "/opt/airflow/dags/dag_staging.py", line 2, in <module>
    from airflow.operators.python import pythonOperator
ImportError: cannot import name 'pythonOperator' from 'airflow.operators.python' (/home/airflow/.local/lib/python3.10/site-packages/airflow/operators/python.py)
[2026-09-17T10:06:57.451+0000] {processor.py:842} WARNING - No viable dags retrieved from /opt/airflow/dags/dag_staging.py
[2026-09-17T10:06:57.471+0000] {processor.py:183} INFO - Processing /opt/airflow/dags/dag_staging.py took 0.065 seconds
[2026-09-17T10:07:12.633+0000] {processor.py:161} INFO - Started process (PID=97) to work on /opt/airflow/dags/dag_staging.py
[2026-09-17T10:07:12.636+0000] {processor.py:830} INFO - Processing file /opt/airflow/dags/dag_staging.py for tasks to queue
[2026-09-17T10:07:12.640+0000] {logging_mixin.py:188} INFO - [2026-09-17T10:07:12.640+0000] {dagbag.py:545} INFO - Filling up the DagBag from /opt/airflow/dags/dag_staging.py
[2026-09-17T10:07:12.675+0000] {logging_mixin.py:188} INFO - [2026-09-17T10:07:12.670+0000] {dagbag.py:355} ERROR - Failed to import: /opt/airflow/dags/dag_staging.py
Traceback (most recent call last):
  File "/home/airflow/.local/lib/python3.10/site-packages/airflow/models/dagbag.py", line 351, in parse
    loader.exec_module(new_module)
  File "<frozen importlib._bootstrap_external>", line 883, in exec_module
  File "<frozen importlib._bootstrap>", line 241, in _call_with_frames_removed
  File "/opt/airflow/dags/dag_staging.py", line 2, in <module>
    from airflow.operators.python import pythonOperator
ImportError: cannot import name 'pythonOperator' from 'airflow.operators.python' (/home/airflow/.local/lib/python3.10/site-packages/airflow/operators/python.py)
[2026-09-17T10:07:12.676+0000] {processor.py:842} WARNING - No viable dags retrieved from /opt/airflow/dags/dag_staging.py
[2026-09-17T10:07:12.702+0000] {processor.py:183} INFO - Processing /opt/airflow/dags/dag_staging.py took 0.078 seconds
[2026-09-17T10:07:27.743+0000] {processor.py:161} INFO - Started process (PID=98) to work on /opt/airflow/dags/dag_staging.py
[2026-09-17T10:07:27.745+0000] {processor.py:830} INFO - Processing file /opt/airflow/dags/dag_staging.py for tasks to queue
[2026-09-17T10:07:27.752+0000] {logging_mixin.py:188} INFO - [2026-09-17T10:07:27.750+0000] {dagbag.py:545} INFO - Filling up the DagBag from /opt/airflow/dags/dag_staging.py
[2026-09-17T10:07:27.847+0000] {processor.py:840} INFO - DAG(s) 'youtube_extraction' retrieved from /opt/airflow/dags/dag_staging.py
[2026-09-17T10:07:27.931+0000] {logging_mixin.py:188} INFO - [2026-09-17T10:07:27.931+0000] {dag.py:3096} INFO - Sync 1 DAGs
[2026-09-17T10:07:27.950+0000] {logging_mixin.py:188} INFO - [2026-09-17T10:07:27.949+0000] {dag.py:3954} INFO - Setting next_dagrun for youtube_extraction to 2026-09-16 00:00:00+00:00, run_after=2026-09-17 00:00:00+00:00
[2026-09-17T10:07:27.975+0000] {processor.py:183} INFO - Processing /opt/airflow/dags/dag_staging.py took 0.240 seconds
[2026-09-17T10:07:45.139+0000] {processor.py:161} INFO - Started process (PID=106) to work on /opt/airflow/dags/dag_staging.py
[2026-09-17T10:07:45.143+0000] {processor.py:830} INFO - Processing file /opt/airflow/dags/dag_staging.py for tasks to queue
[2026-09-17T10:07:45.146+0000] {logging_mixin.py:188} INFO - [2026-09-17T10:07:45.146+0000] {dagbag.py:545} INFO - Filling up the DagBag from /opt/airflow/dags/dag_staging.py
[2026-09-17T10:07:45.220+0000] {processor.py:840} INFO - DAG(s) 'youtube_staging' retrieved from /opt/airflow/dags/dag_staging.py
[2026-09-17T10:07:45.307+0000] {logging_mixin.py:188} INFO - [2026-09-17T10:07:45.307+0000] {override.py:1829} INFO - Created Permission View: can read on DAG:youtube_staging
[2026-09-17T10:07:45.318+0000] {logging_mixin.py:188} INFO - [2026-09-17T10:07:45.318+0000] {override.py:1829} INFO - Created Permission View: can edit on DAG:youtube_staging
[2026-09-17T10:07:45.327+0000] {logging_mixin.py:188} INFO - [2026-09-17T10:07:45.326+0000] {override.py:1829} INFO - Created Permission View: can delete on DAG:youtube_staging
[2026-09-17T10:07:45.329+0000] {logging_mixin.py:188} INFO - [2026-09-17T10:07:45.328+0000] {dag.py:3096} INFO - Sync 1 DAGs
[2026-09-17T10:07:45.339+0000] {logging_mixin.py:188} INFO - [2026-09-17T10:07:45.339+0000] {dag.py:3118} INFO - Creating ORM DAG for youtube_staging
[2026-09-17T10:07:45.349+0000] {logging_mixin.py:188} INFO - [2026-09-17T10:07:45.349+0000] {dag.py:3954} INFO - Setting next_dagrun for youtube_staging to 2026-09-16 00:00:00+00:00, run_after=2026-09-17 00:00:00+00:00
[2026-09-17T10:07:45.376+0000] {processor.py:183} INFO - Processing /opt/airflow/dags/dag_staging.py took 0.243 seconds
[2026-09-17T10:07:55.232+0000] {processor.py:161} INFO - Started process (PID=107) to work on /opt/airflow/dags/dag_staging.py
[2026-09-17T10:07:55.234+0000] {processor.py:830} INFO - Processing file /opt/airflow/dags/dag_staging.py for tasks to queue
[2026-09-17T10:07:55.236+0000] {logging_mixin.py:188} INFO - [2026-09-17T10:07:55.236+0000] {dagbag.py:545} INFO - Filling up the DagBag from /opt/airflow/dags/dag_staging.py
[2026-09-17T10:07:55.319+0000] {processor.py:840} INFO - DAG(s) 'youtube_staging' retrieved from /opt/airflow/dags/dag_staging.py
[2026-09-17T10:07:55.334+0000] {logging_mixin.py:188} INFO - [2026-09-17T10:07:55.333+0000] {dag.py:3096} INFO - Sync 1 DAGs
[2026-09-17T10:07:55.358+0000] {logging_mixin.py:188} INFO - [2026-09-17T10:07:55.357+0000] {dag.py:3954} INFO - Setting next_dagrun for youtube_staging to 2026-09-16 00:00:00+00:00, run_after=2026-09-17 00:00:00+00:00
[2026-09-17T10:07:55.388+0000] {processor.py:183} INFO - Processing /opt/airflow/dags/dag_staging.py took 0.164 seconds
[2026-09-17T10:08:25.678+0000] {processor.py:161} INFO - Started process (PID=115) to work on /opt/airflow/dags/dag_staging.py
[2026-09-17T10:08:25.681+0000] {processor.py:830} INFO - Processing file /opt/airflow/dags/dag_staging.py for tasks to queue
[2026-09-17T10:08:25.685+0000] {logging_mixin.py:188} INFO - [2026-09-17T10:08:25.684+0000] {dagbag.py:545} INFO - Filling up the DagBag from /opt/airflow/dags/dag_staging.py
[2026-09-17T10:08:25.746+0000] {processor.py:840} INFO - DAG(s) 'youtube_staging' retrieved from /opt/airflow/dags/dag_staging.py
[2026-09-17T10:08:25.822+0000] {logging_mixin.py:188} INFO - [2026-09-17T10:08:25.821+0000] {dag.py:3096} INFO - Sync 1 DAGs
[2026-09-17T10:08:25.839+0000] {logging_mixin.py:188} INFO - [2026-09-17T10:08:25.838+0000] {dag.py:3954} INFO - Setting next_dagrun for youtube_staging to 2026-09-16 00:00:00+00:00, run_after=2026-09-17 00:00:00+00:00
[2026-09-17T10:08:25.860+0000] {processor.py:183} INFO - Processing /opt/airflow/dags/dag_staging.py took 0.189 seconds
[2026-09-17T10:09:18.677+0000] {processor.py:161} INFO - Started process (PID=54) to work on /opt/airflow/dags/dag_staging.py
[2026-09-17T10:09:18.682+0000] {processor.py:830} INFO - Processing file /opt/airflow/dags/dag_staging.py for tasks to queue
[2026-09-17T10:09:18.688+0000] {logging_mixin.py:188} INFO - [2026-09-17T10:09:18.687+0000] {dagbag.py:545} INFO - Filling up the DagBag from /opt/airflow/dags/dag_staging.py
[2026-09-17T10:09:18.980+0000] {processor.py:840} INFO - DAG(s) 'youtube_staging' retrieved from /opt/airflow/dags/dag_staging.py
[2026-09-17T10:09:19.368+0000] {logging_mixin.py:188} INFO - [2026-09-17T10:09:19.367+0000] {override.py:1829} INFO - Created Permission View: can edit on DAG:youtube_staging
[2026-09-17T10:09:19.387+0000] {logging_mixin.py:188} INFO - [2026-09-17T10:09:19.386+0000] {override.py:1829} INFO - Created Permission View: can delete on DAG:youtube_staging
[2026-09-17T10:09:19.404+0000] {logging_mixin.py:188} INFO - [2026-09-17T10:09:19.404+0000] {override.py:1829} INFO - Created Permission View: can read on DAG:youtube_staging
[2026-09-17T10:09:19.407+0000] {logging_mixin.py:188} INFO - [2026-09-17T10:09:19.406+0000] {dag.py:3096} INFO - Sync 1 DAGs
[2026-09-17T10:09:19.425+0000] {logging_mixin.py:188} INFO - [2026-09-17T10:09:19.424+0000] {dag.py:3118} INFO - Creating ORM DAG for youtube_staging
[2026-09-17T10:09:19.445+0000] {logging_mixin.py:188} INFO - [2026-09-17T10:09:19.444+0000] {dag.py:3954} INFO - Setting next_dagrun for youtube_staging to 2026-09-16 00:00:00+00:00, run_after=2026-09-17 00:00:00+00:00
[2026-09-17T10:09:19.475+0000] {processor.py:183} INFO - Processing /opt/airflow/dags/dag_staging.py took 0.814 seconds
[2026-09-17T10:09:49.726+0000] {processor.py:161} INFO - Started process (PID=62) to work on /opt/airflow/dags/dag_staging.py
[2026-09-17T10:09:49.730+0000] {processor.py:830} INFO - Processing file /opt/airflow/dags/dag_staging.py for tasks to queue
[2026-09-17T10:09:49.733+0000] {logging_mixin.py:188} INFO - [2026-09-17T10:09:49.732+0000] {dagbag.py:545} INFO - Filling up the DagBag from /opt/airflow/dags/dag_staging.py
[2026-09-17T10:09:49.806+0000] {processor.py:840} INFO - DAG(s) 'youtube_staging' retrieved from /opt/airflow/dags/dag_staging.py
[2026-09-17T10:09:49.838+0000] {logging_mixin.py:188} INFO - [2026-09-17T10:09:49.838+0000] {dag.py:3096} INFO - Sync 1 DAGs
[2026-09-17T10:09:49.861+0000] {logging_mixin.py:188} INFO - [2026-09-17T10:09:49.861+0000] {dag.py:3954} INFO - Setting next_dagrun for youtube_staging to 2026-09-16 00:00:00+00:00, run_after=2026-09-17 00:00:00+00:00
[2026-09-17T10:09:49.885+0000] {processor.py:183} INFO - Processing /opt/airflow/dags/dag_staging.py took 0.167 seconds
[2026-09-17T10:10:20.003+0000] {processor.py:161} INFO - Started process (PID=70) to work on /opt/airflow/dags/dag_staging.py
[2026-09-17T10:10:20.007+0000] {processor.py:830} INFO - Processing file /opt/airflow/dags/dag_staging.py for tasks to queue
[2026-09-17T10:10:20.011+0000] {logging_mixin.py:188} INFO - [2026-09-17T10:10:20.011+0000] {dagbag.py:545} INFO - Filling up the DagBag from /opt/airflow/dags/dag_staging.py
[2026-09-17T10:10:20.141+0000] {processor.py:840} INFO - DAG(s) 'youtube_staging' retrieved from /opt/airflow/dags/dag_staging.py
[2026-09-17T10:10:20.177+0000] {logging_mixin.py:188} INFO - [2026-09-17T10:10:20.176+0000] {dag.py:3096} INFO - Sync 1 DAGs
[2026-09-17T10:10:20.201+0000] {logging_mixin.py:188} INFO - [2026-09-17T10:10:20.200+0000] {dag.py:3954} INFO - Setting next_dagrun for youtube_staging to 2026-09-16 00:00:00+00:00, run_after=2026-09-17 00:00:00+00:00
[2026-09-17T10:10:20.223+0000] {processor.py:183} INFO - Processing /opt/airflow/dags/dag_staging.py took 0.233 seconds
[2026-09-17T10:10:50.528+0000] {processor.py:161} INFO - Started process (PID=78) to work on /opt/airflow/dags/dag_staging.py
[2026-09-17T10:10:50.530+0000] {processor.py:830} INFO - Processing file /opt/airflow/dags/dag_staging.py for tasks to queue
[2026-09-17T10:10:50.533+0000] {logging_mixin.py:188} INFO - [2026-09-17T10:10:50.533+0000] {dagbag.py:545} INFO - Filling up the DagBag from /opt/airflow/dags/dag_staging.py
[2026-09-17T10:10:50.617+0000] {processor.py:840} INFO - DAG(s) 'youtube_staging' retrieved from /opt/airflow/dags/dag_staging.py
[2026-09-17T10:10:50.649+0000] {logging_mixin.py:188} INFO - [2026-09-17T10:10:50.649+0000] {dag.py:3096} INFO - Sync 1 DAGs
[2026-09-17T10:10:50.674+0000] {logging_mixin.py:188} INFO - [2026-09-17T10:10:50.674+0000] {dag.py:3954} INFO - Setting next_dagrun for youtube_staging to 2026-09-16 00:00:00+00:00, run_after=2026-09-17 00:00:00+00:00
[2026-09-17T10:10:50.702+0000] {processor.py:183} INFO - Processing /opt/airflow/dags/dag_staging.py took 0.183 seconds
[2026-09-17T10:11:21.049+0000] {processor.py:161} INFO - Started process (PID=86) to work on /opt/airflow/dags/dag_staging.py
[2026-09-17T10:11:21.053+0000] {processor.py:830} INFO - Processing file /opt/airflow/dags/dag_staging.py for tasks to queue
[2026-09-17T10:11:21.057+0000] {logging_mixin.py:188} INFO - [2026-09-17T10:11:21.056+0000] {dagbag.py:545} INFO - Filling up the DagBag from /opt/airflow/dags/dag_staging.py
[2026-09-17T10:11:21.120+0000] {processor.py:840} INFO - DAG(s) 'youtube_staging' retrieved from /opt/airflow/dags/dag_staging.py
[2026-09-17T10:11:21.156+0000] {logging_mixin.py:188} INFO - [2026-09-17T10:11:21.156+0000] {dag.py:3096} INFO - Sync 1 DAGs
[2026-09-17T10:11:21.178+0000] {logging_mixin.py:188} INFO - [2026-09-17T10:11:21.178+0000] {dag.py:3954} INFO - Setting next_dagrun for youtube_staging to 2026-09-16 00:00:00+00:00, run_after=2026-09-17 00:00:00+00:00
[2026-09-17T10:11:21.204+0000] {processor.py:183} INFO - Processing /opt/airflow/dags/dag_staging.py took 0.161 seconds
[2026-09-17T10:11:51.381+0000] {processor.py:161} INFO - Started process (PID=94) to work on /opt/airflow/dags/dag_staging.py
[2026-09-17T10:11:51.384+0000] {processor.py:830} INFO - Processing file /opt/airflow/dags/dag_staging.py for tasks to queue
[2026-09-17T10:11:51.387+0000] {logging_mixin.py:188} INFO - [2026-09-17T10:11:51.386+0000] {dagbag.py:545} INFO - Filling up the DagBag from /opt/airflow/dags/dag_staging.py
[2026-09-17T10:11:51.449+0000] {processor.py:840} INFO - DAG(s) 'youtube_staging' retrieved from /opt/airflow/dags/dag_staging.py
[2026-09-17T10:11:51.480+0000] {logging_mixin.py:188} INFO - [2026-09-17T10:11:51.479+0000] {dag.py:3096} INFO - Sync 1 DAGs
[2026-09-17T10:11:51.502+0000] {logging_mixin.py:188} INFO - [2026-09-17T10:11:51.502+0000] {dag.py:3954} INFO - Setting next_dagrun for youtube_staging to 2026-09-16 00:00:00+00:00, run_after=2026-09-17 00:00:00+00:00
[2026-09-17T10:11:51.527+0000] {processor.py:183} INFO - Processing /opt/airflow/dags/dag_staging.py took 0.153 seconds
[2026-09-17T10:12:21.791+0000] {processor.py:161} INFO - Started process (PID=102) to work on /opt/airflow/dags/dag_staging.py
[2026-09-17T10:12:21.795+0000] {processor.py:830} INFO - Processing file /opt/airflow/dags/dag_staging.py for tasks to queue
[2026-09-17T10:12:21.798+0000] {logging_mixin.py:188} INFO - [2026-09-17T10:12:21.797+0000] {dagbag.py:545} INFO - Filling up the DagBag from /opt/airflow/dags/dag_staging.py
[2026-09-17T10:12:21.860+0000] {processor.py:840} INFO - DAG(s) 'youtube_staging' retrieved from /opt/airflow/dags/dag_staging.py
[2026-09-17T10:12:21.887+0000] {logging_mixin.py:188} INFO - [2026-09-17T10:12:21.887+0000] {dag.py:3096} INFO - Sync 1 DAGs
[2026-09-17T10:12:21.911+0000] {logging_mixin.py:188} INFO - [2026-09-17T10:12:21.911+0000] {dag.py:3954} INFO - Setting next_dagrun for youtube_staging to 2026-09-16 00:00:00+00:00, run_after=2026-09-17 00:00:00+00:00
[2026-09-17T10:12:21.935+0000] {processor.py:183} INFO - Processing /opt/airflow/dags/dag_staging.py took 0.151 seconds
[2026-09-17T10:12:52.240+0000] {processor.py:161} INFO - Started process (PID=110) to work on /opt/airflow/dags/dag_staging.py
[2026-09-17T10:12:52.242+0000] {processor.py:830} INFO - Processing file /opt/airflow/dags/dag_staging.py for tasks to queue
[2026-09-17T10:12:52.247+0000] {logging_mixin.py:188} INFO - [2026-09-17T10:12:52.246+0000] {dagbag.py:545} INFO - Filling up the DagBag from /opt/airflow/dags/dag_staging.py
[2026-09-17T10:12:52.323+0000] {processor.py:840} INFO - DAG(s) 'youtube_staging' retrieved from /opt/airflow/dags/dag_staging.py
[2026-09-17T10:12:52.352+0000] {logging_mixin.py:188} INFO - [2026-09-17T10:12:52.352+0000] {dag.py:3096} INFO - Sync 1 DAGs
[2026-09-17T10:12:52.374+0000] {logging_mixin.py:188} INFO - [2026-09-17T10:12:52.374+0000] {dag.py:3954} INFO - Setting next_dagrun for youtube_staging to 2026-09-16 00:00:00+00:00, run_after=2026-09-17 00:00:00+00:00
[2026-09-17T10:12:52.398+0000] {processor.py:183} INFO - Processing /opt/airflow/dags/dag_staging.py took 0.169 seconds
[2026-09-17T10:13:22.557+0000] {processor.py:161} INFO - Started process (PID=118) to work on /opt/airflow/dags/dag_staging.py
[2026-09-17T10:13:22.559+0000] {processor.py:830} INFO - Processing file /opt/airflow/dags/dag_staging.py for tasks to queue
[2026-09-17T10:13:22.561+0000] {logging_mixin.py:188} INFO - [2026-09-17T10:13:22.561+0000] {dagbag.py:545} INFO - Filling up the DagBag from /opt/airflow/dags/dag_staging.py
[2026-09-17T10:13:22.633+0000] {processor.py:840} INFO - DAG(s) 'youtube_staging' retrieved from /opt/airflow/dags/dag_staging.py
[2026-09-17T10:13:22.659+0000] {logging_mixin.py:188} INFO - [2026-09-17T10:13:22.659+0000] {dag.py:3096} INFO - Sync 1 DAGs
[2026-09-17T10:13:22.685+0000] {logging_mixin.py:188} INFO - [2026-09-17T10:13:22.685+0000] {dag.py:3954} INFO - Setting next_dagrun for youtube_staging to 2026-09-16 00:00:00+00:00, run_after=2026-09-17 00:00:00+00:00
[2026-09-17T10:13:22.707+0000] {processor.py:183} INFO - Processing /opt/airflow/dags/dag_staging.py took 0.159 seconds
[2026-09-17T10:13:53.052+0000] {processor.py:161} INFO - Started process (PID=126) to work on /opt/airflow/dags/dag_staging.py
[2026-09-17T10:13:53.054+0000] {processor.py:830} INFO - Processing file /opt/airflow/dags/dag_staging.py for tasks to queue
[2026-09-17T10:13:53.058+0000] {logging_mixin.py:188} INFO - [2026-09-17T10:13:53.057+0000] {dagbag.py:545} INFO - Filling up the DagBag from /opt/airflow/dags/dag_staging.py
[2026-09-17T10:13:53.186+0000] {processor.py:840} INFO - DAG(s) 'youtube_staging' retrieved from /opt/airflow/dags/dag_staging.py
[2026-09-17T10:13:53.225+0000] {logging_mixin.py:188} INFO - [2026-09-17T10:13:53.224+0000] {dag.py:3096} INFO - Sync 1 DAGs
[2026-09-17T10:13:53.262+0000] {logging_mixin.py:188} INFO - [2026-09-17T10:13:53.262+0000] {dag.py:3954} INFO - Setting next_dagrun for youtube_staging to 2026-09-16 00:00:00+00:00, run_after=2026-09-17 00:00:00+00:00
[2026-09-17T10:13:53.302+0000] {processor.py:183} INFO - Processing /opt/airflow/dags/dag_staging.py took 0.260 seconds
[2026-09-17T10:14:23.374+0000] {processor.py:161} INFO - Started process (PID=134) to work on /opt/airflow/dags/dag_staging.py
[2026-09-17T10:14:23.376+0000] {processor.py:830} INFO - Processing file /opt/airflow/dags/dag_staging.py for tasks to queue
[2026-09-17T10:14:23.379+0000] {logging_mixin.py:188} INFO - [2026-09-17T10:14:23.379+0000] {dagbag.py:545} INFO - Filling up the DagBag from /opt/airflow/dags/dag_staging.py
[2026-09-17T10:14:23.452+0000] {processor.py:840} INFO - DAG(s) 'youtube_staging' retrieved from /opt/airflow/dags/dag_staging.py
[2026-09-17T10:14:23.485+0000] {logging_mixin.py:188} INFO - [2026-09-17T10:14:23.484+0000] {dag.py:3096} INFO - Sync 1 DAGs
[2026-09-17T10:14:23.510+0000] {logging_mixin.py:188} INFO - [2026-09-17T10:14:23.510+0000] {dag.py:3954} INFO - Setting next_dagrun for youtube_staging to 2026-09-16 00:00:00+00:00, run_after=2026-09-17 00:00:00+00:00
[2026-09-17T10:14:23.538+0000] {processor.py:183} INFO - Processing /opt/airflow/dags/dag_staging.py took 0.172 seconds
[2026-09-17T10:14:53.797+0000] {processor.py:161} INFO - Started process (PID=148) to work on /opt/airflow/dags/dag_staging.py
[2026-09-17T10:14:53.799+0000] {processor.py:830} INFO - Processing file /opt/airflow/dags/dag_staging.py for tasks to queue
[2026-09-17T10:14:53.803+0000] {logging_mixin.py:188} INFO - [2026-09-17T10:14:53.802+0000] {dagbag.py:545} INFO - Filling up the DagBag from /opt/airflow/dags/dag_staging.py
[2026-09-17T10:14:53.871+0000] {processor.py:840} INFO - DAG(s) 'youtube_staging' retrieved from /opt/airflow/dags/dag_staging.py
[2026-09-17T10:14:53.903+0000] {logging_mixin.py:188} INFO - [2026-09-17T10:14:53.902+0000] {dag.py:3096} INFO - Sync 1 DAGs
[2026-09-17T10:14:53.929+0000] {logging_mixin.py:188} INFO - [2026-09-17T10:14:53.928+0000] {dag.py:3954} INFO - Setting next_dagrun for youtube_staging to 2026-09-16 00:00:00+00:00, run_after=2026-09-17 00:00:00+00:00
[2026-09-17T10:14:53.953+0000] {processor.py:183} INFO - Processing /opt/airflow/dags/dag_staging.py took 0.164 seconds
[2026-09-17T10:15:24.102+0000] {processor.py:161} INFO - Started process (PID=156) to work on /opt/airflow/dags/dag_staging.py
[2026-09-17T10:15:24.104+0000] {processor.py:830} INFO - Processing file /opt/airflow/dags/dag_staging.py for tasks to queue
[2026-09-17T10:15:24.107+0000] {logging_mixin.py:188} INFO - [2026-09-17T10:15:24.107+0000] {dagbag.py:545} INFO - Filling up the DagBag from /opt/airflow/dags/dag_staging.py
[2026-09-17T10:15:24.176+0000] {processor.py:840} INFO - DAG(s) 'youtube_staging' retrieved from /opt/airflow/dags/dag_staging.py
[2026-09-17T10:15:24.205+0000] {logging_mixin.py:188} INFO - [2026-09-17T10:15:24.205+0000] {dag.py:3096} INFO - Sync 1 DAGs
[2026-09-17T10:15:24.227+0000] {logging_mixin.py:188} INFO - [2026-09-17T10:15:24.226+0000] {dag.py:3954} INFO - Setting next_dagrun for youtube_staging to 2026-09-16 00:00:00+00:00, run_after=2026-09-17 00:00:00+00:00
[2026-09-17T10:15:24.252+0000] {processor.py:183} INFO - Processing /opt/airflow/dags/dag_staging.py took 0.158 seconds
[2026-09-17T10:15:54.461+0000] {processor.py:161} INFO - Started process (PID=164) to work on /opt/airflow/dags/dag_staging.py
[2026-09-17T10:15:54.463+0000] {processor.py:830} INFO - Processing file /opt/airflow/dags/dag_staging.py for tasks to queue
[2026-09-17T10:15:54.466+0000] {logging_mixin.py:188} INFO - [2026-09-17T10:15:54.465+0000] {dagbag.py:545} INFO - Filling up the DagBag from /opt/airflow/dags/dag_staging.py
[2026-09-17T10:15:54.541+0000] {processor.py:840} INFO - DAG(s) 'youtube_staging' retrieved from /opt/airflow/dags/dag_staging.py
[2026-09-17T10:15:54.571+0000] {logging_mixin.py:188} INFO - [2026-09-17T10:15:54.571+0000] {dag.py:3096} INFO - Sync 1 DAGs
[2026-09-17T10:15:54.595+0000] {logging_mixin.py:188} INFO - [2026-09-17T10:15:54.595+0000] {dag.py:3954} INFO - Setting next_dagrun for youtube_staging to 2026-09-16 00:00:00+00:00, run_after=2026-09-17 00:00:00+00:00
[2026-09-17T10:15:54.619+0000] {processor.py:183} INFO - Processing /opt/airflow/dags/dag_staging.py took 0.164 seconds
[2026-09-17T10:16:24.995+0000] {processor.py:161} INFO - Started process (PID=172) to work on /opt/airflow/dags/dag_staging.py
[2026-09-17T10:16:24.997+0000] {processor.py:830} INFO - Processing file /opt/airflow/dags/dag_staging.py for tasks to queue
[2026-09-17T10:16:25.000+0000] {logging_mixin.py:188} INFO - [2026-09-17T10:16:24.999+0000] {dagbag.py:545} INFO - Filling up the DagBag from /opt/airflow/dags/dag_staging.py
[2026-09-17T10:16:25.063+0000] {processor.py:840} INFO - DAG(s) 'youtube_staging' retrieved from /opt/airflow/dags/dag_staging.py
[2026-09-17T10:16:25.091+0000] {logging_mixin.py:188} INFO - [2026-09-17T10:16:25.091+0000] {dag.py:3096} INFO - Sync 1 DAGs
[2026-09-17T10:16:25.113+0000] {logging_mixin.py:188} INFO - [2026-09-17T10:16:25.113+0000] {dag.py:3954} INFO - Setting next_dagrun for youtube_staging to 2026-09-16 00:00:00+00:00, run_after=2026-09-17 00:00:00+00:00
[2026-09-17T10:16:25.134+0000] {processor.py:183} INFO - Processing /opt/airflow/dags/dag_staging.py took 0.148 seconds
[2026-09-17T10:16:55.300+0000] {processor.py:161} INFO - Started process (PID=180) to work on /opt/airflow/dags/dag_staging.py
[2026-09-17T10:16:55.303+0000] {processor.py:830} INFO - Processing file /opt/airflow/dags/dag_staging.py for tasks to queue
[2026-09-17T10:16:55.306+0000] {logging_mixin.py:188} INFO - [2026-09-17T10:16:55.305+0000] {dagbag.py:545} INFO - Filling up the DagBag from /opt/airflow/dags/dag_staging.py
[2026-09-17T10:16:55.379+0000] {processor.py:840} INFO - DAG(s) 'youtube_staging' retrieved from /opt/airflow/dags/dag_staging.py
[2026-09-17T10:16:55.406+0000] {logging_mixin.py:188} INFO - [2026-09-17T10:16:55.406+0000] {dag.py:3096} INFO - Sync 1 DAGs
[2026-09-17T10:16:55.427+0000] {logging_mixin.py:188} INFO - [2026-09-17T10:16:55.427+0000] {dag.py:3954} INFO - Setting next_dagrun for youtube_staging to 2026-09-16 00:00:00+00:00, run_after=2026-09-17 00:00:00+00:00
[2026-09-17T10:16:55.449+0000] {processor.py:183} INFO - Processing /opt/airflow/dags/dag_staging.py took 0.157 seconds
[2026-09-17T10:17:25.744+0000] {processor.py:161} INFO - Started process (PID=188) to work on /opt/airflow/dags/dag_staging.py
[2026-09-17T10:17:25.746+0000] {processor.py:830} INFO - Processing file /opt/airflow/dags/dag_staging.py for tasks to queue
[2026-09-17T10:17:25.750+0000] {logging_mixin.py:188} INFO - [2026-09-17T10:17:25.749+0000] {dagbag.py:545} INFO - Filling up the DagBag from /opt/airflow/dags/dag_staging.py
[2026-09-17T10:17:25.821+0000] {processor.py:840} INFO - DAG(s) 'youtube_staging' retrieved from /opt/airflow/dags/dag_staging.py
[2026-09-17T10:17:25.854+0000] {logging_mixin.py:188} INFO - [2026-09-17T10:17:25.853+0000] {dag.py:3096} INFO - Sync 1 DAGs
[2026-09-17T10:17:25.883+0000] {logging_mixin.py:188} INFO - [2026-09-17T10:17:25.882+0000] {dag.py:3954} INFO - Setting next_dagrun for youtube_staging to 2026-09-16 00:00:00+00:00, run_after=2026-09-17 00:00:00+00:00
[2026-09-17T10:17:25.906+0000] {processor.py:183} INFO - Processing /opt/airflow/dags/dag_staging.py took 0.171 seconds
[2026-09-17T10:17:56.076+0000] {processor.py:161} INFO - Started process (PID=196) to work on /opt/airflow/dags/dag_staging.py
[2026-09-17T10:17:56.078+0000] {processor.py:830} INFO - Processing file /opt/airflow/dags/dag_staging.py for tasks to queue
[2026-09-17T10:17:56.081+0000] {logging_mixin.py:188} INFO - [2026-09-17T10:17:56.081+0000] {dagbag.py:545} INFO - Filling up the DagBag from /opt/airflow/dags/dag_staging.py
[2026-09-17T10:17:56.149+0000] {processor.py:840} INFO - DAG(s) 'youtube_staging' retrieved from /opt/airflow/dags/dag_staging.py
[2026-09-17T10:17:56.177+0000] {logging_mixin.py:188} INFO - [2026-09-17T10:17:56.177+0000] {dag.py:3096} INFO - Sync 1 DAGs
[2026-09-17T10:17:56.197+0000] {logging_mixin.py:188} INFO - [2026-09-17T10:17:56.197+0000] {dag.py:3954} INFO - Setting next_dagrun for youtube_staging to 2026-09-16 00:00:00+00:00, run_after=2026-09-17 00:00:00+00:00
[2026-09-17T10:17:56.221+0000] {processor.py:183} INFO - Processing /opt/airflow/dags/dag_staging.py took 0.152 seconds
[2026-09-17T10:18:26.572+0000] {processor.py:161} INFO - Started process (PID=204) to work on /opt/airflow/dags/dag_staging.py
[2026-09-17T10:18:26.575+0000] {processor.py:830} INFO - Processing file /opt/airflow/dags/dag_staging.py for tasks to queue
[2026-09-17T10:18:26.580+0000] {logging_mixin.py:188} INFO - [2026-09-17T10:18:26.580+0000] {dagbag.py:545} INFO - Filling up the DagBag from /opt/airflow/dags/dag_staging.py
[2026-09-17T10:18:26.682+0000] {processor.py:840} INFO - DAG(s) 'youtube_staging' retrieved from /opt/airflow/dags/dag_staging.py
[2026-09-17T10:18:26.721+0000] {logging_mixin.py:188} INFO - [2026-09-17T10:18:26.720+0000] {dag.py:3096} INFO - Sync 1 DAGs
[2026-09-17T10:18:26.747+0000] {logging_mixin.py:188} INFO - [2026-09-17T10:18:26.747+0000] {dag.py:3954} INFO - Setting next_dagrun for youtube_staging to 2026-09-16 00:00:00+00:00, run_after=2026-09-17 00:00:00+00:00
[2026-09-17T10:18:26.781+0000] {processor.py:183} INFO - Processing /opt/airflow/dags/dag_staging.py took 0.220 seconds
[2026-09-17T10:18:56.984+0000] {processor.py:161} INFO - Started process (PID=212) to work on /opt/airflow/dags/dag_staging.py
[2026-09-17T10:18:56.987+0000] {processor.py:830} INFO - Processing file /opt/airflow/dags/dag_staging.py for tasks to queue
[2026-09-17T10:18:56.992+0000] {logging_mixin.py:188} INFO - [2026-09-17T10:18:56.991+0000] {dagbag.py:545} INFO - Filling up the DagBag from /opt/airflow/dags/dag_staging.py
[2026-09-17T10:18:57.153+0000] {processor.py:840} INFO - DAG(s) 'youtube_staging' retrieved from /opt/airflow/dags/dag_staging.py
[2026-09-17T10:18:57.192+0000] {logging_mixin.py:188} INFO - [2026-09-17T10:18:57.191+0000] {dag.py:3096} INFO - Sync 1 DAGs
[2026-09-17T10:18:57.225+0000] {logging_mixin.py:188} INFO - [2026-09-17T10:18:57.225+0000] {dag.py:3954} INFO - Setting next_dagrun for youtube_staging to 2026-09-16 00:00:00+00:00, run_after=2026-09-17 00:00:00+00:00
[2026-09-17T10:18:57.262+0000] {processor.py:183} INFO - Processing /opt/airflow/dags/dag_staging.py took 0.290 seconds
[2026-09-17T10:19:27.816+0000] {processor.py:161} INFO - Started process (PID=220) to work on /opt/airflow/dags/dag_staging.py
[2026-09-17T10:19:27.819+0000] {processor.py:830} INFO - Processing file /opt/airflow/dags/dag_staging.py for tasks to queue
[2026-09-17T10:19:27.825+0000] {logging_mixin.py:188} INFO - [2026-09-17T10:19:27.824+0000] {dagbag.py:545} INFO - Filling up the DagBag from /opt/airflow/dags/dag_staging.py
[2026-09-17T10:19:27.920+0000] {processor.py:840} INFO - DAG(s) 'youtube_staging' retrieved from /opt/airflow/dags/dag_staging.py
[2026-09-17T10:19:27.960+0000] {logging_mixin.py:188} INFO - [2026-09-17T10:19:27.960+0000] {dag.py:3096} INFO - Sync 1 DAGs
[2026-09-17T10:19:27.992+0000] {logging_mixin.py:188} INFO - [2026-09-17T10:19:27.992+0000] {dag.py:3954} INFO - Setting next_dagrun for youtube_staging to 2026-09-16 00:00:00+00:00, run_after=2026-09-17 00:00:00+00:00
[2026-09-17T10:19:28.021+0000] {processor.py:183} INFO - Processing /opt/airflow/dags/dag_staging.py took 0.215 seconds
[2026-09-17T10:19:58.244+0000] {processor.py:161} INFO - Started process (PID=228) to work on /opt/airflow/dags/dag_staging.py
[2026-09-17T10:19:58.247+0000] {processor.py:830} INFO - Processing file /opt/airflow/dags/dag_staging.py for tasks to queue
[2026-09-17T10:19:58.251+0000] {logging_mixin.py:188} INFO - [2026-09-17T10:19:58.251+0000] {dagbag.py:545} INFO - Filling up the DagBag from /opt/airflow/dags/dag_staging.py
[2026-09-17T10:19:58.340+0000] {processor.py:840} INFO - DAG(s) 'youtube_staging' retrieved from /opt/airflow/dags/dag_staging.py
[2026-09-17T10:19:58.382+0000] {logging_mixin.py:188} INFO - [2026-09-17T10:19:58.382+0000] {dag.py:3096} INFO - Sync 1 DAGs
[2026-09-17T10:19:58.412+0000] {logging_mixin.py:188} INFO - [2026-09-17T10:19:58.412+0000] {dag.py:3954} INFO - Setting next_dagrun for youtube_staging to 2026-09-16 00:00:00+00:00, run_after=2026-09-17 00:00:00+00:00
[2026-09-17T10:19:58.440+0000] {processor.py:183} INFO - Processing /opt/airflow/dags/dag_staging.py took 0.205 seconds
[2026-09-17T10:20:28.727+0000] {processor.py:161} INFO - Started process (PID=236) to work on /opt/airflow/dags/dag_staging.py
[2026-09-17T10:20:28.729+0000] {processor.py:830} INFO - Processing file /opt/airflow/dags/dag_staging.py for tasks to queue
[2026-09-17T10:20:28.734+0000] {logging_mixin.py:188} INFO - [2026-09-17T10:20:28.733+0000] {dagbag.py:545} INFO - Filling up the DagBag from /opt/airflow/dags/dag_staging.py
[2026-09-17T10:20:28.822+0000] {processor.py:840} INFO - DAG(s) 'youtube_staging' retrieved from /opt/airflow/dags/dag_staging.py
[2026-09-17T10:20:28.860+0000] {logging_mixin.py:188} INFO - [2026-09-17T10:20:28.860+0000] {dag.py:3096} INFO - Sync 1 DAGs
[2026-09-17T10:20:28.887+0000] {logging_mixin.py:188} INFO - [2026-09-17T10:20:28.887+0000] {dag.py:3954} INFO - Setting next_dagrun for youtube_staging to 2026-09-16 00:00:00+00:00, run_after=2026-09-17 00:00:00+00:00
[2026-09-17T10:20:28.914+0000] {processor.py:183} INFO - Processing /opt/airflow/dags/dag_staging.py took 0.195 seconds
[2026-09-17T10:20:59.342+0000] {processor.py:161} INFO - Started process (PID=244) to work on /opt/airflow/dags/dag_staging.py
[2026-09-17T10:20:59.347+0000] {processor.py:830} INFO - Processing file /opt/airflow/dags/dag_staging.py for tasks to queue
[2026-09-17T10:20:59.352+0000] {logging_mixin.py:188} INFO - [2026-09-17T10:20:59.352+0000] {dagbag.py:545} INFO - Filling up the DagBag from /opt/airflow/dags/dag_staging.py
[2026-09-17T10:20:59.483+0000] {processor.py:840} INFO - DAG(s) 'youtube_staging' retrieved from /opt/airflow/dags/dag_staging.py
[2026-09-17T10:20:59.523+0000] {logging_mixin.py:188} INFO - [2026-09-17T10:20:59.523+0000] {dag.py:3096} INFO - Sync 1 DAGs
[2026-09-17T10:20:59.556+0000] {logging_mixin.py:188} INFO - [2026-09-17T10:20:59.556+0000] {dag.py:3954} INFO - Setting next_dagrun for youtube_staging to 2026-09-16 00:00:00+00:00, run_after=2026-09-17 00:00:00+00:00
[2026-09-17T10:20:59.591+0000] {processor.py:183} INFO - Processing /opt/airflow/dags/dag_staging.py took 0.265 seconds
[2026-09-17T10:21:29.761+0000] {processor.py:161} INFO - Started process (PID=252) to work on /opt/airflow/dags/dag_staging.py
[2026-09-17T10:21:29.765+0000] {processor.py:830} INFO - Processing file /opt/airflow/dags/dag_staging.py for tasks to queue
[2026-09-17T10:21:29.770+0000] {logging_mixin.py:188} INFO - [2026-09-17T10:21:29.769+0000] {dagbag.py:545} INFO - Filling up the DagBag from /opt/airflow/dags/dag_staging.py
[2026-09-17T10:21:29.875+0000] {processor.py:840} INFO - DAG(s) 'youtube_staging' retrieved from /opt/airflow/dags/dag_staging.py
[2026-09-17T10:21:29.911+0000] {logging_mixin.py:188} INFO - [2026-09-17T10:21:29.910+0000] {dag.py:3096} INFO - Sync 1 DAGs
[2026-09-17T10:21:29.949+0000] {logging_mixin.py:188} INFO - [2026-09-17T10:21:29.948+0000] {dag.py:3954} INFO - Setting next_dagrun for youtube_staging to 2026-09-16 00:00:00+00:00, run_after=2026-09-17 00:00:00+00:00
[2026-09-17T10:21:29.978+0000] {processor.py:183} INFO - Processing /opt/airflow/dags/dag_staging.py took 0.229 seconds
[2026-09-17T10:22:00.366+0000] {processor.py:161} INFO - Started process (PID=260) to work on /opt/airflow/dags/dag_staging.py
[2026-09-17T10:22:00.371+0000] {processor.py:830} INFO - Processing file /opt/airflow/dags/dag_staging.py for tasks to queue
[2026-09-17T10:22:00.375+0000] {logging_mixin.py:188} INFO - [2026-09-17T10:22:00.375+0000] {dagbag.py:545} INFO - Filling up the DagBag from /opt/airflow/dags/dag_staging.py
[2026-09-17T10:22:00.490+0000] {processor.py:840} INFO - DAG(s) 'youtube_staging' retrieved from /opt/airflow/dags/dag_staging.py
[2026-09-17T10:22:00.545+0000] {logging_mixin.py:188} INFO - [2026-09-17T10:22:00.545+0000] {dag.py:3096} INFO - Sync 1 DAGs
[2026-09-17T10:22:00.585+0000] {logging_mixin.py:188} INFO - [2026-09-17T10:22:00.584+0000] {dag.py:3954} INFO - Setting next_dagrun for youtube_staging to 2026-09-16 00:00:00+00:00, run_after=2026-09-17 00:00:00+00:00
[2026-09-17T10:22:00.618+0000] {processor.py:183} INFO - Processing /opt/airflow/dags/dag_staging.py took 0.264 seconds
[2026-09-17T10:22:31.093+0000] {processor.py:161} INFO - Started process (PID=268) to work on /opt/airflow/dags/dag_staging.py
[2026-09-17T10:22:31.099+0000] {processor.py:830} INFO - Processing file /opt/airflow/dags/dag_staging.py for tasks to queue
[2026-09-17T10:22:31.103+0000] {logging_mixin.py:188} INFO - [2026-09-17T10:22:31.103+0000] {dagbag.py:545} INFO - Filling up the DagBag from /opt/airflow/dags/dag_staging.py
[2026-09-17T10:22:31.233+0000] {processor.py:840} INFO - DAG(s) 'youtube_staging' retrieved from /opt/airflow/dags/dag_staging.py
[2026-09-17T10:22:31.273+0000] {logging_mixin.py:188} INFO - [2026-09-17T10:22:31.272+0000] {dag.py:3096} INFO - Sync 1 DAGs
[2026-09-17T10:22:31.303+0000] {logging_mixin.py:188} INFO - [2026-09-17T10:22:31.302+0000] {dag.py:3954} INFO - Setting next_dagrun for youtube_staging to 2026-09-16 00:00:00+00:00, run_after=2026-09-17 00:00:00+00:00
[2026-09-17T10:22:31.338+0000] {processor.py:183} INFO - Processing /opt/airflow/dags/dag_staging.py took 0.260 seconds
[2026-09-17T10:23:01.523+0000] {processor.py:161} INFO - Started process (PID=276) to work on /opt/airflow/dags/dag_staging.py
[2026-09-17T10:23:01.529+0000] {processor.py:830} INFO - Processing file /opt/airflow/dags/dag_staging.py for tasks to queue
[2026-09-17T10:23:01.534+0000] {logging_mixin.py:188} INFO - [2026-09-17T10:23:01.534+0000] {dagbag.py:545} INFO - Filling up the DagBag from /opt/airflow/dags/dag_staging.py
[2026-09-17T10:23:01.643+0000] {processor.py:840} INFO - DAG(s) 'youtube_staging' retrieved from /opt/airflow/dags/dag_staging.py
[2026-09-17T10:23:01.691+0000] {logging_mixin.py:188} INFO - [2026-09-17T10:23:01.691+0000] {dag.py:3096} INFO - Sync 1 DAGs
[2026-09-17T10:23:01.729+0000] {logging_mixin.py:188} INFO - [2026-09-17T10:23:01.729+0000] {dag.py:3954} INFO - Setting next_dagrun for youtube_staging to 2026-09-16 00:00:00+00:00, run_after=2026-09-17 00:00:00+00:00
[2026-09-17T10:23:01.756+0000] {processor.py:183} INFO - Processing /opt/airflow/dags/dag_staging.py took 0.244 seconds
[2026-09-17T10:23:32.075+0000] {processor.py:161} INFO - Started process (PID=284) to work on /opt/airflow/dags/dag_staging.py
[2026-09-17T10:23:32.078+0000] {processor.py:830} INFO - Processing file /opt/airflow/dags/dag_staging.py for tasks to queue
[2026-09-17T10:23:32.083+0000] {logging_mixin.py:188} INFO - [2026-09-17T10:23:32.082+0000] {dagbag.py:545} INFO - Filling up the DagBag from /opt/airflow/dags/dag_staging.py
[2026-09-17T10:23:32.194+0000] {processor.py:840} INFO - DAG(s) 'youtube_staging' retrieved from /opt/airflow/dags/dag_staging.py
[2026-09-17T10:23:32.236+0000] {logging_mixin.py:188} INFO - [2026-09-17T10:23:32.236+0000] {dag.py:3096} INFO - Sync 1 DAGs
[2026-09-17T10:23:32.274+0000] {logging_mixin.py:188} INFO - [2026-09-17T10:23:32.274+0000] {dag.py:3954} INFO - Setting next_dagrun for youtube_staging to 2026-09-16 00:00:00+00:00, run_after=2026-09-17 00:00:00+00:00
[2026-09-17T10:23:32.319+0000] {processor.py:183} INFO - Processing /opt/airflow/dags/dag_staging.py took 0.255 seconds
[2026-09-17T10:24:02.781+0000] {processor.py:161} INFO - Started process (PID=292) to work on /opt/airflow/dags/dag_staging.py
[2026-09-17T10:24:02.785+0000] {processor.py:830} INFO - Processing file /opt/airflow/dags/dag_staging.py for tasks to queue
[2026-09-17T10:24:02.791+0000] {logging_mixin.py:188} INFO - [2026-09-17T10:24:02.790+0000] {dagbag.py:545} INFO - Filling up the DagBag from /opt/airflow/dags/dag_staging.py
[2026-09-17T10:24:02.918+0000] {processor.py:840} INFO - DAG(s) 'youtube_staging' retrieved from /opt/airflow/dags/dag_staging.py
[2026-09-17T10:24:02.963+0000] {logging_mixin.py:188} INFO - [2026-09-17T10:24:02.962+0000] {dag.py:3096} INFO - Sync 1 DAGs
[2026-09-17T10:24:03.002+0000] {logging_mixin.py:188} INFO - [2026-09-17T10:24:03.001+0000] {dag.py:3954} INFO - Setting next_dagrun for youtube_staging to 2026-09-16 00:00:00+00:00, run_after=2026-09-17 00:00:00+00:00
[2026-09-17T10:24:03.035+0000] {processor.py:183} INFO - Processing /opt/airflow/dags/dag_staging.py took 0.276 seconds
[2026-09-17T10:24:33.526+0000] {processor.py:161} INFO - Started process (PID=300) to work on /opt/airflow/dags/dag_staging.py
[2026-09-17T10:24:33.531+0000] {processor.py:830} INFO - Processing file /opt/airflow/dags/dag_staging.py for tasks to queue
[2026-09-17T10:24:33.536+0000] {logging_mixin.py:188} INFO - [2026-09-17T10:24:33.535+0000] {dagbag.py:545} INFO - Filling up the DagBag from /opt/airflow/dags/dag_staging.py
[2026-09-17T10:24:33.632+0000] {processor.py:840} INFO - DAG(s) 'youtube_staging' retrieved from /opt/airflow/dags/dag_staging.py
[2026-09-17T10:24:33.668+0000] {logging_mixin.py:188} INFO - [2026-09-17T10:24:33.668+0000] {dag.py:3096} INFO - Sync 1 DAGs
[2026-09-17T10:24:33.696+0000] {logging_mixin.py:188} INFO - [2026-09-17T10:24:33.696+0000] {dag.py:3954} INFO - Setting next_dagrun for youtube_staging to 2026-09-16 00:00:00+00:00, run_after=2026-09-17 00:00:00+00:00
[2026-09-17T10:24:33.723+0000] {processor.py:183} INFO - Processing /opt/airflow/dags/dag_staging.py took 0.209 seconds
[2026-09-17T10:25:04.160+0000] {processor.py:161} INFO - Started process (PID=308) to work on /opt/airflow/dags/dag_staging.py
[2026-09-17T10:25:04.164+0000] {processor.py:830} INFO - Processing file /opt/airflow/dags/dag_staging.py for tasks to queue
[2026-09-17T10:25:04.169+0000] {logging_mixin.py:188} INFO - [2026-09-17T10:25:04.168+0000] {dagbag.py:545} INFO - Filling up the DagBag from /opt/airflow/dags/dag_staging.py
[2026-09-17T10:25:04.267+0000] {processor.py:840} INFO - DAG(s) 'youtube_staging' retrieved from /opt/airflow/dags/dag_staging.py
[2026-09-17T10:25:04.305+0000] {logging_mixin.py:188} INFO - [2026-09-17T10:25:04.305+0000] {dag.py:3096} INFO - Sync 1 DAGs
[2026-09-17T10:25:04.354+0000] {logging_mixin.py:188} INFO - [2026-09-17T10:25:04.353+0000] {dag.py:3954} INFO - Setting next_dagrun for youtube_staging to 2026-09-16 00:00:00+00:00, run_after=2026-09-17 00:00:00+00:00
[2026-09-17T10:25:04.391+0000] {processor.py:183} INFO - Processing /opt/airflow/dags/dag_staging.py took 0.245 seconds
[2026-09-17T10:25:34.763+0000] {processor.py:161} INFO - Started process (PID=316) to work on /opt/airflow/dags/dag_staging.py
[2026-09-17T10:25:34.766+0000] {processor.py:830} INFO - Processing file /opt/airflow/dags/dag_staging.py for tasks to queue
[2026-09-17T10:25:34.770+0000] {logging_mixin.py:188} INFO - [2026-09-17T10:25:34.770+0000] {dagbag.py:545} INFO - Filling up the DagBag from /opt/airflow/dags/dag_staging.py
[2026-09-17T10:25:34.851+0000] {processor.py:840} INFO - DAG(s) 'youtube_staging' retrieved from /opt/airflow/dags/dag_staging.py
[2026-09-17T10:25:34.876+0000] {logging_mixin.py:188} INFO - [2026-09-17T10:25:34.876+0000] {dag.py:3096} INFO - Sync 1 DAGs
[2026-09-17T10:25:34.898+0000] {logging_mixin.py:188} INFO - [2026-09-17T10:25:34.897+0000] {dag.py:3954} INFO - Setting next_dagrun for youtube_staging to 2026-09-16 00:00:00+00:00, run_after=2026-09-17 00:00:00+00:00
[2026-09-17T10:25:34.920+0000] {processor.py:183} INFO - Processing /opt/airflow/dags/dag_staging.py took 0.166 seconds
[2026-09-17T10:26:05.069+0000] {processor.py:161} INFO - Started process (PID=324) to work on /opt/airflow/dags/dag_staging.py
[2026-09-17T10:26:05.071+0000] {processor.py:830} INFO - Processing file /opt/airflow/dags/dag_staging.py for tasks to queue
[2026-09-17T10:26:05.074+0000] {logging_mixin.py:188} INFO - [2026-09-17T10:26:05.073+0000] {dagbag.py:545} INFO - Filling up the DagBag from /opt/airflow/dags/dag_staging.py
[2026-09-17T10:26:05.166+0000] {processor.py:840} INFO - DAG(s) 'youtube_staging' retrieved from /opt/airflow/dags/dag_staging.py
[2026-09-17T10:26:05.204+0000] {logging_mixin.py:188} INFO - [2026-09-17T10:26:05.204+0000] {dag.py:3096} INFO - Sync 1 DAGs
[2026-09-17T10:26:05.233+0000] {logging_mixin.py:188} INFO - [2026-09-17T10:26:05.232+0000] {dag.py:3954} INFO - Setting next_dagrun for youtube_staging to 2026-09-16 00:00:00+00:00, run_after=2026-09-17 00:00:00+00:00
[2026-09-17T10:26:05.262+0000] {processor.py:183} INFO - Processing /opt/airflow/dags/dag_staging.py took 0.200 seconds
[2026-09-17T10:26:35.585+0000] {processor.py:161} INFO - Started process (PID=332) to work on /opt/airflow/dags/dag_staging.py
[2026-09-17T10:26:35.587+0000] {processor.py:830} INFO - Processing file /opt/airflow/dags/dag_staging.py for tasks to queue
[2026-09-17T10:26:35.590+0000] {logging_mixin.py:188} INFO - [2026-09-17T10:26:35.590+0000] {dagbag.py:545} INFO - Filling up the DagBag from /opt/airflow/dags/dag_staging.py
[2026-09-17T10:26:35.658+0000] {processor.py:840} INFO - DAG(s) 'youtube_staging' retrieved from /opt/airflow/dags/dag_staging.py
[2026-09-17T10:26:35.694+0000] {logging_mixin.py:188} INFO - [2026-09-17T10:26:35.693+0000] {dag.py:3096} INFO - Sync 1 DAGs
[2026-09-17T10:26:35.718+0000] {logging_mixin.py:188} INFO - [2026-09-17T10:26:35.718+0000] {dag.py:3954} INFO - Setting next_dagrun for youtube_staging to 2026-09-16 00:00:00+00:00, run_after=2026-09-17 00:00:00+00:00
[2026-09-17T10:26:35.745+0000] {processor.py:183} INFO - Processing /opt/airflow/dags/dag_staging.py took 0.167 seconds
[2026-09-17T10:27:06.044+0000] {processor.py:161} INFO - Started process (PID=340) to work on /opt/airflow/dags/dag_staging.py
[2026-09-17T10:27:06.046+0000] {processor.py:830} INFO - Processing file /opt/airflow/dags/dag_staging.py for tasks to queue
[2026-09-17T10:27:06.050+0000] {logging_mixin.py:188} INFO - [2026-09-17T10:27:06.049+0000] {dagbag.py:545} INFO - Filling up the DagBag from /opt/airflow/dags/dag_staging.py
[2026-09-17T10:27:06.116+0000] {processor.py:840} INFO - DAG(s) 'youtube_staging' retrieved from /opt/airflow/dags/dag_staging.py
[2026-09-17T10:27:06.143+0000] {logging_mixin.py:188} INFO - [2026-09-17T10:27:06.142+0000] {dag.py:3096} INFO - Sync 1 DAGs
[2026-09-17T10:27:06.166+0000] {logging_mixin.py:188} INFO - [2026-09-17T10:27:06.166+0000] {dag.py:3954} INFO - Setting next_dagrun for youtube_staging to 2026-09-16 00:00:00+00:00, run_after=2026-09-17 00:00:00+00:00
[2026-09-17T10:27:06.189+0000] {processor.py:183} INFO - Processing /opt/airflow/dags/dag_staging.py took 0.152 seconds
[2026-09-17T10:27:36.545+0000] {processor.py:161} INFO - Started process (PID=348) to work on /opt/airflow/dags/dag_staging.py
[2026-09-17T10:27:36.549+0000] {processor.py:830} INFO - Processing file /opt/airflow/dags/dag_staging.py for tasks to queue
[2026-09-17T10:27:36.555+0000] {logging_mixin.py:188} INFO - [2026-09-17T10:27:36.554+0000] {dagbag.py:545} INFO - Filling up the DagBag from /opt/airflow/dags/dag_staging.py
[2026-09-17T10:27:36.678+0000] {processor.py:840} INFO - DAG(s) 'youtube_staging' retrieved from /opt/airflow/dags/dag_staging.py
[2026-09-17T10:27:36.723+0000] {logging_mixin.py:188} INFO - [2026-09-17T10:27:36.722+0000] {dag.py:3096} INFO - Sync 1 DAGs
[2026-09-17T10:27:36.758+0000] {logging_mixin.py:188} INFO - [2026-09-17T10:27:36.758+0000] {dag.py:3954} INFO - Setting next_dagrun for youtube_staging to 2026-09-16 00:00:00+00:00, run_after=2026-09-17 00:00:00+00:00
[2026-09-17T10:27:36.798+0000] {processor.py:183} INFO - Processing /opt/airflow/dags/dag_staging.py took 0.269 seconds
[2026-09-17T10:27:52.978+0000] {processor.py:161} INFO - Started process (PID=350) to work on /opt/airflow/dags/dag_staging.py
[2026-09-17T10:27:52.982+0000] {processor.py:830} INFO - Processing file /opt/airflow/dags/dag_staging.py for tasks to queue
[2026-09-17T10:27:52.984+0000] {logging_mixin.py:188} INFO - [2026-09-17T10:27:52.984+0000] {dagbag.py:545} INFO - Filling up the DagBag from /opt/airflow/dags/dag_staging.py
[2026-09-17T10:27:53.077+0000] {processor.py:840} INFO - DAG(s) 'youtube_staging' retrieved from /opt/airflow/dags/dag_staging.py
[2026-09-17T10:27:53.109+0000] {logging_mixin.py:188} INFO - [2026-09-17T10:27:53.108+0000] {dag.py:3096} INFO - Sync 1 DAGs
[2026-09-17T10:27:53.134+0000] {logging_mixin.py:188} INFO - [2026-09-17T10:27:53.134+0000] {dag.py:3954} INFO - Setting next_dagrun for youtube_staging to 2026-09-16 00:00:00+00:00, run_after=2026-09-17 00:00:00+00:00
[2026-09-17T10:27:53.165+0000] {processor.py:183} INFO - Processing /opt/airflow/dags/dag_staging.py took 0.195 seconds
[2026-09-17T10:28:23.479+0000] {processor.py:161} INFO - Started process (PID=359) to work on /opt/airflow/dags/dag_staging.py
[2026-09-17T10:28:23.481+0000] {processor.py:830} INFO - Processing file /opt/airflow/dags/dag_staging.py for tasks to queue
[2026-09-17T10:28:23.484+0000] {logging_mixin.py:188} INFO - [2026-09-17T10:28:23.483+0000] {dagbag.py:545} INFO - Filling up the DagBag from /opt/airflow/dags/dag_staging.py
[2026-09-17T10:28:23.550+0000] {processor.py:840} INFO - DAG(s) 'youtube_staging' retrieved from /opt/airflow/dags/dag_staging.py
[2026-09-17T10:28:23.575+0000] {logging_mixin.py:188} INFO - [2026-09-17T10:28:23.575+0000] {dag.py:3096} INFO - Sync 1 DAGs
[2026-09-17T10:28:23.596+0000] {logging_mixin.py:188} INFO - [2026-09-17T10:28:23.596+0000] {dag.py:3954} INFO - Setting next_dagrun for youtube_staging to 2026-09-16 00:00:00+00:00, run_after=2026-09-17 00:00:00+00:00
[2026-09-17T10:28:23.619+0000] {processor.py:183} INFO - Processing /opt/airflow/dags/dag_staging.py took 0.147 seconds
[2026-09-17T10:28:53.897+0000] {processor.py:161} INFO - Started process (PID=367) to work on /opt/airflow/dags/dag_staging.py
[2026-09-17T10:28:53.908+0000] {processor.py:830} INFO - Processing file /opt/airflow/dags/dag_staging.py for tasks to queue
[2026-09-17T10:28:53.911+0000] {logging_mixin.py:188} INFO - [2026-09-17T10:28:53.911+0000] {dagbag.py:545} INFO - Filling up the DagBag from /opt/airflow/dags/dag_staging.py
[2026-09-17T10:28:53.993+0000] {processor.py:840} INFO - DAG(s) 'youtube_staging' retrieved from /opt/airflow/dags/dag_staging.py
[2026-09-17T10:28:54.019+0000] {logging_mixin.py:188} INFO - [2026-09-17T10:28:54.019+0000] {dag.py:3096} INFO - Sync 1 DAGs
[2026-09-17T10:28:54.044+0000] {logging_mixin.py:188} INFO - [2026-09-17T10:28:54.044+0000] {dag.py:3954} INFO - Setting next_dagrun for youtube_staging to 2026-09-16 00:00:00+00:00, run_after=2026-09-17 00:00:00+00:00
[2026-09-17T10:28:54.067+0000] {processor.py:183} INFO - Processing /opt/airflow/dags/dag_staging.py took 0.178 seconds
[2026-09-17T10:29:24.406+0000] {processor.py:161} INFO - Started process (PID=375) to work on /opt/airflow/dags/dag_staging.py
[2026-09-17T10:29:24.412+0000] {processor.py:830} INFO - Processing file /opt/airflow/dags/dag_staging.py for tasks to queue
[2026-09-17T10:29:24.417+0000] {logging_mixin.py:188} INFO - [2026-09-17T10:29:24.416+0000] {dagbag.py:545} INFO - Filling up the DagBag from /opt/airflow/dags/dag_staging.py
[2026-09-17T10:29:24.550+0000] {processor.py:840} INFO - DAG(s) 'youtube_staging' retrieved from /opt/airflow/dags/dag_staging.py
[2026-09-17T10:29:24.581+0000] {logging_mixin.py:188} INFO - [2026-09-17T10:29:24.580+0000] {dag.py:3096} INFO - Sync 1 DAGs
[2026-09-17T10:29:24.615+0000] {logging_mixin.py:188} INFO - [2026-09-17T10:29:24.615+0000] {dag.py:3954} INFO - Setting next_dagrun for youtube_staging to 2026-09-16 00:00:00+00:00, run_after=2026-09-17 00:00:00+00:00
[2026-09-17T10:29:24.654+0000] {processor.py:183} INFO - Processing /opt/airflow/dags/dag_staging.py took 0.255 seconds
[2026-09-17T10:29:54.746+0000] {processor.py:161} INFO - Started process (PID=383) to work on /opt/airflow/dags/dag_staging.py
[2026-09-17T10:29:54.750+0000] {processor.py:830} INFO - Processing file /opt/airflow/dags/dag_staging.py for tasks to queue
[2026-09-17T10:29:54.753+0000] {logging_mixin.py:188} INFO - [2026-09-17T10:29:54.752+0000] {dagbag.py:545} INFO - Filling up the DagBag from /opt/airflow/dags/dag_staging.py
[2026-09-17T10:29:54.818+0000] {processor.py:840} INFO - DAG(s) 'youtube_staging' retrieved from /opt/airflow/dags/dag_staging.py
[2026-09-17T10:29:54.846+0000] {logging_mixin.py:188} INFO - [2026-09-17T10:29:54.846+0000] {dag.py:3096} INFO - Sync 1 DAGs
[2026-09-17T10:29:54.866+0000] {logging_mixin.py:188} INFO - [2026-09-17T10:29:54.866+0000] {dag.py:3954} INFO - Setting next_dagrun for youtube_staging to 2026-09-16 00:00:00+00:00, run_after=2026-09-17 00:00:00+00:00
[2026-09-17T10:29:54.888+0000] {processor.py:183} INFO - Processing /opt/airflow/dags/dag_staging.py took 0.148 seconds
[2026-09-17T10:30:25.201+0000] {processor.py:161} INFO - Started process (PID=391) to work on /opt/airflow/dags/dag_staging.py
[2026-09-17T10:30:25.203+0000] {processor.py:830} INFO - Processing file /opt/airflow/dags/dag_staging.py for tasks to queue
[2026-09-17T10:30:25.206+0000] {logging_mixin.py:188} INFO - [2026-09-17T10:30:25.206+0000] {dagbag.py:545} INFO - Filling up the DagBag from /opt/airflow/dags/dag_staging.py
[2026-09-17T10:30:25.261+0000] {processor.py:840} INFO - DAG(s) 'youtube_staging' retrieved from /opt/airflow/dags/dag_staging.py
[2026-09-17T10:30:25.283+0000] {logging_mixin.py:188} INFO - [2026-09-17T10:30:25.283+0000] {dag.py:3096} INFO - Sync 1 DAGs
[2026-09-17T10:30:25.302+0000] {logging_mixin.py:188} INFO - [2026-09-17T10:30:25.301+0000] {dag.py:3954} INFO - Setting next_dagrun for youtube_staging to 2026-09-16 00:00:00+00:00, run_after=2026-09-17 00:00:00+00:00
[2026-09-17T10:30:25.322+0000] {processor.py:183} INFO - Processing /opt/airflow/dags/dag_staging.py took 0.125 seconds
[2026-09-17T10:30:55.650+0000] {processor.py:161} INFO - Started process (PID=405) to work on /opt/airflow/dags/dag_staging.py
[2026-09-17T10:30:55.653+0000] {processor.py:830} INFO - Processing file /opt/airflow/dags/dag_staging.py for tasks to queue
[2026-09-17T10:30:55.656+0000] {logging_mixin.py:188} INFO - [2026-09-17T10:30:55.655+0000] {dagbag.py:545} INFO - Filling up the DagBag from /opt/airflow/dags/dag_staging.py
[2026-09-17T10:30:55.720+0000] {processor.py:840} INFO - DAG(s) 'youtube_staging' retrieved from /opt/airflow/dags/dag_staging.py
[2026-09-17T10:30:55.744+0000] {logging_mixin.py:188} INFO - [2026-09-17T10:30:55.743+0000] {dag.py:3096} INFO - Sync 1 DAGs
[2026-09-17T10:30:55.765+0000] {logging_mixin.py:188} INFO - [2026-09-17T10:30:55.765+0000] {dag.py:3954} INFO - Setting next_dagrun for youtube_staging to 2026-09-16 00:00:00+00:00, run_after=2026-09-17 00:00:00+00:00
[2026-09-17T10:30:55.788+0000] {processor.py:183} INFO - Processing /opt/airflow/dags/dag_staging.py took 0.144 seconds
[2026-09-17T10:31:26.147+0000] {processor.py:161} INFO - Started process (PID=413) to work on /opt/airflow/dags/dag_staging.py
[2026-09-17T10:31:26.150+0000] {processor.py:830} INFO - Processing file /opt/airflow/dags/dag_staging.py for tasks to queue
[2026-09-17T10:31:26.153+0000] {logging_mixin.py:188} INFO - [2026-09-17T10:31:26.153+0000] {dagbag.py:545} INFO - Filling up the DagBag from /opt/airflow/dags/dag_staging.py
[2026-09-17T10:31:26.226+0000] {processor.py:840} INFO - DAG(s) 'youtube_staging' retrieved from /opt/airflow/dags/dag_staging.py
[2026-09-17T10:31:26.253+0000] {logging_mixin.py:188} INFO - [2026-09-17T10:31:26.252+0000] {dag.py:3096} INFO - Sync 1 DAGs
[2026-09-17T10:31:26.280+0000] {logging_mixin.py:188} INFO - [2026-09-17T10:31:26.279+0000] {dag.py:3954} INFO - Setting next_dagrun for youtube_staging to 2026-09-16 00:00:00+00:00, run_after=2026-09-17 00:00:00+00:00
[2026-09-17T10:31:26.300+0000] {processor.py:183} INFO - Processing /opt/airflow/dags/dag_staging.py took 0.161 seconds
[2026-09-17T10:31:56.570+0000] {processor.py:161} INFO - Started process (PID=421) to work on /opt/airflow/dags/dag_staging.py
[2026-09-17T10:31:56.573+0000] {processor.py:830} INFO - Processing file /opt/airflow/dags/dag_staging.py for tasks to queue
[2026-09-17T10:31:56.576+0000] {logging_mixin.py:188} INFO - [2026-09-17T10:31:56.576+0000] {dagbag.py:545} INFO - Filling up the DagBag from /opt/airflow/dags/dag_staging.py
[2026-09-17T10:31:56.637+0000] {processor.py:840} INFO - DAG(s) 'youtube_staging' retrieved from /opt/airflow/dags/dag_staging.py
[2026-09-17T10:31:56.663+0000] {logging_mixin.py:188} INFO - [2026-09-17T10:31:56.662+0000] {dag.py:3096} INFO - Sync 1 DAGs
[2026-09-17T10:31:56.684+0000] {logging_mixin.py:188} INFO - [2026-09-17T10:31:56.684+0000] {dag.py:3954} INFO - Setting next_dagrun for youtube_staging to 2026-09-16 00:00:00+00:00, run_after=2026-09-17 00:00:00+00:00
[2026-09-17T10:31:56.708+0000] {processor.py:183} INFO - Processing /opt/airflow/dags/dag_staging.py took 0.144 seconds
[2026-09-17T10:32:27.076+0000] {processor.py:161} INFO - Started process (PID=429) to work on /opt/airflow/dags/dag_staging.py
[2026-09-17T10:32:27.080+0000] {processor.py:830} INFO - Processing file /opt/airflow/dags/dag_staging.py for tasks to queue
[2026-09-17T10:32:27.084+0000] {logging_mixin.py:188} INFO - [2026-09-17T10:32:27.083+0000] {dagbag.py:545} INFO - Filling up the DagBag from /opt/airflow/dags/dag_staging.py
[2026-09-17T10:32:27.151+0000] {processor.py:840} INFO - DAG(s) 'youtube_staging' retrieved from /opt/airflow/dags/dag_staging.py
[2026-09-17T10:32:27.176+0000] {logging_mixin.py:188} INFO - [2026-09-17T10:32:27.176+0000] {dag.py:3096} INFO - Sync 1 DAGs
[2026-09-17T10:32:27.196+0000] {logging_mixin.py:188} INFO - [2026-09-17T10:32:27.196+0000] {dag.py:3954} INFO - Setting next_dagrun for youtube_staging to 2026-09-16 00:00:00+00:00, run_after=2026-09-17 00:00:00+00:00
[2026-09-17T10:32:27.218+0000] {processor.py:183} INFO - Processing /opt/airflow/dags/dag_staging.py took 0.147 seconds
[2026-09-17T10:32:57.496+0000] {processor.py:161} INFO - Started process (PID=437) to work on /opt/airflow/dags/dag_staging.py
[2026-09-17T10:32:57.500+0000] {processor.py:830} INFO - Processing file /opt/airflow/dags/dag_staging.py for tasks to queue
[2026-09-17T10:32:57.504+0000] {logging_mixin.py:188} INFO - [2026-09-17T10:32:57.503+0000] {dagbag.py:545} INFO - Filling up the DagBag from /opt/airflow/dags/dag_staging.py
[2026-09-17T10:32:57.564+0000] {processor.py:840} INFO - DAG(s) 'youtube_staging' retrieved from /opt/airflow/dags/dag_staging.py
[2026-09-17T10:32:57.586+0000] {logging_mixin.py:188} INFO - [2026-09-17T10:32:57.586+0000] {dag.py:3096} INFO - Sync 1 DAGs
[2026-09-17T10:32:57.606+0000] {logging_mixin.py:188} INFO - [2026-09-17T10:32:57.605+0000] {dag.py:3954} INFO - Setting next_dagrun for youtube_staging to 2026-09-16 00:00:00+00:00, run_after=2026-09-17 00:00:00+00:00
[2026-09-17T10:32:57.626+0000] {processor.py:183} INFO - Processing /opt/airflow/dags/dag_staging.py took 0.136 seconds
[2026-09-17T10:33:27.960+0000] {processor.py:161} INFO - Started process (PID=445) to work on /opt/airflow/dags/dag_staging.py
[2026-09-17T10:33:27.963+0000] {processor.py:830} INFO - Processing file /opt/airflow/dags/dag_staging.py for tasks to queue
[2026-09-17T10:33:27.965+0000] {logging_mixin.py:188} INFO - [2026-09-17T10:33:27.965+0000] {dagbag.py:545} INFO - Filling up the DagBag from /opt/airflow/dags/dag_staging.py
[2026-09-17T10:33:28.033+0000] {processor.py:840} INFO - DAG(s) 'youtube_staging' retrieved from /opt/airflow/dags/dag_staging.py
[2026-09-17T10:33:28.058+0000] {logging_mixin.py:188} INFO - [2026-09-17T10:33:28.058+0000] {dag.py:3096} INFO - Sync 1 DAGs
[2026-09-17T10:33:28.078+0000] {logging_mixin.py:188} INFO - [2026-09-17T10:33:28.078+0000] {dag.py:3954} INFO - Setting next_dagrun for youtube_staging to 2026-09-16 00:00:00+00:00, run_after=2026-09-17 00:00:00+00:00
[2026-09-17T10:33:28.101+0000] {processor.py:183} INFO - Processing /opt/airflow/dags/dag_staging.py took 0.147 seconds
[2026-09-17T10:33:58.411+0000] {processor.py:161} INFO - Started process (PID=453) to work on /opt/airflow/dags/dag_staging.py
[2026-09-17T10:33:58.415+0000] {processor.py:830} INFO - Processing file /opt/airflow/dags/dag_staging.py for tasks to queue
[2026-09-17T10:33:58.417+0000] {logging_mixin.py:188} INFO - [2026-09-17T10:33:58.417+0000] {dagbag.py:545} INFO - Filling up the DagBag from /opt/airflow/dags/dag_staging.py
[2026-09-17T10:33:58.478+0000] {processor.py:840} INFO - DAG(s) 'youtube_staging' retrieved from /opt/airflow/dags/dag_staging.py
[2026-09-17T10:33:58.503+0000] {logging_mixin.py:188} INFO - [2026-09-17T10:33:58.502+0000] {dag.py:3096} INFO - Sync 1 DAGs
[2026-09-17T10:33:58.527+0000] {logging_mixin.py:188} INFO - [2026-09-17T10:33:58.526+0000] {dag.py:3954} INFO - Setting next_dagrun for youtube_staging to 2026-09-16 00:00:00+00:00, run_after=2026-09-17 00:00:00+00:00
[2026-09-17T10:33:58.550+0000] {processor.py:183} INFO - Processing /opt/airflow/dags/dag_staging.py took 0.143 seconds
[2026-09-17T10:34:28.870+0000] {processor.py:161} INFO - Started process (PID=461) to work on /opt/airflow/dags/dag_staging.py
[2026-09-17T10:34:28.873+0000] {processor.py:830} INFO - Processing file /opt/airflow/dags/dag_staging.py for tasks to queue
[2026-09-17T10:34:28.876+0000] {logging_mixin.py:188} INFO - [2026-09-17T10:34:28.876+0000] {dagbag.py:545} INFO - Filling up the DagBag from /opt/airflow/dags/dag_staging.py
[2026-09-17T10:34:28.935+0000] {processor.py:840} INFO - DAG(s) 'youtube_staging' retrieved from /opt/airflow/dags/dag_staging.py
[2026-09-17T10:34:28.958+0000] {logging_mixin.py:188} INFO - [2026-09-17T10:34:28.957+0000] {dag.py:3096} INFO - Sync 1 DAGs
[2026-09-17T10:34:28.979+0000] {logging_mixin.py:188} INFO - [2026-09-17T10:34:28.979+0000] {dag.py:3954} INFO - Setting next_dagrun for youtube_staging to 2026-09-16 00:00:00+00:00, run_after=2026-09-17 00:00:00+00:00
[2026-09-17T10:34:28.998+0000] {processor.py:183} INFO - Processing /opt/airflow/dags/dag_staging.py took 0.134 seconds
[2026-09-17T10:34:59.323+0000] {processor.py:161} INFO - Started process (PID=469) to work on /opt/airflow/dags/dag_staging.py
[2026-09-17T10:34:59.328+0000] {processor.py:830} INFO - Processing file /opt/airflow/dags/dag_staging.py for tasks to queue
[2026-09-17T10:34:59.331+0000] {logging_mixin.py:188} INFO - [2026-09-17T10:34:59.330+0000] {dagbag.py:545} INFO - Filling up the DagBag from /opt/airflow/dags/dag_staging.py
[2026-09-17T10:34:59.405+0000] {processor.py:840} INFO - DAG(s) 'youtube_staging' retrieved from /opt/airflow/dags/dag_staging.py
[2026-09-17T10:34:59.434+0000] {logging_mixin.py:188} INFO - [2026-09-17T10:34:59.434+0000] {dag.py:3096} INFO - Sync 1 DAGs
[2026-09-17T10:34:59.456+0000] {logging_mixin.py:188} INFO - [2026-09-17T10:34:59.455+0000] {dag.py:3954} INFO - Setting next_dagrun for youtube_staging to 2026-09-16 00:00:00+00:00, run_after=2026-09-17 00:00:00+00:00
[2026-09-17T10:34:59.482+0000] {processor.py:183} INFO - Processing /opt/airflow/dags/dag_staging.py took 0.166 seconds
[2026-09-17T10:35:29.779+0000] {processor.py:161} INFO - Started process (PID=477) to work on /opt/airflow/dags/dag_staging.py
[2026-09-17T10:35:29.782+0000] {processor.py:830} INFO - Processing file /opt/airflow/dags/dag_staging.py for tasks to queue
[2026-09-17T10:35:29.785+0000] {logging_mixin.py:188} INFO - [2026-09-17T10:35:29.785+0000] {dagbag.py:545} INFO - Filling up the DagBag from /opt/airflow/dags/dag_staging.py
[2026-09-17T10:35:29.852+0000] {processor.py:840} INFO - DAG(s) 'youtube_staging' retrieved from /opt/airflow/dags/dag_staging.py
[2026-09-17T10:35:29.877+0000] {logging_mixin.py:188} INFO - [2026-09-17T10:35:29.877+0000] {dag.py:3096} INFO - Sync 1 DAGs
[2026-09-17T10:35:29.896+0000] {logging_mixin.py:188} INFO - [2026-09-17T10:35:29.896+0000] {dag.py:3954} INFO - Setting next_dagrun for youtube_staging to 2026-09-16 00:00:00+00:00, run_after=2026-09-17 00:00:00+00:00
[2026-09-17T10:35:29.917+0000] {processor.py:183} INFO - Processing /opt/airflow/dags/dag_staging.py took 0.146 seconds
[2026-09-17T10:36:00.203+0000] {processor.py:161} INFO - Started process (PID=485) to work on /opt/airflow/dags/dag_staging.py
[2026-09-17T10:36:00.208+0000] {processor.py:830} INFO - Processing file /opt/airflow/dags/dag_staging.py for tasks to queue
[2026-09-17T10:36:00.212+0000] {logging_mixin.py:188} INFO - [2026-09-17T10:36:00.211+0000] {dagbag.py:545} INFO - Filling up the DagBag from /opt/airflow/dags/dag_staging.py
[2026-09-17T10:36:00.288+0000] {processor.py:840} INFO - DAG(s) 'youtube_staging' retrieved from /opt/airflow/dags/dag_staging.py
[2026-09-17T10:36:00.318+0000] {logging_mixin.py:188} INFO - [2026-09-17T10:36:00.316+0000] {dag.py:3096} INFO - Sync 1 DAGs
[2026-09-17T10:36:00.338+0000] {logging_mixin.py:188} INFO - [2026-09-17T10:36:00.337+0000] {dag.py:3954} INFO - Setting next_dagrun for youtube_staging to 2026-09-16 00:00:00+00:00, run_after=2026-09-17 00:00:00+00:00
[2026-09-17T10:36:00.362+0000] {processor.py:183} INFO - Processing /opt/airflow/dags/dag_staging.py took 0.164 seconds
[2026-09-17T10:36:30.655+0000] {processor.py:161} INFO - Started process (PID=493) to work on /opt/airflow/dags/dag_staging.py
[2026-09-17T10:36:30.659+0000] {processor.py:830} INFO - Processing file /opt/airflow/dags/dag_staging.py for tasks to queue
[2026-09-17T10:36:30.661+0000] {logging_mixin.py:188} INFO - [2026-09-17T10:36:30.661+0000] {dagbag.py:545} INFO - Filling up the DagBag from /opt/airflow/dags/dag_staging.py
[2026-09-17T10:36:30.741+0000] {processor.py:840} INFO - DAG(s) 'youtube_staging' retrieved from /opt/airflow/dags/dag_staging.py
[2026-09-17T10:36:30.766+0000] {logging_mixin.py:188} INFO - [2026-09-17T10:36:30.766+0000] {dag.py:3096} INFO - Sync 1 DAGs
[2026-09-17T10:36:30.787+0000] {logging_mixin.py:188} INFO - [2026-09-17T10:36:30.787+0000] {dag.py:3954} INFO - Setting next_dagrun for youtube_staging to 2026-09-16 00:00:00+00:00, run_after=2026-09-17 00:00:00+00:00
[2026-09-17T10:36:30.812+0000] {processor.py:183} INFO - Processing /opt/airflow/dags/dag_staging.py took 0.163 seconds
[2026-09-17T10:37:01.064+0000] {processor.py:161} INFO - Started process (PID=501) to work on /opt/airflow/dags/dag_staging.py
[2026-09-17T10:37:01.067+0000] {processor.py:830} INFO - Processing file /opt/airflow/dags/dag_staging.py for tasks to queue
[2026-09-17T10:37:01.070+0000] {logging_mixin.py:188} INFO - [2026-09-17T10:37:01.070+0000] {dagbag.py:545} INFO - Filling up the DagBag from /opt/airflow/dags/dag_staging.py
[2026-09-17T10:37:01.142+0000] {processor.py:840} INFO - DAG(s) 'youtube_staging' retrieved from /opt/airflow/dags/dag_staging.py
[2026-09-17T10:37:01.176+0000] {logging_mixin.py:188} INFO - [2026-09-17T10:37:01.175+0000] {dag.py:3096} INFO - Sync 1 DAGs
[2026-09-17T10:37:01.206+0000] {logging_mixin.py:188} INFO - [2026-09-17T10:37:01.206+0000] {dag.py:3954} INFO - Setting next_dagrun for youtube_staging to 2026-09-16 00:00:00+00:00, run_after=2026-09-17 00:00:00+00:00
[2026-09-17T10:37:01.241+0000] {processor.py:183} INFO - Processing /opt/airflow/dags/dag_staging.py took 0.183 seconds
[2026-09-17T10:37:31.575+0000] {processor.py:161} INFO - Started process (PID=510) to work on /opt/airflow/dags/dag_staging.py
[2026-09-17T10:37:31.579+0000] {processor.py:830} INFO - Processing file /opt/airflow/dags/dag_staging.py for tasks to queue
[2026-09-17T10:37:31.582+0000] {logging_mixin.py:188} INFO - [2026-09-17T10:37:31.582+0000] {dagbag.py:545} INFO - Filling up the DagBag from /opt/airflow/dags/dag_staging.py
[2026-09-17T10:37:31.668+0000] {processor.py:840} INFO - DAG(s) 'youtube_staging' retrieved from /opt/airflow/dags/dag_staging.py
[2026-09-17T10:37:31.703+0000] {logging_mixin.py:188} INFO - [2026-09-17T10:37:31.703+0000] {dag.py:3096} INFO - Sync 1 DAGs
[2026-09-17T10:37:31.727+0000] {logging_mixin.py:188} INFO - [2026-09-17T10:37:31.727+0000] {dag.py:3954} INFO - Setting next_dagrun for youtube_staging to 2026-09-16 00:00:00+00:00, run_after=2026-09-17 00:00:00+00:00
[2026-09-17T10:37:31.750+0000] {processor.py:183} INFO - Processing /opt/airflow/dags/dag_staging.py took 0.184 seconds
[2026-09-17T10:38:02.036+0000] {processor.py:161} INFO - Started process (PID=518) to work on /opt/airflow/dags/dag_staging.py
[2026-09-17T10:38:02.039+0000] {processor.py:830} INFO - Processing file /opt/airflow/dags/dag_staging.py for tasks to queue
[2026-09-17T10:38:02.042+0000] {logging_mixin.py:188} INFO - [2026-09-17T10:38:02.042+0000] {dagbag.py:545} INFO - Filling up the DagBag from /opt/airflow/dags/dag_staging.py
[2026-09-17T10:38:02.109+0000] {processor.py:840} INFO - DAG(s) 'youtube_staging' retrieved from /opt/airflow/dags/dag_staging.py
[2026-09-17T10:38:02.135+0000] {logging_mixin.py:188} INFO - [2026-09-17T10:38:02.135+0000] {dag.py:3096} INFO - Sync 1 DAGs
[2026-09-17T10:38:02.157+0000] {logging_mixin.py:188} INFO - [2026-09-17T10:38:02.157+0000] {dag.py:3954} INFO - Setting next_dagrun for youtube_staging to 2026-09-16 00:00:00+00:00, run_after=2026-09-17 00:00:00+00:00
[2026-09-17T10:38:02.183+0000] {processor.py:183} INFO - Processing /opt/airflow/dags/dag_staging.py took 0.153 seconds
[2026-09-17T10:38:32.485+0000] {processor.py:161} INFO - Started process (PID=526) to work on /opt/airflow/dags/dag_staging.py
[2026-09-17T10:38:32.487+0000] {processor.py:830} INFO - Processing file /opt/airflow/dags/dag_staging.py for tasks to queue
[2026-09-17T10:38:32.489+0000] {logging_mixin.py:188} INFO - [2026-09-17T10:38:32.489+0000] {dagbag.py:545} INFO - Filling up the DagBag from /opt/airflow/dags/dag_staging.py
[2026-09-17T10:38:32.562+0000] {processor.py:840} INFO - DAG(s) 'youtube_staging' retrieved from /opt/airflow/dags/dag_staging.py
[2026-09-17T10:38:32.589+0000] {logging_mixin.py:188} INFO - [2026-09-17T10:38:32.589+0000] {dag.py:3096} INFO - Sync 1 DAGs
[2026-09-17T10:38:32.614+0000] {logging_mixin.py:188} INFO - [2026-09-17T10:38:32.614+0000] {dag.py:3954} INFO - Setting next_dagrun for youtube_staging to 2026-09-16 00:00:00+00:00, run_after=2026-09-17 00:00:00+00:00
[2026-09-17T10:38:32.638+0000] {processor.py:183} INFO - Processing /opt/airflow/dags/dag_staging.py took 0.158 seconds
[2026-09-17T10:39:02.765+0000] {processor.py:161} INFO - Started process (PID=534) to work on /opt/airflow/dags/dag_staging.py
[2026-09-17T10:39:02.770+0000] {processor.py:830} INFO - Processing file /opt/airflow/dags/dag_staging.py for tasks to queue
[2026-09-17T10:39:02.772+0000] {logging_mixin.py:188} INFO - [2026-09-17T10:39:02.771+0000] {dagbag.py:545} INFO - Filling up the DagBag from /opt/airflow/dags/dag_staging.py
[2026-09-17T10:39:02.861+0000] {processor.py:840} INFO - DAG(s) 'youtube_staging' retrieved from /opt/airflow/dags/dag_staging.py
[2026-09-17T10:39:02.893+0000] {logging_mixin.py:188} INFO - [2026-09-17T10:39:02.892+0000] {dag.py:3096} INFO - Sync 1 DAGs
[2026-09-17T10:39:02.921+0000] {logging_mixin.py:188} INFO - [2026-09-17T10:39:02.921+0000] {dag.py:3954} INFO - Setting next_dagrun for youtube_staging to 2026-09-16 00:00:00+00:00, run_after=2026-09-17 00:00:00+00:00
[2026-09-17T10:39:02.948+0000] {processor.py:183} INFO - Processing /opt/airflow/dags/dag_staging.py took 0.191 seconds
[2026-09-17T10:39:33.166+0000] {processor.py:161} INFO - Started process (PID=546) to work on /opt/airflow/dags/dag_staging.py
[2026-09-17T10:39:33.170+0000] {processor.py:830} INFO - Processing file /opt/airflow/dags/dag_staging.py for tasks to queue
[2026-09-17T10:39:33.174+0000] {logging_mixin.py:188} INFO - [2026-09-17T10:39:33.174+0000] {dagbag.py:545} INFO - Filling up the DagBag from /opt/airflow/dags/dag_staging.py
[2026-09-17T10:39:33.355+0000] {processor.py:840} INFO - DAG(s) 'youtube_staging' retrieved from /opt/airflow/dags/dag_staging.py
[2026-09-17T10:39:33.397+0000] {logging_mixin.py:188} INFO - [2026-09-17T10:39:33.397+0000] {dag.py:3096} INFO - Sync 1 DAGs
[2026-09-17T10:39:33.432+0000] {logging_mixin.py:188} INFO - [2026-09-17T10:39:33.432+0000] {dag.py:3954} INFO - Setting next_dagrun for youtube_staging to 2026-09-17 00:00:00+00:00, run_after=2026-09-18 00:00:00+00:00
[2026-09-17T10:39:33.463+0000] {processor.py:183} INFO - Processing /opt/airflow/dags/dag_staging.py took 0.307 seconds
[2026-09-17T10:40:25.778+0000] {processor.py:161} INFO - Started process (PID=50) to work on /opt/airflow/dags/dag_staging.py
[2026-09-17T10:40:25.780+0000] {processor.py:830} INFO - Processing file /opt/airflow/dags/dag_staging.py for tasks to queue
[2026-09-17T10:40:25.785+0000] {logging_mixin.py:188} INFO - [2026-09-17T10:40:25.784+0000] {dagbag.py:545} INFO - Filling up the DagBag from /opt/airflow/dags/dag_staging.py
[2026-09-17T10:40:25.978+0000] {processor.py:840} INFO - DAG(s) 'youtube_staging' retrieved from /opt/airflow/dags/dag_staging.py
[2026-09-17T10:40:26.289+0000] {logging_mixin.py:188} INFO - [2026-09-17T10:40:26.287+0000] {override.py:1829} INFO - Created Permission View: can read on DAG:youtube_staging
[2026-09-17T10:40:26.305+0000] {logging_mixin.py:188} INFO - [2026-09-17T10:40:26.305+0000] {override.py:1829} INFO - Created Permission View: can delete on DAG:youtube_staging
[2026-09-17T10:40:26.319+0000] {logging_mixin.py:188} INFO - [2026-09-17T10:40:26.318+0000] {override.py:1829} INFO - Created Permission View: can edit on DAG:youtube_staging
[2026-09-17T10:40:26.321+0000] {logging_mixin.py:188} INFO - [2026-09-17T10:40:26.321+0000] {dag.py:3096} INFO - Sync 1 DAGs
[2026-09-17T10:40:26.337+0000] {logging_mixin.py:188} INFO - [2026-09-17T10:40:26.337+0000] {dag.py:3118} INFO - Creating ORM DAG for youtube_staging
[2026-09-17T10:40:26.354+0000] {logging_mixin.py:188} INFO - [2026-09-17T10:40:26.353+0000] {dag.py:3954} INFO - Setting next_dagrun for youtube_staging to 2026-09-16 00:00:00+00:00, run_after=2026-09-17 00:00:00+00:00
[2026-09-17T10:40:26.394+0000] {processor.py:183} INFO - Processing /opt/airflow/dags/dag_staging.py took 0.629 seconds
[2026-09-17T10:40:57.199+0000] {processor.py:161} INFO - Started process (PID=58) to work on /opt/airflow/dags/dag_staging.py
[2026-09-17T10:40:57.203+0000] {processor.py:830} INFO - Processing file /opt/airflow/dags/dag_staging.py for tasks to queue
[2026-09-17T10:40:57.207+0000] {logging_mixin.py:188} INFO - [2026-09-17T10:40:57.207+0000] {dagbag.py:545} INFO - Filling up the DagBag from /opt/airflow/dags/dag_staging.py
[2026-09-17T10:40:57.292+0000] {processor.py:840} INFO - DAG(s) 'youtube_staging' retrieved from /opt/airflow/dags/dag_staging.py
[2026-09-17T10:40:57.339+0000] {logging_mixin.py:188} INFO - [2026-09-17T10:40:57.337+0000] {dag.py:3096} INFO - Sync 1 DAGs
[2026-09-17T10:40:57.376+0000] {logging_mixin.py:188} INFO - [2026-09-17T10:40:57.375+0000] {dag.py:3954} INFO - Setting next_dagrun for youtube_staging to 2026-09-16 00:00:00+00:00, run_after=2026-09-17 00:00:00+00:00
[2026-09-17T10:40:57.405+0000] {processor.py:183} INFO - Processing /opt/airflow/dags/dag_staging.py took 0.213 seconds
[2026-09-17T10:41:27.581+0000] {processor.py:161} INFO - Started process (PID=66) to work on /opt/airflow/dags/dag_staging.py
[2026-09-17T10:41:27.585+0000] {processor.py:830} INFO - Processing file /opt/airflow/dags/dag_staging.py for tasks to queue
[2026-09-17T10:41:27.589+0000] {logging_mixin.py:188} INFO - [2026-09-17T10:41:27.589+0000] {dagbag.py:545} INFO - Filling up the DagBag from /opt/airflow/dags/dag_staging.py
[2026-09-17T10:41:27.668+0000] {processor.py:840} INFO - DAG(s) 'youtube_staging' retrieved from /opt/airflow/dags/dag_staging.py
[2026-09-17T10:41:27.694+0000] {logging_mixin.py:188} INFO - [2026-09-17T10:41:27.694+0000] {dag.py:3096} INFO - Sync 1 DAGs
[2026-09-17T10:41:27.720+0000] {logging_mixin.py:188} INFO - [2026-09-17T10:41:27.719+0000] {dag.py:3954} INFO - Setting next_dagrun for youtube_staging to 2026-09-16 00:00:00+00:00, run_after=2026-09-17 00:00:00+00:00
[2026-09-17T10:41:27.742+0000] {processor.py:183} INFO - Processing /opt/airflow/dags/dag_staging.py took 0.171 seconds
[2026-09-17T10:41:57.918+0000] {processor.py:161} INFO - Started process (PID=74) to work on /opt/airflow/dags/dag_staging.py
[2026-09-17T10:41:57.921+0000] {processor.py:830} INFO - Processing file /opt/airflow/dags/dag_staging.py for tasks to queue
[2026-09-17T10:41:57.924+0000] {logging_mixin.py:188} INFO - [2026-09-17T10:41:57.923+0000] {dagbag.py:545} INFO - Filling up the DagBag from /opt/airflow/dags/dag_staging.py
[2026-09-17T10:41:57.993+0000] {processor.py:840} INFO - DAG(s) 'youtube_staging' retrieved from /opt/airflow/dags/dag_staging.py
[2026-09-17T10:41:58.021+0000] {logging_mixin.py:188} INFO - [2026-09-17T10:41:58.021+0000] {dag.py:3096} INFO - Sync 1 DAGs
[2026-09-17T10:41:58.044+0000] {logging_mixin.py:188} INFO - [2026-09-17T10:41:58.044+0000] {dag.py:3954} INFO - Setting next_dagrun for youtube_staging to 2026-09-16 00:00:00+00:00, run_after=2026-09-17 00:00:00+00:00
[2026-09-17T10:41:58.071+0000] {processor.py:183} INFO - Processing /opt/airflow/dags/dag_staging.py took 0.159 seconds
[2026-09-17T10:42:28.243+0000] {processor.py:161} INFO - Started process (PID=82) to work on /opt/airflow/dags/dag_staging.py
[2026-09-17T10:42:28.245+0000] {processor.py:830} INFO - Processing file /opt/airflow/dags/dag_staging.py for tasks to queue
[2026-09-17T10:42:28.249+0000] {logging_mixin.py:188} INFO - [2026-09-17T10:42:28.248+0000] {dagbag.py:545} INFO - Filling up the DagBag from /opt/airflow/dags/dag_staging.py
[2026-09-17T10:42:28.321+0000] {processor.py:840} INFO - DAG(s) 'youtube_staging' retrieved from /opt/airflow/dags/dag_staging.py
[2026-09-17T10:42:28.350+0000] {logging_mixin.py:188} INFO - [2026-09-17T10:42:28.350+0000] {dag.py:3096} INFO - Sync 1 DAGs
[2026-09-17T10:42:28.377+0000] {logging_mixin.py:188} INFO - [2026-09-17T10:42:28.376+0000] {dag.py:3954} INFO - Setting next_dagrun for youtube_staging to 2026-09-16 00:00:00+00:00, run_after=2026-09-17 00:00:00+00:00
[2026-09-17T10:42:28.401+0000] {processor.py:183} INFO - Processing /opt/airflow/dags/dag_staging.py took 0.166 seconds
[2026-09-17T10:42:58.676+0000] {processor.py:161} INFO - Started process (PID=90) to work on /opt/airflow/dags/dag_staging.py
[2026-09-17T10:42:58.680+0000] {processor.py:830} INFO - Processing file /opt/airflow/dags/dag_staging.py for tasks to queue
[2026-09-17T10:42:58.682+0000] {logging_mixin.py:188} INFO - [2026-09-17T10:42:58.682+0000] {dagbag.py:545} INFO - Filling up the DagBag from /opt/airflow/dags/dag_staging.py
[2026-09-17T10:42:58.749+0000] {processor.py:840} INFO - DAG(s) 'youtube_staging' retrieved from /opt/airflow/dags/dag_staging.py
[2026-09-17T10:42:58.772+0000] {logging_mixin.py:188} INFO - [2026-09-17T10:42:58.772+0000] {dag.py:3096} INFO - Sync 1 DAGs
[2026-09-17T10:42:58.793+0000] {logging_mixin.py:188} INFO - [2026-09-17T10:42:58.792+0000] {dag.py:3954} INFO - Setting next_dagrun for youtube_staging to 2026-09-16 00:00:00+00:00, run_after=2026-09-17 00:00:00+00:00
[2026-09-17T10:42:58.817+0000] {processor.py:183} INFO - Processing /opt/airflow/dags/dag_staging.py took 0.147 seconds
[2026-09-17T10:43:28.973+0000] {processor.py:161} INFO - Started process (PID=104) to work on /opt/airflow/dags/dag_staging.py
[2026-09-17T10:43:28.976+0000] {processor.py:830} INFO - Processing file /opt/airflow/dags/dag_staging.py for tasks to queue
[2026-09-17T10:43:28.979+0000] {logging_mixin.py:188} INFO - [2026-09-17T10:43:28.979+0000] {dagbag.py:545} INFO - Filling up the DagBag from /opt/airflow/dags/dag_staging.py
[2026-09-17T10:43:29.044+0000] {processor.py:840} INFO - DAG(s) 'youtube_staging' retrieved from /opt/airflow/dags/dag_staging.py
[2026-09-17T10:43:29.070+0000] {logging_mixin.py:188} INFO - [2026-09-17T10:43:29.069+0000] {dag.py:3096} INFO - Sync 1 DAGs
[2026-09-17T10:43:29.088+0000] {logging_mixin.py:188} INFO - [2026-09-17T10:43:29.087+0000] {dag.py:3954} INFO - Setting next_dagrun for youtube_staging to 2026-09-16 00:00:00+00:00, run_after=2026-09-17 00:00:00+00:00
[2026-09-17T10:43:29.107+0000] {processor.py:183} INFO - Processing /opt/airflow/dags/dag_staging.py took 0.140 seconds
[2026-09-17T10:43:59.411+0000] {processor.py:161} INFO - Started process (PID=112) to work on /opt/airflow/dags/dag_staging.py
[2026-09-17T10:43:59.413+0000] {processor.py:830} INFO - Processing file /opt/airflow/dags/dag_staging.py for tasks to queue
[2026-09-17T10:43:59.416+0000] {logging_mixin.py:188} INFO - [2026-09-17T10:43:59.415+0000] {dagbag.py:545} INFO - Filling up the DagBag from /opt/airflow/dags/dag_staging.py
[2026-09-17T10:43:59.496+0000] {processor.py:840} INFO - DAG(s) 'youtube_staging' retrieved from /opt/airflow/dags/dag_staging.py
[2026-09-17T10:43:59.530+0000] {logging_mixin.py:188} INFO - [2026-09-17T10:43:59.530+0000] {dag.py:3096} INFO - Sync 1 DAGs
[2026-09-17T10:43:59.554+0000] {logging_mixin.py:188} INFO - [2026-09-17T10:43:59.554+0000] {dag.py:3954} INFO - Setting next_dagrun for youtube_staging to 2026-09-16 00:00:00+00:00, run_after=2026-09-17 00:00:00+00:00
[2026-09-17T10:43:59.582+0000] {processor.py:183} INFO - Processing /opt/airflow/dags/dag_staging.py took 0.180 seconds
[2026-09-17T10:44:29.688+0000] {processor.py:161} INFO - Started process (PID=120) to work on /opt/airflow/dags/dag_staging.py
[2026-09-17T10:44:29.690+0000] {processor.py:830} INFO - Processing file /opt/airflow/dags/dag_staging.py for tasks to queue
[2026-09-17T10:44:29.692+0000] {logging_mixin.py:188} INFO - [2026-09-17T10:44:29.692+0000] {dagbag.py:545} INFO - Filling up the DagBag from /opt/airflow/dags/dag_staging.py
[2026-09-17T10:44:29.755+0000] {processor.py:840} INFO - DAG(s) 'youtube_staging' retrieved from /opt/airflow/dags/dag_staging.py
[2026-09-17T10:44:29.780+0000] {logging_mixin.py:188} INFO - [2026-09-17T10:44:29.780+0000] {dag.py:3096} INFO - Sync 1 DAGs
[2026-09-17T10:44:29.800+0000] {logging_mixin.py:188} INFO - [2026-09-17T10:44:29.800+0000] {dag.py:3954} INFO - Setting next_dagrun for youtube_staging to 2026-09-16 00:00:00+00:00, run_after=2026-09-17 00:00:00+00:00
[2026-09-17T10:44:29.821+0000] {processor.py:183} INFO - Processing /opt/airflow/dags/dag_staging.py took 0.140 seconds
[2026-09-17T10:44:59.983+0000] {processor.py:161} INFO - Started process (PID=128) to work on /opt/airflow/dags/dag_staging.py
[2026-09-17T10:44:59.985+0000] {processor.py:830} INFO - Processing file /opt/airflow/dags/dag_staging.py for tasks to queue
[2026-09-17T10:44:59.988+0000] {logging_mixin.py:188} INFO - [2026-09-17T10:44:59.987+0000] {dagbag.py:545} INFO - Filling up the DagBag from /opt/airflow/dags/dag_staging.py
[2026-09-17T10:45:00.066+0000] {processor.py:840} INFO - DAG(s) 'youtube_staging' retrieved from /opt/airflow/dags/dag_staging.py
[2026-09-17T10:45:00.094+0000] {logging_mixin.py:188} INFO - [2026-09-17T10:45:00.094+0000] {dag.py:3096} INFO - Sync 1 DAGs
[2026-09-17T10:45:00.118+0000] {logging_mixin.py:188} INFO - [2026-09-17T10:45:00.118+0000] {dag.py:3954} INFO - Setting next_dagrun for youtube_staging to 2026-09-16 00:00:00+00:00, run_after=2026-09-17 00:00:00+00:00
[2026-09-17T10:45:00.141+0000] {processor.py:183} INFO - Processing /opt/airflow/dags/dag_staging.py took 0.166 seconds
[2026-09-17T10:45:30.389+0000] {processor.py:161} INFO - Started process (PID=136) to work on /opt/airflow/dags/dag_staging.py
[2026-09-17T10:45:30.391+0000] {processor.py:830} INFO - Processing file /opt/airflow/dags/dag_staging.py for tasks to queue
[2026-09-17T10:45:30.395+0000] {logging_mixin.py:188} INFO - [2026-09-17T10:45:30.395+0000] {dagbag.py:545} INFO - Filling up the DagBag from /opt/airflow/dags/dag_staging.py
[2026-09-17T10:45:30.467+0000] {processor.py:840} INFO - DAG(s) 'youtube_staging' retrieved from /opt/airflow/dags/dag_staging.py
[2026-09-17T10:45:30.495+0000] {logging_mixin.py:188} INFO - [2026-09-17T10:45:30.494+0000] {dag.py:3096} INFO - Sync 1 DAGs
[2026-09-17T10:45:30.517+0000] {logging_mixin.py:188} INFO - [2026-09-17T10:45:30.517+0000] {dag.py:3954} INFO - Setting next_dagrun for youtube_staging to 2026-09-16 00:00:00+00:00, run_after=2026-09-17 00:00:00+00:00
[2026-09-17T10:45:30.541+0000] {processor.py:183} INFO - Processing /opt/airflow/dags/dag_staging.py took 0.160 seconds
[2026-09-17T10:46:00.760+0000] {processor.py:161} INFO - Started process (PID=144) to work on /opt/airflow/dags/dag_staging.py
[2026-09-17T10:46:00.763+0000] {processor.py:830} INFO - Processing file /opt/airflow/dags/dag_staging.py for tasks to queue
[2026-09-17T10:46:00.768+0000] {logging_mixin.py:188} INFO - [2026-09-17T10:46:00.768+0000] {dagbag.py:545} INFO - Filling up the DagBag from /opt/airflow/dags/dag_staging.py
[2026-09-17T10:46:00.866+0000] {processor.py:840} INFO - DAG(s) 'youtube_staging' retrieved from /opt/airflow/dags/dag_staging.py
[2026-09-17T10:46:00.895+0000] {logging_mixin.py:188} INFO - [2026-09-17T10:46:00.895+0000] {dag.py:3096} INFO - Sync 1 DAGs
[2026-09-17T10:46:00.917+0000] {logging_mixin.py:188} INFO - [2026-09-17T10:46:00.917+0000] {dag.py:3954} INFO - Setting next_dagrun for youtube_staging to 2026-09-16 00:00:00+00:00, run_after=2026-09-17 00:00:00+00:00
[2026-09-17T10:46:00.944+0000] {processor.py:183} INFO - Processing /opt/airflow/dags/dag_staging.py took 0.197 seconds
[2026-09-17T10:46:31.111+0000] {processor.py:161} INFO - Started process (PID=152) to work on /opt/airflow/dags/dag_staging.py
[2026-09-17T10:46:31.113+0000] {processor.py:830} INFO - Processing file /opt/airflow/dags/dag_staging.py for tasks to queue
[2026-09-17T10:46:31.116+0000] {logging_mixin.py:188} INFO - [2026-09-17T10:46:31.116+0000] {dagbag.py:545} INFO - Filling up the DagBag from /opt/airflow/dags/dag_staging.py
[2026-09-17T10:46:31.178+0000] {processor.py:840} INFO - DAG(s) 'youtube_staging' retrieved from /opt/airflow/dags/dag_staging.py
[2026-09-17T10:46:31.203+0000] {logging_mixin.py:188} INFO - [2026-09-17T10:46:31.203+0000] {dag.py:3096} INFO - Sync 1 DAGs
[2026-09-17T10:46:31.223+0000] {logging_mixin.py:188} INFO - [2026-09-17T10:46:31.223+0000] {dag.py:3954} INFO - Setting next_dagrun for youtube_staging to 2026-09-16 00:00:00+00:00, run_after=2026-09-17 00:00:00+00:00
[2026-09-17T10:46:31.246+0000] {processor.py:183} INFO - Processing /opt/airflow/dags/dag_staging.py took 0.141 seconds
[2026-09-17T10:47:01.505+0000] {processor.py:161} INFO - Started process (PID=160) to work on /opt/airflow/dags/dag_staging.py
[2026-09-17T10:47:01.507+0000] {processor.py:830} INFO - Processing file /opt/airflow/dags/dag_staging.py for tasks to queue
[2026-09-17T10:47:01.509+0000] {logging_mixin.py:188} INFO - [2026-09-17T10:47:01.509+0000] {dagbag.py:545} INFO - Filling up the DagBag from /opt/airflow/dags/dag_staging.py
[2026-09-17T10:47:01.571+0000] {processor.py:840} INFO - DAG(s) 'youtube_staging' retrieved from /opt/airflow/dags/dag_staging.py
[2026-09-17T10:47:01.597+0000] {logging_mixin.py:188} INFO - [2026-09-17T10:47:01.596+0000] {dag.py:3096} INFO - Sync 1 DAGs
[2026-09-17T10:47:01.616+0000] {logging_mixin.py:188} INFO - [2026-09-17T10:47:01.616+0000] {dag.py:3954} INFO - Setting next_dagrun for youtube_staging to 2026-09-16 00:00:00+00:00, run_after=2026-09-17 00:00:00+00:00
[2026-09-17T10:47:01.636+0000] {processor.py:183} INFO - Processing /opt/airflow/dags/dag_staging.py took 0.138 seconds
[2026-09-17T10:47:31.903+0000] {processor.py:161} INFO - Started process (PID=168) to work on /opt/airflow/dags/dag_staging.py
[2026-09-17T10:47:31.907+0000] {processor.py:830} INFO - Processing file /opt/airflow/dags/dag_staging.py for tasks to queue
[2026-09-17T10:47:31.912+0000] {logging_mixin.py:188} INFO - [2026-09-17T10:47:31.912+0000] {dagbag.py:545} INFO - Filling up the DagBag from /opt/airflow/dags/dag_staging.py
[2026-09-17T10:47:31.994+0000] {processor.py:840} INFO - DAG(s) 'youtube_staging' retrieved from /opt/airflow/dags/dag_staging.py
[2026-09-17T10:47:32.025+0000] {logging_mixin.py:188} INFO - [2026-09-17T10:47:32.025+0000] {dag.py:3096} INFO - Sync 1 DAGs
[2026-09-17T10:47:32.054+0000] {logging_mixin.py:188} INFO - [2026-09-17T10:47:32.053+0000] {dag.py:3954} INFO - Setting next_dagrun for youtube_staging to 2026-09-16 00:00:00+00:00, run_after=2026-09-17 00:00:00+00:00
[2026-09-17T10:47:32.083+0000] {processor.py:183} INFO - Processing /opt/airflow/dags/dag_staging.py took 0.186 seconds
[2026-09-17T10:48:46.438+0000] {processor.py:161} INFO - Started process (PID=51) to work on /opt/airflow/dags/dag_staging.py
[2026-09-17T10:48:46.441+0000] {processor.py:830} INFO - Processing file /opt/airflow/dags/dag_staging.py for tasks to queue
[2026-09-17T10:48:46.446+0000] {logging_mixin.py:188} INFO - [2026-09-17T10:48:46.445+0000] {dagbag.py:545} INFO - Filling up the DagBag from /opt/airflow/dags/dag_staging.py
[2026-09-17T10:48:46.764+0000] {processor.py:840} INFO - DAG(s) 'youtube_staging' retrieved from /opt/airflow/dags/dag_staging.py
[2026-09-17T10:48:47.195+0000] {logging_mixin.py:188} INFO - [2026-09-17T10:48:47.193+0000] {dag.py:3096} INFO - Sync 1 DAGs
[2026-09-17T10:48:47.238+0000] {logging_mixin.py:188} INFO - [2026-09-17T10:48:47.237+0000] {dag.py:3954} INFO - Setting next_dagrun for youtube_staging to 2026-09-16 00:00:00+00:00, run_after=2026-09-17 00:00:00+00:00
[2026-09-17T10:48:47.281+0000] {processor.py:183} INFO - Processing /opt/airflow/dags/dag_staging.py took 0.855 seconds
[2026-09-17T10:49:17.632+0000] {processor.py:161} INFO - Started process (PID=65) to work on /opt/airflow/dags/dag_staging.py
[2026-09-17T10:49:17.635+0000] {processor.py:830} INFO - Processing file /opt/airflow/dags/dag_staging.py for tasks to queue
[2026-09-17T10:49:17.638+0000] {logging_mixin.py:188} INFO - [2026-09-17T10:49:17.637+0000] {dagbag.py:545} INFO - Filling up the DagBag from /opt/airflow/dags/dag_staging.py
[2026-09-17T10:49:17.707+0000] {processor.py:840} INFO - DAG(s) 'youtube_staging' retrieved from /opt/airflow/dags/dag_staging.py
[2026-09-17T10:49:17.735+0000] {logging_mixin.py:188} INFO - [2026-09-17T10:49:17.735+0000] {dag.py:3096} INFO - Sync 1 DAGs
[2026-09-17T10:49:17.759+0000] {logging_mixin.py:188} INFO - [2026-09-17T10:49:17.759+0000] {dag.py:3954} INFO - Setting next_dagrun for youtube_staging to 2026-09-16 00:00:00+00:00, run_after=2026-09-17 00:00:00+00:00
[2026-09-17T10:49:17.780+0000] {processor.py:183} INFO - Processing /opt/airflow/dags/dag_staging.py took 0.154 seconds
[2026-09-17T10:49:47.993+0000] {processor.py:161} INFO - Started process (PID=73) to work on /opt/airflow/dags/dag_staging.py
[2026-09-17T10:49:47.997+0000] {processor.py:830} INFO - Processing file /opt/airflow/dags/dag_staging.py for tasks to queue
[2026-09-17T10:49:48.000+0000] {logging_mixin.py:188} INFO - [2026-09-17T10:49:48.000+0000] {dagbag.py:545} INFO - Filling up the DagBag from /opt/airflow/dags/dag_staging.py
[2026-09-17T10:49:48.064+0000] {processor.py:840} INFO - DAG(s) 'youtube_staging' retrieved from /opt/airflow/dags/dag_staging.py
[2026-09-17T10:49:48.087+0000] {logging_mixin.py:188} INFO - [2026-09-17T10:49:48.087+0000] {dag.py:3096} INFO - Sync 1 DAGs
[2026-09-17T10:49:48.106+0000] {logging_mixin.py:188} INFO - [2026-09-17T10:49:48.105+0000] {dag.py:3954} INFO - Setting next_dagrun for youtube_staging to 2026-09-16 00:00:00+00:00, run_after=2026-09-17 00:00:00+00:00
[2026-09-17T10:49:48.126+0000] {processor.py:183} INFO - Processing /opt/airflow/dags/dag_staging.py took 0.140 seconds
[2026-09-17T10:51:00.920+0000] {processor.py:161} INFO - Started process (PID=50) to work on /opt/airflow/dags/dag_staging.py
[2026-09-17T10:51:00.924+0000] {processor.py:830} INFO - Processing file /opt/airflow/dags/dag_staging.py for tasks to queue
[2026-09-17T10:51:00.930+0000] {logging_mixin.py:188} INFO - [2026-09-17T10:51:00.929+0000] {dagbag.py:545} INFO - Filling up the DagBag from /opt/airflow/dags/dag_staging.py
[2026-09-17T10:51:01.238+0000] {processor.py:840} INFO - DAG(s) 'youtube_staging' retrieved from /opt/airflow/dags/dag_staging.py
[2026-09-17T10:51:01.515+0000] {logging_mixin.py:188} INFO - [2026-09-17T10:51:01.514+0000] {dag.py:3096} INFO - Sync 1 DAGs
[2026-09-17T10:51:01.543+0000] {logging_mixin.py:188} INFO - [2026-09-17T10:51:01.542+0000] {dag.py:3954} INFO - Setting next_dagrun for youtube_staging to 2026-09-16 00:00:00+00:00, run_after=2026-09-17 00:00:00+00:00
[2026-09-17T10:51:01.577+0000] {processor.py:183} INFO - Processing /opt/airflow/dags/dag_staging.py took 0.668 seconds
[2026-09-17T10:51:32.322+0000] {processor.py:161} INFO - Started process (PID=64) to work on /opt/airflow/dags/dag_staging.py
[2026-09-17T10:51:32.325+0000] {processor.py:830} INFO - Processing file /opt/airflow/dags/dag_staging.py for tasks to queue
[2026-09-17T10:51:32.328+0000] {logging_mixin.py:188} INFO - [2026-09-17T10:51:32.328+0000] {dagbag.py:545} INFO - Filling up the DagBag from /opt/airflow/dags/dag_staging.py
[2026-09-17T10:51:32.389+0000] {processor.py:840} INFO - DAG(s) 'youtube_staging' retrieved from /opt/airflow/dags/dag_staging.py
[2026-09-17T10:51:32.413+0000] {logging_mixin.py:188} INFO - [2026-09-17T10:51:32.413+0000] {dag.py:3096} INFO - Sync 1 DAGs
[2026-09-17T10:51:32.434+0000] {logging_mixin.py:188} INFO - [2026-09-17T10:51:32.434+0000] {dag.py:3954} INFO - Setting next_dagrun for youtube_staging to 2026-09-16 00:00:00+00:00, run_after=2026-09-17 00:00:00+00:00
[2026-09-17T10:51:32.453+0000] {processor.py:183} INFO - Processing /opt/airflow/dags/dag_staging.py took 0.137 seconds
[2026-09-17T10:52:02.657+0000] {processor.py:161} INFO - Started process (PID=78) to work on /opt/airflow/dags/dag_staging.py
[2026-09-17T10:52:02.661+0000] {processor.py:830} INFO - Processing file /opt/airflow/dags/dag_staging.py for tasks to queue
[2026-09-17T10:52:02.663+0000] {logging_mixin.py:188} INFO - [2026-09-17T10:52:02.663+0000] {dagbag.py:545} INFO - Filling up the DagBag from /opt/airflow/dags/dag_staging.py
[2026-09-17T10:52:02.724+0000] {processor.py:840} INFO - DAG(s) 'youtube_staging' retrieved from /opt/airflow/dags/dag_staging.py
[2026-09-17T10:52:02.748+0000] {logging_mixin.py:188} INFO - [2026-09-17T10:52:02.748+0000] {dag.py:3096} INFO - Sync 1 DAGs
[2026-09-17T10:52:02.770+0000] {logging_mixin.py:188} INFO - [2026-09-17T10:52:02.770+0000] {dag.py:3954} INFO - Setting next_dagrun for youtube_staging to 2026-09-16 00:00:00+00:00, run_after=2026-09-17 00:00:00+00:00
[2026-09-17T10:52:02.793+0000] {processor.py:183} INFO - Processing /opt/airflow/dags/dag_staging.py took 0.141 seconds
[2026-09-17T10:52:33.083+0000] {processor.py:161} INFO - Started process (PID=87) to work on /opt/airflow/dags/dag_staging.py
[2026-09-17T10:52:33.086+0000] {processor.py:830} INFO - Processing file /opt/airflow/dags/dag_staging.py for tasks to queue
[2026-09-17T10:52:33.089+0000] {logging_mixin.py:188} INFO - [2026-09-17T10:52:33.089+0000] {dagbag.py:545} INFO - Filling up the DagBag from /opt/airflow/dags/dag_staging.py
[2026-09-17T10:52:33.149+0000] {processor.py:840} INFO - DAG(s) 'youtube_staging' retrieved from /opt/airflow/dags/dag_staging.py
[2026-09-17T10:52:33.176+0000] {logging_mixin.py:188} INFO - [2026-09-17T10:52:33.176+0000] {dag.py:3096} INFO - Sync 1 DAGs
[2026-09-17T10:52:33.195+0000] {logging_mixin.py:188} INFO - [2026-09-17T10:52:33.195+0000] {dag.py:3954} INFO - Setting next_dagrun for youtube_staging to 2026-09-16 00:00:00+00:00, run_after=2026-09-17 00:00:00+00:00
[2026-09-17T10:52:33.216+0000] {processor.py:183} INFO - Processing /opt/airflow/dags/dag_staging.py took 0.139 seconds
[2026-09-17T10:53:03.501+0000] {processor.py:161} INFO - Started process (PID=95) to work on /opt/airflow/dags/dag_staging.py
[2026-09-17T10:53:03.504+0000] {processor.py:830} INFO - Processing file /opt/airflow/dags/dag_staging.py for tasks to queue
[2026-09-17T10:53:03.511+0000] {logging_mixin.py:188} INFO - [2026-09-17T10:53:03.510+0000] {dagbag.py:545} INFO - Filling up the DagBag from /opt/airflow/dags/dag_staging.py
[2026-09-17T10:53:03.575+0000] {processor.py:840} INFO - DAG(s) 'youtube_staging' retrieved from /opt/airflow/dags/dag_staging.py
[2026-09-17T10:53:03.597+0000] {logging_mixin.py:188} INFO - [2026-09-17T10:53:03.596+0000] {dag.py:3096} INFO - Sync 1 DAGs
[2026-09-17T10:53:03.617+0000] {logging_mixin.py:188} INFO - [2026-09-17T10:53:03.617+0000] {dag.py:3954} INFO - Setting next_dagrun for youtube_staging to 2026-09-16 00:00:00+00:00, run_after=2026-09-17 00:00:00+00:00
[2026-09-17T10:53:03.639+0000] {processor.py:183} INFO - Processing /opt/airflow/dags/dag_staging.py took 0.143 seconds
[2026-09-17T10:53:33.923+0000] {processor.py:161} INFO - Started process (PID=103) to work on /opt/airflow/dags/dag_staging.py
[2026-09-17T10:53:33.925+0000] {processor.py:830} INFO - Processing file /opt/airflow/dags/dag_staging.py for tasks to queue
[2026-09-17T10:53:33.928+0000] {logging_mixin.py:188} INFO - [2026-09-17T10:53:33.928+0000] {dagbag.py:545} INFO - Filling up the DagBag from /opt/airflow/dags/dag_staging.py
[2026-09-17T10:53:33.993+0000] {processor.py:840} INFO - DAG(s) 'youtube_staging' retrieved from /opt/airflow/dags/dag_staging.py
[2026-09-17T10:53:34.021+0000] {logging_mixin.py:188} INFO - [2026-09-17T10:53:34.021+0000] {dag.py:3096} INFO - Sync 1 DAGs
[2026-09-17T10:53:34.042+0000] {logging_mixin.py:188} INFO - [2026-09-17T10:53:34.041+0000] {dag.py:3954} INFO - Setting next_dagrun for youtube_staging to 2026-09-16 00:00:00+00:00, run_after=2026-09-17 00:00:00+00:00
[2026-09-17T10:53:34.063+0000] {processor.py:183} INFO - Processing /opt/airflow/dags/dag_staging.py took 0.148 seconds
[2026-09-17T10:54:04.264+0000] {processor.py:161} INFO - Started process (PID=111) to work on /opt/airflow/dags/dag_staging.py
[2026-09-17T10:54:04.265+0000] {processor.py:830} INFO - Processing file /opt/airflow/dags/dag_staging.py for tasks to queue
[2026-09-17T10:54:04.269+0000] {logging_mixin.py:188} INFO - [2026-09-17T10:54:04.268+0000] {dagbag.py:545} INFO - Filling up the DagBag from /opt/airflow/dags/dag_staging.py
[2026-09-17T10:54:04.337+0000] {processor.py:840} INFO - DAG(s) 'youtube_staging' retrieved from /opt/airflow/dags/dag_staging.py
[2026-09-17T10:54:04.369+0000] {logging_mixin.py:188} INFO - [2026-09-17T10:54:04.368+0000] {dag.py:3096} INFO - Sync 1 DAGs
[2026-09-17T10:54:04.390+0000] {logging_mixin.py:188} INFO - [2026-09-17T10:54:04.390+0000] {dag.py:3954} INFO - Setting next_dagrun for youtube_staging to 2026-09-16 00:00:00+00:00, run_after=2026-09-17 00:00:00+00:00
[2026-09-17T10:54:04.412+0000] {processor.py:183} INFO - Processing /opt/airflow/dags/dag_staging.py took 0.155 seconds
[2026-09-17T10:54:34.597+0000] {processor.py:161} INFO - Started process (PID=125) to work on /opt/airflow/dags/dag_staging.py
[2026-09-17T10:54:34.599+0000] {processor.py:830} INFO - Processing file /opt/airflow/dags/dag_staging.py for tasks to queue
[2026-09-17T10:54:34.602+0000] {logging_mixin.py:188} INFO - [2026-09-17T10:54:34.602+0000] {dagbag.py:545} INFO - Filling up the DagBag from /opt/airflow/dags/dag_staging.py
[2026-09-17T10:54:34.661+0000] {processor.py:840} INFO - DAG(s) 'youtube_staging' retrieved from /opt/airflow/dags/dag_staging.py
[2026-09-17T10:54:34.683+0000] {logging_mixin.py:188} INFO - [2026-09-17T10:54:34.682+0000] {dag.py:3096} INFO - Sync 1 DAGs
[2026-09-17T10:54:34.701+0000] {logging_mixin.py:188} INFO - [2026-09-17T10:54:34.701+0000] {dag.py:3954} INFO - Setting next_dagrun for youtube_staging to 2026-09-16 00:00:00+00:00, run_after=2026-09-17 00:00:00+00:00
[2026-09-17T10:54:34.721+0000] {processor.py:183} INFO - Processing /opt/airflow/dags/dag_staging.py took 0.130 seconds
[2026-09-17T10:55:04.996+0000] {processor.py:161} INFO - Started process (PID=133) to work on /opt/airflow/dags/dag_staging.py
[2026-09-17T10:55:04.999+0000] {processor.py:830} INFO - Processing file /opt/airflow/dags/dag_staging.py for tasks to queue
[2026-09-17T10:55:05.001+0000] {logging_mixin.py:188} INFO - [2026-09-17T10:55:05.001+0000] {dagbag.py:545} INFO - Filling up the DagBag from /opt/airflow/dags/dag_staging.py
[2026-09-17T10:55:05.057+0000] {processor.py:840} INFO - DAG(s) 'youtube_staging' retrieved from /opt/airflow/dags/dag_staging.py
[2026-09-17T10:55:05.083+0000] {logging_mixin.py:188} INFO - [2026-09-17T10:55:05.083+0000] {dag.py:3096} INFO - Sync 1 DAGs
[2026-09-17T10:55:05.105+0000] {logging_mixin.py:188} INFO - [2026-09-17T10:55:05.104+0000] {dag.py:3954} INFO - Setting next_dagrun for youtube_staging to 2026-09-16 00:00:00+00:00, run_after=2026-09-17 00:00:00+00:00
[2026-09-17T10:55:05.128+0000] {processor.py:183} INFO - Processing /opt/airflow/dags/dag_staging.py took 0.139 seconds
[2026-09-17T10:55:35.356+0000] {processor.py:161} INFO - Started process (PID=141) to work on /opt/airflow/dags/dag_staging.py
[2026-09-17T10:55:35.358+0000] {processor.py:830} INFO - Processing file /opt/airflow/dags/dag_staging.py for tasks to queue
[2026-09-17T10:55:35.361+0000] {logging_mixin.py:188} INFO - [2026-09-17T10:55:35.361+0000] {dagbag.py:545} INFO - Filling up the DagBag from /opt/airflow/dags/dag_staging.py
[2026-09-17T10:55:35.425+0000] {processor.py:840} INFO - DAG(s) 'youtube_staging' retrieved from /opt/airflow/dags/dag_staging.py
[2026-09-17T10:55:35.449+0000] {logging_mixin.py:188} INFO - [2026-09-17T10:55:35.448+0000] {dag.py:3096} INFO - Sync 1 DAGs
[2026-09-17T10:55:35.471+0000] {logging_mixin.py:188} INFO - [2026-09-17T10:55:35.471+0000] {dag.py:3954} INFO - Setting next_dagrun for youtube_staging to 2026-09-16 00:00:00+00:00, run_after=2026-09-17 00:00:00+00:00
[2026-09-17T10:55:35.495+0000] {processor.py:183} INFO - Processing /opt/airflow/dags/dag_staging.py took 0.145 seconds
[2026-09-17T10:56:05.764+0000] {processor.py:161} INFO - Started process (PID=149) to work on /opt/airflow/dags/dag_staging.py
[2026-09-17T10:56:05.768+0000] {processor.py:830} INFO - Processing file /opt/airflow/dags/dag_staging.py for tasks to queue
[2026-09-17T10:56:05.771+0000] {logging_mixin.py:188} INFO - [2026-09-17T10:56:05.771+0000] {dagbag.py:545} INFO - Filling up the DagBag from /opt/airflow/dags/dag_staging.py
[2026-09-17T10:56:05.844+0000] {processor.py:840} INFO - DAG(s) 'youtube_staging' retrieved from /opt/airflow/dags/dag_staging.py
[2026-09-17T10:56:05.876+0000] {logging_mixin.py:188} INFO - [2026-09-17T10:56:05.876+0000] {dag.py:3096} INFO - Sync 1 DAGs
[2026-09-17T10:56:05.901+0000] {logging_mixin.py:188} INFO - [2026-09-17T10:56:05.900+0000] {dag.py:3954} INFO - Setting next_dagrun for youtube_staging to 2026-09-16 00:00:00+00:00, run_after=2026-09-17 00:00:00+00:00
[2026-09-17T10:56:05.925+0000] {processor.py:183} INFO - Processing /opt/airflow/dags/dag_staging.py took 0.167 seconds
[2026-09-17T10:56:36.190+0000] {processor.py:161} INFO - Started process (PID=157) to work on /opt/airflow/dags/dag_staging.py
[2026-09-17T10:56:36.194+0000] {processor.py:830} INFO - Processing file /opt/airflow/dags/dag_staging.py for tasks to queue
[2026-09-17T10:56:36.197+0000] {logging_mixin.py:188} INFO - [2026-09-17T10:56:36.196+0000] {dagbag.py:545} INFO - Filling up the DagBag from /opt/airflow/dags/dag_staging.py
[2026-09-17T10:56:36.255+0000] {processor.py:840} INFO - DAG(s) 'youtube_staging' retrieved from /opt/airflow/dags/dag_staging.py
[2026-09-17T10:56:36.278+0000] {logging_mixin.py:188} INFO - [2026-09-17T10:56:36.278+0000] {dag.py:3096} INFO - Sync 1 DAGs
[2026-09-17T10:56:36.297+0000] {logging_mixin.py:188} INFO - [2026-09-17T10:56:36.297+0000] {dag.py:3954} INFO - Setting next_dagrun for youtube_staging to 2026-09-16 00:00:00+00:00, run_after=2026-09-17 00:00:00+00:00
[2026-09-17T10:56:36.318+0000] {processor.py:183} INFO - Processing /opt/airflow/dags/dag_staging.py took 0.134 seconds
[2026-09-17T10:57:19.079+0000] {processor.py:161} INFO - Started process (PID=56) to work on /opt/airflow/dags/dag_staging.py
[2026-09-17T10:57:19.081+0000] {processor.py:830} INFO - Processing file /opt/airflow/dags/dag_staging.py for tasks to queue
[2026-09-17T10:57:19.085+0000] {logging_mixin.py:188} INFO - [2026-09-17T10:57:19.085+0000] {dagbag.py:545} INFO - Filling up the DagBag from /opt/airflow/dags/dag_staging.py
[2026-09-17T10:57:19.252+0000] {processor.py:840} INFO - DAG(s) 'youtube_staging' retrieved from /opt/airflow/dags/dag_staging.py
[2026-09-17T10:57:19.500+0000] {logging_mixin.py:188} INFO - [2026-09-17T10:57:19.500+0000] {dag.py:3096} INFO - Sync 1 DAGs
[2026-09-17T10:57:19.524+0000] {logging_mixin.py:188} INFO - [2026-09-17T10:57:19.523+0000] {dag.py:3954} INFO - Setting next_dagrun for youtube_staging to 2026-09-16 00:00:00+00:00, run_after=2026-09-17 00:00:00+00:00
[2026-09-17T10:57:19.552+0000] {processor.py:183} INFO - Processing /opt/airflow/dags/dag_staging.py took 0.482 seconds
[2026-09-17T10:57:49.889+0000] {processor.py:161} INFO - Started process (PID=64) to work on /opt/airflow/dags/dag_staging.py
[2026-09-17T10:57:49.892+0000] {processor.py:830} INFO - Processing file /opt/airflow/dags/dag_staging.py for tasks to queue
[2026-09-17T10:57:49.895+0000] {logging_mixin.py:188} INFO - [2026-09-17T10:57:49.895+0000] {dagbag.py:545} INFO - Filling up the DagBag from /opt/airflow/dags/dag_staging.py
[2026-09-17T10:57:50.006+0000] {processor.py:840} INFO - DAG(s) 'youtube_staging' retrieved from /opt/airflow/dags/dag_staging.py
[2026-09-17T10:57:50.045+0000] {logging_mixin.py:188} INFO - [2026-09-17T10:57:50.044+0000] {dag.py:3096} INFO - Sync 1 DAGs
[2026-09-17T10:57:50.069+0000] {logging_mixin.py:188} INFO - [2026-09-17T10:57:50.069+0000] {dag.py:3954} INFO - Setting next_dagrun for youtube_staging to 2026-09-16 00:00:00+00:00, run_after=2026-09-17 00:00:00+00:00
[2026-09-17T10:57:50.094+0000] {processor.py:183} INFO - Processing /opt/airflow/dags/dag_staging.py took 0.214 seconds
[2026-09-17T10:58:20.205+0000] {processor.py:161} INFO - Started process (PID=72) to work on /opt/airflow/dags/dag_staging.py
[2026-09-17T10:58:20.206+0000] {processor.py:830} INFO - Processing file /opt/airflow/dags/dag_staging.py for tasks to queue
[2026-09-17T10:58:20.209+0000] {logging_mixin.py:188} INFO - [2026-09-17T10:58:20.208+0000] {dagbag.py:545} INFO - Filling up the DagBag from /opt/airflow/dags/dag_staging.py
[2026-09-17T10:58:20.276+0000] {processor.py:840} INFO - DAG(s) 'youtube_staging' retrieved from /opt/airflow/dags/dag_staging.py
[2026-09-17T10:58:20.306+0000] {logging_mixin.py:188} INFO - [2026-09-17T10:58:20.306+0000] {dag.py:3096} INFO - Sync 1 DAGs
[2026-09-17T10:58:20.327+0000] {logging_mixin.py:188} INFO - [2026-09-17T10:58:20.326+0000] {dag.py:3954} INFO - Setting next_dagrun for youtube_staging to 2026-09-16 00:00:00+00:00, run_after=2026-09-17 00:00:00+00:00
[2026-09-17T10:58:20.351+0000] {processor.py:183} INFO - Processing /opt/airflow/dags/dag_staging.py took 0.153 seconds
[2026-09-17T10:58:50.630+0000] {processor.py:161} INFO - Started process (PID=80) to work on /opt/airflow/dags/dag_staging.py
[2026-09-17T10:58:50.632+0000] {processor.py:830} INFO - Processing file /opt/airflow/dags/dag_staging.py for tasks to queue
[2026-09-17T10:58:50.635+0000] {logging_mixin.py:188} INFO - [2026-09-17T10:58:50.634+0000] {dagbag.py:545} INFO - Filling up the DagBag from /opt/airflow/dags/dag_staging.py
[2026-09-17T10:58:50.700+0000] {processor.py:840} INFO - DAG(s) 'youtube_staging' retrieved from /opt/airflow/dags/dag_staging.py
[2026-09-17T10:58:50.729+0000] {logging_mixin.py:188} INFO - [2026-09-17T10:58:50.729+0000] {dag.py:3096} INFO - Sync 1 DAGs
[2026-09-17T10:58:50.750+0000] {logging_mixin.py:188} INFO - [2026-09-17T10:58:50.750+0000] {dag.py:3954} INFO - Setting next_dagrun for youtube_staging to 2026-09-16 00:00:00+00:00, run_after=2026-09-17 00:00:00+00:00
[2026-09-17T10:58:50.774+0000] {processor.py:183} INFO - Processing /opt/airflow/dags/dag_staging.py took 0.151 seconds
[2026-09-17T10:59:20.877+0000] {processor.py:161} INFO - Started process (PID=92) to work on /opt/airflow/dags/dag_staging.py
[2026-09-17T10:59:20.879+0000] {processor.py:830} INFO - Processing file /opt/airflow/dags/dag_staging.py for tasks to queue
[2026-09-17T10:59:20.883+0000] {logging_mixin.py:188} INFO - [2026-09-17T10:59:20.882+0000] {dagbag.py:545} INFO - Filling up the DagBag from /opt/airflow/dags/dag_staging.py
[2026-09-17T10:59:20.958+0000] {processor.py:840} INFO - DAG(s) 'youtube_staging' retrieved from /opt/airflow/dags/dag_staging.py
[2026-09-17T10:59:20.989+0000] {logging_mixin.py:188} INFO - [2026-09-17T10:59:20.989+0000] {dag.py:3096} INFO - Sync 1 DAGs
[2026-09-17T10:59:21.013+0000] {logging_mixin.py:188} INFO - [2026-09-17T10:59:21.013+0000] {dag.py:3954} INFO - Setting next_dagrun for youtube_staging to 2026-09-16 00:00:00+00:00, run_after=2026-09-17 00:00:00+00:00
[2026-09-17T10:59:21.036+0000] {processor.py:183} INFO - Processing /opt/airflow/dags/dag_staging.py took 0.166 seconds
[2026-09-17T10:59:51.253+0000] {processor.py:161} INFO - Started process (PID=100) to work on /opt/airflow/dags/dag_staging.py
[2026-09-17T10:59:51.255+0000] {processor.py:830} INFO - Processing file /opt/airflow/dags/dag_staging.py for tasks to queue
[2026-09-17T10:59:51.257+0000] {logging_mixin.py:188} INFO - [2026-09-17T10:59:51.257+0000] {dagbag.py:545} INFO - Filling up the DagBag from /opt/airflow/dags/dag_staging.py
[2026-09-17T10:59:51.324+0000] {processor.py:840} INFO - DAG(s) 'youtube_staging' retrieved from /opt/airflow/dags/dag_staging.py
[2026-09-17T10:59:51.353+0000] {logging_mixin.py:188} INFO - [2026-09-17T10:59:51.353+0000] {dag.py:3096} INFO - Sync 1 DAGs
[2026-09-17T10:59:51.377+0000] {logging_mixin.py:188} INFO - [2026-09-17T10:59:51.377+0000] {dag.py:3954} INFO - Setting next_dagrun for youtube_staging to 2026-09-16 00:00:00+00:00, run_after=2026-09-17 00:00:00+00:00
[2026-09-17T10:59:51.405+0000] {processor.py:183} INFO - Processing /opt/airflow/dags/dag_staging.py took 0.159 seconds
[2026-09-17T11:00:21.510+0000] {processor.py:161} INFO - Started process (PID=108) to work on /opt/airflow/dags/dag_staging.py
[2026-09-17T11:00:21.512+0000] {processor.py:830} INFO - Processing file /opt/airflow/dags/dag_staging.py for tasks to queue
[2026-09-17T11:00:21.515+0000] {logging_mixin.py:188} INFO - [2026-09-17T11:00:21.514+0000] {dagbag.py:545} INFO - Filling up the DagBag from /opt/airflow/dags/dag_staging.py
[2026-09-17T11:00:21.578+0000] {processor.py:840} INFO - DAG(s) 'youtube_staging' retrieved from /opt/airflow/dags/dag_staging.py
[2026-09-17T11:00:21.607+0000] {logging_mixin.py:188} INFO - [2026-09-17T11:00:21.606+0000] {dag.py:3096} INFO - Sync 1 DAGs
[2026-09-17T11:00:21.627+0000] {logging_mixin.py:188} INFO - [2026-09-17T11:00:21.627+0000] {dag.py:3954} INFO - Setting next_dagrun for youtube_staging to 2026-09-16 00:00:00+00:00, run_after=2026-09-17 00:00:00+00:00
[2026-09-17T11:00:21.651+0000] {processor.py:183} INFO - Processing /opt/airflow/dags/dag_staging.py took 0.147 seconds
[2026-09-17T11:00:51.928+0000] {processor.py:161} INFO - Started process (PID=116) to work on /opt/airflow/dags/dag_staging.py
[2026-09-17T11:00:51.931+0000] {processor.py:830} INFO - Processing file /opt/airflow/dags/dag_staging.py for tasks to queue
[2026-09-17T11:00:51.934+0000] {logging_mixin.py:188} INFO - [2026-09-17T11:00:51.933+0000] {dagbag.py:545} INFO - Filling up the DagBag from /opt/airflow/dags/dag_staging.py
[2026-09-17T11:00:52.033+0000] {processor.py:840} INFO - DAG(s) 'youtube_staging' retrieved from /opt/airflow/dags/dag_staging.py
[2026-09-17T11:00:52.083+0000] {logging_mixin.py:188} INFO - [2026-09-17T11:00:52.082+0000] {dag.py:3096} INFO - Sync 1 DAGs
[2026-09-17T11:00:52.107+0000] {logging_mixin.py:188} INFO - [2026-09-17T11:00:52.106+0000] {dag.py:3954} INFO - Setting next_dagrun for youtube_staging to 2026-09-16 00:00:00+00:00, run_after=2026-09-17 00:00:00+00:00
[2026-09-17T11:00:52.132+0000] {processor.py:183} INFO - Processing /opt/airflow/dags/dag_staging.py took 0.213 seconds
[2026-09-17T11:01:22.227+0000] {processor.py:161} INFO - Started process (PID=124) to work on /opt/airflow/dags/dag_staging.py
[2026-09-17T11:01:22.230+0000] {processor.py:830} INFO - Processing file /opt/airflow/dags/dag_staging.py for tasks to queue
[2026-09-17T11:01:22.232+0000] {logging_mixin.py:188} INFO - [2026-09-17T11:01:22.232+0000] {dagbag.py:545} INFO - Filling up the DagBag from /opt/airflow/dags/dag_staging.py
[2026-09-17T11:01:22.300+0000] {processor.py:840} INFO - DAG(s) 'youtube_staging' retrieved from /opt/airflow/dags/dag_staging.py
[2026-09-17T11:01:22.331+0000] {logging_mixin.py:188} INFO - [2026-09-17T11:01:22.330+0000] {dag.py:3096} INFO - Sync 1 DAGs
[2026-09-17T11:01:22.364+0000] {logging_mixin.py:188} INFO - [2026-09-17T11:01:22.363+0000] {dag.py:3954} INFO - Setting next_dagrun for youtube_staging to 2026-09-16 00:00:00+00:00, run_after=2026-09-17 00:00:00+00:00
[2026-09-17T11:01:22.403+0000] {processor.py:183} INFO - Processing /opt/airflow/dags/dag_staging.py took 0.182 seconds
[2026-09-17T11:01:46.582+0000] {processor.py:161} INFO - Started process (PID=131) to work on /opt/airflow/dags/dag_staging.py
[2026-09-17T11:01:46.585+0000] {processor.py:830} INFO - Processing file /opt/airflow/dags/dag_staging.py for tasks to queue
[2026-09-17T11:01:46.590+0000] {logging_mixin.py:188} INFO - [2026-09-17T11:01:46.590+0000] {dagbag.py:545} INFO - Filling up the DagBag from /opt/airflow/dags/dag_staging.py
[2026-09-17T11:01:46.636+0000] {processor.py:840} INFO - DAG(s) 'youtube_staging' retrieved from /opt/airflow/dags/dag_staging.py
[2026-09-17T11:01:46.720+0000] {logging_mixin.py:188} INFO - [2026-09-17T11:01:46.719+0000] {dag.py:3096} INFO - Sync 1 DAGs
[2026-09-17T11:01:46.741+0000] {logging_mixin.py:188} INFO - [2026-09-17T11:01:46.741+0000] {dag.py:3954} INFO - Setting next_dagrun for youtube_staging to 2026-09-16 00:00:00+00:00, run_after=2026-09-17 00:00:00+00:00
[2026-09-17T11:01:46.769+0000] {processor.py:183} INFO - Processing /opt/airflow/dags/dag_staging.py took 0.193 seconds
[2026-09-17T11:02:16.916+0000] {processor.py:161} INFO - Started process (PID=139) to work on /opt/airflow/dags/dag_staging.py
[2026-09-17T11:02:16.921+0000] {processor.py:830} INFO - Processing file /opt/airflow/dags/dag_staging.py for tasks to queue
[2026-09-17T11:02:16.924+0000] {logging_mixin.py:188} INFO - [2026-09-17T11:02:16.924+0000] {dagbag.py:545} INFO - Filling up the DagBag from /opt/airflow/dags/dag_staging.py
[2026-09-17T11:02:16.963+0000] {processor.py:840} INFO - DAG(s) 'youtube_staging' retrieved from /opt/airflow/dags/dag_staging.py
[2026-09-17T11:02:16.994+0000] {logging_mixin.py:188} INFO - [2026-09-17T11:02:16.994+0000] {dag.py:3096} INFO - Sync 1 DAGs
[2026-09-17T11:02:17.019+0000] {logging_mixin.py:188} INFO - [2026-09-17T11:02:17.019+0000] {dag.py:3954} INFO - Setting next_dagrun for youtube_staging to 2026-09-16 00:00:00+00:00, run_after=2026-09-17 00:00:00+00:00
[2026-09-17T11:02:17.046+0000] {processor.py:183} INFO - Processing /opt/airflow/dags/dag_staging.py took 0.137 seconds
[2026-09-17T11:03:00.166+0000] {processor.py:161} INFO - Started process (PID=49) to work on /opt/airflow/dags/dag_staging.py
[2026-09-17T11:03:00.169+0000] {processor.py:830} INFO - Processing file /opt/airflow/dags/dag_staging.py for tasks to queue
[2026-09-17T11:03:00.174+0000] {logging_mixin.py:188} INFO - [2026-09-17T11:03:00.173+0000] {dagbag.py:545} INFO - Filling up the DagBag from /opt/airflow/dags/dag_staging.py
[2026-09-17T11:03:00.247+0000] {processor.py:840} INFO - DAG(s) 'youtube_staging' retrieved from /opt/airflow/dags/dag_staging.py
[2026-09-17T11:03:00.544+0000] {logging_mixin.py:188} INFO - [2026-09-17T11:03:00.544+0000] {dag.py:3096} INFO - Sync 1 DAGs
[2026-09-17T11:03:00.580+0000] {logging_mixin.py:188} INFO - [2026-09-17T11:03:00.579+0000] {dag.py:3954} INFO - Setting next_dagrun for youtube_staging to 2026-09-16 00:00:00+00:00, run_after=2026-09-17 00:00:00+00:00
[2026-09-17T11:03:00.606+0000] {processor.py:183} INFO - Processing /opt/airflow/dags/dag_staging.py took 0.452 seconds
[2026-09-17T11:03:30.891+0000] {processor.py:161} INFO - Started process (PID=57) to work on /opt/airflow/dags/dag_staging.py
[2026-09-17T11:03:30.893+0000] {processor.py:830} INFO - Processing file /opt/airflow/dags/dag_staging.py for tasks to queue
[2026-09-17T11:03:30.896+0000] {logging_mixin.py:188} INFO - [2026-09-17T11:03:30.896+0000] {dagbag.py:545} INFO - Filling up the DagBag from /opt/airflow/dags/dag_staging.py
[2026-09-17T11:03:30.937+0000] {processor.py:840} INFO - DAG(s) 'youtube_staging' retrieved from /opt/airflow/dags/dag_staging.py
[2026-09-17T11:03:30.967+0000] {logging_mixin.py:188} INFO - [2026-09-17T11:03:30.967+0000] {dag.py:3096} INFO - Sync 1 DAGs
[2026-09-17T11:03:30.992+0000] {logging_mixin.py:188} INFO - [2026-09-17T11:03:30.992+0000] {dag.py:3954} INFO - Setting next_dagrun for youtube_staging to 2026-09-16 00:00:00+00:00, run_after=2026-09-17 00:00:00+00:00
[2026-09-17T11:03:31.014+0000] {processor.py:183} INFO - Processing /opt/airflow/dags/dag_staging.py took 0.130 seconds
[2026-09-17T11:04:01.320+0000] {processor.py:161} INFO - Started process (PID=65) to work on /opt/airflow/dags/dag_staging.py
[2026-09-17T11:04:01.323+0000] {processor.py:830} INFO - Processing file /opt/airflow/dags/dag_staging.py for tasks to queue
[2026-09-17T11:04:01.326+0000] {logging_mixin.py:188} INFO - [2026-09-17T11:04:01.326+0000] {dagbag.py:545} INFO - Filling up the DagBag from /opt/airflow/dags/dag_staging.py
[2026-09-17T11:04:01.373+0000] {processor.py:840} INFO - DAG(s) 'youtube_staging' retrieved from /opt/airflow/dags/dag_staging.py
[2026-09-17T11:04:01.408+0000] {logging_mixin.py:188} INFO - [2026-09-17T11:04:01.408+0000] {dag.py:3096} INFO - Sync 1 DAGs
[2026-09-17T11:04:01.434+0000] {logging_mixin.py:188} INFO - [2026-09-17T11:04:01.434+0000] {dag.py:3954} INFO - Setting next_dagrun for youtube_staging to 2026-09-16 00:00:00+00:00, run_after=2026-09-17 00:00:00+00:00
[2026-09-17T11:04:01.459+0000] {processor.py:183} INFO - Processing /opt/airflow/dags/dag_staging.py took 0.151 seconds
[2026-09-17T11:04:31.762+0000] {processor.py:161} INFO - Started process (PID=73) to work on /opt/airflow/dags/dag_staging.py
[2026-09-17T11:04:31.797+0000] {processor.py:830} INFO - Processing file /opt/airflow/dags/dag_staging.py for tasks to queue
[2026-09-17T11:04:31.814+0000] {logging_mixin.py:188} INFO - [2026-09-17T11:04:31.814+0000] {dagbag.py:545} INFO - Filling up the DagBag from /opt/airflow/dags/dag_staging.py
[2026-09-17T11:04:31.867+0000] {processor.py:840} INFO - DAG(s) 'youtube_staging' retrieved from /opt/airflow/dags/dag_staging.py
[2026-09-17T11:04:31.898+0000] {logging_mixin.py:188} INFO - [2026-09-17T11:04:31.898+0000] {dag.py:3096} INFO - Sync 1 DAGs
[2026-09-17T11:04:31.922+0000] {logging_mixin.py:188} INFO - [2026-09-17T11:04:31.922+0000] {dag.py:3954} INFO - Setting next_dagrun for youtube_staging to 2026-09-16 00:00:00+00:00, run_after=2026-09-17 00:00:00+00:00
[2026-09-17T11:04:31.947+0000] {processor.py:183} INFO - Processing /opt/airflow/dags/dag_staging.py took 0.196 seconds
[2026-09-17T11:05:02.276+0000] {processor.py:161} INFO - Started process (PID=81) to work on /opt/airflow/dags/dag_staging.py
[2026-09-17T11:05:02.280+0000] {processor.py:830} INFO - Processing file /opt/airflow/dags/dag_staging.py for tasks to queue
[2026-09-17T11:05:02.283+0000] {logging_mixin.py:188} INFO - [2026-09-17T11:05:02.283+0000] {dagbag.py:545} INFO - Filling up the DagBag from /opt/airflow/dags/dag_staging.py
[2026-09-17T11:05:02.322+0000] {processor.py:840} INFO - DAG(s) 'youtube_staging' retrieved from /opt/airflow/dags/dag_staging.py
[2026-09-17T11:05:02.359+0000] {logging_mixin.py:188} INFO - [2026-09-17T11:05:02.359+0000] {dag.py:3096} INFO - Sync 1 DAGs
[2026-09-17T11:05:02.383+0000] {logging_mixin.py:188} INFO - [2026-09-17T11:05:02.382+0000] {dag.py:3954} INFO - Setting next_dagrun for youtube_staging to 2026-09-16 00:00:00+00:00, run_after=2026-09-17 00:00:00+00:00
[2026-09-17T11:05:02.405+0000] {processor.py:183} INFO - Processing /opt/airflow/dags/dag_staging.py took 0.140 seconds
[2026-09-17T11:05:32.721+0000] {processor.py:161} INFO - Started process (PID=89) to work on /opt/airflow/dags/dag_staging.py
[2026-09-17T11:05:32.723+0000] {processor.py:830} INFO - Processing file /opt/airflow/dags/dag_staging.py for tasks to queue
[2026-09-17T11:05:32.727+0000] {logging_mixin.py:188} INFO - [2026-09-17T11:05:32.727+0000] {dagbag.py:545} INFO - Filling up the DagBag from /opt/airflow/dags/dag_staging.py
[2026-09-17T11:05:32.761+0000] {processor.py:840} INFO - DAG(s) 'youtube_staging' retrieved from /opt/airflow/dags/dag_staging.py
[2026-09-17T11:05:32.789+0000] {logging_mixin.py:188} INFO - [2026-09-17T11:05:32.789+0000] {dag.py:3096} INFO - Sync 1 DAGs
[2026-09-17T11:05:32.810+0000] {logging_mixin.py:188} INFO - [2026-09-17T11:05:32.810+0000] {dag.py:3954} INFO - Setting next_dagrun for youtube_staging to 2026-09-16 00:00:00+00:00, run_after=2026-09-17 00:00:00+00:00
[2026-09-17T11:05:32.836+0000] {processor.py:183} INFO - Processing /opt/airflow/dags/dag_staging.py took 0.122 seconds
[2026-09-17T11:06:03.168+0000] {processor.py:161} INFO - Started process (PID=97) to work on /opt/airflow/dags/dag_staging.py
[2026-09-17T11:06:03.170+0000] {processor.py:830} INFO - Processing file /opt/airflow/dags/dag_staging.py for tasks to queue
[2026-09-17T11:06:03.175+0000] {logging_mixin.py:188} INFO - [2026-09-17T11:06:03.174+0000] {dagbag.py:545} INFO - Filling up the DagBag from /opt/airflow/dags/dag_staging.py
[2026-09-17T11:06:03.207+0000] {processor.py:840} INFO - DAG(s) 'youtube_staging' retrieved from /opt/airflow/dags/dag_staging.py
[2026-09-17T11:06:03.236+0000] {logging_mixin.py:188} INFO - [2026-09-17T11:06:03.236+0000] {dag.py:3096} INFO - Sync 1 DAGs
[2026-09-17T11:06:03.261+0000] {logging_mixin.py:188} INFO - [2026-09-17T11:06:03.261+0000] {dag.py:3954} INFO - Setting next_dagrun for youtube_staging to 2026-09-16 00:00:00+00:00, run_after=2026-09-17 00:00:00+00:00
[2026-09-17T11:06:03.285+0000] {processor.py:183} INFO - Processing /opt/airflow/dags/dag_staging.py took 0.126 seconds
[2026-09-17T11:06:33.574+0000] {processor.py:161} INFO - Started process (PID=105) to work on /opt/airflow/dags/dag_staging.py
[2026-09-17T11:06:33.577+0000] {processor.py:830} INFO - Processing file /opt/airflow/dags/dag_staging.py for tasks to queue
[2026-09-17T11:06:33.581+0000] {logging_mixin.py:188} INFO - [2026-09-17T11:06:33.580+0000] {dagbag.py:545} INFO - Filling up the DagBag from /opt/airflow/dags/dag_staging.py
[2026-09-17T11:06:33.621+0000] {processor.py:840} INFO - DAG(s) 'youtube_staging' retrieved from /opt/airflow/dags/dag_staging.py
[2026-09-17T11:06:33.653+0000] {logging_mixin.py:188} INFO - [2026-09-17T11:06:33.653+0000] {dag.py:3096} INFO - Sync 1 DAGs
[2026-09-17T11:06:33.679+0000] {logging_mixin.py:188} INFO - [2026-09-17T11:06:33.679+0000] {dag.py:3954} INFO - Setting next_dagrun for youtube_staging to 2026-09-16 00:00:00+00:00, run_after=2026-09-17 00:00:00+00:00
[2026-09-17T11:06:33.703+0000] {processor.py:183} INFO - Processing /opt/airflow/dags/dag_staging.py took 0.143 seconds
[2026-09-17T11:07:03.973+0000] {processor.py:161} INFO - Started process (PID=113) to work on /opt/airflow/dags/dag_staging.py
[2026-09-17T11:07:03.976+0000] {processor.py:830} INFO - Processing file /opt/airflow/dags/dag_staging.py for tasks to queue
[2026-09-17T11:07:03.979+0000] {logging_mixin.py:188} INFO - [2026-09-17T11:07:03.979+0000] {dagbag.py:545} INFO - Filling up the DagBag from /opt/airflow/dags/dag_staging.py
[2026-09-17T11:07:04.014+0000] {processor.py:840} INFO - DAG(s) 'youtube_staging' retrieved from /opt/airflow/dags/dag_staging.py
[2026-09-17T11:07:04.044+0000] {logging_mixin.py:188} INFO - [2026-09-17T11:07:04.044+0000] {dag.py:3096} INFO - Sync 1 DAGs
[2026-09-17T11:07:04.070+0000] {logging_mixin.py:188} INFO - [2026-09-17T11:07:04.069+0000] {dag.py:3954} INFO - Setting next_dagrun for youtube_staging to 2026-09-16 00:00:00+00:00, run_after=2026-09-17 00:00:00+00:00
[2026-09-17T11:07:04.094+0000] {processor.py:183} INFO - Processing /opt/airflow/dags/dag_staging.py took 0.130 seconds
[2026-09-17T11:07:34.140+0000] {processor.py:161} INFO - Started process (PID=126) to work on /opt/airflow/dags/dag_staging.py
[2026-09-17T11:07:34.142+0000] {processor.py:830} INFO - Processing file /opt/airflow/dags/dag_staging.py for tasks to queue
[2026-09-17T11:07:34.144+0000] {logging_mixin.py:188} INFO - [2026-09-17T11:07:34.144+0000] {dagbag.py:545} INFO - Filling up the DagBag from /opt/airflow/dags/dag_staging.py
[2026-09-17T11:07:34.178+0000] {processor.py:840} INFO - DAG(s) 'youtube_staging' retrieved from /opt/airflow/dags/dag_staging.py
[2026-09-17T11:07:34.209+0000] {logging_mixin.py:188} INFO - [2026-09-17T11:07:34.208+0000] {dag.py:3096} INFO - Sync 1 DAGs
[2026-09-17T11:07:34.234+0000] {logging_mixin.py:188} INFO - [2026-09-17T11:07:34.233+0000] {dag.py:3954} INFO - Setting next_dagrun for youtube_staging to 2026-09-16 00:00:00+00:00, run_after=2026-09-17 00:00:00+00:00
[2026-09-17T11:07:34.258+0000] {processor.py:183} INFO - Processing /opt/airflow/dags/dag_staging.py took 0.124 seconds
[2026-09-17T11:08:04.830+0000] {processor.py:161} INFO - Started process (PID=136) to work on /opt/airflow/dags/dag_staging.py
[2026-09-17T11:08:04.832+0000] {processor.py:830} INFO - Processing file /opt/airflow/dags/dag_staging.py for tasks to queue
[2026-09-17T11:08:04.835+0000] {logging_mixin.py:188} INFO - [2026-09-17T11:08:04.835+0000] {dagbag.py:545} INFO - Filling up the DagBag from /opt/airflow/dags/dag_staging.py
[2026-09-17T11:08:04.866+0000] {processor.py:840} INFO - DAG(s) 'youtube_staging' retrieved from /opt/airflow/dags/dag_staging.py
[2026-09-17T11:08:04.886+0000] {logging_mixin.py:188} INFO - [2026-09-17T11:08:04.886+0000] {dag.py:3096} INFO - Sync 1 DAGs
[2026-09-17T11:08:04.908+0000] {logging_mixin.py:188} INFO - [2026-09-17T11:08:04.907+0000] {dag.py:3954} INFO - Setting next_dagrun for youtube_staging to 2026-09-16 00:00:00+00:00, run_after=2026-09-17 00:00:00+00:00
[2026-09-17T11:08:04.931+0000] {processor.py:183} INFO - Processing /opt/airflow/dags/dag_staging.py took 0.106 seconds
[2026-09-17T11:08:35.248+0000] {processor.py:161} INFO - Started process (PID=144) to work on /opt/airflow/dags/dag_staging.py
[2026-09-17T11:08:35.251+0000] {processor.py:830} INFO - Processing file /opt/airflow/dags/dag_staging.py for tasks to queue
[2026-09-17T11:08:35.254+0000] {logging_mixin.py:188} INFO - [2026-09-17T11:08:35.254+0000] {dagbag.py:545} INFO - Filling up the DagBag from /opt/airflow/dags/dag_staging.py
[2026-09-17T11:08:35.284+0000] {processor.py:840} INFO - DAG(s) 'youtube_staging' retrieved from /opt/airflow/dags/dag_staging.py
[2026-09-17T11:08:35.303+0000] {logging_mixin.py:188} INFO - [2026-09-17T11:08:35.303+0000] {dag.py:3096} INFO - Sync 1 DAGs
[2026-09-17T11:08:35.323+0000] {logging_mixin.py:188} INFO - [2026-09-17T11:08:35.323+0000] {dag.py:3954} INFO - Setting next_dagrun for youtube_staging to 2026-09-16 00:00:00+00:00, run_after=2026-09-17 00:00:00+00:00
[2026-09-17T11:08:35.347+0000] {processor.py:183} INFO - Processing /opt/airflow/dags/dag_staging.py took 0.105 seconds
[2026-09-17T11:09:05.644+0000] {processor.py:161} INFO - Started process (PID=152) to work on /opt/airflow/dags/dag_staging.py
[2026-09-17T11:09:05.646+0000] {processor.py:830} INFO - Processing file /opt/airflow/dags/dag_staging.py for tasks to queue
[2026-09-17T11:09:05.649+0000] {logging_mixin.py:188} INFO - [2026-09-17T11:09:05.648+0000] {dagbag.py:545} INFO - Filling up the DagBag from /opt/airflow/dags/dag_staging.py
[2026-09-17T11:09:05.678+0000] {processor.py:840} INFO - DAG(s) 'youtube_staging' retrieved from /opt/airflow/dags/dag_staging.py
[2026-09-17T11:09:05.701+0000] {logging_mixin.py:188} INFO - [2026-09-17T11:09:05.701+0000] {dag.py:3096} INFO - Sync 1 DAGs
[2026-09-17T11:09:05.722+0000] {logging_mixin.py:188} INFO - [2026-09-17T11:09:05.721+0000] {dag.py:3954} INFO - Setting next_dagrun for youtube_staging to 2026-09-16 00:00:00+00:00, run_after=2026-09-17 00:00:00+00:00
[2026-09-17T11:09:05.743+0000] {processor.py:183} INFO - Processing /opt/airflow/dags/dag_staging.py took 0.105 seconds
[2026-09-17T11:09:36.045+0000] {processor.py:161} INFO - Started process (PID=160) to work on /opt/airflow/dags/dag_staging.py
[2026-09-17T11:09:36.046+0000] {processor.py:830} INFO - Processing file /opt/airflow/dags/dag_staging.py for tasks to queue
[2026-09-17T11:09:36.049+0000] {logging_mixin.py:188} INFO - [2026-09-17T11:09:36.048+0000] {dagbag.py:545} INFO - Filling up the DagBag from /opt/airflow/dags/dag_staging.py
[2026-09-17T11:09:36.078+0000] {processor.py:840} INFO - DAG(s) 'youtube_staging' retrieved from /opt/airflow/dags/dag_staging.py
[2026-09-17T11:09:36.101+0000] {logging_mixin.py:188} INFO - [2026-09-17T11:09:36.101+0000] {dag.py:3096} INFO - Sync 1 DAGs
[2026-09-17T11:09:36.124+0000] {logging_mixin.py:188} INFO - [2026-09-17T11:09:36.124+0000] {dag.py:3954} INFO - Setting next_dagrun for youtube_staging to 2026-09-16 00:00:00+00:00, run_after=2026-09-17 00:00:00+00:00
[2026-09-17T11:09:36.146+0000] {processor.py:183} INFO - Processing /opt/airflow/dags/dag_staging.py took 0.108 seconds
[2026-09-17T11:10:06.457+0000] {processor.py:161} INFO - Started process (PID=168) to work on /opt/airflow/dags/dag_staging.py
[2026-09-17T11:10:06.459+0000] {processor.py:830} INFO - Processing file /opt/airflow/dags/dag_staging.py for tasks to queue
[2026-09-17T11:10:06.462+0000] {logging_mixin.py:188} INFO - [2026-09-17T11:10:06.461+0000] {dagbag.py:545} INFO - Filling up the DagBag from /opt/airflow/dags/dag_staging.py
[2026-09-17T11:10:06.491+0000] {processor.py:840} INFO - DAG(s) 'youtube_staging' retrieved from /opt/airflow/dags/dag_staging.py
[2026-09-17T11:10:06.513+0000] {logging_mixin.py:188} INFO - [2026-09-17T11:10:06.512+0000] {dag.py:3096} INFO - Sync 1 DAGs
[2026-09-17T11:10:06.532+0000] {logging_mixin.py:188} INFO - [2026-09-17T11:10:06.532+0000] {dag.py:3954} INFO - Setting next_dagrun for youtube_staging to 2026-09-16 00:00:00+00:00, run_after=2026-09-17 00:00:00+00:00
[2026-09-17T11:10:06.554+0000] {processor.py:183} INFO - Processing /opt/airflow/dags/dag_staging.py took 0.103 seconds
[2026-09-17T11:10:36.810+0000] {processor.py:161} INFO - Started process (PID=176) to work on /opt/airflow/dags/dag_staging.py
[2026-09-17T11:10:36.812+0000] {processor.py:830} INFO - Processing file /opt/airflow/dags/dag_staging.py for tasks to queue
[2026-09-17T11:10:36.817+0000] {logging_mixin.py:188} INFO - [2026-09-17T11:10:36.816+0000] {dagbag.py:545} INFO - Filling up the DagBag from /opt/airflow/dags/dag_staging.py
[2026-09-17T11:10:36.854+0000] {processor.py:840} INFO - DAG(s) 'youtube_staging' retrieved from /opt/airflow/dags/dag_staging.py
[2026-09-17T11:10:36.876+0000] {logging_mixin.py:188} INFO - [2026-09-17T11:10:36.875+0000] {dag.py:3096} INFO - Sync 1 DAGs
[2026-09-17T11:10:36.897+0000] {logging_mixin.py:188} INFO - [2026-09-17T11:10:36.897+0000] {dag.py:3954} INFO - Setting next_dagrun for youtube_staging to 2026-09-16 00:00:00+00:00, run_after=2026-09-17 00:00:00+00:00
[2026-09-17T11:10:36.926+0000] {processor.py:183} INFO - Processing /opt/airflow/dags/dag_staging.py took 0.122 seconds
[2026-09-17T11:11:07.258+0000] {processor.py:161} INFO - Started process (PID=184) to work on /opt/airflow/dags/dag_staging.py
[2026-09-17T11:11:07.260+0000] {processor.py:830} INFO - Processing file /opt/airflow/dags/dag_staging.py for tasks to queue
[2026-09-17T11:11:07.263+0000] {logging_mixin.py:188} INFO - [2026-09-17T11:11:07.262+0000] {dagbag.py:545} INFO - Filling up the DagBag from /opt/airflow/dags/dag_staging.py
[2026-09-17T11:11:07.302+0000] {processor.py:840} INFO - DAG(s) 'youtube_staging' retrieved from /opt/airflow/dags/dag_staging.py
[2026-09-17T11:11:07.325+0000] {logging_mixin.py:188} INFO - [2026-09-17T11:11:07.325+0000] {dag.py:3096} INFO - Sync 1 DAGs
[2026-09-17T11:11:07.351+0000] {logging_mixin.py:188} INFO - [2026-09-17T11:11:07.351+0000] {dag.py:3954} INFO - Setting next_dagrun for youtube_staging to 2026-09-16 00:00:00+00:00, run_after=2026-09-17 00:00:00+00:00
[2026-09-17T11:11:07.376+0000] {processor.py:183} INFO - Processing /opt/airflow/dags/dag_staging.py took 0.125 seconds
[2026-09-17T11:11:37.688+0000] {processor.py:161} INFO - Started process (PID=192) to work on /opt/airflow/dags/dag_staging.py
[2026-09-17T11:11:37.691+0000] {processor.py:830} INFO - Processing file /opt/airflow/dags/dag_staging.py for tasks to queue
[2026-09-17T11:11:37.694+0000] {logging_mixin.py:188} INFO - [2026-09-17T11:11:37.694+0000] {dagbag.py:545} INFO - Filling up the DagBag from /opt/airflow/dags/dag_staging.py
[2026-09-17T11:11:37.729+0000] {processor.py:840} INFO - DAG(s) 'youtube_staging' retrieved from /opt/airflow/dags/dag_staging.py
[2026-09-17T11:11:37.757+0000] {logging_mixin.py:188} INFO - [2026-09-17T11:11:37.757+0000] {dag.py:3096} INFO - Sync 1 DAGs
[2026-09-17T11:11:37.783+0000] {logging_mixin.py:188} INFO - [2026-09-17T11:11:37.783+0000] {dag.py:3954} INFO - Setting next_dagrun for youtube_staging to 2026-09-16 00:00:00+00:00, run_after=2026-09-17 00:00:00+00:00
[2026-09-17T11:11:37.812+0000] {processor.py:183} INFO - Processing /opt/airflow/dags/dag_staging.py took 0.132 seconds
[2026-09-17T11:12:08.135+0000] {processor.py:161} INFO - Started process (PID=200) to work on /opt/airflow/dags/dag_staging.py
[2026-09-17T11:12:08.138+0000] {processor.py:830} INFO - Processing file /opt/airflow/dags/dag_staging.py for tasks to queue
[2026-09-17T11:12:08.141+0000] {logging_mixin.py:188} INFO - [2026-09-17T11:12:08.140+0000] {dagbag.py:545} INFO - Filling up the DagBag from /opt/airflow/dags/dag_staging.py
[2026-09-17T11:12:08.171+0000] {processor.py:840} INFO - DAG(s) 'youtube_staging' retrieved from /opt/airflow/dags/dag_staging.py
[2026-09-17T11:12:08.192+0000] {logging_mixin.py:188} INFO - [2026-09-17T11:12:08.192+0000] {dag.py:3096} INFO - Sync 1 DAGs
[2026-09-17T11:12:08.211+0000] {logging_mixin.py:188} INFO - [2026-09-17T11:12:08.211+0000] {dag.py:3954} INFO - Setting next_dagrun for youtube_staging to 2026-09-16 00:00:00+00:00, run_after=2026-09-17 00:00:00+00:00
[2026-09-17T11:12:08.233+0000] {processor.py:183} INFO - Processing /opt/airflow/dags/dag_staging.py took 0.103 seconds
[2026-09-17T11:12:38.538+0000] {processor.py:161} INFO - Started process (PID=213) to work on /opt/airflow/dags/dag_staging.py
[2026-09-17T11:12:38.540+0000] {processor.py:830} INFO - Processing file /opt/airflow/dags/dag_staging.py for tasks to queue
[2026-09-17T11:12:38.544+0000] {logging_mixin.py:188} INFO - [2026-09-17T11:12:38.543+0000] {dagbag.py:545} INFO - Filling up the DagBag from /opt/airflow/dags/dag_staging.py
[2026-09-17T11:12:38.579+0000] {processor.py:840} INFO - DAG(s) 'youtube_staging' retrieved from /opt/airflow/dags/dag_staging.py
[2026-09-17T11:12:38.603+0000] {logging_mixin.py:188} INFO - [2026-09-17T11:12:38.603+0000] {dag.py:3096} INFO - Sync 1 DAGs
[2026-09-17T11:12:38.626+0000] {logging_mixin.py:188} INFO - [2026-09-17T11:12:38.626+0000] {dag.py:3954} INFO - Setting next_dagrun for youtube_staging to 2026-09-17 00:00:00+00:00, run_after=2026-09-18 00:00:00+00:00
[2026-09-17T11:12:38.650+0000] {processor.py:183} INFO - Processing /opt/airflow/dags/dag_staging.py took 0.120 seconds
[2026-09-17T11:13:08.961+0000] {processor.py:161} INFO - Started process (PID=221) to work on /opt/airflow/dags/dag_staging.py
[2026-09-17T11:13:08.963+0000] {processor.py:830} INFO - Processing file /opt/airflow/dags/dag_staging.py for tasks to queue
[2026-09-17T11:13:08.965+0000] {logging_mixin.py:188} INFO - [2026-09-17T11:13:08.965+0000] {dagbag.py:545} INFO - Filling up the DagBag from /opt/airflow/dags/dag_staging.py
[2026-09-17T11:13:09.000+0000] {processor.py:840} INFO - DAG(s) 'youtube_staging' retrieved from /opt/airflow/dags/dag_staging.py
[2026-09-17T11:13:09.023+0000] {logging_mixin.py:188} INFO - [2026-09-17T11:13:09.023+0000] {dag.py:3096} INFO - Sync 1 DAGs
[2026-09-17T11:13:09.048+0000] {logging_mixin.py:188} INFO - [2026-09-17T11:13:09.047+0000] {dag.py:3954} INFO - Setting next_dagrun for youtube_staging to 2026-09-17 00:00:00+00:00, run_after=2026-09-18 00:00:00+00:00
[2026-09-17T11:13:09.070+0000] {processor.py:183} INFO - Processing /opt/airflow/dags/dag_staging.py took 0.117 seconds
[2026-09-17T11:13:39.348+0000] {processor.py:161} INFO - Started process (PID=229) to work on /opt/airflow/dags/dag_staging.py
[2026-09-17T11:13:39.350+0000] {processor.py:830} INFO - Processing file /opt/airflow/dags/dag_staging.py for tasks to queue
[2026-09-17T11:13:39.352+0000] {logging_mixin.py:188} INFO - [2026-09-17T11:13:39.352+0000] {dagbag.py:545} INFO - Filling up the DagBag from /opt/airflow/dags/dag_staging.py
[2026-09-17T11:13:39.388+0000] {processor.py:840} INFO - DAG(s) 'youtube_staging' retrieved from /opt/airflow/dags/dag_staging.py
[2026-09-17T11:13:39.413+0000] {logging_mixin.py:188} INFO - [2026-09-17T11:13:39.413+0000] {dag.py:3096} INFO - Sync 1 DAGs
[2026-09-17T11:13:39.436+0000] {logging_mixin.py:188} INFO - [2026-09-17T11:13:39.436+0000] {dag.py:3954} INFO - Setting next_dagrun for youtube_staging to 2026-09-17 00:00:00+00:00, run_after=2026-09-18 00:00:00+00:00
[2026-09-17T11:13:39.459+0000] {processor.py:183} INFO - Processing /opt/airflow/dags/dag_staging.py took 0.117 seconds
[2026-09-17T11:14:09.772+0000] {processor.py:161} INFO - Started process (PID=237) to work on /opt/airflow/dags/dag_staging.py
[2026-09-17T11:14:09.774+0000] {processor.py:830} INFO - Processing file /opt/airflow/dags/dag_staging.py for tasks to queue
[2026-09-17T11:14:09.777+0000] {logging_mixin.py:188} INFO - [2026-09-17T11:14:09.776+0000] {dagbag.py:545} INFO - Filling up the DagBag from /opt/airflow/dags/dag_staging.py
[2026-09-17T11:14:09.808+0000] {processor.py:840} INFO - DAG(s) 'youtube_staging' retrieved from /opt/airflow/dags/dag_staging.py
[2026-09-17T11:14:09.829+0000] {logging_mixin.py:188} INFO - [2026-09-17T11:14:09.829+0000] {dag.py:3096} INFO - Sync 1 DAGs
[2026-09-17T11:14:09.849+0000] {logging_mixin.py:188} INFO - [2026-09-17T11:14:09.849+0000] {dag.py:3954} INFO - Setting next_dagrun for youtube_staging to 2026-09-17 00:00:00+00:00, run_after=2026-09-18 00:00:00+00:00
[2026-09-17T11:14:09.871+0000] {processor.py:183} INFO - Processing /opt/airflow/dags/dag_staging.py took 0.105 seconds
[2026-09-17T11:14:40.144+0000] {processor.py:161} INFO - Started process (PID=246) to work on /opt/airflow/dags/dag_staging.py
[2026-09-17T11:14:40.146+0000] {processor.py:830} INFO - Processing file /opt/airflow/dags/dag_staging.py for tasks to queue
[2026-09-17T11:14:40.149+0000] {logging_mixin.py:188} INFO - [2026-09-17T11:14:40.148+0000] {dagbag.py:545} INFO - Filling up the DagBag from /opt/airflow/dags/dag_staging.py
[2026-09-17T11:14:40.180+0000] {processor.py:840} INFO - DAG(s) 'youtube_staging' retrieved from /opt/airflow/dags/dag_staging.py
[2026-09-17T11:14:40.200+0000] {logging_mixin.py:188} INFO - [2026-09-17T11:14:40.199+0000] {dag.py:3096} INFO - Sync 1 DAGs
[2026-09-17T11:14:40.222+0000] {logging_mixin.py:188} INFO - [2026-09-17T11:14:40.222+0000] {dag.py:3954} INFO - Setting next_dagrun for youtube_staging to 2026-09-17 00:00:00+00:00, run_after=2026-09-18 00:00:00+00:00
[2026-09-17T11:14:40.244+0000] {processor.py:183} INFO - Processing /opt/airflow/dags/dag_staging.py took 0.106 seconds
[2026-09-17T11:15:10.546+0000] {processor.py:161} INFO - Started process (PID=254) to work on /opt/airflow/dags/dag_staging.py
[2026-09-17T11:15:10.548+0000] {processor.py:830} INFO - Processing file /opt/airflow/dags/dag_staging.py for tasks to queue
[2026-09-17T11:15:10.550+0000] {logging_mixin.py:188} INFO - [2026-09-17T11:15:10.550+0000] {dagbag.py:545} INFO - Filling up the DagBag from /opt/airflow/dags/dag_staging.py
[2026-09-17T11:15:10.580+0000] {processor.py:840} INFO - DAG(s) 'youtube_staging' retrieved from /opt/airflow/dags/dag_staging.py
[2026-09-17T11:15:10.606+0000] {logging_mixin.py:188} INFO - [2026-09-17T11:15:10.605+0000] {dag.py:3096} INFO - Sync 1 DAGs
[2026-09-17T11:15:10.625+0000] {logging_mixin.py:188} INFO - [2026-09-17T11:15:10.625+0000] {dag.py:3954} INFO - Setting next_dagrun for youtube_staging to 2026-09-17 00:00:00+00:00, run_after=2026-09-18 00:00:00+00:00
[2026-09-17T11:15:10.645+0000] {processor.py:183} INFO - Processing /opt/airflow/dags/dag_staging.py took 0.105 seconds
[2026-09-17T11:15:40.911+0000] {processor.py:161} INFO - Started process (PID=262) to work on /opt/airflow/dags/dag_staging.py
[2026-09-17T11:15:40.914+0000] {processor.py:830} INFO - Processing file /opt/airflow/dags/dag_staging.py for tasks to queue
[2026-09-17T11:15:40.918+0000] {logging_mixin.py:188} INFO - [2026-09-17T11:15:40.917+0000] {dagbag.py:545} INFO - Filling up the DagBag from /opt/airflow/dags/dag_staging.py
[2026-09-17T11:15:40.953+0000] {processor.py:840} INFO - DAG(s) 'youtube_staging' retrieved from /opt/airflow/dags/dag_staging.py
[2026-09-17T11:15:40.977+0000] {logging_mixin.py:188} INFO - [2026-09-17T11:15:40.977+0000] {dag.py:3096} INFO - Sync 1 DAGs
[2026-09-17T11:15:41.001+0000] {logging_mixin.py:188} INFO - [2026-09-17T11:15:41.000+0000] {dag.py:3954} INFO - Setting next_dagrun for youtube_staging to 2026-09-17 00:00:00+00:00, run_after=2026-09-18 00:00:00+00:00
[2026-09-17T11:15:41.023+0000] {processor.py:183} INFO - Processing /opt/airflow/dags/dag_staging.py took 0.119 seconds
[2026-09-17T11:16:11.269+0000] {processor.py:161} INFO - Started process (PID=270) to work on /opt/airflow/dags/dag_staging.py
[2026-09-17T11:16:11.271+0000] {processor.py:830} INFO - Processing file /opt/airflow/dags/dag_staging.py for tasks to queue
[2026-09-17T11:16:11.274+0000] {logging_mixin.py:188} INFO - [2026-09-17T11:16:11.274+0000] {dagbag.py:545} INFO - Filling up the DagBag from /opt/airflow/dags/dag_staging.py
[2026-09-17T11:16:11.304+0000] {processor.py:840} INFO - DAG(s) 'youtube_staging' retrieved from /opt/airflow/dags/dag_staging.py
[2026-09-17T11:16:11.326+0000] {logging_mixin.py:188} INFO - [2026-09-17T11:16:11.325+0000] {dag.py:3096} INFO - Sync 1 DAGs
[2026-09-17T11:16:11.350+0000] {logging_mixin.py:188} INFO - [2026-09-17T11:16:11.350+0000] {dag.py:3954} INFO - Setting next_dagrun for youtube_staging to 2026-09-17 00:00:00+00:00, run_after=2026-09-18 00:00:00+00:00
[2026-09-17T11:16:11.383+0000] {processor.py:183} INFO - Processing /opt/airflow/dags/dag_staging.py took 0.120 seconds
[2026-09-17T11:16:41.664+0000] {processor.py:161} INFO - Started process (PID=278) to work on /opt/airflow/dags/dag_staging.py
[2026-09-17T11:16:41.668+0000] {processor.py:830} INFO - Processing file /opt/airflow/dags/dag_staging.py for tasks to queue
[2026-09-17T11:16:41.671+0000] {logging_mixin.py:188} INFO - [2026-09-17T11:16:41.670+0000] {dagbag.py:545} INFO - Filling up the DagBag from /opt/airflow/dags/dag_staging.py
[2026-09-17T11:16:41.708+0000] {processor.py:840} INFO - DAG(s) 'youtube_staging' retrieved from /opt/airflow/dags/dag_staging.py
[2026-09-17T11:16:41.733+0000] {logging_mixin.py:188} INFO - [2026-09-17T11:16:41.733+0000] {dag.py:3096} INFO - Sync 1 DAGs
[2026-09-17T11:16:41.759+0000] {logging_mixin.py:188} INFO - [2026-09-17T11:16:41.758+0000] {dag.py:3954} INFO - Setting next_dagrun for youtube_staging to 2026-09-17 00:00:00+00:00, run_after=2026-09-18 00:00:00+00:00
[2026-09-17T11:16:41.789+0000] {processor.py:183} INFO - Processing /opt/airflow/dags/dag_staging.py took 0.132 seconds
[2026-09-17T11:17:12.121+0000] {processor.py:161} INFO - Started process (PID=286) to work on /opt/airflow/dags/dag_staging.py
[2026-09-17T11:17:12.123+0000] {processor.py:830} INFO - Processing file /opt/airflow/dags/dag_staging.py for tasks to queue
[2026-09-17T11:17:12.126+0000] {logging_mixin.py:188} INFO - [2026-09-17T11:17:12.126+0000] {dagbag.py:545} INFO - Filling up the DagBag from /opt/airflow/dags/dag_staging.py
[2026-09-17T11:17:12.180+0000] {processor.py:840} INFO - DAG(s) 'youtube_staging' retrieved from /opt/airflow/dags/dag_staging.py
[2026-09-17T11:17:12.214+0000] {logging_mixin.py:188} INFO - [2026-09-17T11:17:12.213+0000] {dag.py:3096} INFO - Sync 1 DAGs
[2026-09-17T11:17:12.250+0000] {logging_mixin.py:188} INFO - [2026-09-17T11:17:12.249+0000] {dag.py:3954} INFO - Setting next_dagrun for youtube_staging to 2026-09-17 00:00:00+00:00, run_after=2026-09-18 00:00:00+00:00
[2026-09-17T11:17:12.323+0000] {processor.py:183} INFO - Processing /opt/airflow/dags/dag_staging.py took 0.207 seconds
[2026-09-17T11:17:42.633+0000] {processor.py:161} INFO - Started process (PID=299) to work on /opt/airflow/dags/dag_staging.py
[2026-09-17T11:17:42.636+0000] {processor.py:830} INFO - Processing file /opt/airflow/dags/dag_staging.py for tasks to queue
[2026-09-17T11:17:42.639+0000] {logging_mixin.py:188} INFO - [2026-09-17T11:17:42.638+0000] {dagbag.py:545} INFO - Filling up the DagBag from /opt/airflow/dags/dag_staging.py
[2026-09-17T11:17:42.678+0000] {processor.py:840} INFO - DAG(s) 'youtube_staging' retrieved from /opt/airflow/dags/dag_staging.py
[2026-09-17T11:17:42.716+0000] {logging_mixin.py:188} INFO - [2026-09-17T11:17:42.715+0000] {dag.py:3096} INFO - Sync 1 DAGs
[2026-09-17T11:17:42.754+0000] {logging_mixin.py:188} INFO - [2026-09-17T11:17:42.753+0000] {dag.py:3954} INFO - Setting next_dagrun for youtube_staging to 2026-09-17 00:00:00+00:00, run_after=2026-09-18 00:00:00+00:00
[2026-09-17T11:17:42.782+0000] {processor.py:183} INFO - Processing /opt/airflow/dags/dag_staging.py took 0.157 seconds
[2026-09-17T11:18:56.186+0000] {processor.py:161} INFO - Started process (PID=50) to work on /opt/airflow/dags/dag_staging.py
[2026-09-17T11:18:56.189+0000] {processor.py:830} INFO - Processing file /opt/airflow/dags/dag_staging.py for tasks to queue
[2026-09-17T11:18:56.193+0000] {logging_mixin.py:188} INFO - [2026-09-17T11:18:56.193+0000] {dagbag.py:545} INFO - Filling up the DagBag from /opt/airflow/dags/dag_staging.py
[2026-09-17T11:18:56.354+0000] {processor.py:840} INFO - DAG(s) 'youtube_staging' retrieved from /opt/airflow/dags/dag_staging.py
[2026-09-17T11:18:56.721+0000] {logging_mixin.py:188} INFO - [2026-09-17T11:18:56.720+0000] {dag.py:3096} INFO - Sync 1 DAGs
[2026-09-17T11:18:56.755+0000] {logging_mixin.py:188} INFO - [2026-09-17T11:18:56.755+0000] {dag.py:3954} INFO - Setting next_dagrun for youtube_staging to 2026-09-17 00:00:00+00:00, run_after=2026-09-18 00:00:00+00:00
[2026-09-17T11:18:56.786+0000] {processor.py:183} INFO - Processing /opt/airflow/dags/dag_staging.py took 0.611 seconds
[2026-09-17T11:19:27.068+0000] {processor.py:161} INFO - Started process (PID=58) to work on /opt/airflow/dags/dag_staging.py
[2026-09-17T11:19:27.070+0000] {processor.py:830} INFO - Processing file /opt/airflow/dags/dag_staging.py for tasks to queue
[2026-09-17T11:19:27.073+0000] {logging_mixin.py:188} INFO - [2026-09-17T11:19:27.073+0000] {dagbag.py:545} INFO - Filling up the DagBag from /opt/airflow/dags/dag_staging.py
[2026-09-17T11:19:27.108+0000] {processor.py:840} INFO - DAG(s) 'youtube_staging' retrieved from /opt/airflow/dags/dag_staging.py
[2026-09-17T11:19:27.132+0000] {logging_mixin.py:188} INFO - [2026-09-17T11:19:27.132+0000] {dag.py:3096} INFO - Sync 1 DAGs
[2026-09-17T11:19:27.161+0000] {logging_mixin.py:188} INFO - [2026-09-17T11:19:27.161+0000] {dag.py:3954} INFO - Setting next_dagrun for youtube_staging to 2026-09-17 00:00:00+00:00, run_after=2026-09-18 00:00:00+00:00
[2026-09-17T11:19:27.189+0000] {processor.py:183} INFO - Processing /opt/airflow/dags/dag_staging.py took 0.128 seconds
[2026-09-17T11:19:57.492+0000] {processor.py:161} INFO - Started process (PID=66) to work on /opt/airflow/dags/dag_staging.py
[2026-09-17T11:19:57.493+0000] {processor.py:830} INFO - Processing file /opt/airflow/dags/dag_staging.py for tasks to queue
[2026-09-17T11:19:57.496+0000] {logging_mixin.py:188} INFO - [2026-09-17T11:19:57.496+0000] {dagbag.py:545} INFO - Filling up the DagBag from /opt/airflow/dags/dag_staging.py
[2026-09-17T11:19:57.528+0000] {processor.py:840} INFO - DAG(s) 'youtube_staging' retrieved from /opt/airflow/dags/dag_staging.py
[2026-09-17T11:19:57.554+0000] {logging_mixin.py:188} INFO - [2026-09-17T11:19:57.554+0000] {dag.py:3096} INFO - Sync 1 DAGs
[2026-09-17T11:19:57.577+0000] {logging_mixin.py:188} INFO - [2026-09-17T11:19:57.577+0000] {dag.py:3954} INFO - Setting next_dagrun for youtube_staging to 2026-09-17 00:00:00+00:00, run_after=2026-09-18 00:00:00+00:00
[2026-09-17T11:19:57.601+0000] {processor.py:183} INFO - Processing /opt/airflow/dags/dag_staging.py took 0.116 seconds
[2026-09-17T11:20:27.893+0000] {processor.py:161} INFO - Started process (PID=74) to work on /opt/airflow/dags/dag_staging.py
[2026-09-17T11:20:27.896+0000] {processor.py:830} INFO - Processing file /opt/airflow/dags/dag_staging.py for tasks to queue
[2026-09-17T11:20:27.900+0000] {logging_mixin.py:188} INFO - [2026-09-17T11:20:27.900+0000] {dagbag.py:545} INFO - Filling up the DagBag from /opt/airflow/dags/dag_staging.py
[2026-09-17T11:20:27.944+0000] {processor.py:840} INFO - DAG(s) 'youtube_staging' retrieved from /opt/airflow/dags/dag_staging.py
[2026-09-17T11:20:27.970+0000] {logging_mixin.py:188} INFO - [2026-09-17T11:20:27.970+0000] {dag.py:3096} INFO - Sync 1 DAGs
[2026-09-17T11:20:27.998+0000] {logging_mixin.py:188} INFO - [2026-09-17T11:20:27.998+0000] {dag.py:3954} INFO - Setting next_dagrun for youtube_staging to 2026-09-17 00:00:00+00:00, run_after=2026-09-18 00:00:00+00:00
[2026-09-17T11:20:28.024+0000] {processor.py:183} INFO - Processing /opt/airflow/dags/dag_staging.py took 0.139 seconds
[2026-09-17T11:20:58.346+0000] {processor.py:161} INFO - Started process (PID=82) to work on /opt/airflow/dags/dag_staging.py
[2026-09-17T11:20:58.349+0000] {processor.py:830} INFO - Processing file /opt/airflow/dags/dag_staging.py for tasks to queue
[2026-09-17T11:20:58.352+0000] {logging_mixin.py:188} INFO - [2026-09-17T11:20:58.351+0000] {dagbag.py:545} INFO - Filling up the DagBag from /opt/airflow/dags/dag_staging.py
[2026-09-17T11:20:58.384+0000] {processor.py:840} INFO - DAG(s) 'youtube_staging' retrieved from /opt/airflow/dags/dag_staging.py
[2026-09-17T11:20:58.407+0000] {logging_mixin.py:188} INFO - [2026-09-17T11:20:58.407+0000] {dag.py:3096} INFO - Sync 1 DAGs
[2026-09-17T11:20:58.432+0000] {logging_mixin.py:188} INFO - [2026-09-17T11:20:58.431+0000] {dag.py:3954} INFO - Setting next_dagrun for youtube_staging to 2026-09-17 00:00:00+00:00, run_after=2026-09-18 00:00:00+00:00
[2026-09-17T11:20:58.456+0000] {processor.py:183} INFO - Processing /opt/airflow/dags/dag_staging.py took 0.118 seconds
[2026-09-17T11:21:28.774+0000] {processor.py:161} INFO - Started process (PID=90) to work on /opt/airflow/dags/dag_staging.py
[2026-09-17T11:21:28.777+0000] {processor.py:830} INFO - Processing file /opt/airflow/dags/dag_staging.py for tasks to queue
[2026-09-17T11:21:28.780+0000] {logging_mixin.py:188} INFO - [2026-09-17T11:21:28.779+0000] {dagbag.py:545} INFO - Filling up the DagBag from /opt/airflow/dags/dag_staging.py
[2026-09-17T11:21:28.836+0000] {processor.py:840} INFO - DAG(s) 'youtube_staging' retrieved from /opt/airflow/dags/dag_staging.py
[2026-09-17T11:21:28.878+0000] {logging_mixin.py:188} INFO - [2026-09-17T11:21:28.878+0000] {dag.py:3096} INFO - Sync 1 DAGs
[2026-09-17T11:21:28.912+0000] {logging_mixin.py:188} INFO - [2026-09-17T11:21:28.912+0000] {dag.py:3954} INFO - Setting next_dagrun for youtube_staging to 2026-09-17 00:00:00+00:00, run_after=2026-09-18 00:00:00+00:00
[2026-09-17T11:21:28.947+0000] {processor.py:183} INFO - Processing /opt/airflow/dags/dag_staging.py took 0.183 seconds
[2026-09-17T11:21:59.266+0000] {processor.py:161} INFO - Started process (PID=104) to work on /opt/airflow/dags/dag_staging.py
[2026-09-17T11:21:59.267+0000] {processor.py:830} INFO - Processing file /opt/airflow/dags/dag_staging.py for tasks to queue
[2026-09-17T11:21:59.270+0000] {logging_mixin.py:188} INFO - [2026-09-17T11:21:59.270+0000] {dagbag.py:545} INFO - Filling up the DagBag from /opt/airflow/dags/dag_staging.py
[2026-09-17T11:21:59.305+0000] {processor.py:840} INFO - DAG(s) 'youtube_staging' retrieved from /opt/airflow/dags/dag_staging.py
[2026-09-17T11:21:59.328+0000] {logging_mixin.py:188} INFO - [2026-09-17T11:21:59.328+0000] {dag.py:3096} INFO - Sync 1 DAGs
[2026-09-17T11:21:59.353+0000] {logging_mixin.py:188} INFO - [2026-09-17T11:21:59.353+0000] {dag.py:3954} INFO - Setting next_dagrun for youtube_staging to 2026-09-17 00:00:00+00:00, run_after=2026-09-18 00:00:00+00:00
[2026-09-17T11:21:59.377+0000] {processor.py:183} INFO - Processing /opt/airflow/dags/dag_staging.py took 0.119 seconds
[2026-09-17T11:22:29.691+0000] {processor.py:161} INFO - Started process (PID=112) to work on /opt/airflow/dags/dag_staging.py
[2026-09-17T11:22:29.694+0000] {processor.py:830} INFO - Processing file /opt/airflow/dags/dag_staging.py for tasks to queue
[2026-09-17T11:22:29.697+0000] {logging_mixin.py:188} INFO - [2026-09-17T11:22:29.697+0000] {dagbag.py:545} INFO - Filling up the DagBag from /opt/airflow/dags/dag_staging.py
[2026-09-17T11:22:29.731+0000] {processor.py:840} INFO - DAG(s) 'youtube_staging' retrieved from /opt/airflow/dags/dag_staging.py
[2026-09-17T11:22:29.754+0000] {logging_mixin.py:188} INFO - [2026-09-17T11:22:29.754+0000] {dag.py:3096} INFO - Sync 1 DAGs
[2026-09-17T11:22:29.779+0000] {logging_mixin.py:188} INFO - [2026-09-17T11:22:29.778+0000] {dag.py:3954} INFO - Setting next_dagrun for youtube_staging to 2026-09-17 00:00:00+00:00, run_after=2026-09-18 00:00:00+00:00
[2026-09-17T11:22:29.801+0000] {processor.py:183} INFO - Processing /opt/airflow/dags/dag_staging.py took 0.117 seconds
[2026-09-17T11:23:00.141+0000] {processor.py:161} INFO - Started process (PID=120) to work on /opt/airflow/dags/dag_staging.py
[2026-09-17T11:23:00.143+0000] {processor.py:830} INFO - Processing file /opt/airflow/dags/dag_staging.py for tasks to queue
[2026-09-17T11:23:00.146+0000] {logging_mixin.py:188} INFO - [2026-09-17T11:23:00.145+0000] {dagbag.py:545} INFO - Filling up the DagBag from /opt/airflow/dags/dag_staging.py
[2026-09-17T11:23:00.178+0000] {processor.py:840} INFO - DAG(s) 'youtube_staging' retrieved from /opt/airflow/dags/dag_staging.py
[2026-09-17T11:23:00.200+0000] {logging_mixin.py:188} INFO - [2026-09-17T11:23:00.200+0000] {dag.py:3096} INFO - Sync 1 DAGs
[2026-09-17T11:23:00.224+0000] {logging_mixin.py:188} INFO - [2026-09-17T11:23:00.224+0000] {dag.py:3954} INFO - Setting next_dagrun for youtube_staging to 2026-09-17 00:00:00+00:00, run_after=2026-09-18 00:00:00+00:00
[2026-09-17T11:23:00.248+0000] {processor.py:183} INFO - Processing /opt/airflow/dags/dag_staging.py took 0.115 seconds
[2026-09-17T11:23:30.549+0000] {processor.py:161} INFO - Started process (PID=128) to work on /opt/airflow/dags/dag_staging.py
[2026-09-17T11:23:30.551+0000] {processor.py:830} INFO - Processing file /opt/airflow/dags/dag_staging.py for tasks to queue
[2026-09-17T11:23:30.554+0000] {logging_mixin.py:188} INFO - [2026-09-17T11:23:30.554+0000] {dagbag.py:545} INFO - Filling up the DagBag from /opt/airflow/dags/dag_staging.py
[2026-09-17T11:23:30.585+0000] {processor.py:840} INFO - DAG(s) 'youtube_staging' retrieved from /opt/airflow/dags/dag_staging.py
[2026-09-17T11:23:30.608+0000] {logging_mixin.py:188} INFO - [2026-09-17T11:23:30.608+0000] {dag.py:3096} INFO - Sync 1 DAGs
[2026-09-17T11:23:30.633+0000] {logging_mixin.py:188} INFO - [2026-09-17T11:23:30.633+0000] {dag.py:3954} INFO - Setting next_dagrun for youtube_staging to 2026-09-17 00:00:00+00:00, run_after=2026-09-18 00:00:00+00:00
[2026-09-17T11:23:30.657+0000] {processor.py:183} INFO - Processing /opt/airflow/dags/dag_staging.py took 0.114 seconds
[2026-09-17T11:24:01.059+0000] {processor.py:161} INFO - Started process (PID=136) to work on /opt/airflow/dags/dag_staging.py
[2026-09-17T11:24:01.064+0000] {processor.py:830} INFO - Processing file /opt/airflow/dags/dag_staging.py for tasks to queue
[2026-09-17T11:24:01.073+0000] {logging_mixin.py:188} INFO - [2026-09-17T11:24:01.073+0000] {dagbag.py:545} INFO - Filling up the DagBag from /opt/airflow/dags/dag_staging.py
[2026-09-17T11:24:01.145+0000] {processor.py:840} INFO - DAG(s) 'youtube_staging' retrieved from /opt/airflow/dags/dag_staging.py
[2026-09-17T11:24:01.188+0000] {logging_mixin.py:188} INFO - [2026-09-17T11:24:01.188+0000] {dag.py:3096} INFO - Sync 1 DAGs
[2026-09-17T11:24:01.232+0000] {logging_mixin.py:188} INFO - [2026-09-17T11:24:01.231+0000] {dag.py:3954} INFO - Setting next_dagrun for youtube_staging to 2026-09-17 00:00:00+00:00, run_after=2026-09-18 00:00:00+00:00
[2026-09-17T11:24:01.258+0000] {processor.py:183} INFO - Processing /opt/airflow/dags/dag_staging.py took 0.218 seconds
[2026-09-17T11:44:45.207+0000] {processor.py:161} INFO - Started process (PID=144) to work on /opt/airflow/dags/dag_staging.py
[2026-09-17T11:44:45.220+0000] {processor.py:830} INFO - Processing file /opt/airflow/dags/dag_staging.py for tasks to queue
[2026-09-17T11:44:45.235+0000] {logging_mixin.py:188} INFO - [2026-09-17T11:44:45.234+0000] {dagbag.py:545} INFO - Filling up the DagBag from /opt/airflow/dags/dag_staging.py
[2026-09-17T11:44:45.516+0000] {processor.py:840} INFO - DAG(s) 'youtube_staging' retrieved from /opt/airflow/dags/dag_staging.py
[2026-09-17T11:44:45.597+0000] {logging_mixin.py:188} INFO - [2026-09-17T11:44:45.597+0000] {dag.py:3096} INFO - Sync 1 DAGs
[2026-09-17T11:44:45.691+0000] {logging_mixin.py:188} INFO - [2026-09-17T11:44:45.690+0000] {dag.py:3954} INFO - Setting next_dagrun for youtube_staging to 2026-09-17 00:00:00+00:00, run_after=2026-09-18 00:00:00+00:00
[2026-09-17T11:44:45.799+0000] {processor.py:183} INFO - Processing /opt/airflow/dags/dag_staging.py took 0.616 seconds
