[2026-09-16T13:40:37.150+0000] {manager.py:470} INFO - Processing files using up to 2 processes at a time 
[2026-09-16T13:40:37.167+0000] {manager.py:471} INFO - Process each file at most once every 30 seconds
[2026-09-16T13:40:37.171+0000] {manager.py:472} INFO - Checking for new files in /opt/airflow/dags every 300 seconds
[2026-09-16T13:40:37.178+0000] {manager.py:737} INFO - Searching for files in /opt/airflow/dags
[2026-09-16T13:40:37.187+0000] {manager.py:740} INFO - There are 0 files in /opt/airflow/dags
[2026-09-16T13:45:37.737+0000] {manager.py:737} INFO - Searching for files in /opt/airflow/dags
[2026-09-16T13:45:37.744+0000] {manager.py:740} INFO - There are 0 files in /opt/airflow/dags
[2026-09-16T13:50:38.332+0000] {manager.py:737} INFO - Searching for files in /opt/airflow/dags
[2026-09-16T13:50:38.340+0000] {manager.py:740} INFO - There are 0 files in /opt/airflow/dags
[2026-09-16T13:55:38.778+0000] {manager.py:737} INFO - Searching for files in /opt/airflow/dags
[2026-09-16T13:55:38.792+0000] {manager.py:740} INFO - There are 0 files in /opt/airflow/dags
[2026-09-16T14:00:39.271+0000] {manager.py:737} INFO - Searching for files in /opt/airflow/dags
[2026-09-16T14:00:39.287+0000] {manager.py:740} INFO - There are 0 files in /opt/airflow/dags
[2026-09-16T14:05:39.739+0000] {manager.py:737} INFO - Searching for files in /opt/airflow/dags
[2026-09-16T14:05:39.749+0000] {manager.py:740} INFO - There are 0 files in /opt/airflow/dags
[2026-09-16T14:10:40.431+0000] {manager.py:737} INFO - Searching for files in /opt/airflow/dags
[2026-09-16T14:10:40.439+0000] {manager.py:740} INFO - There are 0 files in /opt/airflow/dags
[2026-09-16T14:15:41.126+0000] {manager.py:737} INFO - Searching for files in /opt/airflow/dags
[2026-09-16T14:15:41.135+0000] {manager.py:740} INFO - There are 0 files in /opt/airflow/dags
[2026-09-16T14:20:41.903+0000] {manager.py:737} INFO - Searching for files in /opt/airflow/dags
[2026-09-16T14:20:41.922+0000] {manager.py:740} INFO - There are 0 files in /opt/airflow/dags
[2026-09-16T14:25:42.833+0000] {manager.py:737} INFO - Searching for files in /opt/airflow/dags
[2026-09-16T14:25:42.842+0000] {manager.py:740} INFO - There are 0 files in /opt/airflow/dags
[2026-09-16T14:30:43.829+0000] {manager.py:737} INFO - Searching for files in /opt/airflow/dags
[2026-09-16T14:30:43.849+0000] {manager.py:740} INFO - There are 0 files in /opt/airflow/dags
[2026-09-16T14:35:44.813+0000] {manager.py:737} INFO - Searching for files in /opt/airflow/dags
[2026-09-16T14:35:44.826+0000] {manager.py:740} INFO - There are 0 files in /opt/airflow/dags
[2026-09-16T14:40:45.775+0000] {manager.py:737} INFO - Searching for files in /opt/airflow/dags
[2026-09-16T14:40:45.779+0000] {manager.py:740} INFO - There are 0 files in /opt/airflow/dags
[2026-09-16T14:45:46.699+0000] {manager.py:737} INFO - Searching for files in /opt/airflow/dags
[2026-09-16T14:45:46.708+0000] {manager.py:740} INFO - There are 0 files in /opt/airflow/dags
[2026-09-16T14:50:47.597+0000] {manager.py:737} INFO - Searching for files in /opt/airflow/dags
[2026-09-16T14:50:47.611+0000] {manager.py:740} INFO - There are 0 files in /opt/airflow/dags
[2026-09-16T14:53:52.572+0000] {manager.py:452} INFO - Exiting gracefully upon receiving signal 15
[2026-09-16T14:54:51.413+0000] {manager.py:470} INFO - Processing files using up to 2 processes at a time 
[2026-09-16T14:54:51.417+0000] {manager.py:471} INFO - Process each file at most once every 30 seconds
[2026-09-16T14:54:51.423+0000] {manager.py:472} INFO - Checking for new files in /opt/airflow/dags every 300 seconds
[2026-09-16T14:54:51.427+0000] {manager.py:737} INFO - Searching for files in /opt/airflow/dags
[2026-09-16T14:54:51.445+0000] {manager.py:740} INFO - There are 0 files in /opt/airflow/dags
[2026-09-16T14:57:40.658+0000] {manager.py:452} INFO - Exiting gracefully upon receiving signal 15
[2026-09-16T14:59:11.233+0000] {manager.py:470} INFO - Processing files using up to 2 processes at a time 
[2026-09-16T14:59:11.236+0000] {manager.py:471} INFO - Process each file at most once every 30 seconds
[2026-09-16T14:59:11.242+0000] {manager.py:472} INFO - Checking for new files in /opt/airflow/dags every 300 seconds
[2026-09-16T14:59:11.245+0000] {manager.py:737} INFO - Searching for files in /opt/airflow/dags
[2026-09-16T14:59:11.256+0000] {manager.py:740} INFO - There are 0 files in /opt/airflow/dags
[2026-09-16T14:59:23.299+0000] {manager.py:452} INFO - Exiting gracefully upon receiving signal 15
[2026-09-16T15:00:16.615+0000] {manager.py:470} INFO - Processing files using up to 2 processes at a time 
[2026-09-16T15:00:16.619+0000] {manager.py:471} INFO - Process each file at most once every 30 seconds
[2026-09-16T15:00:16.622+0000] {manager.py:472} INFO - Checking for new files in /opt/airflow/dags every 300 seconds
[2026-09-16T15:00:16.625+0000] {manager.py:737} INFO - Searching for files in /opt/airflow/dags
[2026-09-16T15:00:16.635+0000] {manager.py:740} INFO - There are 0 files in /opt/airflow/dags
[2026-09-16T15:05:16.631+0000] {manager.py:737} INFO - Searching for files in /opt/airflow/dags
[2026-09-16T15:05:16.644+0000] {manager.py:740} INFO - There are 0 files in /opt/airflow/dags
[2026-09-16T15:10:17.588+0000] {manager.py:737} INFO - Searching for files in /opt/airflow/dags
[2026-09-16T15:10:17.614+0000] {manager.py:740} INFO - There are 0 files in /opt/airflow/dags
[2026-09-16T15:15:18.555+0000] {manager.py:737} INFO - Searching for files in /opt/airflow/dags
[2026-09-16T15:15:18.572+0000] {manager.py:740} INFO - There are 0 files in /opt/airflow/dags
[2026-09-16T15:18:30.460+0000] {manager.py:452} INFO - Exiting gracefully upon receiving signal 15
[2026-09-16T15:20:09.181+0000] {manager.py:470} INFO - Processing files using up to 2 processes at a time 
[2026-09-16T15:20:09.186+0000] {manager.py:471} INFO - Process each file at most once every 30 seconds
[2026-09-16T15:20:09.190+0000] {manager.py:472} INFO - Checking for new files in /opt/airflow/dags every 300 seconds
[2026-09-16T15:20:09.193+0000] {manager.py:737} INFO - Searching for files in /opt/airflow/dags
[2026-09-16T15:20:09.204+0000] {manager.py:740} INFO - There are 0 files in /opt/airflow/dags
[2026-09-16T15:21:50.718+0000] {manager.py:452} INFO - Exiting gracefully upon receiving signal 15
[2026-09-16T15:24:03.837+0000] {manager.py:470} INFO - Processing files using up to 2 processes at a time 
[2026-09-16T15:24:03.841+0000] {manager.py:471} INFO - Process each file at most once every 30 seconds
[2026-09-16T15:24:03.844+0000] {manager.py:472} INFO - Checking for new files in /opt/airflow/dags every 300 seconds
[2026-09-16T15:24:03.848+0000] {manager.py:737} INFO - Searching for files in /opt/airflow/dags
[2026-09-16T15:24:03.859+0000] {manager.py:740} INFO - There are 0 files in /opt/airflow/dags
[2026-09-16T15:29:04.832+0000] {manager.py:737} INFO - Searching for files in /opt/airflow/dags
[2026-09-16T15:29:04.839+0000] {manager.py:740} INFO - There are 0 files in /opt/airflow/dags
[2026-09-16T15:34:05.737+0000] {manager.py:737} INFO - Searching for files in /opt/airflow/dags
[2026-09-16T15:34:05.750+0000] {manager.py:740} INFO - There are 0 files in /opt/airflow/dags
[2026-09-16T15:38:41.641+0000] {manager.py:452} INFO - Exiting gracefully upon receiving signal 15
[2026-09-16T15:40:00.044+0000] {manager.py:470} INFO - Processing files using up to 2 processes at a time 
[2026-09-16T15:40:00.048+0000] {manager.py:471} INFO - Process each file at most once every 30 seconds
[2026-09-16T15:40:00.051+0000] {manager.py:472} INFO - Checking for new files in /opt/airflow/dags every 300 seconds
[2026-09-16T15:40:00.053+0000] {manager.py:737} INFO - Searching for files in /opt/airflow/dags
[2026-09-16T15:40:00.061+0000] {manager.py:740} INFO - There are 0 files in /opt/airflow/dags
[2026-09-16T15:45:01.049+0000] {manager.py:737} INFO - Searching for files in /opt/airflow/dags
[2026-09-16T15:45:01.063+0000] {manager.py:740} INFO - There are 0 files in /opt/airflow/dags
[2026-09-16T15:50:02.009+0000] {manager.py:737} INFO - Searching for files in /opt/airflow/dags
[2026-09-16T15:50:02.024+0000] {manager.py:740} INFO - There are 0 files in /opt/airflow/dags
[2026-09-16T15:55:02.968+0000] {manager.py:737} INFO - Searching for files in /opt/airflow/dags
[2026-09-16T15:55:02.987+0000] {manager.py:740} INFO - There are 0 files in /opt/airflow/dags
[2026-09-16T16:00:03.907+0000] {manager.py:737} INFO - Searching for files in /opt/airflow/dags
[2026-09-16T16:00:03.924+0000] {manager.py:740} INFO - There are 0 files in /opt/airflow/dags
[2026-09-16T16:05:04.817+0000] {manager.py:737} INFO - Searching for files in /opt/airflow/dags
[2026-09-16T16:05:04.825+0000] {manager.py:740} INFO - There are 0 files in /opt/airflow/dags
[2026-09-16T16:10:05.530+0000] {manager.py:737} INFO - Searching for files in /opt/airflow/dags
[2026-09-16T16:10:05.544+0000] {manager.py:740} INFO - There are 0 files in /opt/airflow/dags
[2026-09-16T16:15:06.155+0000] {manager.py:737} INFO - Searching for files in /opt/airflow/dags
[2026-09-16T16:15:06.161+0000] {manager.py:740} INFO - There are 0 files in /opt/airflow/dags
[2026-09-16T16:20:06.805+0000] {manager.py:737} INFO - Searching for files in /opt/airflow/dags
[2026-09-16T16:20:06.813+0000] {manager.py:740} INFO - There are 0 files in /opt/airflow/dags
[2026-09-16T16:25:07.451+0000] {manager.py:737} INFO - Searching for files in /opt/airflow/dags
[2026-09-16T16:25:07.465+0000] {manager.py:740} INFO - There are 0 files in /opt/airflow/dags
[2026-09-17T09:36:03.496+0000] {manager.py:470} INFO - Processing files using up to 2 processes at a time 
[2026-09-17T09:36:03.500+0000] {manager.py:471} INFO - Process each file at most once every 30 seconds
[2026-09-17T09:36:03.503+0000] {manager.py:472} INFO - Checking for new files in /opt/airflow/dags every 300 seconds
[2026-09-17T09:36:03.506+0000] {manager.py:737} INFO - Searching for files in /opt/airflow/dags
[2026-09-17T09:36:03.522+0000] {manager.py:740} INFO - There are 1 files in /opt/airflow/dags
[2026-09-17T09:36:06.728+0000] {manager.py:878} INFO - 
================================================================================
DAG File Processing Stats

File Path                            PID    Runtime      # DAGs    # Errors  Last Runtime    Last Run
-----------------------------------  -----  ---------  --------  ----------  --------------  -------------------
/opt/airflow/dags/dag_extraction.py                           1           0  1.31s           2026-09-17T09:36:04
================================================================================
[2026-09-17T09:36:37.157+0000] {manager.py:878} INFO - 
================================================================================
DAG File Processing Stats

File Path                            PID    Runtime      # DAGs    # Errors  Last Runtime    Last Run
-----------------------------------  -----  ---------  --------  ----------  --------------  -------------------
/opt/airflow/dags/dag_extraction.py                           1           0  0.18s           2026-09-17T09:36:35
================================================================================
[2026-09-17T09:37:07.512+0000] {manager.py:878} INFO - 
================================================================================
DAG File Processing Stats

File Path                            PID    Runtime      # DAGs    # Errors  Last Runtime    Last Run
-----------------------------------  -----  ---------  --------  ----------  --------------  -------------------
/opt/airflow/dags/dag_extraction.py                           1           0  0.18s           2026-09-17T09:37:05
================================================================================
[2026-09-17T09:37:37.734+0000] {manager.py:878} INFO - 
================================================================================
DAG File Processing Stats

File Path                            PID    Runtime      # DAGs    # Errors  Last Runtime    Last Run
-----------------------------------  -----  ---------  --------  ----------  --------------  -------------------
/opt/airflow/dags/dag_extraction.py                           1           0  0.18s           2026-09-17T09:37:35
================================================================================
[2026-09-17T09:38:08.087+0000] {manager.py:878} INFO - 
================================================================================
DAG File Processing Stats

File Path                            PID    Runtime      # DAGs    # Errors  Last Runtime    Last Run
-----------------------------------  -----  ---------  --------  ----------  --------------  -------------------
/opt/airflow/dags/dag_extraction.py                           1           0  0.26s           2026-09-17T09:38:06
================================================================================
[2026-09-17T09:38:38.409+0000] {manager.py:878} INFO - 
================================================================================
DAG File Processing Stats

File Path                            PID    Runtime      # DAGs    # Errors  Last Runtime    Last Run
-----------------------------------  -----  ---------  --------  ----------  --------------  -------------------
/opt/airflow/dags/dag_extraction.py                           1           0  0.16s           2026-09-17T09:38:36
================================================================================
[2026-09-17T09:39:08.645+0000] {manager.py:878} INFO - 
================================================================================
DAG File Processing Stats

File Path                            PID    Runtime      # DAGs    # Errors  Last Runtime    Last Run
-----------------------------------  -----  ---------  --------  ----------  --------------  -------------------
/opt/airflow/dags/dag_extraction.py                           1           0  0.19s           2026-09-17T09:39:06
================================================================================
[2026-09-17T09:39:39.024+0000] {manager.py:878} INFO - 
================================================================================
DAG File Processing Stats

File Path                            PID    Runtime      # DAGs    # Errors  Last Runtime    Last Run
-----------------------------------  -----  ---------  --------  ----------  --------------  -------------------
/opt/airflow/dags/dag_extraction.py                           1           0  0.16s           2026-09-17T09:39:37
================================================================================
[2026-09-17T09:40:09.275+0000] {manager.py:878} INFO - 
================================================================================
DAG File Processing Stats

File Path                            PID    Runtime      # DAGs    # Errors  Last Runtime    Last Run
-----------------------------------  -----  ---------  --------  ----------  --------------  -------------------
/opt/airflow/dags/dag_extraction.py                           1           0  0.34s           2026-09-17T09:40:07
================================================================================
[2026-09-17T09:40:39.800+0000] {manager.py:878} INFO - 
================================================================================
DAG File Processing Stats

File Path                            PID    Runtime      # DAGs    # Errors  Last Runtime    Last Run
-----------------------------------  -----  ---------  --------  ----------  --------------  -------------------
/opt/airflow/dags/dag_extraction.py                           1           0  0.17s           2026-09-17T09:40:37
================================================================================
[2026-09-17T09:41:03.960+0000] {manager.py:737} INFO - Searching for files in /opt/airflow/dags
[2026-09-17T09:41:03.983+0000] {manager.py:740} INFO - There are 1 files in /opt/airflow/dags
[2026-09-17T09:41:10.153+0000] {manager.py:878} INFO - 
================================================================================
DAG File Processing Stats

File Path                            PID    Runtime      # DAGs    # Errors  Last Runtime    Last Run
-----------------------------------  -----  ---------  --------  ----------  --------------  -------------------
/opt/airflow/dags/dag_extraction.py                           1           0  0.34s           2026-09-17T09:41:08
================================================================================
[2026-09-17T09:41:40.577+0000] {manager.py:878} INFO - 
================================================================================
DAG File Processing Stats

File Path                            PID    Runtime      # DAGs    # Errors  Last Runtime    Last Run
-----------------------------------  -----  ---------  --------  ----------  --------------  -------------------
/opt/airflow/dags/dag_extraction.py                           1           0  0.16s           2026-09-17T09:41:38
================================================================================
[2026-09-17T09:42:10.930+0000] {manager.py:878} INFO - 
================================================================================
DAG File Processing Stats

File Path                            PID    Runtime      # DAGs    # Errors  Last Runtime    Last Run
-----------------------------------  -----  ---------  --------  ----------  --------------  -------------------
/opt/airflow/dags/dag_extraction.py                           1           0  0.15s           2026-09-17T09:42:08
================================================================================
[2026-09-17T09:42:41.161+0000] {manager.py:878} INFO - 
================================================================================
DAG File Processing Stats

File Path                            PID    Runtime      # DAGs    # Errors  Last Runtime    Last Run
-----------------------------------  -----  ---------  --------  ----------  --------------  -------------------
/opt/airflow/dags/dag_extraction.py                           1           0  0.19s           2026-09-17T09:42:39
================================================================================
[2026-09-17T09:43:11.536+0000] {manager.py:878} INFO - 
================================================================================
DAG File Processing Stats

File Path                            PID    Runtime      # DAGs    # Errors  Last Runtime    Last Run
-----------------------------------  -----  ---------  --------  ----------  --------------  -------------------
/opt/airflow/dags/dag_extraction.py                           1           0  0.19s           2026-09-17T09:43:09
================================================================================
[2026-09-17T09:43:41.831+0000] {manager.py:878} INFO - 
================================================================================
DAG File Processing Stats

File Path                            PID    Runtime      # DAGs    # Errors  Last Runtime    Last Run
-----------------------------------  -----  ---------  --------  ----------  --------------  -------------------
/opt/airflow/dags/dag_extraction.py                           1           0  0.19s           2026-09-17T09:43:39
================================================================================
[2026-09-17T09:44:12.174+0000] {manager.py:878} INFO - 
================================================================================
DAG File Processing Stats

File Path                            PID    Runtime      # DAGs    # Errors  Last Runtime    Last Run
-----------------------------------  -----  ---------  --------  ----------  --------------  -------------------
/opt/airflow/dags/dag_extraction.py                           1           0  0.17s           2026-09-17T09:44:10
================================================================================
[2026-09-17T09:44:42.415+0000] {manager.py:878} INFO - 
================================================================================
DAG File Processing Stats

File Path                            PID    Runtime      # DAGs    # Errors  Last Runtime    Last Run
-----------------------------------  -----  ---------  --------  ----------  --------------  -------------------
/opt/airflow/dags/dag_extraction.py                           1           0  0.15s           2026-09-17T09:44:40
================================================================================
[2026-09-17T09:45:12.753+0000] {manager.py:878} INFO - 
================================================================================
DAG File Processing Stats

File Path                            PID    Runtime      # DAGs    # Errors  Last Runtime    Last Run
-----------------------------------  -----  ---------  --------  ----------  --------------  -------------------
/opt/airflow/dags/dag_extraction.py                           1           0  0.15s           2026-09-17T09:45:10
================================================================================
[2026-09-17T09:45:43.019+0000] {manager.py:878} INFO - 
================================================================================
DAG File Processing Stats

File Path                            PID    Runtime      # DAGs    # Errors  Last Runtime    Last Run
-----------------------------------  -----  ---------  --------  ----------  --------------  -------------------
/opt/airflow/dags/dag_extraction.py                           1           0  0.16s           2026-09-17T09:45:41
================================================================================
[2026-09-17T09:46:04.179+0000] {manager.py:737} INFO - Searching for files in /opt/airflow/dags
[2026-09-17T09:46:04.203+0000] {manager.py:740} INFO - There are 1 files in /opt/airflow/dags
[2026-09-17T09:46:13.382+0000] {manager.py:878} INFO - 
================================================================================
DAG File Processing Stats

File Path                            PID    Runtime      # DAGs    # Errors  Last Runtime    Last Run
-----------------------------------  -----  ---------  --------  ----------  --------------  -------------------
/opt/airflow/dags/dag_extraction.py                           1           0  0.19s           2026-09-17T09:46:11
================================================================================
[2026-09-17T09:46:43.673+0000] {manager.py:878} INFO - 
================================================================================
DAG File Processing Stats

File Path                            PID    Runtime      # DAGs    # Errors  Last Runtime    Last Run
-----------------------------------  -----  ---------  --------  ----------  --------------  -------------------
/opt/airflow/dags/dag_extraction.py                           1           0  0.17s           2026-09-17T09:46:41
================================================================================
[2026-09-17T09:47:13.998+0000] {manager.py:878} INFO - 
================================================================================
DAG File Processing Stats

File Path                            PID    Runtime      # DAGs    # Errors  Last Runtime    Last Run
-----------------------------------  -----  ---------  --------  ----------  --------------  -------------------
/opt/airflow/dags/dag_extraction.py                           1           0  0.16s           2026-09-17T09:47:12
================================================================================
[2026-09-17T09:47:44.288+0000] {manager.py:878} INFO - 
================================================================================
DAG File Processing Stats

File Path                            PID    Runtime      # DAGs    # Errors  Last Runtime    Last Run
-----------------------------------  -----  ---------  --------  ----------  --------------  -------------------
/opt/airflow/dags/dag_extraction.py                           1           0  0.16s           2026-09-17T09:47:42
================================================================================
[2026-09-17T09:48:14.565+0000] {manager.py:878} INFO - 
================================================================================
DAG File Processing Stats

File Path                            PID    Runtime      # DAGs    # Errors  Last Runtime    Last Run
-----------------------------------  -----  ---------  --------  ----------  --------------  -------------------
/opt/airflow/dags/dag_extraction.py                           1           0  0.22s           2026-09-17T09:48:12
================================================================================
[2026-09-17T09:48:44.910+0000] {manager.py:878} INFO - 
================================================================================
DAG File Processing Stats

File Path                            PID    Runtime      # DAGs    # Errors  Last Runtime    Last Run
-----------------------------------  -----  ---------  --------  ----------  --------------  -------------------
/opt/airflow/dags/dag_extraction.py                           1           0  0.17s           2026-09-17T09:48:42
================================================================================
[2026-09-17T09:49:15.182+0000] {manager.py:878} INFO - 
================================================================================
DAG File Processing Stats

File Path                            PID    Runtime      # DAGs    # Errors  Last Runtime    Last Run
-----------------------------------  -----  ---------  --------  ----------  --------------  -------------------
/opt/airflow/dags/dag_extraction.py                           1           0  0.15s           2026-09-17T09:49:13
================================================================================
[2026-09-17T09:49:45.627+0000] {manager.py:878} INFO - 
================================================================================
DAG File Processing Stats

File Path                            PID    Runtime      # DAGs    # Errors  Last Runtime    Last Run
-----------------------------------  -----  ---------  --------  ----------  --------------  -------------------
/opt/airflow/dags/dag_extraction.py                           1           0  0.24s           2026-09-17T09:49:41
================================================================================
[2026-09-17T09:50:16.034+0000] {manager.py:878} INFO - 
================================================================================
DAG File Processing Stats

File Path                            PID    Runtime      # DAGs    # Errors  Last Runtime    Last Run
-----------------------------------  -----  ---------  --------  ----------  --------------  -------------------
/opt/airflow/dags/dag_extraction.py                           1           0  0.18s           2026-09-17T09:50:03
================================================================================
[2026-09-17T09:50:46.346+0000] {manager.py:878} INFO - 
================================================================================
DAG File Processing Stats

File Path                            PID    Runtime      # DAGs    # Errors  Last Runtime    Last Run
-----------------------------------  -----  ---------  --------  ----------  --------------  -------------------
/opt/airflow/dags/dag_extraction.py                           1           0  0.20s           2026-09-17T09:50:33
================================================================================
[2026-09-17T09:51:04.535+0000] {manager.py:737} INFO - Searching for files in /opt/airflow/dags
[2026-09-17T09:51:04.559+0000] {manager.py:740} INFO - There are 1 files in /opt/airflow/dags
[2026-09-17T09:51:16.652+0000] {manager.py:878} INFO - 
================================================================================
DAG File Processing Stats

File Path                            PID    Runtime      # DAGs    # Errors  Last Runtime    Last Run
-----------------------------------  -----  ---------  --------  ----------  --------------  -------------------
/opt/airflow/dags/dag_extraction.py                           1           0  0.16s           2026-09-17T09:51:03
================================================================================
[2026-09-17T09:51:46.944+0000] {manager.py:878} INFO - 
================================================================================
DAG File Processing Stats

File Path                            PID    Runtime      # DAGs    # Errors  Last Runtime    Last Run
-----------------------------------  -----  ---------  --------  ----------  --------------  -------------------
/opt/airflow/dags/dag_extraction.py                           1           0  0.17s           2026-09-17T09:51:33
================================================================================
[2026-09-17T09:52:17.235+0000] {manager.py:878} INFO - 
================================================================================
DAG File Processing Stats

File Path                            PID    Runtime      # DAGs    # Errors  Last Runtime    Last Run
-----------------------------------  -----  ---------  --------  ----------  --------------  -------------------
/opt/airflow/dags/dag_extraction.py                           1           0  0.16s           2026-09-17T09:52:04
================================================================================
[2026-09-17T09:52:47.525+0000] {manager.py:878} INFO - 
================================================================================
DAG File Processing Stats

File Path                            PID    Runtime      # DAGs    # Errors  Last Runtime    Last Run
-----------------------------------  -----  ---------  --------  ----------  --------------  -------------------
/opt/airflow/dags/dag_extraction.py                           1           0  0.16s           2026-09-17T09:52:34
================================================================================
[2026-09-17T09:53:17.800+0000] {manager.py:878} INFO - 
================================================================================
DAG File Processing Stats

File Path                            PID    Runtime      # DAGs    # Errors  Last Runtime    Last Run
-----------------------------------  -----  ---------  --------  ----------  --------------  -------------------
/opt/airflow/dags/dag_extraction.py                           1           0  0.19s           2026-09-17T09:53:04
================================================================================
[2026-09-17T09:53:48.121+0000] {manager.py:878} INFO - 
================================================================================
DAG File Processing Stats

File Path                            PID    Runtime      # DAGs    # Errors  Last Runtime    Last Run
-----------------------------------  -----  ---------  --------  ----------  --------------  -------------------
/opt/airflow/dags/dag_extraction.py                           1           0  0.17s           2026-09-17T09:53:35
================================================================================
[2026-09-17T09:54:18.402+0000] {manager.py:878} INFO - 
================================================================================
DAG File Processing Stats

File Path                            PID    Runtime      # DAGs    # Errors  Last Runtime    Last Run
-----------------------------------  -----  ---------  --------  ----------  --------------  -------------------
/opt/airflow/dags/dag_extraction.py                           1           0  0.18s           2026-09-17T09:54:05
================================================================================
[2026-09-17T09:54:48.697+0000] {manager.py:878} INFO - 
================================================================================
DAG File Processing Stats

File Path                            PID    Runtime      # DAGs    # Errors  Last Runtime    Last Run
-----------------------------------  -----  ---------  --------  ----------  --------------  -------------------
/opt/airflow/dags/dag_extraction.py                           1           0  0.18s           2026-09-17T09:54:35
================================================================================
[2026-09-17T09:55:18.981+0000] {manager.py:878} INFO - 
================================================================================
DAG File Processing Stats

File Path                            PID    Runtime      # DAGs    # Errors  Last Runtime    Last Run
-----------------------------------  -----  ---------  --------  ----------  --------------  -------------------
/opt/airflow/dags/dag_extraction.py                           1           0  0.16s           2026-09-17T09:55:05
================================================================================
[2026-09-17T09:55:49.231+0000] {manager.py:878} INFO - 
================================================================================
DAG File Processing Stats

File Path                            PID    Runtime      # DAGs    # Errors  Last Runtime    Last Run
-----------------------------------  -----  ---------  --------  ----------  --------------  -------------------
/opt/airflow/dags/dag_extraction.py                           1           0  0.20s           2026-09-17T09:55:36
================================================================================
[2026-09-17T09:56:05.348+0000] {manager.py:737} INFO - Searching for files in /opt/airflow/dags
[2026-09-17T09:56:05.374+0000] {manager.py:740} INFO - There are 2 files in /opt/airflow/dags
[2026-09-17T09:56:19.964+0000] {manager.py:878} INFO - 
================================================================================
DAG File Processing Stats

File Path                            PID    Runtime      # DAGs    # Errors  Last Runtime    Last Run
-----------------------------------  -----  ---------  --------  ----------  --------------  -------------------
/opt/airflow/dags/dag_extraction.py                           1           0  0.17s           2026-09-17T09:56:06
/opt/airflow/dags/dag_staging.py                              0           1  0.09s           2026-09-17T09:56:17
================================================================================
[2026-09-17T09:56:50.028+0000] {manager.py:878} INFO - 
================================================================================
DAG File Processing Stats

File Path                            PID    Runtime      # DAGs    # Errors  Last Runtime    Last Run
-----------------------------------  -----  ---------  --------  ----------  --------------  -------------------
/opt/airflow/dags/dag_extraction.py                           1           0  0.29s           2026-09-17T09:56:37
/opt/airflow/dags/dag_staging.py                              0           1  0.09s           2026-09-17T09:56:43
================================================================================
[2026-09-17T09:57:20.739+0000] {manager.py:878} INFO - 
================================================================================
DAG File Processing Stats

File Path                            PID    Runtime      # DAGs    # Errors  Last Runtime    Last Run
-----------------------------------  -----  ---------  --------  ----------  --------------  -------------------
/opt/airflow/dags/dag_extraction.py                           1           0  0.19s           2026-09-17T09:57:08
/opt/airflow/dags/dag_staging.py                              0           1  0.07s           2026-09-17T09:57:19
================================================================================
[2026-09-17T09:57:51.428+0000] {manager.py:878} INFO - 
================================================================================
DAG File Processing Stats

File Path                            PID    Runtime      # DAGs    # Errors  Last Runtime    Last Run
-----------------------------------  -----  ---------  --------  ----------  --------------  -------------------
/opt/airflow/dags/dag_extraction.py                           1           0  0.19s           2026-09-17T09:57:39
/opt/airflow/dags/dag_staging.py                              0           1  0.08s           2026-09-17T09:57:50
================================================================================
[2026-09-17T09:58:21.831+0000] {manager.py:878} INFO - 
================================================================================
DAG File Processing Stats

File Path                            PID    Runtime      # DAGs    # Errors  Last Runtime    Last Run
-----------------------------------  -----  ---------  --------  ----------  --------------  -------------------
/opt/airflow/dags/dag_extraction.py                           1           0  0.16s           2026-09-17T09:58:09
/opt/airflow/dags/dag_staging.py                              0           1  0.14s           2026-09-17T09:58:08
================================================================================
[2026-09-17T09:58:52.175+0000] {manager.py:878} INFO - 
================================================================================
DAG File Processing Stats

File Path                            PID    Runtime      # DAGs    # Errors  Last Runtime    Last Run
-----------------------------------  -----  ---------  --------  ----------  --------------  -------------------
/opt/airflow/dags/dag_extraction.py                           1           0  0.24s           2026-09-17T09:58:40
/opt/airflow/dags/dag_staging.py                              0           1  0.07s           2026-09-17T09:58:39
================================================================================
[2026-09-17T09:59:22.516+0000] {manager.py:878} INFO - 
================================================================================
DAG File Processing Stats

File Path                            PID    Runtime      # DAGs    # Errors  Last Runtime    Last Run
-----------------------------------  -----  ---------  --------  ----------  --------------  -------------------
/opt/airflow/dags/dag_extraction.py                           1           0  0.22s           2026-09-17T09:59:10
/opt/airflow/dags/dag_staging.py                              0           1  0.07s           2026-09-17T09:59:09
================================================================================
[2026-09-17T09:59:52.859+0000] {manager.py:878} INFO - 
================================================================================
DAG File Processing Stats

File Path                            PID    Runtime      # DAGs    # Errors  Last Runtime    Last Run
-----------------------------------  -----  ---------  --------  ----------  --------------  -------------------
/opt/airflow/dags/dag_extraction.py                           1           0  0.21s           2026-09-17T09:59:40
/opt/airflow/dags/dag_staging.py                              0           1  0.07s           2026-09-17T09:59:39
================================================================================
[2026-09-17T10:00:23.212+0000] {manager.py:878} INFO - 
================================================================================
DAG File Processing Stats

File Path                            PID    Runtime      # DAGs    # Errors  Last Runtime    Last Run
-----------------------------------  -----  ---------  --------  ----------  --------------  -------------------
/opt/airflow/dags/dag_extraction.py                           1           0  0.20s           2026-09-17T10:00:11
/opt/airflow/dags/dag_staging.py                              0           1  0.09s           2026-09-17T10:00:10
================================================================================
[2026-09-17T10:00:53.546+0000] {manager.py:878} INFO - 
================================================================================
DAG File Processing Stats

File Path                            PID    Runtime      # DAGs    # Errors  Last Runtime    Last Run
-----------------------------------  -----  ---------  --------  ----------  --------------  -------------------
/opt/airflow/dags/dag_extraction.py                           1           0  0.25s           2026-09-17T10:00:41
/opt/airflow/dags/dag_staging.py                              0           1  0.07s           2026-09-17T10:00:40
================================================================================
[2026-09-17T10:01:05.636+0000] {manager.py:737} INFO - Searching for files in /opt/airflow/dags
[2026-09-17T10:01:05.665+0000] {manager.py:740} INFO - There are 2 files in /opt/airflow/dags
[2026-09-17T10:01:24.057+0000] {manager.py:878} INFO - 
================================================================================
DAG File Processing Stats

File Path                              PID  Runtime      # DAGs    # Errors  Last Runtime    Last Run
-----------------------------------  -----  ---------  --------  ----------  --------------  -------------------
/opt/airflow/dags/dag_extraction.py                           1           0  0.30s           2026-09-17T10:01:12
/opt/airflow/dags/dag_staging.py       455  0.00s             0           1  0.11s           2026-09-17T10:01:18
================================================================================
[2026-09-17T10:01:54.775+0000] {manager.py:878} INFO - 
================================================================================
DAG File Processing Stats

File Path                            PID    Runtime      # DAGs    # Errors  Last Runtime    Last Run
-----------------------------------  -----  ---------  --------  ----------  --------------  -------------------
/opt/airflow/dags/dag_extraction.py                           1           0  0.21s           2026-09-17T10:01:42
/opt/airflow/dags/dag_staging.py                              0           1  0.11s           2026-09-17T10:01:52
================================================================================
[2026-09-17T10:02:25.630+0000] {manager.py:878} INFO - 
================================================================================
DAG File Processing Stats

File Path                              PID  Runtime      # DAGs    # Errors  Last Runtime    Last Run
-----------------------------------  -----  ---------  --------  ----------  --------------  -------------------
/opt/airflow/dags/dag_extraction.py                           1           0  0.19s           2026-09-17T10:02:13
/opt/airflow/dags/dag_staging.py       485  0.00s             0           1  0.09s           2026-09-17T10:02:23
================================================================================
[2026-09-17T10:02:56.270+0000] {manager.py:878} INFO - 
================================================================================
DAG File Processing Stats

File Path                            PID    Runtime      # DAGs    # Errors  Last Runtime    Last Run
-----------------------------------  -----  ---------  --------  ----------  --------------  -------------------
/opt/airflow/dags/dag_extraction.py                           1           0  0.17s           2026-09-17T10:02:44
/opt/airflow/dags/dag_staging.py                              0           1  0.10s           2026-09-17T10:02:53
================================================================================
[2026-09-17T10:03:26.692+0000] {manager.py:878} INFO - 
================================================================================
DAG File Processing Stats

File Path                            PID    Runtime      # DAGs    # Errors  Last Runtime    Last Run
-----------------------------------  -----  ---------  --------  ----------  --------------  -------------------
/opt/airflow/dags/dag_extraction.py                           1           0  0.18s           2026-09-17T10:03:14
/opt/airflow/dags/dag_staging.py                              0           1  0.07s           2026-09-17T10:03:08
================================================================================
[2026-09-17T10:03:43.173+0000] {manager.py:452} INFO - Exiting gracefully upon receiving signal 15
[2026-09-17T10:04:32.123+0000] {manager.py:470} INFO - Processing files using up to 2 processes at a time 
[2026-09-17T10:04:32.127+0000] {manager.py:471} INFO - Process each file at most once every 30 seconds
[2026-09-17T10:04:32.129+0000] {manager.py:472} INFO - Checking for new files in /opt/airflow/dags every 300 seconds
[2026-09-17T10:04:32.132+0000] {manager.py:737} INFO - Searching for files in /opt/airflow/dags
[2026-09-17T10:04:32.210+0000] {manager.py:740} INFO - There are 2 files in /opt/airflow/dags
[2026-09-17T10:04:32.724+0000] {manager.py:878} INFO - 
================================================================================
DAG File Processing Stats

File Path                              PID  Runtime      # DAGs    # Errors  Last Runtime    Last Run
-----------------------------------  -----  ---------  --------  ----------  --------------  ----------
/opt/airflow/dags/dag_extraction.py     56  0.22s             0           0
/opt/airflow/dags/dag_staging.py        49  0.28s             0           0
================================================================================
[2026-09-17T10:05:03.043+0000] {manager.py:878} INFO - 
================================================================================
DAG File Processing Stats

File Path                              PID  Runtime      # DAGs    # Errors  Last Runtime    Last Run
-----------------------------------  -----  ---------  --------  ----------  --------------  -------------------
/opt/airflow/dags/dag_extraction.py                           1           0  1.28s           2026-09-17T10:04:33
/opt/airflow/dags/dag_staging.py        63  0.00s             0           1  0.44s           2026-09-17T10:04:32
================================================================================
[2026-09-17T10:05:33.352+0000] {manager.py:878} INFO - 
================================================================================
DAG File Processing Stats

File Path                              PID  Runtime      # DAGs    # Errors  Last Runtime    Last Run
-----------------------------------  -----  ---------  --------  ----------  --------------  -------------------
/opt/airflow/dags/dag_extraction.py                           1           0  0.24s           2026-09-17T10:05:04
/opt/airflow/dags/dag_staging.py        71  0.00s             0           1  0.08s           2026-09-17T10:05:03
================================================================================
[2026-09-17T10:06:03.684+0000] {manager.py:878} INFO - 
================================================================================
DAG File Processing Stats

File Path                              PID  Runtime      # DAGs    # Errors  Last Runtime    Last Run
-----------------------------------  -----  ---------  --------  ----------  --------------  -------------------
/opt/airflow/dags/dag_extraction.py                           1           0  0.16s           2026-09-17T10:05:34
/opt/airflow/dags/dag_staging.py        79  0.01s             0           1  0.08s           2026-09-17T10:05:33
================================================================================
[2026-09-17T10:06:34.072+0000] {manager.py:878} INFO - 
================================================================================
DAG File Processing Stats

File Path                              PID  Runtime      # DAGs    # Errors  Last Runtime    Last Run
-----------------------------------  -----  ---------  --------  ----------  --------------  -------------------
/opt/airflow/dags/dag_extraction.py                           1           0  0.16s           2026-09-17T10:06:04
/opt/airflow/dags/dag_staging.py        87  0.01s             0           1  0.09s           2026-09-17T10:06:03
================================================================================
[2026-09-17T10:07:04.460+0000] {manager.py:878} INFO - 
================================================================================
DAG File Processing Stats

File Path                            PID    Runtime      # DAGs    # Errors  Last Runtime    Last Run
-----------------------------------  -----  ---------  --------  ----------  --------------  -------------------
/opt/airflow/dags/dag_extraction.py                           1           0  0.17s           2026-09-17T10:06:35
/opt/airflow/dags/dag_staging.py                              0           1  0.09s           2026-09-17T10:06:57
================================================================================
[2026-09-17T10:07:34.857+0000] {manager.py:878} INFO - 
================================================================================
DAG File Processing Stats

File Path                            PID    Runtime      # DAGs    # Errors  Last Runtime    Last Run
-----------------------------------  -----  ---------  --------  ----------  --------------  -------------------
/opt/airflow/dags/dag_staging.py                              1           0  0.26s           2026-09-17T10:07:27
/opt/airflow/dags/dag_extraction.py                           1           0  0.19s           2026-09-17T10:07:05
================================================================================
[2026-09-17T10:08:05.290+0000] {manager.py:878} INFO - 
================================================================================
DAG File Processing Stats

File Path                            PID    Runtime      # DAGs    # Errors  Last Runtime    Last Run
-----------------------------------  -----  ---------  --------  ----------  --------------  -------------------
/opt/airflow/dags/dag_staging.py                              1           0  0.19s           2026-09-17T10:07:55
/opt/airflow/dags/dag_extraction.py                           1           0  0.16s           2026-09-17T10:07:36
================================================================================
[2026-09-17T10:08:30.696+0000] {manager.py:452} INFO - Exiting gracefully upon receiving signal 15
[2026-09-17T10:09:18.481+0000] {manager.py:470} INFO - Processing files using up to 2 processes at a time 
[2026-09-17T10:09:18.485+0000] {manager.py:471} INFO - Process each file at most once every 30 seconds
[2026-09-17T10:09:18.487+0000] {manager.py:472} INFO - Checking for new files in /opt/airflow/dags every 300 seconds
[2026-09-17T10:09:18.490+0000] {manager.py:737} INFO - Searching for files in /opt/airflow/dags
[2026-09-17T10:09:18.552+0000] {manager.py:740} INFO - There are 2 files in /opt/airflow/dags
[2026-09-17T10:09:18.770+0000] {manager.py:878} INFO - 
================================================================================
DAG File Processing Stats

File Path                              PID  Runtime      # DAGs    # Errors  Last Runtime    Last Run
-----------------------------------  -----  ---------  --------  ----------  --------------  ----------
/opt/airflow/dags/dag_extraction.py     55  0.11s             0           0
/opt/airflow/dags/dag_staging.py        54  0.13s             0           0
================================================================================
[2026-09-17T10:09:48.980+0000] {manager.py:878} INFO - 
================================================================================
DAG File Processing Stats

File Path                            PID    Runtime      # DAGs    # Errors  Last Runtime    Last Run
-----------------------------------  -----  ---------  --------  ----------  --------------  -------------------
/opt/airflow/dags/dag_staging.py                              1           0  0.85s           2026-09-17T10:09:19
/opt/airflow/dags/dag_extraction.py                           1           0  0.84s           2026-09-17T10:09:19
================================================================================
[2026-09-17T10:10:19.116+0000] {manager.py:878} INFO - 
================================================================================
DAG File Processing Stats

File Path                            PID    Runtime      # DAGs    # Errors  Last Runtime    Last Run
-----------------------------------  -----  ---------  --------  ----------  --------------  -------------------
/opt/airflow/dags/dag_staging.py                              1           0  0.19s           2026-09-17T10:09:49
/opt/airflow/dags/dag_extraction.py                           1           0  0.18s           2026-09-17T10:09:49
================================================================================
[2026-09-17T10:10:49.480+0000] {manager.py:878} INFO - 
================================================================================
DAG File Processing Stats

File Path                            PID    Runtime      # DAGs    # Errors  Last Runtime    Last Run
-----------------------------------  -----  ---------  --------  ----------  --------------  -------------------
/opt/airflow/dags/dag_staging.py                              1           0  0.26s           2026-09-17T10:10:20
/opt/airflow/dags/dag_extraction.py                           1           0  0.26s           2026-09-17T10:10:20
================================================================================
[2026-09-17T10:11:20.001+0000] {manager.py:878} INFO - 
================================================================================
DAG File Processing Stats

File Path                            PID    Runtime      # DAGs    # Errors  Last Runtime    Last Run
-----------------------------------  -----  ---------  --------  ----------  --------------  -------------------
/opt/airflow/dags/dag_staging.py                              1           0  0.22s           2026-09-17T10:10:50
/opt/airflow/dags/dag_extraction.py                           1           0  0.21s           2026-09-17T10:10:50
================================================================================
[2026-09-17T10:11:50.334+0000] {manager.py:878} INFO - 
================================================================================
DAG File Processing Stats

File Path                            PID    Runtime      # DAGs    # Errors  Last Runtime    Last Run
-----------------------------------  -----  ---------  --------  ----------  --------------  -------------------
/opt/airflow/dags/dag_staging.py                              1           0  0.19s           2026-09-17T10:11:21
/opt/airflow/dags/dag_extraction.py                           1           0  0.17s           2026-09-17T10:11:21
================================================================================
[2026-09-17T10:12:20.743+0000] {manager.py:878} INFO - 
================================================================================
DAG File Processing Stats

File Path                            PID    Runtime      # DAGs    # Errors  Last Runtime    Last Run
-----------------------------------  -----  ---------  --------  ----------  --------------  -------------------
/opt/airflow/dags/dag_staging.py                              1           0  0.18s           2026-09-17T10:11:51
/opt/airflow/dags/dag_extraction.py                           1           0  0.16s           2026-09-17T10:11:51
================================================================================
[2026-09-17T10:12:51.189+0000] {manager.py:878} INFO - 
================================================================================
DAG File Processing Stats

File Path                            PID    Runtime      # DAGs    # Errors  Last Runtime    Last Run
-----------------------------------  -----  ---------  --------  ----------  --------------  -------------------
/opt/airflow/dags/dag_staging.py                              1           0  0.18s           2026-09-17T10:12:21
/opt/airflow/dags/dag_extraction.py                           1           0  0.17s           2026-09-17T10:12:21
================================================================================
[2026-09-17T10:13:21.512+0000] {manager.py:878} INFO - 
================================================================================
DAG File Processing Stats

File Path                            PID    Runtime      # DAGs    # Errors  Last Runtime    Last Run
-----------------------------------  -----  ---------  --------  ----------  --------------  -------------------
/opt/airflow/dags/dag_staging.py                              1           0  0.20s           2026-09-17T10:12:52
/opt/airflow/dags/dag_extraction.py                           1           0  0.18s           2026-09-17T10:12:52
================================================================================
[2026-09-17T10:13:51.996+0000] {manager.py:878} INFO - 
================================================================================
DAG File Processing Stats

File Path                            PID    Runtime      # DAGs    # Errors  Last Runtime    Last Run
-----------------------------------  -----  ---------  --------  ----------  --------------  -------------------
/opt/airflow/dags/dag_staging.py                              1           0  0.18s           2026-09-17T10:13:22
/opt/airflow/dags/dag_extraction.py                           1           0  0.18s           2026-09-17T10:13:22
================================================================================
[2026-09-17T10:14:19.259+0000] {manager.py:737} INFO - Searching for files in /opt/airflow/dags
[2026-09-17T10:14:19.294+0000] {manager.py:740} INFO - There are 2 files in /opt/airflow/dags
[2026-09-17T10:14:22.333+0000] {manager.py:878} INFO - 
================================================================================
DAG File Processing Stats

File Path                            PID    Runtime      # DAGs    # Errors  Last Runtime    Last Run
-----------------------------------  -----  ---------  --------  ----------  --------------  -------------------
/opt/airflow/dags/dag_staging.py                              1           0  0.30s           2026-09-17T10:13:53
/opt/airflow/dags/dag_extraction.py                           1           0  0.28s           2026-09-17T10:13:53
================================================================================
[2026-09-17T10:14:52.752+0000] {manager.py:878} INFO - 
================================================================================
DAG File Processing Stats

File Path                            PID    Runtime      # DAGs    # Errors  Last Runtime    Last Run
-----------------------------------  -----  ---------  --------  ----------  --------------  -------------------
/opt/airflow/dags/dag_staging.py                              1           0  0.20s           2026-09-17T10:14:23
/opt/airflow/dags/dag_extraction.py                           1           0  0.19s           2026-09-17T10:14:23
================================================================================
[2026-09-17T10:15:23.053+0000] {manager.py:878} INFO - 
================================================================================
DAG File Processing Stats

File Path                            PID    Runtime      # DAGs    # Errors  Last Runtime    Last Run
-----------------------------------  -----  ---------  --------  ----------  --------------  -------------------
/opt/airflow/dags/dag_staging.py                              1           0  0.19s           2026-09-17T10:14:53
/opt/airflow/dags/dag_extraction.py                           1           0  0.18s           2026-09-17T10:14:53
================================================================================
[2026-09-17T10:15:53.405+0000] {manager.py:878} INFO - 
================================================================================
DAG File Processing Stats

File Path                            PID    Runtime      # DAGs    # Errors  Last Runtime    Last Run
-----------------------------------  -----  ---------  --------  ----------  --------------  -------------------
/opt/airflow/dags/dag_staging.py                              1           0  0.19s           2026-09-17T10:15:24
/opt/airflow/dags/dag_extraction.py                           1           0  0.17s           2026-09-17T10:15:24
================================================================================
[2026-09-17T10:16:23.935+0000] {manager.py:878} INFO - 
================================================================================
DAG File Processing Stats

File Path                            PID    Runtime      # DAGs    # Errors  Last Runtime    Last Run
-----------------------------------  -----  ---------  --------  ----------  --------------  -------------------
/opt/airflow/dags/dag_staging.py                              1           0  0.19s           2026-09-17T10:15:54
/opt/airflow/dags/dag_extraction.py                           1           0  0.18s           2026-09-17T10:15:54
================================================================================
[2026-09-17T10:16:54.251+0000] {manager.py:878} INFO - 
================================================================================
DAG File Processing Stats

File Path                            PID    Runtime      # DAGs    # Errors  Last Runtime    Last Run
-----------------------------------  -----  ---------  --------  ----------  --------------  -------------------
/opt/airflow/dags/dag_staging.py                              1           0  0.18s           2026-09-17T10:16:25
/opt/airflow/dags/dag_extraction.py                           1           0  0.17s           2026-09-17T10:16:25
================================================================================
[2026-09-17T10:17:24.693+0000] {manager.py:878} INFO - 
================================================================================
DAG File Processing Stats

File Path                            PID    Runtime      # DAGs    # Errors  Last Runtime    Last Run
-----------------------------------  -----  ---------  --------  ----------  --------------  -------------------
/opt/airflow/dags/dag_staging.py                              1           0  0.18s           2026-09-17T10:16:55
/opt/airflow/dags/dag_extraction.py                           1           0  0.17s           2026-09-17T10:16:55
================================================================================
[2026-09-17T10:17:55.035+0000] {manager.py:878} INFO - 
================================================================================
DAG File Processing Stats

File Path                            PID    Runtime      # DAGs    # Errors  Last Runtime    Last Run
-----------------------------------  -----  ---------  --------  ----------  --------------  -------------------
/opt/airflow/dags/dag_staging.py                              1           0  0.20s           2026-09-17T10:17:25
/opt/airflow/dags/dag_extraction.py                           1           0  0.18s           2026-09-17T10:17:25
================================================================================
[2026-09-17T10:18:25.489+0000] {manager.py:878} INFO - 
================================================================================
DAG File Processing Stats

File Path                            PID    Runtime      # DAGs    # Errors  Last Runtime    Last Run
-----------------------------------  -----  ---------  --------  ----------  --------------  -------------------
/opt/airflow/dags/dag_staging.py                              1           0  0.18s           2026-09-17T10:17:56
/opt/airflow/dags/dag_extraction.py                           1           0  0.17s           2026-09-17T10:17:56
================================================================================
[2026-09-17T10:18:55.927+0000] {manager.py:878} INFO - 
================================================================================
DAG File Processing Stats

File Path                            PID    Runtime      # DAGs    # Errors  Last Runtime    Last Run
-----------------------------------  -----  ---------  --------  ----------  --------------  -------------------
/opt/airflow/dags/dag_staging.py                              1           0  0.27s           2026-09-17T10:18:26
/opt/airflow/dags/dag_extraction.py                           1           0  0.24s           2026-09-17T10:18:26
================================================================================
[2026-09-17T10:19:19.523+0000] {manager.py:737} INFO - Searching for files in /opt/airflow/dags
[2026-09-17T10:19:19.603+0000] {manager.py:740} INFO - There are 2 files in /opt/airflow/dags
[2026-09-17T10:19:26.726+0000] {manager.py:878} INFO - 
================================================================================
DAG File Processing Stats

File Path                            PID    Runtime      # DAGs    # Errors  Last Runtime    Last Run
-----------------------------------  -----  ---------  --------  ----------  --------------  -------------------
/opt/airflow/dags/dag_extraction.py                           1           0  0.34s           2026-09-17T10:18:57
/opt/airflow/dags/dag_staging.py                              1           0  0.33s           2026-09-17T10:18:57
================================================================================
[2026-09-17T10:19:57.158+0000] {manager.py:878} INFO - 
================================================================================
DAG File Processing Stats

File Path                            PID    Runtime      # DAGs    # Errors  Last Runtime    Last Run
-----------------------------------  -----  ---------  --------  ----------  --------------  -------------------
/opt/airflow/dags/dag_staging.py                              1           0  0.27s           2026-09-17T10:19:28
/opt/airflow/dags/dag_extraction.py                           1           0  0.24s           2026-09-17T10:19:28
================================================================================
[2026-09-17T10:20:27.662+0000] {manager.py:878} INFO - 
================================================================================
DAG File Processing Stats

File Path                            PID    Runtime      # DAGs    # Errors  Last Runtime    Last Run
-----------------------------------  -----  ---------  --------  ----------  --------------  -------------------
/opt/airflow/dags/dag_staging.py                              1           0  0.25s           2026-09-17T10:19:58
/opt/airflow/dags/dag_extraction.py                           1           0  0.23s           2026-09-17T10:19:58
================================================================================
[2026-09-17T10:20:58.266+0000] {manager.py:878} INFO - 
================================================================================
DAG File Processing Stats

File Path                            PID    Runtime      # DAGs    # Errors  Last Runtime    Last Run
-----------------------------------  -----  ---------  --------  ----------  --------------  -------------------
/opt/airflow/dags/dag_extraction.py                           1           0  0.25s           2026-09-17T10:20:28
/opt/airflow/dags/dag_staging.py                              1           0  0.24s           2026-09-17T10:20:28
================================================================================
[2026-09-17T10:21:28.672+0000] {manager.py:878} INFO - 
================================================================================
DAG File Processing Stats

File Path                            PID    Runtime      # DAGs    # Errors  Last Runtime    Last Run
-----------------------------------  -----  ---------  --------  ----------  --------------  -------------------
/opt/airflow/dags/dag_staging.py                              1           0  0.30s           2026-09-17T10:20:59
/opt/airflow/dags/dag_extraction.py                           1           0  0.29s           2026-09-17T10:20:59
================================================================================
[2026-09-17T10:21:59.267+0000] {manager.py:878} INFO - 
================================================================================
DAG File Processing Stats

File Path                            PID    Runtime      # DAGs    # Errors  Last Runtime    Last Run
-----------------------------------  -----  ---------  --------  ----------  --------------  -------------------
/opt/airflow/dags/dag_staging.py                              1           0  0.29s           2026-09-17T10:21:29
/opt/airflow/dags/dag_extraction.py                           1           0  0.25s           2026-09-17T10:21:29
================================================================================
[2026-09-17T10:22:30.021+0000] {manager.py:878} INFO - 
================================================================================
DAG File Processing Stats

File Path                            PID    Runtime      # DAGs    # Errors  Last Runtime    Last Run
-----------------------------------  -----  ---------  --------  ----------  --------------  -------------------
/opt/airflow/dags/dag_staging.py                              1           0  0.33s           2026-09-17T10:22:00
/opt/airflow/dags/dag_extraction.py                           1           0  0.30s           2026-09-17T10:22:00
================================================================================
[2026-09-17T10:23:00.430+0000] {manager.py:878} INFO - 
================================================================================
DAG File Processing Stats

File Path                            PID    Runtime      # DAGs    # Errors  Last Runtime    Last Run
-----------------------------------  -----  ---------  --------  ----------  --------------  -------------------
/opt/airflow/dags/dag_staging.py                              1           0  0.31s           2026-09-17T10:22:31
/opt/airflow/dags/dag_extraction.py                           1           0  0.28s           2026-09-17T10:22:31
================================================================================
[2026-09-17T10:23:31.006+0000] {manager.py:878} INFO - 
================================================================================
DAG File Processing Stats

File Path                            PID    Runtime      # DAGs    # Errors  Last Runtime    Last Run
-----------------------------------  -----  ---------  --------  ----------  --------------  -------------------
/opt/airflow/dags/dag_staging.py                              1           0  0.31s           2026-09-17T10:23:01
/opt/airflow/dags/dag_extraction.py                           1           0  0.26s           2026-09-17T10:23:01
================================================================================
[2026-09-17T10:24:01.677+0000] {manager.py:878} INFO - 
================================================================================
DAG File Processing Stats

File Path                            PID    Runtime      # DAGs    # Errors  Last Runtime    Last Run
-----------------------------------  -----  ---------  --------  ----------  --------------  -------------------
/opt/airflow/dags/dag_extraction.py                           1           0  0.32s           2026-09-17T10:23:32
/opt/airflow/dags/dag_staging.py                              1           0  0.31s           2026-09-17T10:23:32
================================================================================
[2026-09-17T10:24:20.240+0000] {manager.py:737} INFO - Searching for files in /opt/airflow/dags
[2026-09-17T10:24:20.303+0000] {manager.py:740} INFO - There are 2 files in /opt/airflow/dags
[2026-09-17T10:24:32.463+0000] {manager.py:878} INFO - 
================================================================================
DAG File Processing Stats

File Path                            PID    Runtime      # DAGs    # Errors  Last Runtime    Last Run
-----------------------------------  -----  ---------  --------  ----------  --------------  -------------------
/opt/airflow/dags/dag_staging.py                              1           0  0.33s           2026-09-17T10:24:03
/opt/airflow/dags/dag_extraction.py                           1           0  0.31s           2026-09-17T10:24:03
================================================================================
[2026-09-17T10:25:03.077+0000] {manager.py:878} INFO - 
================================================================================
DAG File Processing Stats

File Path                            PID    Runtime      # DAGs    # Errors  Last Runtime    Last Run
-----------------------------------  -----  ---------  --------  ----------  --------------  -------------------
/opt/airflow/dags/dag_staging.py                              1           0  0.25s           2026-09-17T10:24:33
/opt/airflow/dags/dag_extraction.py                           1           0  0.23s           2026-09-17T10:24:33
================================================================================
[2026-09-17T10:25:33.718+0000] {manager.py:878} INFO - 
================================================================================
DAG File Processing Stats

File Path                            PID    Runtime      # DAGs    # Errors  Last Runtime    Last Run
-----------------------------------  -----  ---------  --------  ----------  --------------  -------------------
/opt/airflow/dags/dag_staging.py                              1           0  0.29s           2026-09-17T10:25:04
/opt/airflow/dags/dag_extraction.py                           1           0  0.26s           2026-09-17T10:25:04
================================================================================
[2026-09-17T10:26:04.027+0000] {manager.py:878} INFO - 
================================================================================
DAG File Processing Stats

File Path                            PID    Runtime      # DAGs    # Errors  Last Runtime    Last Run
-----------------------------------  -----  ---------  --------  ----------  --------------  -------------------
/opt/airflow/dags/dag_staging.py                              1           0  0.19s           2026-09-17T10:25:34
/opt/airflow/dags/dag_extraction.py                           1           0  0.18s           2026-09-17T10:25:34
================================================================================
[2026-09-17T10:26:34.535+0000] {manager.py:878} INFO - 
================================================================================
DAG File Processing Stats

File Path                            PID    Runtime      # DAGs    # Errors  Last Runtime    Last Run
-----------------------------------  -----  ---------  --------  ----------  --------------  -------------------
/opt/airflow/dags/dag_staging.py                              1           0  0.23s           2026-09-17T10:26:05
/opt/airflow/dags/dag_extraction.py                           1           0  0.23s           2026-09-17T10:26:05
================================================================================
[2026-09-17T10:27:04.999+0000] {manager.py:878} INFO - 
================================================================================
DAG File Processing Stats

File Path                            PID    Runtime      # DAGs    # Errors  Last Runtime    Last Run
-----------------------------------  -----  ---------  --------  ----------  --------------  -------------------
/opt/airflow/dags/dag_staging.py                              1           0  0.19s           2026-09-17T10:26:35
/opt/airflow/dags/dag_extraction.py                           1           0  0.19s           2026-09-17T10:26:35
================================================================================
[2026-09-17T10:27:35.476+0000] {manager.py:878} INFO - 
================================================================================
DAG File Processing Stats

File Path                            PID    Runtime      # DAGs    # Errors  Last Runtime    Last Run
-----------------------------------  -----  ---------  --------  ----------  --------------  -------------------
/opt/airflow/dags/dag_staging.py                              1           0  0.18s           2026-09-17T10:27:06
/opt/airflow/dags/dag_extraction.py                           1           0  0.17s           2026-09-17T10:27:06
================================================================================
[2026-09-17T10:28:06.083+0000] {manager.py:878} INFO - 
================================================================================
DAG File Processing Stats

File Path                            PID    Runtime      # DAGs    # Errors  Last Runtime    Last Run
-----------------------------------  -----  ---------  --------  ----------  --------------  -------------------
/opt/airflow/dags/dag_extraction.py                           1           0  0.30s           2026-09-17T10:27:36
/opt/airflow/dags/dag_staging.py                              1           0  0.23s           2026-09-17T10:27:53
================================================================================
[2026-09-17T10:28:36.588+0000] {manager.py:878} INFO - 
================================================================================
DAG File Processing Stats

File Path                            PID    Runtime      # DAGs    # Errors  Last Runtime    Last Run
-----------------------------------  -----  ---------  --------  ----------  --------------  -------------------
/opt/airflow/dags/dag_extraction.py                           1           0  0.21s           2026-09-17T10:28:07
/opt/airflow/dags/dag_staging.py                              1           0  0.17s           2026-09-17T10:28:23
================================================================================
[2026-09-17T10:29:07.026+0000] {manager.py:878} INFO - 
================================================================================
DAG File Processing Stats

File Path                            PID    Runtime      # DAGs    # Errors  Last Runtime    Last Run
-----------------------------------  -----  ---------  --------  ----------  --------------  -------------------
/opt/airflow/dags/dag_staging.py                              1           0  0.21s           2026-09-17T10:28:54
/opt/airflow/dags/dag_extraction.py                           1           0  0.19s           2026-09-17T10:28:37
================================================================================
[2026-09-17T10:29:20.275+0000] {manager.py:737} INFO - Searching for files in /opt/airflow/dags
[2026-09-17T10:29:20.318+0000] {manager.py:740} INFO - There are 2 files in /opt/airflow/dags
[2026-09-17T10:29:37.557+0000] {manager.py:878} INFO - 
================================================================================
DAG File Processing Stats

File Path                            PID    Runtime      # DAGs    # Errors  Last Runtime    Last Run
-----------------------------------  -----  ---------  --------  ----------  --------------  -------------------
/opt/airflow/dags/dag_staging.py                              1           0  0.29s           2026-09-17T10:29:24
/opt/airflow/dags/dag_extraction.py                           1           0  0.18s           2026-09-17T10:29:08
================================================================================
[2026-09-17T10:30:07.835+0000] {manager.py:878} INFO - 
================================================================================
DAG File Processing Stats

File Path                            PID    Runtime      # DAGs    # Errors  Last Runtime    Last Run
-----------------------------------  -----  ---------  --------  ----------  --------------  -------------------
/opt/airflow/dags/dag_extraction.py                           1           0  0.18s           2026-09-17T10:29:38
/opt/airflow/dags/dag_staging.py                              1           0  0.17s           2026-09-17T10:29:54
================================================================================
[2026-09-17T10:30:38.299+0000] {manager.py:878} INFO - 
================================================================================
DAG File Processing Stats

File Path                            PID    Runtime      # DAGs    # Errors  Last Runtime    Last Run
-----------------------------------  -----  ---------  --------  ----------  --------------  -------------------
/opt/airflow/dags/dag_extraction.py                           1           0  0.20s           2026-09-17T10:30:09
/opt/airflow/dags/dag_staging.py                              1           0  0.15s           2026-09-17T10:30:25
================================================================================
[2026-09-17T10:31:08.915+0000] {manager.py:878} INFO - 
================================================================================
DAG File Processing Stats

File Path                            PID    Runtime      # DAGs    # Errors  Last Runtime    Last Run
-----------------------------------  -----  ---------  --------  ----------  --------------  -------------------
/opt/airflow/dags/dag_extraction.py                           1           0  0.23s           2026-09-17T10:30:39
/opt/airflow/dags/dag_staging.py                              1           0  0.17s           2026-09-17T10:30:55
================================================================================
[2026-09-17T10:31:39.383+0000] {manager.py:878} INFO - 
================================================================================
DAG File Processing Stats

File Path                            PID    Runtime      # DAGs    # Errors  Last Runtime    Last Run
-----------------------------------  -----  ---------  --------  ----------  --------------  -------------------
/opt/airflow/dags/dag_extraction.py                           1           0  0.21s           2026-09-17T10:31:10
/opt/airflow/dags/dag_staging.py                              1           0  0.19s           2026-09-17T10:31:26
================================================================================
[2026-09-17T10:32:09.659+0000] {manager.py:878} INFO - 
================================================================================
DAG File Processing Stats

File Path                            PID    Runtime      # DAGs    # Errors  Last Runtime    Last Run
-----------------------------------  -----  ---------  --------  ----------  --------------  -------------------
/opt/airflow/dags/dag_extraction.py                           1           0  0.23s           2026-09-17T10:31:40
/opt/airflow/dags/dag_staging.py                              1           0  0.17s           2026-09-17T10:31:56
================================================================================
[2026-09-17T10:32:40.183+0000] {manager.py:878} INFO - 
================================================================================
DAG File Processing Stats

File Path                            PID    Runtime      # DAGs    # Errors  Last Runtime    Last Run
-----------------------------------  -----  ---------  --------  ----------  --------------  -------------------
/opt/airflow/dags/dag_staging.py                              1           0  0.17s           2026-09-17T10:32:27
/opt/airflow/dags/dag_extraction.py                           1           0  0.17s           2026-09-17T10:32:10
================================================================================
[2026-09-17T10:33:10.631+0000] {manager.py:878} INFO - 
================================================================================
DAG File Processing Stats

File Path                            PID    Runtime      # DAGs    # Errors  Last Runtime    Last Run
-----------------------------------  -----  ---------  --------  ----------  --------------  -------------------
/opt/airflow/dags/dag_extraction.py                           1           0  0.19s           2026-09-17T10:32:41
/opt/airflow/dags/dag_staging.py                              1           0  0.16s           2026-09-17T10:32:57
================================================================================
[2026-09-17T10:33:41.059+0000] {manager.py:878} INFO - 
================================================================================
DAG File Processing Stats

File Path                            PID    Runtime      # DAGs    # Errors  Last Runtime    Last Run
-----------------------------------  -----  ---------  --------  ----------  --------------  -------------------
/opt/airflow/dags/dag_staging.py                              1           0  0.17s           2026-09-17T10:33:28
/opt/airflow/dags/dag_extraction.py                           1           0  0.16s           2026-09-17T10:33:11
================================================================================
[2026-09-17T10:34:11.506+0000] {manager.py:878} INFO - 
================================================================================
DAG File Processing Stats

File Path                            PID    Runtime      # DAGs    # Errors  Last Runtime    Last Run
-----------------------------------  -----  ---------  --------  ----------  --------------  -------------------
/opt/airflow/dags/dag_extraction.py                           1           0  0.18s           2026-09-17T10:33:42
/opt/airflow/dags/dag_staging.py                              1           0  0.17s           2026-09-17T10:33:58
================================================================================
[2026-09-17T10:34:20.720+0000] {manager.py:737} INFO - Searching for files in /opt/airflow/dags
[2026-09-17T10:34:20.754+0000] {manager.py:740} INFO - There are 2 files in /opt/airflow/dags
[2026-09-17T10:34:41.979+0000] {manager.py:878} INFO - 
================================================================================
DAG File Processing Stats

File Path                            PID    Runtime      # DAGs    # Errors  Last Runtime    Last Run
-----------------------------------  -----  ---------  --------  ----------  --------------  -------------------
/opt/airflow/dags/dag_extraction.py                           1           0  0.16s           2026-09-17T10:34:12
/opt/airflow/dags/dag_staging.py                              1           0  0.16s           2026-09-17T10:34:29
================================================================================
[2026-09-17T10:35:12.462+0000] {manager.py:878} INFO - 
================================================================================
DAG File Processing Stats

File Path                            PID    Runtime      # DAGs    # Errors  Last Runtime    Last Run
-----------------------------------  -----  ---------  --------  ----------  --------------  -------------------
/opt/airflow/dags/dag_staging.py                              1           0  0.20s           2026-09-17T10:34:59
/opt/airflow/dags/dag_extraction.py                           1           0  0.19s           2026-09-17T10:34:43
================================================================================
[2026-09-17T10:35:42.926+0000] {manager.py:878} INFO - 
================================================================================
DAG File Processing Stats

File Path                            PID    Runtime      # DAGs    # Errors  Last Runtime    Last Run
-----------------------------------  -----  ---------  --------  ----------  --------------  -------------------
/opt/airflow/dags/dag_extraction.py                           1           0  0.20s           2026-09-17T10:35:13
/opt/airflow/dags/dag_staging.py                              1           0  0.17s           2026-09-17T10:35:29
================================================================================
[2026-09-17T10:36:13.366+0000] {manager.py:878} INFO - 
================================================================================
DAG File Processing Stats

File Path                            PID    Runtime      # DAGs    # Errors  Last Runtime    Last Run
-----------------------------------  -----  ---------  --------  ----------  --------------  -------------------
/opt/airflow/dags/dag_staging.py                              1           0  0.19s           2026-09-17T10:36:00
/opt/airflow/dags/dag_extraction.py                           1           0  0.17s           2026-09-17T10:35:44
================================================================================
[2026-09-17T10:36:43.773+0000] {manager.py:878} INFO - 
================================================================================
DAG File Processing Stats

File Path                            PID    Runtime      # DAGs    # Errors  Last Runtime    Last Run
-----------------------------------  -----  ---------  --------  ----------  --------------  -------------------
/opt/airflow/dags/dag_staging.py                              1           0  0.19s           2026-09-17T10:36:30
/opt/airflow/dags/dag_extraction.py                           1           0  0.17s           2026-09-17T10:36:14
================================================================================
[2026-09-17T10:37:14.171+0000] {manager.py:878} INFO - 
================================================================================
DAG File Processing Stats

File Path                            PID    Runtime      # DAGs    # Errors  Last Runtime    Last Run
-----------------------------------  -----  ---------  --------  ----------  --------------  -------------------
/opt/airflow/dags/dag_staging.py                              1           0  0.21s           2026-09-17T10:37:01
/opt/airflow/dags/dag_extraction.py                           1           0  0.17s           2026-09-17T10:36:44
================================================================================
[2026-09-17T10:37:44.863+0000] {manager.py:878} INFO - 
================================================================================
DAG File Processing Stats

File Path                            PID    Runtime      # DAGs    # Errors  Last Runtime    Last Run
-----------------------------------  -----  ---------  --------  ----------  --------------  -------------------
/opt/airflow/dags/dag_staging.py                              1           0  0.21s           2026-09-17T10:37:31
/opt/airflow/dags/dag_extraction.py                           0           1  0.08s           2026-09-17T10:37:40
================================================================================
[2026-09-17T10:38:15.299+0000] {manager.py:878} INFO - 
================================================================================
DAG File Processing Stats

File Path                            PID    Runtime      # DAGs    # Errors  Last Runtime    Last Run
-----------------------------------  -----  ---------  --------  ----------  --------------  -------------------
/opt/airflow/dags/dag_staging.py                              1           0  0.18s           2026-09-17T10:38:02
/opt/airflow/dags/dag_extraction.py                           0           1  0.11s           2026-09-17T10:38:11
================================================================================
[2026-09-17T10:38:45.592+0000] {manager.py:878} INFO - 
================================================================================
DAG File Processing Stats

File Path                            PID    Runtime      # DAGs    # Errors  Last Runtime    Last Run
-----------------------------------  -----  ---------  --------  ----------  --------------  -------------------
/opt/airflow/dags/dag_staging.py                              1           0  0.19s           2026-09-17T10:38:32
/opt/airflow/dags/dag_extraction.py                           0           1  0.07s           2026-09-17T10:38:41
================================================================================
[2026-09-17T10:39:15.907+0000] {manager.py:878} INFO - 
================================================================================
DAG File Processing Stats

File Path                            PID    Runtime      # DAGs    # Errors  Last Runtime    Last Run
-----------------------------------  -----  ---------  --------  ----------  --------------  -------------------
/opt/airflow/dags/dag_staging.py                              1           0  0.22s           2026-09-17T10:39:02
/opt/airflow/dags/dag_extraction.py                           0           1  0.08s           2026-09-17T10:39:11
================================================================================
[2026-09-17T10:39:20.955+0000] {manager.py:737} INFO - Searching for files in /opt/airflow/dags
[2026-09-17T10:39:20.984+0000] {manager.py:740} INFO - There are 2 files in /opt/airflow/dags
[2026-09-17T10:39:38.574+0000] {manager.py:452} INFO - Exiting gracefully upon receiving signal 15
[2026-09-17T10:40:25.623+0000] {manager.py:470} INFO - Processing files using up to 2 processes at a time 
[2026-09-17T10:40:25.627+0000] {manager.py:471} INFO - Process each file at most once every 30 seconds
[2026-09-17T10:40:25.629+0000] {manager.py:472} INFO - Checking for new files in /opt/airflow/dags every 300 seconds
[2026-09-17T10:40:25.632+0000] {manager.py:737} INFO - Searching for files in /opt/airflow/dags
[2026-09-17T10:40:25.667+0000] {manager.py:740} INFO - There are 2 files in /opt/airflow/dags
[2026-09-17T10:40:25.821+0000] {manager.py:878} INFO - 
================================================================================
DAG File Processing Stats

File Path                              PID  Runtime      # DAGs    # Errors  Last Runtime    Last Run
-----------------------------------  -----  ---------  --------  ----------  --------------  ----------
/opt/airflow/dags/dag_extraction.py     49  0.08s             0           0
/opt/airflow/dags/dag_staging.py        50  0.07s             0           0
================================================================================
[2026-09-17T10:40:56.155+0000] {manager.py:878} INFO - 
================================================================================
DAG File Processing Stats

File Path                              PID  Runtime      # DAGs    # Errors  Last Runtime    Last Run
-----------------------------------  -----  ---------  --------  ----------  --------------  -------------------
/opt/airflow/dags/dag_staging.py                              1           0  0.65s           2026-09-17T10:40:26
/opt/airflow/dags/dag_extraction.py     57  0.01s             0           1  0.10s           2026-09-17T10:40:25
================================================================================
[2026-09-17T10:41:26.526+0000] {manager.py:878} INFO - 
================================================================================
DAG File Processing Stats

File Path                              PID  Runtime      # DAGs    # Errors  Last Runtime    Last Run
-----------------------------------  -----  ---------  --------  ----------  --------------  -------------------
/opt/airflow/dags/dag_staging.py                              1           0  0.24s           2026-09-17T10:40:57
/opt/airflow/dags/dag_extraction.py     65  0.00s             0           1  0.13s           2026-09-17T10:40:56
================================================================================
[2026-09-17T10:41:56.874+0000] {manager.py:878} INFO - 
================================================================================
DAG File Processing Stats

File Path                              PID  Runtime      # DAGs    # Errors  Last Runtime    Last Run
-----------------------------------  -----  ---------  --------  ----------  --------------  -------------------
/opt/airflow/dags/dag_staging.py                              1           0  0.20s           2026-09-17T10:41:27
/opt/airflow/dags/dag_extraction.py     73  0.00s             0           1  0.09s           2026-09-17T10:41:26
================================================================================
[2026-09-17T10:42:27.199+0000] {manager.py:878} INFO - 
================================================================================
DAG File Processing Stats

File Path                              PID  Runtime      # DAGs    # Errors  Last Runtime    Last Run
-----------------------------------  -----  ---------  --------  ----------  --------------  -------------------
/opt/airflow/dags/dag_staging.py                              1           0  0.19s           2026-09-17T10:41:58
/opt/airflow/dags/dag_extraction.py     81  0.00s             0           1  0.08s           2026-09-17T10:41:56
================================================================================
[2026-09-17T10:42:57.561+0000] {manager.py:878} INFO - 
================================================================================
DAG File Processing Stats

File Path                              PID  Runtime      # DAGs    # Errors  Last Runtime    Last Run
-----------------------------------  -----  ---------  --------  ----------  --------------  -------------------
/opt/airflow/dags/dag_staging.py                              1           0  0.19s           2026-09-17T10:42:28
/opt/airflow/dags/dag_extraction.py     89  0.00s             0           1  0.09s           2026-09-17T10:42:27
================================================================================
[2026-09-17T10:43:27.933+0000] {manager.py:878} INFO - 
================================================================================
DAG File Processing Stats

File Path                              PID  Runtime      # DAGs    # Errors  Last Runtime    Last Run
-----------------------------------  -----  ---------  --------  ----------  --------------  -------------------
/opt/airflow/dags/dag_staging.py                              1           0  0.17s           2026-09-17T10:42:58
/opt/airflow/dags/dag_extraction.py     97  0.00s             0           1  0.08s           2026-09-17T10:42:57
================================================================================
[2026-09-17T10:43:58.291+0000] {manager.py:878} INFO - 
================================================================================
DAG File Processing Stats

File Path                              PID  Runtime      # DAGs    # Errors  Last Runtime    Last Run
-----------------------------------  -----  ---------  --------  ----------  --------------  -------------------
/opt/airflow/dags/dag_staging.py                              1           0  0.16s           2026-09-17T10:43:29
/opt/airflow/dags/dag_extraction.py    105  0.00s             0           1  0.08s           2026-09-17T10:43:28
================================================================================
[2026-09-17T10:44:28.634+0000] {manager.py:878} INFO - 
================================================================================
DAG File Processing Stats

File Path                              PID  Runtime      # DAGs    # Errors  Last Runtime    Last Run
-----------------------------------  -----  ---------  --------  ----------  --------------  -------------------
/opt/airflow/dags/dag_staging.py                              1           0  0.22s           2026-09-17T10:43:59
/opt/airflow/dags/dag_extraction.py    113  0.00s             0           1  0.08s           2026-09-17T10:43:58
================================================================================
[2026-09-17T10:44:58.944+0000] {manager.py:878} INFO - 
================================================================================
DAG File Processing Stats

File Path                              PID  Runtime      # DAGs    # Errors  Last Runtime    Last Run
-----------------------------------  -----  ---------  --------  ----------  --------------  -------------------
/opt/airflow/dags/dag_staging.py                              1           0  0.16s           2026-09-17T10:44:29
/opt/airflow/dags/dag_extraction.py    121  0.00s             0           1  0.08s           2026-09-17T10:44:28
================================================================================
[2026-09-17T10:45:26.233+0000] {manager.py:737} INFO - Searching for files in /opt/airflow/dags
[2026-09-17T10:45:26.266+0000] {manager.py:740} INFO - There are 2 files in /opt/airflow/dags
[2026-09-17T10:45:29.319+0000] {manager.py:878} INFO - 
================================================================================
DAG File Processing Stats

File Path                              PID  Runtime      # DAGs    # Errors  Last Runtime    Last Run
-----------------------------------  -----  ---------  --------  ----------  --------------  -------------------
/opt/airflow/dags/dag_staging.py                              1           0  0.19s           2026-09-17T10:45:00
/opt/airflow/dags/dag_extraction.py    135  0.01s             0           1  0.08s           2026-09-17T10:44:59
================================================================================
[2026-09-17T10:45:59.700+0000] {manager.py:878} INFO - 
================================================================================
DAG File Processing Stats

File Path                              PID  Runtime      # DAGs    # Errors  Last Runtime    Last Run
-----------------------------------  -----  ---------  --------  ----------  --------------  -------------------
/opt/airflow/dags/dag_staging.py                              1           0  0.19s           2026-09-17T10:45:30
/opt/airflow/dags/dag_extraction.py    143  0.00s             0           1  0.10s           2026-09-17T10:45:29
================================================================================
[2026-09-17T10:46:30.070+0000] {manager.py:878} INFO - 
================================================================================
DAG File Processing Stats

File Path                              PID  Runtime      # DAGs    # Errors  Last Runtime    Last Run
-----------------------------------  -----  ---------  --------  ----------  --------------  -------------------
/opt/airflow/dags/dag_staging.py                              1           0  0.24s           2026-09-17T10:46:00
/opt/airflow/dags/dag_extraction.py    151  0.00s             0           1  0.08s           2026-09-17T10:45:59
================================================================================
[2026-09-17T10:47:00.410+0000] {manager.py:878} INFO - 
================================================================================
DAG File Processing Stats

File Path                              PID  Runtime      # DAGs    # Errors  Last Runtime    Last Run
-----------------------------------  -----  ---------  --------  ----------  --------------  -------------------
/opt/airflow/dags/dag_staging.py                              1           0  0.17s           2026-09-17T10:46:31
/opt/airflow/dags/dag_extraction.py    159  0.00s             0           1  0.08s           2026-09-17T10:46:30
================================================================================
[2026-09-17T10:47:30.788+0000] {manager.py:878} INFO - 
================================================================================
DAG File Processing Stats

File Path                              PID  Runtime      # DAGs    # Errors  Last Runtime    Last Run
-----------------------------------  -----  ---------  --------  ----------  --------------  -------------------
/opt/airflow/dags/dag_staging.py                              1           0  0.16s           2026-09-17T10:47:01
/opt/airflow/dags/dag_extraction.py    167  0.01s             0           1  0.09s           2026-09-17T10:47:00
================================================================================
[2026-09-17T10:48:01.205+0000] {manager.py:878} INFO - 
================================================================================
DAG File Processing Stats

File Path                              PID  Runtime      # DAGs    # Errors  Last Runtime    Last Run
-----------------------------------  -----  ---------  --------  ----------  --------------  -------------------
/opt/airflow/dags/dag_staging.py                              1           0  0.22s           2026-09-17T10:47:32
/opt/airflow/dags/dag_extraction.py    175  0.01s             0           1  0.16s           2026-09-17T10:47:30
================================================================================
[2026-09-17T10:48:01.952+0000] {manager.py:452} INFO - Exiting gracefully upon receiving signal 15
[2026-09-17T10:48:46.240+0000] {manager.py:470} INFO - Processing files using up to 2 processes at a time 
[2026-09-17T10:48:46.244+0000] {manager.py:471} INFO - Process each file at most once every 30 seconds
[2026-09-17T10:48:46.246+0000] {manager.py:472} INFO - Checking for new files in /opt/airflow/dags every 300 seconds
[2026-09-17T10:48:46.249+0000] {manager.py:737} INFO - Searching for files in /opt/airflow/dags
[2026-09-17T10:48:46.299+0000] {manager.py:740} INFO - There are 2 files in /opt/airflow/dags
[2026-09-17T10:48:46.491+0000] {manager.py:878} INFO - 
================================================================================
DAG File Processing Stats

File Path                              PID  Runtime      # DAGs    # Errors  Last Runtime    Last Run
-----------------------------------  -----  ---------  --------  ----------  --------------  ----------
/opt/airflow/dags/dag_extraction.py     50  0.11s             0           0
/opt/airflow/dags/dag_staging.py        51  0.09s             0           0
================================================================================
[2026-09-17T10:49:16.594+0000] {manager.py:878} INFO - 
================================================================================
DAG File Processing Stats

File Path                              PID  Runtime      # DAGs    # Errors  Last Runtime    Last Run
-----------------------------------  -----  ---------  --------  ----------  --------------  -------------------
/opt/airflow/dags/dag_staging.py                              1           0  0.91s           2026-09-17T10:48:47
/opt/airflow/dags/dag_extraction.py     58  0.01s             0           1  0.15s           2026-09-17T10:48:46
================================================================================
[2026-09-17T10:49:46.945+0000] {manager.py:878} INFO - 
================================================================================
DAG File Processing Stats

File Path                              PID  Runtime      # DAGs    # Errors  Last Runtime    Last Run
-----------------------------------  -----  ---------  --------  ----------  --------------  -------------------
/opt/airflow/dags/dag_staging.py                              1           0  0.18s           2026-09-17T10:49:17
/opt/airflow/dags/dag_extraction.py     66  0.00s             0           1  0.10s           2026-09-17T10:49:16
================================================================================
[2026-09-17T10:50:16.830+0000] {manager.py:452} INFO - Exiting gracefully upon receiving signal 15
[2026-09-17T10:51:00.722+0000] {manager.py:470} INFO - Processing files using up to 2 processes at a time 
[2026-09-17T10:51:00.727+0000] {manager.py:471} INFO - Process each file at most once every 30 seconds
[2026-09-17T10:51:00.730+0000] {manager.py:472} INFO - Checking for new files in /opt/airflow/dags every 300 seconds
[2026-09-17T10:51:00.734+0000] {manager.py:737} INFO - Searching for files in /opt/airflow/dags
[2026-09-17T10:51:00.786+0000] {manager.py:740} INFO - There are 2 files in /opt/airflow/dags
[2026-09-17T10:51:00.975+0000] {manager.py:878} INFO - 
================================================================================
DAG File Processing Stats

File Path                              PID  Runtime      # DAGs    # Errors  Last Runtime    Last Run
-----------------------------------  -----  ---------  --------  ----------  --------------  ----------
/opt/airflow/dags/dag_extraction.py     49  0.10s             0           0
/opt/airflow/dags/dag_staging.py        50  0.08s             0           0
================================================================================
[2026-09-17T10:51:31.271+0000] {manager.py:878} INFO - 
================================================================================
DAG File Processing Stats

File Path                              PID  Runtime      # DAGs    # Errors  Last Runtime    Last Run
-----------------------------------  -----  ---------  --------  ----------  --------------  -------------------
/opt/airflow/dags/dag_staging.py                              1           0  0.69s           2026-09-17T10:51:01
/opt/airflow/dags/dag_extraction.py     63  0.00s             0           1  0.13s           2026-09-17T10:51:01
================================================================================
[2026-09-17T10:52:01.614+0000] {manager.py:878} INFO - 
================================================================================
DAG File Processing Stats

File Path                              PID  Runtime      # DAGs    # Errors  Last Runtime    Last Run
-----------------------------------  -----  ---------  --------  ----------  --------------  -------------------
/opt/airflow/dags/dag_staging.py                              1           0  0.16s           2026-09-17T10:51:32
/opt/airflow/dags/dag_extraction.py     77  0.00s             0           1  0.07s           2026-09-17T10:51:31
================================================================================
[2026-09-17T10:52:31.977+0000] {manager.py:878} INFO - 
================================================================================
DAG File Processing Stats

File Path                              PID  Runtime      # DAGs    # Errors  Last Runtime    Last Run
-----------------------------------  -----  ---------  --------  ----------  --------------  -------------------
/opt/airflow/dags/dag_staging.py                              1           0  0.16s           2026-09-17T10:52:02
/opt/airflow/dags/dag_extraction.py     86  0.00s             0           1  0.07s           2026-09-17T10:52:01
================================================================================
[2026-09-17T10:53:02.365+0000] {manager.py:878} INFO - 
================================================================================
DAG File Processing Stats

File Path                              PID  Runtime      # DAGs    # Errors  Last Runtime    Last Run
-----------------------------------  -----  ---------  --------  ----------  --------------  -------------------
/opt/airflow/dags/dag_staging.py                              1           0  0.17s           2026-09-17T10:52:33
/opt/airflow/dags/dag_extraction.py     94  0.01s             0           1  0.09s           2026-09-17T10:52:32
================================================================================
[2026-09-17T10:53:32.832+0000] {manager.py:878} INFO - 
================================================================================
DAG File Processing Stats

File Path                              PID  Runtime      # DAGs    # Errors  Last Runtime    Last Run
-----------------------------------  -----  ---------  --------  ----------  --------------  -------------------
/opt/airflow/dags/dag_staging.py                              1           0  0.17s           2026-09-17T10:53:03
/opt/airflow/dags/dag_extraction.py    102  0.00s             0           1  0.12s           2026-09-17T10:53:02
================================================================================
[2026-09-17T10:54:03.227+0000] {manager.py:878} INFO - 
================================================================================
DAG File Processing Stats

File Path                              PID  Runtime      # DAGs    # Errors  Last Runtime    Last Run
-----------------------------------  -----  ---------  --------  ----------  --------------  -------------------
/opt/airflow/dags/dag_staging.py                              1           0  0.18s           2026-09-17T10:53:34
/opt/airflow/dags/dag_extraction.py    110  0.00s             0           1  0.10s           2026-09-17T10:53:32
================================================================================
[2026-09-17T10:54:33.549+0000] {manager.py:878} INFO - 
================================================================================
DAG File Processing Stats

File Path                              PID  Runtime      # DAGs    # Errors  Last Runtime    Last Run
-----------------------------------  -----  ---------  --------  ----------  --------------  -------------------
/opt/airflow/dags/dag_staging.py                              1           0  0.18s           2026-09-17T10:54:04
/opt/airflow/dags/dag_extraction.py    118  0.00s             0           1  0.07s           2026-09-17T10:54:03
================================================================================
[2026-09-17T10:55:03.921+0000] {manager.py:878} INFO - 
================================================================================
DAG File Processing Stats

File Path                              PID  Runtime      # DAGs    # Errors  Last Runtime    Last Run
-----------------------------------  -----  ---------  --------  ----------  --------------  -------------------
/opt/airflow/dags/dag_staging.py                              1           0  0.15s           2026-09-17T10:54:34
/opt/airflow/dags/dag_extraction.py    126  0.01s             0           1  0.10s           2026-09-17T10:54:33
================================================================================
[2026-09-17T10:55:34.310+0000] {manager.py:878} INFO - 
================================================================================
DAG File Processing Stats

File Path                              PID  Runtime      # DAGs    # Errors  Last Runtime    Last Run
-----------------------------------  -----  ---------  --------  ----------  --------------  -------------------
/opt/airflow/dags/dag_staging.py                              1           0  0.16s           2026-09-17T10:55:05
/opt/airflow/dags/dag_extraction.py    134  0.01s             0           1  0.07s           2026-09-17T10:55:03
================================================================================
[2026-09-17T10:56:01.636+0000] {manager.py:737} INFO - Searching for files in /opt/airflow/dags
[2026-09-17T10:56:01.664+0000] {manager.py:740} INFO - There are 2 files in /opt/airflow/dags
[2026-09-17T10:56:04.713+0000] {manager.py:878} INFO - 
================================================================================
DAG File Processing Stats

File Path                              PID  Runtime      # DAGs    # Errors  Last Runtime    Last Run
-----------------------------------  -----  ---------  --------  ----------  --------------  -------------------
/opt/airflow/dags/dag_staging.py                              1           0  0.17s           2026-09-17T10:55:35
/opt/airflow/dags/dag_extraction.py    148  0.00s             0           1  0.10s           2026-09-17T10:55:34
================================================================================
[2026-09-17T10:56:35.066+0000] {manager.py:878} INFO - 
================================================================================
DAG File Processing Stats

File Path                              PID  Runtime      # DAGs    # Errors  Last Runtime    Last Run
-----------------------------------  -----  ---------  --------  ----------  --------------  -------------------
/opt/airflow/dags/dag_staging.py                              1           0  0.19s           2026-09-17T10:56:05
/opt/airflow/dags/dag_extraction.py    156  0.00s             0           1  0.08s           2026-09-17T10:56:04
================================================================================
[2026-09-17T10:56:37.755+0000] {manager.py:452} INFO - Exiting gracefully upon receiving signal 15
[2026-09-17T10:57:18.938+0000] {manager.py:470} INFO - Processing files using up to 2 processes at a time 
[2026-09-17T10:57:18.940+0000] {manager.py:471} INFO - Process each file at most once every 30 seconds
[2026-09-17T10:57:18.942+0000] {manager.py:472} INFO - Checking for new files in /opt/airflow/dags every 300 seconds
[2026-09-17T10:57:18.945+0000] {manager.py:737} INFO - Searching for files in /opt/airflow/dags
[2026-09-17T10:57:18.984+0000] {manager.py:740} INFO - There are 2 files in /opt/airflow/dags
[2026-09-17T10:57:19.121+0000] {manager.py:878} INFO - 
================================================================================
DAG File Processing Stats

File Path                              PID  Runtime      # DAGs    # Errors  Last Runtime    Last Run
-----------------------------------  -----  ---------  --------  ----------  --------------  ----------
/opt/airflow/dags/dag_extraction.py     55  0.08s             0           0
/opt/airflow/dags/dag_staging.py        56  0.06s             0           0
================================================================================
[2026-09-17T10:57:49.871+0000] {manager.py:878} INFO - 
================================================================================
DAG File Processing Stats

File Path                              PID  Runtime      # DAGs    # Errors  Last Runtime    Last Run
-----------------------------------  -----  ---------  --------  ----------  --------------  -------------------
/opt/airflow/dags/dag_extraction.py     63  0.02s             1           0  0.56s           2026-09-17T10:57:19
/opt/airflow/dags/dag_staging.py        64  0.01s             1           0  0.51s           2026-09-17T10:57:19
================================================================================
[2026-09-17T10:58:20.191+0000] {manager.py:878} INFO - 
================================================================================
DAG File Processing Stats

File Path                              PID  Runtime      # DAGs    # Errors  Last Runtime    Last Run
-----------------------------------  -----  ---------  --------  ----------  --------------  -------------------
/opt/airflow/dags/dag_extraction.py     71  0.02s             1           0  0.25s           2026-09-17T10:57:50
/opt/airflow/dags/dag_staging.py        72  0.01s             1           0  0.24s           2026-09-17T10:57:50
================================================================================
[2026-09-17T10:58:50.612+0000] {manager.py:878} INFO - 
================================================================================
DAG File Processing Stats

File Path                              PID  Runtime      # DAGs    # Errors  Last Runtime    Last Run
-----------------------------------  -----  ---------  --------  ----------  --------------  -------------------
/opt/airflow/dags/dag_extraction.py     79  0.02s             1           0  0.19s           2026-09-17T10:58:20
/opt/airflow/dags/dag_staging.py        80  0.01s             1           0  0.18s           2026-09-17T10:58:20
================================================================================
[2026-09-17T10:59:20.861+0000] {manager.py:878} INFO - 
================================================================================
DAG File Processing Stats

File Path                              PID  Runtime      # DAGs    # Errors  Last Runtime    Last Run
-----------------------------------  -----  ---------  --------  ----------  --------------  -------------------
/opt/airflow/dags/dag_extraction.py     91  0.02s             1           0  0.19s           2026-09-17T10:58:50
/opt/airflow/dags/dag_staging.py        92  0.00s             1           0  0.18s           2026-09-17T10:58:50
================================================================================
[2026-09-17T10:59:51.239+0000] {manager.py:878} INFO - 
================================================================================
DAG File Processing Stats

File Path                              PID  Runtime      # DAGs    # Errors  Last Runtime    Last Run
-----------------------------------  -----  ---------  --------  ----------  --------------  -------------------
/opt/airflow/dags/dag_extraction.py     99  0.02s             1           0  0.20s           2026-09-17T10:59:21
/opt/airflow/dags/dag_staging.py       100  0.01s             1           0  0.19s           2026-09-17T10:59:21
================================================================================
[2026-09-17T11:00:21.497+0000] {manager.py:878} INFO - 
================================================================================
DAG File Processing Stats

File Path                              PID  Runtime      # DAGs    # Errors  Last Runtime    Last Run
-----------------------------------  -----  ---------  --------  ----------  --------------  -------------------
/opt/airflow/dags/dag_extraction.py    107  0.02s             1           0  0.19s           2026-09-17T10:59:51
/opt/airflow/dags/dag_staging.py       108  0.00s             1           0  0.18s           2026-09-17T10:59:51
================================================================================
[2026-09-17T11:00:51.912+0000] {manager.py:878} INFO - 
================================================================================
DAG File Processing Stats

File Path                              PID  Runtime      # DAGs    # Errors  Last Runtime    Last Run
-----------------------------------  -----  ---------  --------  ----------  --------------  -------------------
/opt/airflow/dags/dag_extraction.py    115  0.02s             1           0  0.19s           2026-09-17T11:00:21
/opt/airflow/dags/dag_staging.py       116  0.01s             1           0  0.17s           2026-09-17T11:00:21
================================================================================
[2026-09-17T11:01:22.211+0000] {manager.py:878} INFO - 
================================================================================
DAG File Processing Stats

File Path                              PID  Runtime      # DAGs    # Errors  Last Runtime    Last Run
-----------------------------------  -----  ---------  --------  ----------  --------------  -------------------
/opt/airflow/dags/dag_extraction.py    123  0.02s             1           0  0.26s           2026-09-17T11:00:52
/opt/airflow/dags/dag_staging.py       124  0.01s             1           0  0.24s           2026-09-17T11:00:52
================================================================================
[2026-09-17T11:01:52.657+0000] {manager.py:878} INFO - 
================================================================================
DAG File Processing Stats

File Path                              PID  Runtime      # DAGs    # Errors  Last Runtime    Last Run
-----------------------------------  -----  ---------  --------  ----------  --------------  -------------------
/opt/airflow/dags/dag_extraction.py    132  0.00s             1           0  0.22s           2026-09-17T11:01:22
/opt/airflow/dags/dag_staging.py                              1           0  0.22s           2026-09-17T11:01:46
================================================================================
[2026-09-17T11:02:19.039+0000] {manager.py:737} INFO - Searching for files in /opt/airflow/dags
[2026-09-17T11:02:19.079+0000] {manager.py:740} INFO - There are 2 files in /opt/airflow/dags
[2026-09-17T11:02:19.588+0000] {manager.py:452} INFO - Exiting gracefully upon receiving signal 15
[2026-09-17T11:03:00.023+0000] {manager.py:470} INFO - Processing files using up to 2 processes at a time 
[2026-09-17T11:03:00.026+0000] {manager.py:471} INFO - Process each file at most once every 30 seconds
[2026-09-17T11:03:00.029+0000] {manager.py:472} INFO - Checking for new files in /opt/airflow/dags every 300 seconds
[2026-09-17T11:03:00.031+0000] {manager.py:737} INFO - Searching for files in /opt/airflow/dags
[2026-09-17T11:03:00.072+0000] {manager.py:740} INFO - There are 2 files in /opt/airflow/dags
[2026-09-17T11:03:00.212+0000] {manager.py:878} INFO - 
================================================================================
DAG File Processing Stats

File Path                              PID  Runtime      # DAGs    # Errors  Last Runtime    Last Run
-----------------------------------  -----  ---------  --------  ----------  --------------  ----------
/opt/airflow/dags/dag_extraction.py     50  0.06s             0           0
/opt/airflow/dags/dag_staging.py        49  0.08s             0           0
================================================================================
[2026-09-17T11:03:30.461+0000] {manager.py:878} INFO - 
================================================================================
DAG File Processing Stats

File Path                            PID    Runtime      # DAGs    # Errors  Last Runtime    Last Run
-----------------------------------  -----  ---------  --------  ----------  --------------  -------------------
/opt/airflow/dags/dag_staging.py                              1           0  0.48s           2026-09-17T11:03:00
/opt/airflow/dags/dag_extraction.py                           1           0  0.46s           2026-09-17T11:03:00
================================================================================
[2026-09-17T11:04:01.311+0000] {manager.py:878} INFO - 
================================================================================
DAG File Processing Stats

File Path                              PID  Runtime      # DAGs    # Errors  Last Runtime    Last Run
-----------------------------------  -----  ---------  --------  ----------  --------------  -------------------
/opt/airflow/dags/dag_extraction.py     66  0.01s             1           0  0.20s           2026-09-17T11:03:31
/opt/airflow/dags/dag_staging.py        65  0.03s             1           0  0.16s           2026-09-17T11:03:31
================================================================================
[2026-09-17T11:04:31.757+0000] {manager.py:878} INFO - 
================================================================================
DAG File Processing Stats

File Path                              PID  Runtime      # DAGs    # Errors  Last Runtime    Last Run
-----------------------------------  -----  ---------  --------  ----------  --------------  -------------------
/opt/airflow/dags/dag_extraction.py     74  0.01s             1           0  0.22s           2026-09-17T11:04:01
/opt/airflow/dags/dag_staging.py        73  0.02s             1           0  0.19s           2026-09-17T11:04:01
================================================================================
[2026-09-17T11:05:02.268+0000] {manager.py:878} INFO - 
================================================================================
DAG File Processing Stats

File Path                              PID  Runtime      # DAGs    # Errors  Last Runtime    Last Run
-----------------------------------  -----  ---------  --------  ----------  --------------  -------------------
/opt/airflow/dags/dag_extraction.py     82  0.00s             1           0  0.27s           2026-09-17T11:04:32
/opt/airflow/dags/dag_staging.py        81  0.02s             1           0  0.22s           2026-09-17T11:04:31
================================================================================
[2026-09-17T11:05:32.715+0000] {manager.py:878} INFO - 
================================================================================
DAG File Processing Stats

File Path                              PID  Runtime      # DAGs    # Errors  Last Runtime    Last Run
-----------------------------------  -----  ---------  --------  ----------  --------------  -------------------
/opt/airflow/dags/dag_extraction.py     90  0.00s             1           0  0.19s           2026-09-17T11:05:02
/opt/airflow/dags/dag_staging.py        89  0.02s             1           0  0.16s           2026-09-17T11:05:02
================================================================================
[2026-09-17T11:06:03.162+0000] {manager.py:878} INFO - 
================================================================================
DAG File Processing Stats

File Path                              PID  Runtime      # DAGs    # Errors  Last Runtime    Last Run
-----------------------------------  -----  ---------  --------  ----------  --------------  -------------------
/opt/airflow/dags/dag_extraction.py     98  0.00s             1           0  0.17s           2026-09-17T11:05:32
/opt/airflow/dags/dag_staging.py        97  0.02s             1           0  0.14s           2026-09-17T11:05:32
================================================================================
[2026-09-17T11:06:33.561+0000] {manager.py:878} INFO - 
================================================================================
DAG File Processing Stats

File Path                              PID  Runtime      # DAGs    # Errors  Last Runtime    Last Run
-----------------------------------  -----  ---------  --------  ----------  --------------  -------------------
/opt/airflow/dags/dag_extraction.py    106  0.01s             1           0  0.19s           2026-09-17T11:06:03
/opt/airflow/dags/dag_staging.py       105  0.02s             1           0  0.15s           2026-09-17T11:06:03
================================================================================
[2026-09-17T11:07:03.967+0000] {manager.py:878} INFO - 
================================================================================
DAG File Processing Stats

File Path                              PID  Runtime      # DAGs    # Errors  Last Runtime    Last Run
-----------------------------------  -----  ---------  --------  ----------  --------------  -------------------
/opt/airflow/dags/dag_extraction.py    114  0.00s             1           0  0.20s           2026-09-17T11:06:33
/opt/airflow/dags/dag_staging.py       113  0.02s             1           0  0.17s           2026-09-17T11:06:33
================================================================================
[2026-09-17T11:07:34.122+0000] {manager.py:878} INFO - 
================================================================================
DAG File Processing Stats

File Path                              PID  Runtime      # DAGs    # Errors  Last Runtime    Last Run
-----------------------------------  -----  ---------  --------  ----------  --------------  -------------------
/opt/airflow/dags/dag_staging.py       126  0.00s             1           0  0.15s           2026-09-17T11:07:04
/opt/airflow/dags/dag_extraction.py                           0           1  0.14s           2026-09-17T11:07:27
================================================================================
[2026-09-17T11:08:00.709+0000] {manager.py:737} INFO - Searching for files in /opt/airflow/dags
[2026-09-17T11:08:00.738+0000] {manager.py:740} INFO - There are 2 files in /opt/airflow/dags
[2026-09-17T11:08:04.811+0000] {manager.py:878} INFO - 
================================================================================
DAG File Processing Stats

File Path                              PID  Runtime      # DAGs    # Errors  Last Runtime    Last Run
-----------------------------------  -----  ---------  --------  ----------  --------------  -------------------
/opt/airflow/dags/dag_extraction.py                           1           0  0.18s           2026-09-17T11:07:56
/opt/airflow/dags/dag_staging.py       136  0.00s             1           0  0.15s           2026-09-17T11:07:34
================================================================================
[2026-09-17T11:08:35.233+0000] {manager.py:878} INFO - 
================================================================================
DAG File Processing Stats

File Path                              PID  Runtime      # DAGs    # Errors  Last Runtime    Last Run
-----------------------------------  -----  ---------  --------  ----------  --------------  -------------------
/opt/airflow/dags/dag_extraction.py                           1           0  0.16s           2026-09-17T11:08:27
/opt/airflow/dags/dag_staging.py       144  0.00s             1           0  0.13s           2026-09-17T11:08:04
================================================================================
[2026-09-17T11:09:05.627+0000] {manager.py:878} INFO - 
================================================================================
DAG File Processing Stats

File Path                              PID  Runtime      # DAGs    # Errors  Last Runtime    Last Run
-----------------------------------  -----  ---------  --------  ----------  --------------  -------------------
/opt/airflow/dags/dag_extraction.py                           1           0  0.17s           2026-09-17T11:08:57
/opt/airflow/dags/dag_staging.py       152  0.00s             1           0  0.13s           2026-09-17T11:08:35
================================================================================
[2026-09-17T11:09:36.026+0000] {manager.py:878} INFO - 
================================================================================
DAG File Processing Stats

File Path                              PID  Runtime      # DAGs    # Errors  Last Runtime    Last Run
-----------------------------------  -----  ---------  --------  ----------  --------------  -------------------
/opt/airflow/dags/dag_extraction.py                           1           0  0.17s           2026-09-17T11:09:28
/opt/airflow/dags/dag_staging.py       160  0.00s             1           0  0.13s           2026-09-17T11:09:05
================================================================================
[2026-09-17T11:10:06.441+0000] {manager.py:878} INFO - 
================================================================================
DAG File Processing Stats

File Path                              PID  Runtime      # DAGs    # Errors  Last Runtime    Last Run
-----------------------------------  -----  ---------  --------  ----------  --------------  -------------------
/opt/airflow/dags/dag_extraction.py                           1           0  0.19s           2026-09-17T11:09:58
/opt/airflow/dags/dag_staging.py       168  0.00s             1           0  0.13s           2026-09-17T11:09:36
================================================================================
[2026-09-17T11:10:36.793+0000] {manager.py:878} INFO - 
================================================================================
DAG File Processing Stats

File Path                              PID  Runtime      # DAGs    # Errors  Last Runtime    Last Run
-----------------------------------  -----  ---------  --------  ----------  --------------  -------------------
/opt/airflow/dags/dag_extraction.py                           1           0  0.20s           2026-09-17T11:10:28
/opt/airflow/dags/dag_staging.py       176  0.00s             1           0  0.13s           2026-09-17T11:10:06
================================================================================
[2026-09-17T11:11:07.238+0000] {manager.py:878} INFO - 
================================================================================
DAG File Processing Stats

File Path                              PID  Runtime      # DAGs    # Errors  Last Runtime    Last Run
-----------------------------------  -----  ---------  --------  ----------  --------------  -------------------
/opt/airflow/dags/dag_extraction.py                           1           0  0.23s           2026-09-17T11:10:59
/opt/airflow/dags/dag_staging.py       184  0.00s             1           0  0.15s           2026-09-17T11:10:36
================================================================================
[2026-09-17T11:11:37.668+0000] {manager.py:878} INFO - 
================================================================================
DAG File Processing Stats

File Path                              PID  Runtime      # DAGs    # Errors  Last Runtime    Last Run
-----------------------------------  -----  ---------  --------  ----------  --------------  -------------------
/opt/airflow/dags/dag_extraction.py                           1           0  0.19s           2026-09-17T11:11:29
/opt/airflow/dags/dag_staging.py       192  0.00s             1           0  0.15s           2026-09-17T11:11:07
================================================================================
[2026-09-17T11:12:08.116+0000] {manager.py:878} INFO - 
================================================================================
DAG File Processing Stats

File Path                              PID  Runtime      # DAGs    # Errors  Last Runtime    Last Run
-----------------------------------  -----  ---------  --------  ----------  --------------  -------------------
/opt/airflow/dags/dag_extraction.py                           1           0  0.17s           2026-09-17T11:12:00
/opt/airflow/dags/dag_staging.py       200  0.01s             1           0  0.16s           2026-09-17T11:11:37
================================================================================
[2026-09-17T11:12:38.519+0000] {manager.py:878} INFO - 
================================================================================
DAG File Processing Stats

File Path                              PID  Runtime      # DAGs    # Errors  Last Runtime    Last Run
-----------------------------------  -----  ---------  --------  ----------  --------------  -------------------
/opt/airflow/dags/dag_extraction.py                           1           0  0.18s           2026-09-17T11:12:30
/opt/airflow/dags/dag_staging.py       213  0.01s             1           0  0.13s           2026-09-17T11:12:08
================================================================================
[2026-09-17T11:13:00.813+0000] {manager.py:737} INFO - Searching for files in /opt/airflow/dags
[2026-09-17T11:13:00.842+0000] {manager.py:740} INFO - There are 2 files in /opt/airflow/dags
[2026-09-17T11:13:08.942+0000] {manager.py:878} INFO - 
================================================================================
DAG File Processing Stats

File Path                              PID  Runtime      # DAGs    # Errors  Last Runtime    Last Run
-----------------------------------  -----  ---------  --------  ----------  --------------  -------------------
/opt/airflow/dags/dag_extraction.py                           1           0  0.20s           2026-09-17T11:13:01
/opt/airflow/dags/dag_staging.py       221  0.00s             1           0  0.15s           2026-09-17T11:12:38
================================================================================
[2026-09-17T11:13:39.332+0000] {manager.py:878} INFO - 
================================================================================
DAG File Processing Stats

File Path                              PID  Runtime      # DAGs    # Errors  Last Runtime    Last Run
-----------------------------------  -----  ---------  --------  ----------  --------------  -------------------
/opt/airflow/dags/dag_extraction.py                           1           0  0.25s           2026-09-17T11:13:31
/opt/airflow/dags/dag_staging.py       229  0.01s             1           0  0.14s           2026-09-17T11:13:09
================================================================================
[2026-09-17T11:14:09.754+0000] {manager.py:878} INFO - 
================================================================================
DAG File Processing Stats

File Path                              PID  Runtime      # DAGs    # Errors  Last Runtime    Last Run
-----------------------------------  -----  ---------  --------  ----------  --------------  -------------------
/opt/airflow/dags/dag_extraction.py                           1           0  0.19s           2026-09-17T11:14:01
/opt/airflow/dags/dag_staging.py       237  0.00s             1           0  0.14s           2026-09-17T11:13:39
================================================================================
[2026-09-17T11:14:40.125+0000] {manager.py:878} INFO - 
================================================================================
DAG File Processing Stats

File Path                              PID  Runtime      # DAGs    # Errors  Last Runtime    Last Run
-----------------------------------  -----  ---------  --------  ----------  --------------  -------------------
/opt/airflow/dags/dag_extraction.py                           1           0  0.17s           2026-09-17T11:14:32
/opt/airflow/dags/dag_staging.py       246  0.00s             1           0  0.13s           2026-09-17T11:14:09
================================================================================
[2026-09-17T11:15:10.529+0000] {manager.py:878} INFO - 
================================================================================
DAG File Processing Stats

File Path                              PID  Runtime      # DAGs    # Errors  Last Runtime    Last Run
-----------------------------------  -----  ---------  --------  ----------  --------------  -------------------
/opt/airflow/dags/dag_extraction.py                           1           0  0.16s           2026-09-17T11:15:02
/opt/airflow/dags/dag_staging.py       254  0.00s             1           0  0.13s           2026-09-17T11:14:40
================================================================================
[2026-09-17T11:15:40.892+0000] {manager.py:878} INFO - 
================================================================================
DAG File Processing Stats

File Path                              PID  Runtime      # DAGs    # Errors  Last Runtime    Last Run
-----------------------------------  -----  ---------  --------  ----------  --------------  -------------------
/opt/airflow/dags/dag_extraction.py                           1           0  0.19s           2026-09-17T11:15:33
/opt/airflow/dags/dag_staging.py       262  0.01s             1           0  0.13s           2026-09-17T11:15:10
================================================================================
[2026-09-17T11:16:11.253+0000] {manager.py:878} INFO - 
================================================================================
DAG File Processing Stats

File Path                              PID  Runtime      # DAGs    # Errors  Last Runtime    Last Run
-----------------------------------  -----  ---------  --------  ----------  --------------  -------------------
/opt/airflow/dags/dag_extraction.py                           1           0  0.18s           2026-09-17T11:16:03
/opt/airflow/dags/dag_staging.py       270  0.01s             1           0  0.15s           2026-09-17T11:15:41
================================================================================
[2026-09-17T11:16:41.644+0000] {manager.py:878} INFO - 
================================================================================
DAG File Processing Stats

File Path                              PID  Runtime      # DAGs    # Errors  Last Runtime    Last Run
-----------------------------------  -----  ---------  --------  ----------  --------------  -------------------
/opt/airflow/dags/dag_extraction.py                           1           0  0.17s           2026-09-17T11:16:33
/opt/airflow/dags/dag_staging.py       278  0.01s             1           0  0.14s           2026-09-17T11:16:11
================================================================================
[2026-09-17T11:17:12.097+0000] {manager.py:878} INFO - 
================================================================================
DAG File Processing Stats

File Path                              PID  Runtime      # DAGs    # Errors  Last Runtime    Last Run
-----------------------------------  -----  ---------  --------  ----------  --------------  -------------------
/opt/airflow/dags/dag_staging.py       286  0.01s             1           0  0.16s           2026-09-17T11:16:41
/opt/airflow/dags/dag_extraction.py                           1           0  0.15s           2026-09-17T11:17:04
================================================================================
[2026-09-17T11:17:42.617+0000] {manager.py:878} INFO - 
================================================================================
DAG File Processing Stats

File Path                              PID  Runtime      # DAGs    # Errors  Last Runtime    Last Run
-----------------------------------  -----  ---------  --------  ----------  --------------  -------------------
/opt/airflow/dags/dag_staging.py       299  0.00s             1           0  0.25s           2026-09-17T11:17:12
/opt/airflow/dags/dag_extraction.py                           1           0  0.20s           2026-09-17T11:17:34
================================================================================
[2026-09-17T11:18:00.856+0000] {manager.py:737} INFO - Searching for files in /opt/airflow/dags
[2026-09-17T11:18:00.888+0000] {manager.py:740} INFO - There are 2 files in /opt/airflow/dags
[2026-09-17T11:18:11.254+0000] {manager.py:452} INFO - Exiting gracefully upon receiving signal 15
[2026-09-17T11:18:55.969+0000] {manager.py:470} INFO - Processing files using up to 2 processes at a time 
[2026-09-17T11:18:55.972+0000] {manager.py:471} INFO - Process each file at most once every 30 seconds
[2026-09-17T11:18:55.975+0000] {manager.py:472} INFO - Checking for new files in /opt/airflow/dags every 300 seconds
[2026-09-17T11:18:55.978+0000] {manager.py:737} INFO - Searching for files in /opt/airflow/dags
[2026-09-17T11:18:56.024+0000] {manager.py:740} INFO - There are 2 files in /opt/airflow/dags
[2026-09-17T11:18:56.258+0000] {manager.py:878} INFO - 
================================================================================
DAG File Processing Stats

File Path                              PID  Runtime      # DAGs    # Errors  Last Runtime    Last Run
-----------------------------------  -----  ---------  --------  ----------  --------------  ----------
/opt/airflow/dags/dag_extraction.py     49  0.12s             0           0
/opt/airflow/dags/dag_staging.py        50  0.10s             0           0
================================================================================
[2026-09-17T11:19:27.053+0000] {manager.py:878} INFO - 
================================================================================
DAG File Processing Stats

File Path                              PID  Runtime      # DAGs    # Errors  Last Runtime    Last Run
-----------------------------------  -----  ---------  --------  ----------  --------------  -------------------
/opt/airflow/dags/dag_extraction.py     57  0.02s             1           0  0.67s           2026-09-17T11:18:56
/opt/airflow/dags/dag_staging.py        58  0.01s             1           0  0.64s           2026-09-17T11:18:56
================================================================================
[2026-09-17T11:19:57.476+0000] {manager.py:878} INFO - 
================================================================================
DAG File Processing Stats

File Path                              PID  Runtime      # DAGs    # Errors  Last Runtime    Last Run
-----------------------------------  -----  ---------  --------  ----------  --------------  -------------------
/opt/airflow/dags/dag_extraction.py     65  0.02s             1           0  0.20s           2026-09-17T11:19:27
/opt/airflow/dags/dag_staging.py        66  0.00s             1           0  0.15s           2026-09-17T11:19:27
================================================================================
[2026-09-17T11:20:27.877+0000] {manager.py:878} INFO - 
================================================================================
DAG File Processing Stats

File Path                              PID  Runtime      # DAGs    # Errors  Last Runtime    Last Run
-----------------------------------  -----  ---------  --------  ----------  --------------  -------------------
/opt/airflow/dags/dag_extraction.py     73  0.02s             1           0  0.19s           2026-09-17T11:19:57
/opt/airflow/dags/dag_staging.py        74  0.01s             1           0  0.14s           2026-09-17T11:19:57
================================================================================
[2026-09-17T11:20:58.330+0000] {manager.py:878} INFO - 
================================================================================
DAG File Processing Stats

File Path                              PID  Runtime      # DAGs    # Errors  Last Runtime    Last Run
-----------------------------------  -----  ---------  --------  ----------  --------------  -------------------
/opt/airflow/dags/dag_extraction.py     81  0.02s             1           0  0.21s           2026-09-17T11:20:28
/opt/airflow/dags/dag_staging.py        82  0.00s             1           0  0.16s           2026-09-17T11:20:28
================================================================================
[2026-09-17T11:21:28.757+0000] {manager.py:878} INFO - 
================================================================================
DAG File Processing Stats

File Path                              PID  Runtime      # DAGs    # Errors  Last Runtime    Last Run
-----------------------------------  -----  ---------  --------  ----------  --------------  -------------------
/opt/airflow/dags/dag_extraction.py     89  0.02s             1           0  0.17s           2026-09-17T11:20:58
/opt/airflow/dags/dag_staging.py        90  0.01s             1           0  0.14s           2026-09-17T11:20:58
================================================================================
[2026-09-17T11:21:59.250+0000] {manager.py:878} INFO - 
================================================================================
DAG File Processing Stats

File Path                              PID  Runtime      # DAGs    # Errors  Last Runtime    Last Run
-----------------------------------  -----  ---------  --------  ----------  --------------  -------------------
/opt/airflow/dags/dag_extraction.py    103  0.02s             1           0  0.27s           2026-09-17T11:21:29
/opt/airflow/dags/dag_staging.py       104  0.00s             1           0  0.21s           2026-09-17T11:21:28
================================================================================
[2026-09-17T11:22:29.678+0000] {manager.py:878} INFO - 
================================================================================
DAG File Processing Stats

File Path                              PID  Runtime      # DAGs    # Errors  Last Runtime    Last Run
-----------------------------------  -----  ---------  --------  ----------  --------------  -------------------
/opt/airflow/dags/dag_extraction.py    111  0.02s             1           0  0.19s           2026-09-17T11:21:59
/opt/airflow/dags/dag_staging.py       112  0.00s             1           0  0.14s           2026-09-17T11:21:59
================================================================================
[2026-09-17T11:23:00.126+0000] {manager.py:878} INFO - 
================================================================================
DAG File Processing Stats

File Path                              PID  Runtime      # DAGs    # Errors  Last Runtime    Last Run
-----------------------------------  -----  ---------  --------  ----------  --------------  -------------------
/opt/airflow/dags/dag_extraction.py    119  0.02s             1           0  0.19s           2026-09-17T11:22:29
/opt/airflow/dags/dag_staging.py       120  0.01s             1           0  0.14s           2026-09-17T11:22:29
================================================================================
[2026-09-17T11:23:30.536+0000] {manager.py:878} INFO - 
================================================================================
DAG File Processing Stats

File Path                              PID  Runtime      # DAGs    # Errors  Last Runtime    Last Run
-----------------------------------  -----  ---------  --------  ----------  --------------  -------------------
/opt/airflow/dags/dag_extraction.py    127  0.02s             1           0  0.19s           2026-09-17T11:23:00
/opt/airflow/dags/dag_staging.py       128  0.00s             1           0  0.14s           2026-09-17T11:23:00
================================================================================
[2026-09-17T11:23:56.884+0000] {manager.py:737} INFO - Searching for files in /opt/airflow/dags
[2026-09-17T11:23:56.913+0000] {manager.py:740} INFO - There are 2 files in /opt/airflow/dags
[2026-09-17T11:24:01.007+0000] {manager.py:878} INFO - 
================================================================================
DAG File Processing Stats

File Path                              PID  Runtime      # DAGs    # Errors  Last Runtime    Last Run
-----------------------------------  -----  ---------  --------  ----------  --------------  -------------------
/opt/airflow/dags/dag_extraction.py    135  0.03s             1           0  0.19s           2026-09-17T11:23:30
/opt/airflow/dags/dag_staging.py       136  0.01s             1           0  0.13s           2026-09-17T11:23:30
================================================================================
[2026-09-17T11:44:43.537+0000] {manager.py:737} INFO - Searching for files in /opt/airflow/dags
[2026-09-17T11:44:44.363+0000] {manager.py:740} INFO - There are 2 files in /opt/airflow/dags
[2026-09-17T13:08:19.427+0000] {manager.py:470} INFO - Processing files using up to 2 processes at a time 
[2026-09-17T13:08:19.430+0000] {manager.py:471} INFO - Process each file at most once every 30 seconds
[2026-09-17T13:08:19.432+0000] {manager.py:472} INFO - Checking for new files in /opt/airflow/dags every 300 seconds
[2026-09-17T13:08:19.434+0000] {manager.py:737} INFO - Searching for files in /opt/airflow/dags
[2026-09-17T13:08:19.466+0000] {manager.py:740} INFO - There are 2 files in /opt/airflow/dags
[2026-09-17T13:08:28.002+0000] {manager.py:878} INFO - 
================================================================================
DAG File Processing Stats

File Path                            PID    Runtime      # DAGs    # Errors  Last Runtime    Last Run
-----------------------------------  -----  ---------  --------  ----------  --------------  -------------------
/opt/airflow/dags/dag_extraction.py                           1           0  0.40s           2026-09-17T13:08:19
/opt/airflow/dags/dag_updating.py                             1           0  0.36s           2026-09-17T13:08:19
================================================================================
[2026-09-17T13:08:58.551+0000] {manager.py:878} INFO - 
================================================================================
DAG File Processing Stats

File Path                            PID    Runtime      # DAGs    # Errors  Last Runtime    Last Run
-----------------------------------  -----  ---------  --------  ----------  --------------  -------------------
/opt/airflow/dags/dag_extraction.py                           1           0  0.29s           2026-09-17T13:08:50
/opt/airflow/dags/dag_updating.py                             1           0  0.24s           2026-09-17T13:08:50
================================================================================
[2026-09-17T13:09:29.024+0000] {manager.py:878} INFO - 
================================================================================
DAG File Processing Stats

File Path                            PID    Runtime      # DAGs    # Errors  Last Runtime    Last Run
-----------------------------------  -----  ---------  --------  ----------  --------------  -------------------
/opt/airflow/dags/dag_extraction.py                           1           0  0.19s           2026-09-17T13:09:20
/opt/airflow/dags/dag_updating.py                             1           0  0.14s           2026-09-17T13:09:20
================================================================================
[2026-09-17T13:09:59.476+0000] {manager.py:878} INFO - 
================================================================================
DAG File Processing Stats

File Path                            PID    Runtime      # DAGs    # Errors  Last Runtime    Last Run
-----------------------------------  -----  ---------  --------  ----------  --------------  -------------------
/opt/airflow/dags/dag_extraction.py                           1           0  0.22s           2026-09-17T13:09:51
/opt/airflow/dags/dag_updating.py                             1           0  0.18s           2026-09-17T13:09:51
================================================================================
[2026-09-17T13:10:29.919+0000] {manager.py:878} INFO - 
================================================================================
DAG File Processing Stats

File Path                            PID    Runtime      # DAGs    # Errors  Last Runtime    Last Run
-----------------------------------  -----  ---------  --------  ----------  --------------  -------------------
/opt/airflow/dags/dag_extraction.py                           1           0  0.18s           2026-09-17T13:10:21
/opt/airflow/dags/dag_updating.py                             1           0  0.14s           2026-09-17T13:10:21
================================================================================
[2026-09-17T13:11:00.391+0000] {manager.py:878} INFO - 
================================================================================
DAG File Processing Stats

File Path                            PID    Runtime      # DAGs    # Errors  Last Runtime    Last Run
-----------------------------------  -----  ---------  --------  ----------  --------------  -------------------
/opt/airflow/dags/dag_extraction.py                           1           0  0.18s           2026-09-17T13:10:52
/opt/airflow/dags/dag_updating.py                             1           0  0.14s           2026-09-17T13:10:52
================================================================================
[2026-09-17T13:11:30.888+0000] {manager.py:878} INFO - 
================================================================================
DAG File Processing Stats

File Path                            PID    Runtime      # DAGs    # Errors  Last Runtime    Last Run
-----------------------------------  -----  ---------  --------  ----------  --------------  -------------------
/opt/airflow/dags/dag_extraction.py                           1           0  0.18s           2026-09-17T13:11:22
/opt/airflow/dags/dag_updating.py                             1           0  0.13s           2026-09-17T13:11:22
================================================================================
[2026-09-17T13:11:47.581+0000] {manager.py:452} INFO - Exiting gracefully upon receiving signal 15
[2026-09-17T13:12:29.851+0000] {manager.py:470} INFO - Processing files using up to 2 processes at a time 
[2026-09-17T13:12:29.853+0000] {manager.py:471} INFO - Process each file at most once every 30 seconds
[2026-09-17T13:12:29.855+0000] {manager.py:472} INFO - Checking for new files in /opt/airflow/dags every 300 seconds
[2026-09-17T13:12:29.857+0000] {manager.py:737} INFO - Searching for files in /opt/airflow/dags
[2026-09-17T13:12:29.899+0000] {manager.py:740} INFO - There are 2 files in /opt/airflow/dags
[2026-09-17T13:12:30.050+0000] {manager.py:878} INFO - 
================================================================================
DAG File Processing Stats

File Path                              PID  Runtime      # DAGs    # Errors  Last Runtime    Last Run
-----------------------------------  -----  ---------  --------  ----------  --------------  ----------
/opt/airflow/dags/dag_extraction.py     42  0.07s             0           0
/opt/airflow/dags/dag_updating.py       43  0.05s             0           0
================================================================================
[2026-09-17T13:13:00.701+0000] {manager.py:878} INFO - 
================================================================================
DAG File Processing Stats

File Path                              PID  Runtime      # DAGs    # Errors  Last Runtime    Last Run
-----------------------------------  -----  ---------  --------  ----------  --------------  -------------------
/opt/airflow/dags/dag_extraction.py     57  0.02s             1           0  0.50s           2026-09-17T13:12:30
/opt/airflow/dags/dag_updating.py       58  0.01s             1           0  0.42s           2026-09-17T13:12:30
================================================================================
[2026-09-17T13:13:31.136+0000] {manager.py:878} INFO - 
================================================================================
DAG File Processing Stats

File Path                              PID  Runtime      # DAGs    # Errors  Last Runtime    Last Run
-----------------------------------  -----  ---------  --------  ----------  --------------  -------------------
/opt/airflow/dags/dag_extraction.py     65  0.02s             1           0  0.20s           2026-09-17T13:13:00
/opt/airflow/dags/dag_updating.py       66  0.01s             1           0  0.16s           2026-09-17T13:13:00
================================================================================
[2026-09-17T13:14:01.552+0000] {manager.py:878} INFO - 
================================================================================
DAG File Processing Stats

File Path                              PID  Runtime      # DAGs    # Errors  Last Runtime    Last Run
-----------------------------------  -----  ---------  --------  ----------  --------------  -------------------
/opt/airflow/dags/dag_extraction.py     73  0.02s             1           0  0.18s           2026-09-17T13:13:31
/opt/airflow/dags/dag_updating.py       74  0.01s             1           0  0.14s           2026-09-17T13:13:31
================================================================================
[2026-09-17T13:14:32.058+0000] {manager.py:878} INFO - 
================================================================================
DAG File Processing Stats

File Path                              PID  Runtime      # DAGs    # Errors  Last Runtime    Last Run
-----------------------------------  -----  ---------  --------  ----------  --------------  -------------------
/opt/airflow/dags/dag_extraction.py     81  0.02s             1           0  0.25s           2026-09-17T13:14:01
/opt/airflow/dags/dag_updating.py       82  0.00s             1           0  0.20s           2026-09-17T13:14:01
================================================================================
[2026-09-17T13:15:02.527+0000] {manager.py:878} INFO - 
================================================================================
DAG File Processing Stats

File Path                              PID  Runtime      # DAGs    # Errors  Last Runtime    Last Run
-----------------------------------  -----  ---------  --------  ----------  --------------  -------------------
/opt/airflow/dags/dag_extraction.py     89  0.02s             1           0  0.19s           2026-09-17T13:14:32
/opt/airflow/dags/dag_updating.py       90  0.00s             1           0  0.14s           2026-09-17T13:14:32
================================================================================
[2026-09-17T13:15:32.975+0000] {manager.py:878} INFO - 
================================================================================
DAG File Processing Stats

File Path                              PID  Runtime      # DAGs    # Errors  Last Runtime    Last Run
-----------------------------------  -----  ---------  --------  ----------  --------------  -------------------
/opt/airflow/dags/dag_extraction.py     97  0.02s             1           0  0.18s           2026-09-17T13:15:02
/opt/airflow/dags/dag_updating.py       98  0.00s             1           0  0.13s           2026-09-17T13:15:02
================================================================================
[2026-09-17T13:16:03.428+0000] {manager.py:878} INFO - 
================================================================================
DAG File Processing Stats

File Path                              PID  Runtime      # DAGs    # Errors  Last Runtime    Last Run
-----------------------------------  -----  ---------  --------  ----------  --------------  -------------------
/opt/airflow/dags/dag_extraction.py    105  0.02s             1           0  0.18s           2026-09-17T13:15:33
/opt/airflow/dags/dag_updating.py      106  0.00s             1           0  0.13s           2026-09-17T13:15:33
================================================================================
[2026-09-17T13:16:33.850+0000] {manager.py:878} INFO - 
================================================================================
DAG File Processing Stats

File Path                              PID  Runtime      # DAGs    # Errors  Last Runtime    Last Run
-----------------------------------  -----  ---------  --------  ----------  --------------  -------------------
/opt/airflow/dags/dag_extraction.py    113  0.03s             1           0  0.20s           2026-09-17T13:16:03
/opt/airflow/dags/dag_updating.py      114  0.01s             1           0  0.14s           2026-09-17T13:16:03
================================================================================
[2026-09-17T13:17:04.336+0000] {manager.py:878} INFO - 
================================================================================
DAG File Processing Stats

File Path                              PID  Runtime      # DAGs    # Errors  Last Runtime    Last Run
-----------------------------------  -----  ---------  --------  ----------  --------------  -------------------
/opt/airflow/dags/dag_extraction.py    121  0.03s             1           0  0.29s           2026-09-17T13:16:34
/opt/airflow/dags/dag_updating.py      122  0.01s             1           0  0.22s           2026-09-17T13:16:34
================================================================================
[2026-09-17T13:17:30.673+0000] {manager.py:737} INFO - Searching for files in /opt/airflow/dags
[2026-09-17T13:17:30.715+0000] {manager.py:740} INFO - There are 2 files in /opt/airflow/dags
[2026-09-17T13:17:34.792+0000] {manager.py:878} INFO - 
================================================================================
DAG File Processing Stats

File Path                              PID  Runtime      # DAGs    # Errors  Last Runtime    Last Run
-----------------------------------  -----  ---------  --------  ----------  --------------  -------------------
/opt/airflow/dags/dag_extraction.py    129  0.02s             1           0  0.22s           2026-09-17T13:17:04
/opt/airflow/dags/dag_updating.py      130  0.01s             1           0  0.16s           2026-09-17T13:17:04
================================================================================
[2026-09-17T13:18:05.262+0000] {manager.py:878} INFO - 
================================================================================
DAG File Processing Stats

File Path                              PID  Runtime      # DAGs    # Errors  Last Runtime    Last Run
-----------------------------------  -----  ---------  --------  ----------  --------------  -------------------
/opt/airflow/dags/dag_extraction.py    137  0.02s             1           0  0.20s           2026-09-17T13:17:34
/opt/airflow/dags/dag_updating.py      138  0.01s             1           0  0.16s           2026-09-17T13:17:34
================================================================================
[2026-09-17T13:18:35.724+0000] {manager.py:878} INFO - 
================================================================================
DAG File Processing Stats

File Path                              PID  Runtime      # DAGs    # Errors  Last Runtime    Last Run
-----------------------------------  -----  ---------  --------  ----------  --------------  -------------------
/opt/airflow/dags/dag_extraction.py    145  0.02s             1           0  0.19s           2026-09-17T13:18:05
/opt/airflow/dags/dag_updating.py      146  0.00s             1           0  0.14s           2026-09-17T13:18:05
================================================================================
[2026-09-17T13:19:06.155+0000] {manager.py:878} INFO - 
================================================================================
DAG File Processing Stats

File Path                              PID  Runtime      # DAGs    # Errors  Last Runtime    Last Run
-----------------------------------  -----  ---------  --------  ----------  --------------  -------------------
/opt/airflow/dags/dag_extraction.py    153  0.02s             1           0  0.17s           2026-09-17T13:18:35
/opt/airflow/dags/dag_updating.py      154  0.00s             1           0  0.13s           2026-09-17T13:18:35
================================================================================
[2026-09-17T13:19:36.598+0000] {manager.py:878} INFO - 
================================================================================
DAG File Processing Stats

File Path                              PID  Runtime      # DAGs    # Errors  Last Runtime    Last Run
-----------------------------------  -----  ---------  --------  ----------  --------------  -------------------
/opt/airflow/dags/dag_extraction.py    161  0.02s             1           0  0.19s           2026-09-17T13:19:06
/opt/airflow/dags/dag_updating.py      162  0.00s             1           0  0.13s           2026-09-17T13:19:06
================================================================================
[2026-09-17T13:20:07.096+0000] {manager.py:878} INFO - 
================================================================================
DAG File Processing Stats

File Path                              PID  Runtime      # DAGs    # Errors  Last Runtime    Last Run
-----------------------------------  -----  ---------  --------  ----------  --------------  -------------------
/opt/airflow/dags/dag_extraction.py    169  0.02s             1           0  0.18s           2026-09-17T13:19:36
/opt/airflow/dags/dag_updating.py      170  0.01s             1           0  0.14s           2026-09-17T13:19:36
================================================================================
[2026-09-17T13:20:37.568+0000] {manager.py:878} INFO - 
================================================================================
DAG File Processing Stats

File Path                              PID  Runtime      # DAGs    # Errors  Last Runtime    Last Run
-----------------------------------  -----  ---------  --------  ----------  --------------  -------------------
/opt/airflow/dags/dag_extraction.py    177  0.04s             1           0  0.20s           2026-09-17T13:20:07
/opt/airflow/dags/dag_updating.py      178  0.01s             1           0  0.14s           2026-09-17T13:20:07
================================================================================
[2026-09-17T13:21:08.006+0000] {manager.py:878} INFO - 
================================================================================
DAG File Processing Stats

File Path                              PID  Runtime      # DAGs    # Errors  Last Runtime    Last Run
-----------------------------------  -----  ---------  --------  ----------  --------------  -------------------
/opt/airflow/dags/dag_extraction.py    185  0.02s             1           0  0.22s           2026-09-17T13:20:37
/opt/airflow/dags/dag_updating.py      186  0.00s             1           0  0.15s           2026-09-17T13:20:37
================================================================================
[2026-09-17T13:21:38.439+0000] {manager.py:878} INFO - 
================================================================================
DAG File Processing Stats

File Path                              PID  Runtime      # DAGs    # Errors  Last Runtime    Last Run
-----------------------------------  -----  ---------  --------  ----------  --------------  -------------------
/opt/airflow/dags/dag_extraction.py    193  0.02s             1           0  0.18s           2026-09-17T13:21:08
/opt/airflow/dags/dag_updating.py      194  0.00s             1           0  0.13s           2026-09-17T13:21:08
================================================================================
[2026-09-17T13:22:08.910+0000] {manager.py:878} INFO - 
================================================================================
DAG File Processing Stats

File Path                              PID  Runtime      # DAGs    # Errors  Last Runtime    Last Run
-----------------------------------  -----  ---------  --------  ----------  --------------  -------------------
/opt/airflow/dags/dag_extraction.py    201  0.02s             1           0  0.22s           2026-09-17T13:21:38
/opt/airflow/dags/dag_updating.py      202  0.00s             1           0  0.16s           2026-09-17T13:21:38
================================================================================
[2026-09-17T13:22:31.229+0000] {manager.py:737} INFO - Searching for files in /opt/airflow/dags
[2026-09-17T13:22:31.270+0000] {manager.py:740} INFO - There are 2 files in /opt/airflow/dags
[2026-09-17T13:22:39.384+0000] {manager.py:878} INFO - 
================================================================================
DAG File Processing Stats

File Path                              PID  Runtime      # DAGs    # Errors  Last Runtime    Last Run
-----------------------------------  -----  ---------  --------  ----------  --------------  -------------------
/opt/airflow/dags/dag_extraction.py    209  0.02s             1           0  0.18s           2026-09-17T13:22:09
/opt/airflow/dags/dag_updating.py      210  0.00s             1           0  0.13s           2026-09-17T13:22:09
================================================================================
[2026-09-17T13:23:09.809+0000] {manager.py:878} INFO - 
================================================================================
DAG File Processing Stats

File Path                              PID  Runtime      # DAGs    # Errors  Last Runtime    Last Run
-----------------------------------  -----  ---------  --------  ----------  --------------  -------------------
/opt/airflow/dags/dag_extraction.py    217  0.02s             1           0  0.18s           2026-09-17T13:22:39
/opt/airflow/dags/dag_updating.py      218  0.00s             1           0  0.13s           2026-09-17T13:22:39
================================================================================
[2026-09-17T13:23:40.226+0000] {manager.py:878} INFO - 
================================================================================
DAG File Processing Stats

File Path                              PID  Runtime      # DAGs    # Errors  Last Runtime    Last Run
-----------------------------------  -----  ---------  --------  ----------  --------------  -------------------
/opt/airflow/dags/dag_extraction.py    225  0.02s             1           0  0.19s           2026-09-17T13:23:09
/opt/airflow/dags/dag_updating.py      226  0.00s             1           0  0.14s           2026-09-17T13:23:09
================================================================================
[2026-09-17T13:24:10.638+0000] {manager.py:878} INFO - 
================================================================================
DAG File Processing Stats

File Path                              PID  Runtime      # DAGs    # Errors  Last Runtime    Last Run
-----------------------------------  -----  ---------  --------  ----------  --------------  -------------------
/opt/airflow/dags/dag_extraction.py    233  0.02s             1           0  0.18s           2026-09-17T13:23:40
/opt/airflow/dags/dag_updating.py      234  0.00s             1           0  0.13s           2026-09-17T13:23:40
================================================================================
[2026-09-17T13:24:41.043+0000] {manager.py:878} INFO - 
================================================================================
DAG File Processing Stats

File Path                              PID  Runtime      # DAGs    # Errors  Last Runtime    Last Run
-----------------------------------  -----  ---------  --------  ----------  --------------  -------------------
/opt/airflow/dags/dag_extraction.py    241  0.02s             1           0  0.17s           2026-09-17T13:24:10
/opt/airflow/dags/dag_updating.py      242  0.00s             1           0  0.12s           2026-09-17T13:24:10
================================================================================
[2026-09-17T13:25:11.501+0000] {manager.py:878} INFO - 
================================================================================
DAG File Processing Stats

File Path                              PID  Runtime      # DAGs    # Errors  Last Runtime    Last Run
-----------------------------------  -----  ---------  --------  ----------  --------------  -------------------
/opt/airflow/dags/dag_extraction.py    249  0.02s             1           0  0.19s           2026-09-17T13:24:41
/opt/airflow/dags/dag_updating.py      250  0.00s             1           0  0.15s           2026-09-17T13:24:41
================================================================================
[2026-09-17T13:25:41.927+0000] {manager.py:878} INFO - 
================================================================================
DAG File Processing Stats

File Path                              PID  Runtime      # DAGs    # Errors  Last Runtime    Last Run
-----------------------------------  -----  ---------  --------  ----------  --------------  -------------------
/opt/airflow/dags/dag_extraction.py    261  0.02s             1           0  0.22s           2026-09-17T13:25:11
/opt/airflow/dags/dag_updating.py      262  0.00s             1           0  0.16s           2026-09-17T13:25:11
================================================================================
[2026-09-17T13:26:12.364+0000] {manager.py:878} INFO - 
================================================================================
DAG File Processing Stats

File Path                              PID  Runtime      # DAGs    # Errors  Last Runtime    Last Run
-----------------------------------  -----  ---------  --------  ----------  --------------  -------------------
/opt/airflow/dags/dag_extraction.py    269  0.02s             1           0  0.20s           2026-09-17T13:25:42
/opt/airflow/dags/dag_updating.py      270  0.00s             1           0  0.16s           2026-09-17T13:25:42
================================================================================
[2026-09-17T13:26:42.789+0000] {manager.py:878} INFO - 
================================================================================
DAG File Processing Stats

File Path                              PID  Runtime      # DAGs    # Errors  Last Runtime    Last Run
-----------------------------------  -----  ---------  --------  ----------  --------------  -------------------
/opt/airflow/dags/dag_extraction.py    277  0.02s             1           0  0.20s           2026-09-17T13:26:12
/opt/airflow/dags/dag_updating.py      278  0.00s             1           0  0.14s           2026-09-17T13:26:12
================================================================================
[2026-09-17T13:27:13.270+0000] {manager.py:878} INFO - 
================================================================================
DAG File Processing Stats

File Path                              PID  Runtime      # DAGs    # Errors  Last Runtime    Last Run
-----------------------------------  -----  ---------  --------  ----------  --------------  -------------------
/opt/airflow/dags/dag_extraction.py    286  0.02s             1           0  0.22s           2026-09-17T13:26:42
/opt/airflow/dags/dag_updating.py      287  0.00s             1           0  0.16s           2026-09-17T13:26:42
================================================================================
[2026-09-17T13:27:31.580+0000] {manager.py:737} INFO - Searching for files in /opt/airflow/dags
[2026-09-17T13:27:31.620+0000] {manager.py:740} INFO - There are 2 files in /opt/airflow/dags
[2026-09-17T13:27:43.750+0000] {manager.py:878} INFO - 
================================================================================
DAG File Processing Stats

File Path                              PID  Runtime      # DAGs    # Errors  Last Runtime    Last Run
-----------------------------------  -----  ---------  --------  ----------  --------------  -------------------
/opt/airflow/dags/dag_extraction.py    294  0.02s             1           0  0.18s           2026-09-17T13:27:13
/opt/airflow/dags/dag_updating.py      295  0.01s             1           0  0.14s           2026-09-17T13:27:13
================================================================================
[2026-09-17T13:28:14.200+0000] {manager.py:878} INFO - 
================================================================================
DAG File Processing Stats

File Path                              PID  Runtime      # DAGs    # Errors  Last Runtime    Last Run
-----------------------------------  -----  ---------  --------  ----------  --------------  -------------------
/opt/airflow/dags/dag_extraction.py    302  0.02s             1           0  0.23s           2026-09-17T13:27:43
/opt/airflow/dags/dag_updating.py      303  0.00s             0           1  0.11s           2026-09-17T13:27:43
================================================================================
[2026-09-17T13:28:44.619+0000] {manager.py:878} INFO - 
================================================================================
DAG File Processing Stats

File Path                              PID  Runtime      # DAGs    # Errors  Last Runtime    Last Run
-----------------------------------  -----  ---------  --------  ----------  --------------  -------------------
/opt/airflow/dags/dag_extraction.py    310  0.02s             1           0  0.23s           2026-09-17T13:28:14
/opt/airflow/dags/dag_updating.py      311  0.00s             0           1  0.12s           2026-09-17T13:28:14
================================================================================
[2026-09-17T13:29:15.081+0000] {manager.py:878} INFO - 
================================================================================
DAG File Processing Stats

File Path                              PID  Runtime      # DAGs    # Errors  Last Runtime    Last Run
-----------------------------------  -----  ---------  --------  ----------  --------------  -------------------
/opt/airflow/dags/dag_extraction.py    318  0.05s             1           0  0.23s           2026-09-17T13:28:44
/opt/airflow/dags/dag_updating.py      319  0.01s             0           1  0.08s           2026-09-17T13:28:44
================================================================================
[2026-09-17T13:29:45.824+0000] {manager.py:878} INFO - 
================================================================================
DAG File Processing Stats

File Path                              PID  Runtime      # DAGs    # Errors  Last Runtime    Last Run
-----------------------------------  -----  ---------  --------  ----------  --------------  -------------------
/opt/airflow/dags/dag_updating.py      327  0.01s             1           0  0.44s           2026-09-17T13:29:15
/opt/airflow/dags/dag_extraction.py    326  0.03s             1           0  0.38s           2026-09-17T13:29:15
================================================================================
[2026-09-17T13:30:16.417+0000] {manager.py:878} INFO - 
================================================================================
DAG File Processing Stats

File Path                              PID  Runtime      # DAGs    # Errors  Last Runtime    Last Run
-----------------------------------  -----  ---------  --------  ----------  --------------  -------------------
/opt/airflow/dags/dag_extraction.py    334  0.04s             1           0  0.25s           2026-09-17T13:29:46
/opt/airflow/dags/dag_updating.py      335  0.01s             1           0  0.20s           2026-09-17T13:29:46
================================================================================
[2026-09-17T13:30:47.084+0000] {manager.py:878} INFO - 
================================================================================
DAG File Processing Stats

File Path                              PID  Runtime      # DAGs    # Errors  Last Runtime    Last Run
-----------------------------------  -----  ---------  --------  ----------  --------------  -------------------
/opt/airflow/dags/dag_extraction.py    342  0.04s             1           0  0.39s           2026-09-17T13:30:16
/opt/airflow/dags/dag_updating.py      343  0.01s             1           0  0.26s           2026-09-17T13:30:16
================================================================================
[2026-09-17T13:31:17.688+0000] {manager.py:878} INFO - 
================================================================================
DAG File Processing Stats

File Path                              PID  Runtime      # DAGs    # Errors  Last Runtime    Last Run
-----------------------------------  -----  ---------  --------  ----------  --------------  -------------------
/opt/airflow/dags/dag_extraction.py    350  0.03s             1           0  0.26s           2026-09-17T13:30:47
/opt/airflow/dags/dag_updating.py      351  0.01s             1           0  0.19s           2026-09-17T13:30:47
================================================================================
[2026-09-17T13:31:48.427+0000] {manager.py:878} INFO - 
================================================================================
DAG File Processing Stats

File Path                              PID  Runtime      # DAGs    # Errors  Last Runtime    Last Run
-----------------------------------  -----  ---------  --------  ----------  --------------  -------------------
/opt/airflow/dags/dag_extraction.py    358  0.03s             1           0  0.35s           2026-09-17T13:31:18
/opt/airflow/dags/dag_updating.py      359  0.01s             1           0  0.30s           2026-09-17T13:31:17
================================================================================
[2026-09-17T13:32:19.087+0000] {manager.py:878} INFO - 
================================================================================
DAG File Processing Stats

File Path                              PID  Runtime      # DAGs    # Errors  Last Runtime    Last Run
-----------------------------------  -----  ---------  --------  ----------  --------------  -------------------
/opt/airflow/dags/dag_extraction.py    366  0.05s             1           0  0.27s           2026-09-17T13:31:48
/opt/airflow/dags/dag_updating.py      367  0.01s             1           0  0.20s           2026-09-17T13:31:48
================================================================================
[2026-09-17T13:32:31.684+0000] {manager.py:737} INFO - Searching for files in /opt/airflow/dags
[2026-09-17T13:32:31.803+0000] {manager.py:740} INFO - There are 2 files in /opt/airflow/dags
[2026-09-17T13:32:49.880+0000] {manager.py:878} INFO - 
================================================================================
DAG File Processing Stats

File Path                              PID  Runtime      # DAGs    # Errors  Last Runtime    Last Run
-----------------------------------  -----  ---------  --------  ----------  --------------  -------------------
/opt/airflow/dags/dag_extraction.py    375  0.05s             1           0  0.51s           2026-09-17T13:32:19
/opt/airflow/dags/dag_updating.py      376  0.01s             1           0  0.37s           2026-09-17T13:32:19
================================================================================
[2026-09-17T13:33:20.584+0000] {manager.py:878} INFO - 
================================================================================
DAG File Processing Stats

File Path                              PID  Runtime      # DAGs    # Errors  Last Runtime    Last Run
-----------------------------------  -----  ---------  --------  ----------  --------------  -------------------
/opt/airflow/dags/dag_extraction.py    383  0.03s             1           0  0.32s           2026-09-17T13:32:50
/opt/airflow/dags/dag_updating.py      384  0.01s             1           0  0.24s           2026-09-17T13:32:50
================================================================================
[2026-09-17T13:33:51.320+0000] {manager.py:878} INFO - 
================================================================================
DAG File Processing Stats

File Path                              PID  Runtime      # DAGs    # Errors  Last Runtime    Last Run
-----------------------------------  -----  ---------  --------  ----------  --------------  -------------------
/opt/airflow/dags/dag_extraction.py    391  0.05s             1           0  0.37s           2026-09-17T13:33:20
/opt/airflow/dags/dag_updating.py      392  0.01s             1           0  0.27s           2026-09-17T13:33:20
================================================================================
[2026-09-17T13:34:21.950+0000] {manager.py:878} INFO - 
================================================================================
DAG File Processing Stats

File Path                              PID  Runtime      # DAGs    # Errors  Last Runtime    Last Run
-----------------------------------  -----  ---------  --------  ----------  --------------  -------------------
/opt/airflow/dags/dag_extraction.py    399  0.02s             1           0  0.34s           2026-09-17T13:33:51
/opt/airflow/dags/dag_updating.py      400  0.01s             1           0  0.25s           2026-09-17T13:33:51
================================================================================
[2026-09-17T13:34:52.622+0000] {manager.py:878} INFO - 
================================================================================
DAG File Processing Stats

File Path                              PID  Runtime      # DAGs    # Errors  Last Runtime    Last Run
-----------------------------------  -----  ---------  --------  ----------  --------------  -------------------
/opt/airflow/dags/dag_extraction.py    407  0.04s             1           0  0.26s           2026-09-17T13:34:22
/opt/airflow/dags/dag_updating.py      408  0.01s             1           0  0.19s           2026-09-17T13:34:22
================================================================================
[2026-09-17T13:35:23.297+0000] {manager.py:878} INFO - 
================================================================================
DAG File Processing Stats

File Path                              PID  Runtime      # DAGs    # Errors  Last Runtime    Last Run
-----------------------------------  -----  ---------  --------  ----------  --------------  -------------------
/opt/airflow/dags/dag_extraction.py    415  0.05s             1           0  0.35s           2026-09-17T13:34:52
/opt/airflow/dags/dag_updating.py      416  0.01s             1           0  0.25s           2026-09-17T13:34:52
================================================================================
[2026-09-17T13:35:53.998+0000] {manager.py:878} INFO - 
================================================================================
DAG File Processing Stats

File Path                              PID  Runtime      # DAGs    # Errors  Last Runtime    Last Run
-----------------------------------  -----  ---------  --------  ----------  --------------  -------------------
/opt/airflow/dags/dag_extraction.py    423  0.05s             1           0  0.40s           2026-09-17T13:35:23
/opt/airflow/dags/dag_updating.py      424  0.02s             1           0  0.27s           2026-09-17T13:35:23
================================================================================
[2026-09-17T13:36:24.705+0000] {manager.py:878} INFO - 
================================================================================
DAG File Processing Stats

File Path                              PID  Runtime      # DAGs    # Errors  Last Runtime    Last Run
-----------------------------------  -----  ---------  --------  ----------  --------------  -------------------
/opt/airflow/dags/dag_extraction.py    431  0.04s             1           0  0.37s           2026-09-17T13:35:54
/opt/airflow/dags/dag_updating.py      432  0.01s             1           0  0.30s           2026-09-17T13:35:54
================================================================================
[2026-09-17T13:36:54.844+0000] {manager.py:878} INFO - 
================================================================================
DAG File Processing Stats

File Path                              PID  Runtime      # DAGs    # Errors  Last Runtime    Last Run
-----------------------------------  -----  ---------  --------  ----------  --------------  -------------------
/opt/airflow/dags/dag_updating.py      440  0.01s             1           0  0.51s           2026-09-17T13:36:50
/opt/airflow/dags/dag_extraction.py                           1           0  0.30s           2026-09-17T13:36:24
================================================================================
[2026-09-17T13:37:25.047+0000] {manager.py:878} INFO - 
================================================================================
DAG File Processing Stats

File Path                            PID    Runtime      # DAGs    # Errors  Last Runtime    Last Run
-----------------------------------  -----  ---------  --------  ----------  --------------  -------------------
/opt/airflow/dags/dag_extraction.py                           1           0  0.49s           2026-09-17T13:36:55
/opt/airflow/dags/dag_updating.py                             1           0  0.34s           2026-09-17T13:36:55
================================================================================
[2026-09-17T13:37:31.996+0000] {manager.py:737} INFO - Searching for files in /opt/airflow/dags
[2026-09-17T13:37:32.103+0000] {manager.py:740} INFO - There are 2 files in /opt/airflow/dags
[2026-09-17T13:37:55.430+0000] {manager.py:878} INFO - 
================================================================================
DAG File Processing Stats

File Path                            PID    Runtime      # DAGs    # Errors  Last Runtime    Last Run
-----------------------------------  -----  ---------  --------  ----------  --------------  -------------------
/opt/airflow/dags/dag_extraction.py                           1           0  0.35s           2026-09-17T13:37:26
/opt/airflow/dags/dag_updating.py                             1           0  0.35s           2026-09-17T13:37:25
================================================================================
[2026-09-17T13:38:26.106+0000] {manager.py:878} INFO - 
================================================================================
DAG File Processing Stats

File Path                            PID    Runtime      # DAGs    # Errors  Last Runtime    Last Run
-----------------------------------  -----  ---------  --------  ----------  --------------  -------------------
/opt/airflow/dags/dag_extraction.py                           1           0  0.42s           2026-09-17T13:37:56
/opt/airflow/dags/dag_updating.py                             1           0  0.29s           2026-09-17T13:37:56
================================================================================
[2026-09-17T13:38:56.786+0000] {manager.py:878} INFO - 
================================================================================
DAG File Processing Stats

File Path                            PID    Runtime      # DAGs    # Errors  Last Runtime    Last Run
-----------------------------------  -----  ---------  --------  ----------  --------------  -------------------
/opt/airflow/dags/dag_extraction.py                           1           0  0.32s           2026-09-17T13:38:27
/opt/airflow/dags/dag_updating.py                             1           0  0.27s           2026-09-17T13:38:27
================================================================================
[2026-09-17T13:39:27.471+0000] {manager.py:878} INFO - 
================================================================================
DAG File Processing Stats

File Path                            PID    Runtime      # DAGs    # Errors  Last Runtime    Last Run
-----------------------------------  -----  ---------  --------  ----------  --------------  -------------------
/opt/airflow/dags/dag_extraction.py                           1           0  0.37s           2026-09-17T13:38:58
/opt/airflow/dags/dag_updating.py                             1           0  0.30s           2026-09-17T13:38:58
================================================================================
[2026-09-17T13:39:58.084+0000] {manager.py:878} INFO - 
================================================================================
DAG File Processing Stats

File Path                            PID    Runtime      # DAGs    # Errors  Last Runtime    Last Run
-----------------------------------  -----  ---------  --------  ----------  --------------  -------------------
/opt/airflow/dags/dag_extraction.py                           1           0  0.25s           2026-09-17T13:39:28
/opt/airflow/dags/dag_updating.py                             1           0  0.22s           2026-09-17T13:39:28
================================================================================
[2026-09-17T13:40:28.818+0000] {manager.py:878} INFO - 
================================================================================
DAG File Processing Stats

File Path                            PID    Runtime      # DAGs    # Errors  Last Runtime    Last Run
-----------------------------------  -----  ---------  --------  ----------  --------------  -------------------
/opt/airflow/dags/dag_extraction.py                           1           0  0.42s           2026-09-17T13:39:59
/opt/airflow/dags/dag_updating.py                             1           0  0.33s           2026-09-17T13:39:59
================================================================================
[2026-09-17T13:40:59.463+0000] {manager.py:878} INFO - 
================================================================================
DAG File Processing Stats

File Path                            PID    Runtime      # DAGs    # Errors  Last Runtime    Last Run
-----------------------------------  -----  ---------  --------  ----------  --------------  -------------------
/opt/airflow/dags/dag_extraction.py                           1           0  0.28s           2026-09-17T13:40:30
/opt/airflow/dags/dag_updating.py                             1           0  0.24s           2026-09-17T13:40:30
================================================================================
[2026-09-17T13:41:30.205+0000] {manager.py:878} INFO - 
================================================================================
DAG File Processing Stats

File Path                            PID    Runtime      # DAGs    # Errors  Last Runtime    Last Run
-----------------------------------  -----  ---------  --------  ----------  --------------  -------------------
/opt/airflow/dags/dag_extraction.py                           1           0  0.35s           2026-09-17T13:41:00
/opt/airflow/dags/dag_updating.py                             1           0  0.29s           2026-09-17T13:41:00
================================================================================
[2026-09-17T13:42:00.974+0000] {manager.py:878} INFO - 
================================================================================
DAG File Processing Stats

File Path                            PID    Runtime      # DAGs    # Errors  Last Runtime    Last Run
-----------------------------------  -----  ---------  --------  ----------  --------------  -------------------
/opt/airflow/dags/dag_extraction.py                           1           0  0.43s           2026-09-17T13:41:31
/opt/airflow/dags/dag_updating.py                             1           0  0.36s           2026-09-17T13:41:31
================================================================================
[2026-09-17T13:42:31.688+0000] {manager.py:878} INFO - 
================================================================================
DAG File Processing Stats

File Path                            PID    Runtime      # DAGs    # Errors  Last Runtime    Last Run
-----------------------------------  -----  ---------  --------  ----------  --------------  -------------------
/opt/airflow/dags/dag_extraction.py                           1           0  0.41s           2026-09-17T13:42:02
/opt/airflow/dags/dag_updating.py                             1           0  0.33s           2026-09-17T13:42:02
================================================================================
[2026-09-17T13:42:32.700+0000] {manager.py:737} INFO - Searching for files in /opt/airflow/dags
[2026-09-17T13:42:32.788+0000] {manager.py:740} INFO - There are 2 files in /opt/airflow/dags
[2026-09-17T13:43:02.466+0000] {manager.py:878} INFO - 
================================================================================
DAG File Processing Stats

File Path                            PID    Runtime      # DAGs    # Errors  Last Runtime    Last Run
-----------------------------------  -----  ---------  --------  ----------  --------------  -------------------
/opt/airflow/dags/dag_extraction.py                           1           0  0.27s           2026-09-17T13:42:33
/opt/airflow/dags/dag_updating.py                             1           0  0.24s           2026-09-17T13:42:33
================================================================================
[2026-09-17T13:43:33.204+0000] {manager.py:878} INFO - 
================================================================================
DAG File Processing Stats

File Path                            PID    Runtime      # DAGs    # Errors  Last Runtime    Last Run
-----------------------------------  -----  ---------  --------  ----------  --------------  -------------------
/opt/airflow/dags/dag_extraction.py                           1           0  0.38s           2026-09-17T13:43:03
/opt/airflow/dags/dag_updating.py                             1           0  0.35s           2026-09-17T13:43:03
================================================================================
[2026-09-17T13:44:03.788+0000] {manager.py:878} INFO - 
================================================================================
DAG File Processing Stats

File Path                            PID    Runtime      # DAGs    # Errors  Last Runtime    Last Run
-----------------------------------  -----  ---------  --------  ----------  --------------  -------------------
/opt/airflow/dags/dag_extraction.py                           1           0  0.23s           2026-09-17T13:43:34
/opt/airflow/dags/dag_updating.py                             1           0  0.21s           2026-09-17T13:43:34
================================================================================
[2026-09-17T13:44:34.562+0000] {manager.py:878} INFO - 
================================================================================
DAG File Processing Stats

File Path                            PID    Runtime      # DAGs    # Errors  Last Runtime    Last Run
-----------------------------------  -----  ---------  --------  ----------  --------------  -------------------
/opt/airflow/dags/dag_extraction.py                           1           0  0.31s           2026-09-17T13:44:05
/opt/airflow/dags/dag_updating.py                             1           0  0.28s           2026-09-17T13:44:05
================================================================================
[2026-09-17T13:45:05.180+0000] {manager.py:878} INFO - 
================================================================================
DAG File Processing Stats

File Path                            PID    Runtime      # DAGs    # Errors  Last Runtime    Last Run
-----------------------------------  -----  ---------  --------  ----------  --------------  -------------------
/opt/airflow/dags/dag_extraction.py                           1           0  0.28s           2026-09-17T13:44:35
/opt/airflow/dags/dag_updating.py                             1           0  0.24s           2026-09-17T13:44:35
================================================================================
[2026-09-17T13:45:35.858+0000] {manager.py:878} INFO - 
================================================================================
DAG File Processing Stats

File Path                            PID    Runtime      # DAGs    # Errors  Last Runtime    Last Run
-----------------------------------  -----  ---------  --------  ----------  --------------  -------------------
/opt/airflow/dags/dag_extraction.py                           1           0  0.40s           2026-09-17T13:45:06
/opt/airflow/dags/dag_updating.py                             1           0  0.29s           2026-09-17T13:45:06
================================================================================
[2026-09-17T13:46:06.429+0000] {manager.py:878} INFO - 
================================================================================
DAG File Processing Stats

File Path                            PID    Runtime      # DAGs    # Errors  Last Runtime    Last Run
-----------------------------------  -----  ---------  --------  ----------  --------------  -------------------
/opt/airflow/dags/dag_extraction.py                           1           0  0.25s           2026-09-17T13:45:37
/opt/airflow/dags/dag_updating.py                             1           0  0.19s           2026-09-17T13:45:37
================================================================================
[2026-09-17T13:46:37.106+0000] {manager.py:878} INFO - 
================================================================================
DAG File Processing Stats

File Path                            PID    Runtime      # DAGs    # Errors  Last Runtime    Last Run
-----------------------------------  -----  ---------  --------  ----------  --------------  -------------------
/opt/airflow/dags/dag_extraction.py                           1           0  0.45s           2026-09-17T13:46:07
/opt/airflow/dags/dag_updating.py                             0           1  0.25s           2026-09-17T13:46:07
================================================================================
[2026-09-17T13:47:07.845+0000] {manager.py:878} INFO - 
================================================================================
DAG File Processing Stats

File Path                            PID    Runtime      # DAGs    # Errors  Last Runtime    Last Run
-----------------------------------  -----  ---------  --------  ----------  --------------  -------------------
/opt/airflow/dags/dag_extraction.py                           1           0  0.51s           2026-09-17T13:46:38
/opt/airflow/dags/dag_updating.py                             0           1  0.32s           2026-09-17T13:46:38
================================================================================
[2026-09-17T13:47:33.453+0000] {manager.py:737} INFO - Searching for files in /opt/airflow/dags
[2026-09-17T13:47:33.543+0000] {manager.py:740} INFO - There are 2 files in /opt/airflow/dags
[2026-09-17T13:47:38.624+0000] {manager.py:878} INFO - 
================================================================================
DAG File Processing Stats

File Path                            PID    Runtime      # DAGs    # Errors  Last Runtime    Last Run
-----------------------------------  -----  ---------  --------  ----------  --------------  -------------------
/opt/airflow/dags/dag_extraction.py                           1           0  0.49s           2026-09-17T13:47:09
/opt/airflow/dags/dag_updating.py                             0           1  0.29s           2026-09-17T13:47:09
================================================================================
[2026-09-17T13:48:09.239+0000] {manager.py:878} INFO - 
================================================================================
DAG File Processing Stats

File Path                            PID    Runtime      # DAGs    # Errors  Last Runtime    Last Run
-----------------------------------  -----  ---------  --------  ----------  --------------  -------------------
/opt/airflow/dags/dag_extraction.py                           1           0  0.42s           2026-09-17T13:47:40
/opt/airflow/dags/dag_updating.py                             0           1  0.22s           2026-09-17T13:47:39
================================================================================
[2026-09-17T13:48:39.777+0000] {manager.py:878} INFO - 
================================================================================
DAG File Processing Stats

File Path                            PID    Runtime      # DAGs    # Errors  Last Runtime    Last Run
-----------------------------------  -----  ---------  --------  ----------  --------------  -------------------
/opt/airflow/dags/dag_extraction.py                           1           0  0.35s           2026-09-17T13:48:10
/opt/airflow/dags/dag_updating.py                             0           1  0.16s           2026-09-17T13:48:10
================================================================================
[2026-09-17T13:49:10.469+0000] {manager.py:878} INFO - 
================================================================================
DAG File Processing Stats

File Path                            PID    Runtime      # DAGs    # Errors  Last Runtime    Last Run
-----------------------------------  -----  ---------  --------  ----------  --------------  -------------------
/opt/airflow/dags/dag_extraction.py                           1           0  0.49s           2026-09-17T13:48:41
/opt/airflow/dags/dag_updating.py                             0           1  0.28s           2026-09-17T13:48:41
================================================================================
[2026-09-17T13:49:41.142+0000] {manager.py:878} INFO - 
================================================================================
DAG File Processing Stats

File Path                            PID    Runtime      # DAGs    # Errors  Last Runtime    Last Run
-----------------------------------  -----  ---------  --------  ----------  --------------  -------------------
/opt/airflow/dags/dag_extraction.py                           1           0  0.43s           2026-09-17T13:49:11
/opt/airflow/dags/dag_updating.py                             0           1  0.26s           2026-09-17T13:49:11
================================================================================
[2026-09-17T13:50:11.815+0000] {manager.py:878} INFO - 
================================================================================
DAG File Processing Stats

File Path                            PID    Runtime      # DAGs    # Errors  Last Runtime    Last Run
-----------------------------------  -----  ---------  --------  ----------  --------------  -------------------
/opt/airflow/dags/dag_extraction.py                           1           0  0.26s           2026-09-17T13:49:42
/opt/airflow/dags/dag_updating.py                             0           1  0.21s           2026-09-17T13:49:42
================================================================================
[2026-09-17T13:50:42.351+0000] {manager.py:878} INFO - 
================================================================================
DAG File Processing Stats

File Path                            PID    Runtime      # DAGs    # Errors  Last Runtime    Last Run
-----------------------------------  -----  ---------  --------  ----------  --------------  -------------------
/opt/airflow/dags/dag_extraction.py                           1           0  0.28s           2026-09-17T13:50:13
/opt/airflow/dags/dag_updating.py                             0           1  0.15s           2026-09-17T13:50:12
================================================================================
[2026-09-17T13:51:12.933+0000] {manager.py:878} INFO - 
================================================================================
DAG File Processing Stats

File Path                            PID    Runtime      # DAGs    # Errors  Last Runtime    Last Run
-----------------------------------  -----  ---------  --------  ----------  --------------  -------------------
/opt/airflow/dags/dag_extraction.py                           1           0  0.26s           2026-09-17T13:50:43
/opt/airflow/dags/dag_updating.py                             0           1  0.20s           2026-09-17T13:50:43
================================================================================
[2026-09-17T13:51:43.492+0000] {manager.py:878} INFO - 
================================================================================
DAG File Processing Stats

File Path                            PID    Runtime      # DAGs    # Errors  Last Runtime    Last Run
-----------------------------------  -----  ---------  --------  ----------  --------------  -------------------
/opt/airflow/dags/dag_extraction.py                           1           0  0.27s           2026-09-17T13:51:14
/opt/airflow/dags/dag_updating.py                             0           1  0.16s           2026-09-17T13:51:14
================================================================================
[2026-09-17T13:52:14.093+0000] {manager.py:878} INFO - 
================================================================================
DAG File Processing Stats

File Path                            PID    Runtime      # DAGs    # Errors  Last Runtime    Last Run
-----------------------------------  -----  ---------  --------  ----------  --------------  -------------------
/opt/airflow/dags/dag_extraction.py                           1           0  0.29s           2026-09-17T13:51:44
/opt/airflow/dags/dag_updating.py                             0           1  0.17s           2026-09-17T13:51:44
================================================================================
[2026-09-17T13:52:33.597+0000] {manager.py:737} INFO - Searching for files in /opt/airflow/dags
[2026-09-17T13:52:33.669+0000] {manager.py:740} INFO - There are 2 files in /opt/airflow/dags
[2026-09-17T13:52:44.835+0000] {manager.py:878} INFO - 
================================================================================
DAG File Processing Stats

File Path                            PID    Runtime      # DAGs    # Errors  Last Runtime    Last Run
-----------------------------------  -----  ---------  --------  ----------  --------------  -------------------
/opt/airflow/dags/dag_extraction.py                           1           0  0.31s           2026-09-17T13:52:15
/opt/airflow/dags/dag_updating.py                             0           1  0.26s           2026-09-17T13:52:15
================================================================================
[2026-09-17T13:53:15.416+0000] {manager.py:878} INFO - 
================================================================================
DAG File Processing Stats

File Path                            PID    Runtime      # DAGs    # Errors  Last Runtime    Last Run
-----------------------------------  -----  ---------  --------  ----------  --------------  -------------------
/opt/airflow/dags/dag_extraction.py                           1           0  0.29s           2026-09-17T13:52:46
/opt/airflow/dags/dag_updating.py                             0           1  0.19s           2026-09-17T13:52:46
================================================================================
[2026-09-17T13:53:46.025+0000] {manager.py:878} INFO - 
================================================================================
DAG File Processing Stats

File Path                            PID    Runtime      # DAGs    # Errors  Last Runtime    Last Run
-----------------------------------  -----  ---------  --------  ----------  --------------  -------------------
/opt/airflow/dags/dag_extraction.py                           1           0  0.32s           2026-09-17T13:53:16
/opt/airflow/dags/dag_updating.py                             0           1  0.18s           2026-09-17T13:53:16
================================================================================
[2026-09-17T13:54:16.555+0000] {manager.py:878} INFO - 
================================================================================
DAG File Processing Stats

File Path                            PID    Runtime      # DAGs    # Errors  Last Runtime    Last Run
-----------------------------------  -----  ---------  --------  ----------  --------------  -------------------
/opt/airflow/dags/dag_extraction.py                           1           0  0.25s           2026-09-17T13:53:47
/opt/airflow/dags/dag_updating.py                             0           1  0.15s           2026-09-17T13:53:47
================================================================================
[2026-09-17T13:54:47.096+0000] {manager.py:878} INFO - 
================================================================================
DAG File Processing Stats

File Path                            PID    Runtime      # DAGs    # Errors  Last Runtime    Last Run
-----------------------------------  -----  ---------  --------  ----------  --------------  -------------------
/opt/airflow/dags/dag_extraction.py                           1           0  0.24s           2026-09-17T13:54:17
/opt/airflow/dags/dag_updating.py                             0           1  0.15s           2026-09-17T13:54:17
================================================================================
[2026-09-17T13:55:17.667+0000] {manager.py:878} INFO - 
================================================================================
DAG File Processing Stats

File Path                            PID    Runtime      # DAGs    # Errors  Last Runtime    Last Run
-----------------------------------  -----  ---------  --------  ----------  --------------  -------------------
/opt/airflow/dags/dag_extraction.py                           1           0  0.30s           2026-09-17T13:54:48
/opt/airflow/dags/dag_updating.py                             0           1  0.15s           2026-09-17T13:54:48
================================================================================
[2026-09-17T13:55:48.260+0000] {manager.py:878} INFO - 
================================================================================
DAG File Processing Stats

File Path                            PID    Runtime      # DAGs    # Errors  Last Runtime    Last Run
-----------------------------------  -----  ---------  --------  ----------  --------------  -------------------
/opt/airflow/dags/dag_extraction.py                           1           0  0.38s           2026-09-17T13:55:19
/opt/airflow/dags/dag_updating.py                             0           1  0.21s           2026-09-17T13:55:18
================================================================================
[2026-09-17T13:56:18.812+0000] {manager.py:878} INFO - 
================================================================================
DAG File Processing Stats

File Path                            PID    Runtime      # DAGs    # Errors  Last Runtime    Last Run
-----------------------------------  -----  ---------  --------  ----------  --------------  -------------------
/opt/airflow/dags/dag_extraction.py                           1           0  0.28s           2026-09-17T13:55:49
/opt/airflow/dags/dag_updating.py                             0           1  0.14s           2026-09-17T13:55:49
================================================================================
[2026-09-17T13:56:49.507+0000] {manager.py:878} INFO - 
================================================================================
DAG File Processing Stats

File Path                            PID    Runtime      # DAGs    # Errors  Last Runtime    Last Run
-----------------------------------  -----  ---------  --------  ----------  --------------  -------------------
/opt/airflow/dags/dag_extraction.py                           1           0  0.41s           2026-09-17T13:56:20
/opt/airflow/dags/dag_updating.py                             0           1  0.28s           2026-09-17T13:56:20
================================================================================
[2026-09-17T13:57:20.059+0000] {manager.py:878} INFO - 
================================================================================
DAG File Processing Stats

File Path                            PID    Runtime      # DAGs    # Errors  Last Runtime    Last Run
-----------------------------------  -----  ---------  --------  ----------  --------------  -------------------
/opt/airflow/dags/dag_extraction.py                           1           0  0.32s           2026-09-17T13:56:50
/opt/airflow/dags/dag_updating.py                             0           1  0.14s           2026-09-17T13:56:50
================================================================================
[2026-09-17T13:57:33.735+0000] {manager.py:737} INFO - Searching for files in /opt/airflow/dags
[2026-09-17T13:57:33.849+0000] {manager.py:740} INFO - There are 2 files in /opt/airflow/dags
[2026-09-17T13:57:50.064+0000] {manager.py:878} INFO - 
================================================================================
DAG File Processing Stats

File Path                            PID    Runtime      # DAGs    # Errors  Last Runtime    Last Run
-----------------------------------  -----  ---------  --------  ----------  --------------  -------------------
/opt/airflow/dags/dag_extraction.py                           1           0  0.44s           2026-09-17T13:57:21
/opt/airflow/dags/dag_updating.py                             0           1  0.27s           2026-09-17T13:57:21
================================================================================
[2026-09-17T13:58:20.331+0000] {manager.py:878} INFO - 
================================================================================
DAG File Processing Stats

File Path                            PID    Runtime      # DAGs    # Errors  Last Runtime    Last Run
-----------------------------------  -----  ---------  --------  ----------  --------------  -------------------
/opt/airflow/dags/dag_extraction.py                           1           0  0.42s           2026-09-17T13:57:52
/opt/airflow/dags/dag_updating.py                             0           1  0.23s           2026-09-17T13:57:51
================================================================================
[2026-09-17T13:58:50.911+0000] {manager.py:878} INFO - 
================================================================================
DAG File Processing Stats

File Path                            PID    Runtime      # DAGs    # Errors  Last Runtime    Last Run
-----------------------------------  -----  ---------  --------  ----------  --------------  -------------------
/opt/airflow/dags/dag_extraction.py                           1           0  0.32s           2026-09-17T13:58:22
/opt/airflow/dags/dag_updating.py                             0           1  0.19s           2026-09-17T13:58:22
================================================================================
[2026-09-17T13:59:21.452+0000] {manager.py:878} INFO - 
================================================================================
DAG File Processing Stats

File Path                            PID    Runtime      # DAGs    # Errors  Last Runtime    Last Run
-----------------------------------  -----  ---------  --------  ----------  --------------  -------------------
/opt/airflow/dags/dag_extraction.py                           1           0  0.22s           2026-09-17T13:58:53
/opt/airflow/dags/dag_updating.py                             0           1  0.16s           2026-09-17T13:58:53
================================================================================
[2026-09-17T13:59:51.933+0000] {manager.py:878} INFO - 
================================================================================
DAG File Processing Stats

File Path                            PID    Runtime      # DAGs    # Errors  Last Runtime    Last Run
-----------------------------------  -----  ---------  --------  ----------  --------------  -------------------
/opt/airflow/dags/dag_extraction.py                           1           0  0.30s           2026-09-17T13:59:23
/opt/airflow/dags/dag_updating.py                             0           1  0.14s           2026-09-17T13:59:23
================================================================================
[2026-09-17T14:00:22.447+0000] {manager.py:878} INFO - 
================================================================================
DAG File Processing Stats

File Path                            PID    Runtime      # DAGs    # Errors  Last Runtime    Last Run
-----------------------------------  -----  ---------  --------  ----------  --------------  -------------------
/opt/airflow/dags/dag_extraction.py                           1           0  0.28s           2026-09-17T13:59:54
/opt/airflow/dags/dag_updating.py                             0           1  0.16s           2026-09-17T13:59:54
================================================================================
[2026-09-17T14:00:53.088+0000] {manager.py:878} INFO - 
================================================================================
DAG File Processing Stats

File Path                            PID    Runtime      # DAGs    # Errors  Last Runtime    Last Run
-----------------------------------  -----  ---------  --------  ----------  --------------  -------------------
/opt/airflow/dags/dag_extraction.py                           1           0  0.34s           2026-09-17T14:00:24
/opt/airflow/dags/dag_updating.py                             0           1  0.24s           2026-09-17T14:00:24
================================================================================
[2026-09-17T14:01:23.623+0000] {manager.py:878} INFO - 
================================================================================
DAG File Processing Stats

File Path                            PID    Runtime      # DAGs    # Errors  Last Runtime    Last Run
-----------------------------------  -----  ---------  --------  ----------  --------------  -------------------
/opt/airflow/dags/dag_extraction.py                           1           0  0.23s           2026-09-17T14:00:55
/opt/airflow/dags/dag_updating.py                             0           1  0.15s           2026-09-17T14:00:55
================================================================================
[2026-09-17T14:01:54.165+0000] {manager.py:878} INFO - 
================================================================================
DAG File Processing Stats

File Path                            PID    Runtime      # DAGs    # Errors  Last Runtime    Last Run
-----------------------------------  -----  ---------  --------  ----------  --------------  -------------------
/opt/airflow/dags/dag_extraction.py                           1           0  0.25s           2026-09-17T14:01:25
/opt/airflow/dags/dag_updating.py                             0           1  0.15s           2026-09-17T14:01:25
================================================================================
[2026-09-17T14:02:24.825+0000] {manager.py:878} INFO - 
================================================================================
DAG File Processing Stats

File Path                            PID    Runtime      # DAGs    # Errors  Last Runtime    Last Run
-----------------------------------  -----  ---------  --------  ----------  --------------  -------------------
/opt/airflow/dags/dag_updating.py                             1           0  0.32s           2026-09-17T14:01:56
/opt/airflow/dags/dag_extraction.py                           1           0  0.25s           2026-09-17T14:01:56
================================================================================
[2026-09-17T14:02:34.164+0000] {manager.py:737} INFO - Searching for files in /opt/airflow/dags
[2026-09-17T14:02:34.273+0000] {manager.py:740} INFO - There are 2 files in /opt/airflow/dags
[2026-09-17T14:02:55.551+0000] {manager.py:878} INFO - 
================================================================================
DAG File Processing Stats

File Path                            PID    Runtime      # DAGs    # Errors  Last Runtime    Last Run
-----------------------------------  -----  ---------  --------  ----------  --------------  -------------------
/opt/airflow/dags/dag_extraction.py                           1           0  0.26s           2026-09-17T14:02:27
/opt/airflow/dags/dag_updating.py                             1           0  0.22s           2026-09-17T14:02:27
================================================================================
[2026-09-17T14:03:26.187+0000] {manager.py:878} INFO - 
================================================================================
DAG File Processing Stats

File Path                            PID    Runtime      # DAGs    # Errors  Last Runtime    Last Run
-----------------------------------  -----  ---------  --------  ----------  --------------  -------------------
/opt/airflow/dags/dag_extraction.py                           1           0  0.30s           2026-09-17T14:02:57
/opt/airflow/dags/dag_updating.py                             1           0  0.25s           2026-09-17T14:02:57
================================================================================
[2026-09-17T14:03:56.893+0000] {manager.py:878} INFO - 
================================================================================
DAG File Processing Stats

File Path                            PID    Runtime      # DAGs    # Errors  Last Runtime    Last Run
-----------------------------------  -----  ---------  --------  ----------  --------------  -------------------
/opt/airflow/dags/dag_extraction.py                           1           0  0.35s           2026-09-17T14:03:28
/opt/airflow/dags/dag_updating.py                             1           0  0.29s           2026-09-17T14:03:28
================================================================================
[2026-09-17T14:04:27.593+0000] {manager.py:878} INFO - 
================================================================================
DAG File Processing Stats

File Path                            PID    Runtime      # DAGs    # Errors  Last Runtime    Last Run
-----------------------------------  -----  ---------  --------  ----------  --------------  -------------------
/opt/airflow/dags/dag_extraction.py                           1           0  0.41s           2026-09-17T14:03:59
/opt/airflow/dags/dag_updating.py                             1           0  0.33s           2026-09-17T14:03:59
================================================================================
[2026-09-17T14:04:58.291+0000] {manager.py:878} INFO - 
================================================================================
DAG File Processing Stats

File Path                            PID    Runtime      # DAGs    # Errors  Last Runtime    Last Run
-----------------------------------  -----  ---------  --------  ----------  --------------  -------------------
/opt/airflow/dags/dag_updating.py                             1           0  0.28s           2026-09-17T14:04:29
/opt/airflow/dags/dag_extraction.py                           1           0  0.26s           2026-09-17T14:04:29
================================================================================
[2026-09-17T14:05:28.911+0000] {manager.py:878} INFO - 
================================================================================
DAG File Processing Stats

File Path                            PID    Runtime      # DAGs    # Errors  Last Runtime    Last Run
-----------------------------------  -----  ---------  --------  ----------  --------------  -------------------
/opt/airflow/dags/dag_extraction.py                           1           0  0.26s           2026-09-17T14:05:00
/opt/airflow/dags/dag_updating.py                             1           0  0.23s           2026-09-17T14:05:00
================================================================================
[2026-09-17T14:05:59.527+0000] {manager.py:878} INFO - 
================================================================================
DAG File Processing Stats

File Path                            PID    Runtime      # DAGs    # Errors  Last Runtime    Last Run
-----------------------------------  -----  ---------  --------  ----------  --------------  -------------------
/opt/airflow/dags/dag_extraction.py                           1           0  0.23s           2026-09-17T14:05:31
/opt/airflow/dags/dag_updating.py                             1           0  0.18s           2026-09-17T14:05:31
================================================================================
[2026-09-17T14:06:30.253+0000] {manager.py:878} INFO - 
================================================================================
DAG File Processing Stats

File Path                            PID    Runtime      # DAGs    # Errors  Last Runtime    Last Run
-----------------------------------  -----  ---------  --------  ----------  --------------  -------------------
/opt/airflow/dags/dag_extraction.py                           1           0  0.35s           2026-09-17T14:06:01
/opt/airflow/dags/dag_updating.py                             1           0  0.30s           2026-09-17T14:06:01
================================================================================
[2026-09-17T14:07:00.925+0000] {manager.py:878} INFO - 
================================================================================
DAG File Processing Stats

File Path                            PID    Runtime      # DAGs    # Errors  Last Runtime    Last Run
-----------------------------------  -----  ---------  --------  ----------  --------------  -------------------
/opt/airflow/dags/dag_extraction.py                           1           0  0.28s           2026-09-17T14:06:32
/opt/airflow/dags/dag_updating.py                             1           0  0.24s           2026-09-17T14:06:32
================================================================================
[2026-09-17T14:07:31.696+0000] {manager.py:878} INFO - 
================================================================================
DAG File Processing Stats

File Path                            PID    Runtime      # DAGs    # Errors  Last Runtime    Last Run
-----------------------------------  -----  ---------  --------  ----------  --------------  -------------------
/opt/airflow/dags/dag_extraction.py                           1           0  0.51s           2026-09-17T14:07:03
/opt/airflow/dags/dag_updating.py                             1           0  0.37s           2026-09-17T14:07:03
================================================================================
[2026-09-17T14:07:34.238+0000] {manager.py:737} INFO - Searching for files in /opt/airflow/dags
[2026-09-17T14:07:34.304+0000] {manager.py:740} INFO - There are 2 files in /opt/airflow/dags
[2026-09-17T14:08:02.509+0000] {manager.py:878} INFO - 
================================================================================
DAG File Processing Stats

File Path                            PID    Runtime      # DAGs    # Errors  Last Runtime    Last Run
-----------------------------------  -----  ---------  --------  ----------  --------------  -------------------
/opt/airflow/dags/dag_extraction.py                           1           0  0.45s           2026-09-17T14:07:34
/opt/airflow/dags/dag_updating.py                             1           0  0.39s           2026-09-17T14:07:34
================================================================================
[2026-09-17T14:08:33.213+0000] {manager.py:878} INFO - 
================================================================================
DAG File Processing Stats

File Path                            PID    Runtime      # DAGs    # Errors  Last Runtime    Last Run
-----------------------------------  -----  ---------  --------  ----------  --------------  -------------------
/opt/airflow/dags/dag_extraction.py                           1           0  0.33s           2026-09-17T14:08:04
/opt/airflow/dags/dag_updating.py                             1           0  0.28s           2026-09-17T14:08:04
================================================================================
[2026-09-17T14:09:04.087+0000] {manager.py:878} INFO - 
================================================================================
DAG File Processing Stats

File Path                            PID    Runtime      # DAGs    # Errors  Last Runtime    Last Run
-----------------------------------  -----  ---------  --------  ----------  --------------  -------------------
/opt/airflow/dags/dag_extraction.py                           1           0  0.44s           2026-09-17T14:08:35
/opt/airflow/dags/dag_updating.py                             1           0  0.39s           2026-09-17T14:08:35
================================================================================
[2026-09-17T14:09:34.866+0000] {manager.py:878} INFO - 
================================================================================
DAG File Processing Stats

File Path                            PID    Runtime      # DAGs    # Errors  Last Runtime    Last Run
-----------------------------------  -----  ---------  --------  ----------  --------------  -------------------
/opt/airflow/dags/dag_extraction.py                           1           0  0.46s           2026-09-17T14:09:06
/opt/airflow/dags/dag_updating.py                             1           0  0.39s           2026-09-17T14:09:06
================================================================================
[2026-09-17T14:10:05.487+0000] {manager.py:878} INFO - 
================================================================================
DAG File Processing Stats

File Path                            PID    Runtime      # DAGs    # Errors  Last Runtime    Last Run
-----------------------------------  -----  ---------  --------  ----------  --------------  -------------------
/opt/airflow/dags/dag_extraction.py                           1           0  0.27s           2026-09-17T14:09:37
/opt/airflow/dags/dag_updating.py                             1           0  0.23s           2026-09-17T14:09:37
================================================================================
[2026-09-17T14:10:36.232+0000] {manager.py:878} INFO - 
================================================================================
DAG File Processing Stats

File Path                            PID    Runtime      # DAGs    # Errors  Last Runtime    Last Run
-----------------------------------  -----  ---------  --------  ----------  --------------  -------------------
/opt/airflow/dags/dag_extraction.py                           1           0  0.38s           2026-09-17T14:10:07
/opt/airflow/dags/dag_updating.py                             1           0  0.34s           2026-09-17T14:10:07
================================================================================
[2026-09-17T14:11:06.828+0000] {manager.py:878} INFO - 
================================================================================
DAG File Processing Stats

File Path                            PID    Runtime      # DAGs    # Errors  Last Runtime    Last Run
-----------------------------------  -----  ---------  --------  ----------  --------------  -------------------
/opt/airflow/dags/dag_extraction.py                           1           0  0.25s           2026-09-17T14:10:38
/opt/airflow/dags/dag_updating.py                             1           0  0.20s           2026-09-17T14:10:38
================================================================================
[2026-09-17T14:11:37.552+0000] {manager.py:878} INFO - 
================================================================================
DAG File Processing Stats

File Path                            PID    Runtime      # DAGs    # Errors  Last Runtime    Last Run
-----------------------------------  -----  ---------  --------  ----------  --------------  -------------------
/opt/airflow/dags/dag_extraction.py                           1           0  0.36s           2026-09-17T14:11:09
/opt/airflow/dags/dag_updating.py                             1           0  0.32s           2026-09-17T14:11:09
================================================================================
[2026-09-17T14:12:08.161+0000] {manager.py:878} INFO - 
================================================================================
DAG File Processing Stats

File Path                            PID    Runtime      # DAGs    # Errors  Last Runtime    Last Run
-----------------------------------  -----  ---------  --------  ----------  --------------  -------------------
/opt/airflow/dags/dag_extraction.py                           1           0  0.48s           2026-09-17T14:11:40
/opt/airflow/dags/dag_updating.py                             0           1  0.21s           2026-09-17T14:11:39
================================================================================
[2026-09-17T14:12:34.799+0000] {manager.py:737} INFO - Searching for files in /opt/airflow/dags
[2026-09-17T14:12:34.860+0000] {manager.py:740} INFO - There are 2 files in /opt/airflow/dags
[2026-09-17T14:12:38.927+0000] {manager.py:878} INFO - 
================================================================================
DAG File Processing Stats

File Path                            PID    Runtime      # DAGs    # Errors  Last Runtime    Last Run
-----------------------------------  -----  ---------  --------  ----------  --------------  -------------------
/opt/airflow/dags/dag_extraction.py                           1           0  0.42s           2026-09-17T14:12:10
/opt/airflow/dags/dag_updating.py                             0           1  0.28s           2026-09-17T14:12:10
================================================================================
[2026-09-17T14:13:09.519+0000] {manager.py:878} INFO - 
================================================================================
DAG File Processing Stats

File Path                            PID    Runtime      # DAGs    # Errors  Last Runtime    Last Run
-----------------------------------  -----  ---------  --------  ----------  --------------  -------------------
/opt/airflow/dags/dag_extraction.py                           1           0  0.29s           2026-09-17T14:12:41
/opt/airflow/dags/dag_updating.py                             0           1  0.17s           2026-09-17T14:12:41
================================================================================
[2026-09-17T14:13:40.324+0000] {manager.py:878} INFO - 
================================================================================
DAG File Processing Stats

File Path                            PID    Runtime      # DAGs    # Errors  Last Runtime    Last Run
-----------------------------------  -----  ---------  --------  ----------  --------------  -------------------
/opt/airflow/dags/dag_updating.py                             1           0  0.59s           2026-09-17T14:13:12
/opt/airflow/dags/dag_extraction.py                           1           0  0.36s           2026-09-17T14:13:11
================================================================================
[2026-09-17T14:14:11.166+0000] {manager.py:878} INFO - 
================================================================================
DAG File Processing Stats

File Path                            PID    Runtime      # DAGs    # Errors  Last Runtime    Last Run
-----------------------------------  -----  ---------  --------  ----------  --------------  -------------------
/opt/airflow/dags/dag_extraction.py                           1           0  0.48s           2026-09-17T14:13:42
/opt/airflow/dags/dag_updating.py                             1           0  0.42s           2026-09-17T14:13:42
================================================================================
[2026-09-17T14:14:41.853+0000] {manager.py:878} INFO - 
================================================================================
DAG File Processing Stats

File Path                            PID    Runtime      # DAGs    # Errors  Last Runtime    Last Run
-----------------------------------  -----  ---------  --------  ----------  --------------  -------------------
/opt/airflow/dags/dag_updating.py                             1           0  0.25s           2026-09-17T14:14:13
/opt/airflow/dags/dag_extraction.py                           1           0  0.24s           2026-09-17T14:14:13
================================================================================
[2026-09-17T14:15:12.730+0000] {manager.py:878} INFO - 
================================================================================
DAG File Processing Stats

File Path                            PID    Runtime      # DAGs    # Errors  Last Runtime    Last Run
-----------------------------------  -----  ---------  --------  ----------  --------------  -------------------
/opt/airflow/dags/dag_extraction.py                           1           0  0.49s           2026-09-17T14:14:44
/opt/airflow/dags/dag_updating.py                             1           0  0.43s           2026-09-17T14:14:44
================================================================================
[2026-09-17T14:15:43.486+0000] {manager.py:878} INFO - 
================================================================================
DAG File Processing Stats

File Path                            PID    Runtime      # DAGs    # Errors  Last Runtime    Last Run
-----------------------------------  -----  ---------  --------  ----------  --------------  -------------------
/opt/airflow/dags/dag_extraction.py                           1           0  0.31s           2026-09-17T14:15:15
/opt/airflow/dags/dag_updating.py                             1           0  0.30s           2026-09-17T14:15:15
================================================================================
[2026-09-17T14:16:14.278+0000] {manager.py:878} INFO - 
================================================================================
DAG File Processing Stats

File Path                            PID    Runtime      # DAGs    # Errors  Last Runtime    Last Run
-----------------------------------  -----  ---------  --------  ----------  --------------  -------------------
/opt/airflow/dags/dag_extraction.py                           1           0  0.38s           2026-09-17T14:15:45
/opt/airflow/dags/dag_updating.py                             1           0  0.37s           2026-09-17T14:15:45
================================================================================
[2026-09-17T14:16:44.932+0000] {manager.py:878} INFO - 
================================================================================
DAG File Processing Stats

File Path                            PID    Runtime      # DAGs    # Errors  Last Runtime    Last Run
-----------------------------------  -----  ---------  --------  ----------  --------------  -------------------
/opt/airflow/dags/dag_extraction.py                           1           0  0.40s           2026-09-17T14:16:16
/opt/airflow/dags/dag_updating.py                             0           1  0.26s           2026-09-17T14:16:16
================================================================================
[2026-09-17T14:17:15.570+0000] {manager.py:878} INFO - 
================================================================================
DAG File Processing Stats

File Path                            PID    Runtime      # DAGs    # Errors  Last Runtime    Last Run
-----------------------------------  -----  ---------  --------  ----------  --------------  -------------------
/opt/airflow/dags/dag_extraction.py                           1           0  0.40s           2026-09-17T14:16:47
/opt/airflow/dags/dag_updating.py                             0           1  0.18s           2026-09-17T14:16:47
================================================================================
[2026-09-17T14:17:35.100+0000] {manager.py:737} INFO - Searching for files in /opt/airflow/dags
[2026-09-17T14:17:35.229+0000] {manager.py:740} INFO - There are 2 files in /opt/airflow/dags
[2026-09-17T14:17:46.402+0000] {manager.py:878} INFO - 
================================================================================
DAG File Processing Stats

File Path                            PID    Runtime      # DAGs    # Errors  Last Runtime    Last Run
-----------------------------------  -----  ---------  --------  ----------  --------------  -------------------
/opt/airflow/dags/dag_extraction.py                           1           0  0.51s           2026-09-17T14:17:18
/opt/airflow/dags/dag_updating.py                             0           1  0.26s           2026-09-17T14:17:17
================================================================================
[2026-09-17T14:18:17.230+0000] {manager.py:878} INFO - 
================================================================================
DAG File Processing Stats

File Path                            PID    Runtime      # DAGs    # Errors  Last Runtime    Last Run
-----------------------------------  -----  ---------  --------  ----------  --------------  -------------------
/opt/airflow/dags/dag_extraction.py                           1           0  0.44s           2026-09-17T14:17:48
/opt/airflow/dags/dag_updating.py                             0           1  0.32s           2026-09-17T14:17:48
================================================================================
[2026-09-17T14:18:47.900+0000] {manager.py:878} INFO - 
================================================================================
DAG File Processing Stats

File Path                            PID    Runtime      # DAGs    # Errors  Last Runtime    Last Run
-----------------------------------  -----  ---------  --------  ----------  --------------  -------------------
/opt/airflow/dags/dag_extraction.py                           1           0  0.44s           2026-09-17T14:18:19
/opt/airflow/dags/dag_updating.py                             0           1  0.24s           2026-09-17T14:18:19
================================================================================
[2026-09-17T14:19:18.531+0000] {manager.py:878} INFO - 
================================================================================
DAG File Processing Stats

File Path                            PID    Runtime      # DAGs    # Errors  Last Runtime    Last Run
-----------------------------------  -----  ---------  --------  ----------  --------------  -------------------
/opt/airflow/dags/dag_extraction.py                           1           0  0.41s           2026-09-17T14:18:50
/opt/airflow/dags/dag_updating.py                             0           1  0.19s           2026-09-17T14:18:50
================================================================================
[2026-09-17T14:19:49.195+0000] {manager.py:878} INFO - 
================================================================================
DAG File Processing Stats

File Path                            PID    Runtime      # DAGs    # Errors  Last Runtime    Last Run
-----------------------------------  -----  ---------  --------  ----------  --------------  -------------------
/opt/airflow/dags/dag_extraction.py                           1           0  0.46s           2026-09-17T14:19:21
/opt/airflow/dags/dag_updating.py                             0           1  0.27s           2026-09-17T14:19:20
================================================================================
[2026-09-17T14:20:19.859+0000] {manager.py:878} INFO - 
================================================================================
DAG File Processing Stats

File Path                            PID    Runtime      # DAGs    # Errors  Last Runtime    Last Run
-----------------------------------  -----  ---------  --------  ----------  --------------  -------------------
/opt/airflow/dags/dag_extraction.py                           1           0  0.50s           2026-09-17T14:19:51
/opt/airflow/dags/dag_updating.py                             0           1  0.28s           2026-09-17T14:19:51
================================================================================
[2026-09-17T14:20:50.412+0000] {manager.py:878} INFO - 
================================================================================
DAG File Processing Stats

File Path                            PID    Runtime      # DAGs    # Errors  Last Runtime    Last Run
-----------------------------------  -----  ---------  --------  ----------  --------------  -------------------
/opt/airflow/dags/dag_extraction.py                           1           0  0.26s           2026-09-17T14:20:22
/opt/airflow/dags/dag_updating.py                             0           1  0.18s           2026-09-17T14:20:22
================================================================================
[2026-09-17T14:21:20.965+0000] {manager.py:878} INFO - 
================================================================================
DAG File Processing Stats

File Path                            PID    Runtime      # DAGs    # Errors  Last Runtime    Last Run
-----------------------------------  -----  ---------  --------  ----------  --------------  -------------------
/opt/airflow/dags/dag_extraction.py                           1           0  0.27s           2026-09-17T14:20:52
/opt/airflow/dags/dag_updating.py                             0           1  0.15s           2026-09-17T14:20:52
================================================================================
[2026-09-17T14:21:51.688+0000] {manager.py:878} INFO - 
================================================================================
DAG File Processing Stats

File Path                            PID    Runtime      # DAGs    # Errors  Last Runtime    Last Run
-----------------------------------  -----  ---------  --------  ----------  --------------  -------------------
/opt/airflow/dags/dag_updating.py                             1           0  0.41s           2026-09-17T14:21:23
/opt/airflow/dags/dag_extraction.py                           1           0  0.32s           2026-09-17T14:21:23
================================================================================
[2026-09-17T14:22:22.494+0000] {manager.py:878} INFO - 
================================================================================
DAG File Processing Stats

File Path                            PID    Runtime      # DAGs    # Errors  Last Runtime    Last Run
-----------------------------------  -----  ---------  --------  ----------  --------------  -------------------
/opt/airflow/dags/dag_extraction.py                           1           0  0.39s           2026-09-17T14:21:54
/opt/airflow/dags/dag_updating.py                             1           0  0.35s           2026-09-17T14:21:54
================================================================================
[2026-09-17T14:22:35.129+0000] {manager.py:737} INFO - Searching for files in /opt/airflow/dags
[2026-09-17T14:22:35.241+0000] {manager.py:740} INFO - There are 2 files in /opt/airflow/dags
[2026-09-17T14:22:52.523+0000] {manager.py:878} INFO - 
================================================================================
DAG File Processing Stats

File Path                            PID    Runtime      # DAGs    # Errors  Last Runtime    Last Run
-----------------------------------  -----  ---------  --------  ----------  --------------  -------------------
/opt/airflow/dags/dag_extraction.py                           1           0  0.55s           2026-09-17T14:22:25
/opt/airflow/dags/dag_updating.py                             1           0  0.46s           2026-09-17T14:22:25
================================================================================
[2026-09-17T14:23:23.186+0000] {manager.py:878} INFO - 
================================================================================
DAG File Processing Stats

File Path                            PID    Runtime      # DAGs    # Errors  Last Runtime    Last Run
-----------------------------------  -----  ---------  --------  ----------  --------------  -------------------
/opt/airflow/dags/dag_extraction.py                           1           0  0.30s           2026-09-17T14:22:55
/opt/airflow/dags/dag_updating.py                             1           0  0.25s           2026-09-17T14:22:55
================================================================================
[2026-09-17T14:23:53.670+0000] {manager.py:878} INFO - 
================================================================================
DAG File Processing Stats

File Path                            PID    Runtime      # DAGs    # Errors  Last Runtime    Last Run
-----------------------------------  -----  ---------  --------  ----------  --------------  -------------------
/opt/airflow/dags/dag_extraction.py                           1           0  0.20s           2026-09-17T14:23:26
/opt/airflow/dags/dag_updating.py                             1           0  0.18s           2026-09-17T14:23:26
================================================================================
[2026-09-17T14:24:24.138+0000] {manager.py:878} INFO - 
================================================================================
DAG File Processing Stats

File Path                            PID    Runtime      # DAGs    # Errors  Last Runtime    Last Run
-----------------------------------  -----  ---------  --------  ----------  --------------  -------------------
/opt/airflow/dags/dag_extraction.py                           1           0  0.21s           2026-09-17T14:23:56
/opt/airflow/dags/dag_updating.py                             1           0  0.18s           2026-09-17T14:23:56
================================================================================
[2026-09-17T14:24:54.694+0000] {manager.py:878} INFO - 
================================================================================
DAG File Processing Stats

File Path                            PID    Runtime      # DAGs    # Errors  Last Runtime    Last Run
-----------------------------------  -----  ---------  --------  ----------  --------------  -------------------
/opt/airflow/dags/dag_extraction.py                           1           0  0.26s           2026-09-17T14:24:27
/opt/airflow/dags/dag_updating.py                             1           0  0.24s           2026-09-17T14:24:27
================================================================================
[2026-09-17T14:25:25.145+0000] {manager.py:878} INFO - 
================================================================================
DAG File Processing Stats

File Path                            PID    Runtime      # DAGs    # Errors  Last Runtime    Last Run
-----------------------------------  -----  ---------  --------  ----------  --------------  -------------------
/opt/airflow/dags/dag_extraction.py                           1           0  0.19s           2026-09-17T14:24:57
/opt/airflow/dags/dag_updating.py                             1           0  0.17s           2026-09-17T14:24:57
================================================================================
[2026-09-17T14:25:55.623+0000] {manager.py:878} INFO - 
================================================================================
DAG File Processing Stats

File Path                            PID    Runtime      # DAGs    # Errors  Last Runtime    Last Run
-----------------------------------  -----  ---------  --------  ----------  --------------  -------------------
/opt/airflow/dags/dag_extraction.py                           1           0  0.19s           2026-09-17T14:25:28
/opt/airflow/dags/dag_updating.py                             1           0  0.16s           2026-09-17T14:25:28
================================================================================
[2026-09-17T14:26:26.107+0000] {manager.py:878} INFO - 
================================================================================
DAG File Processing Stats

File Path                            PID    Runtime      # DAGs    # Errors  Last Runtime    Last Run
-----------------------------------  -----  ---------  --------  ----------  --------------  -------------------
/opt/airflow/dags/dag_extraction.py                           1           0  0.17s           2026-09-17T14:25:58
/opt/airflow/dags/dag_updating.py                             1           0  0.15s           2026-09-17T14:25:58
================================================================================
[2026-09-17T14:26:56.574+0000] {manager.py:878} INFO - 
================================================================================
DAG File Processing Stats

File Path                            PID    Runtime      # DAGs    # Errors  Last Runtime    Last Run
-----------------------------------  -----  ---------  --------  ----------  --------------  -------------------
/opt/airflow/dags/dag_extraction.py                           1           0  0.18s           2026-09-17T14:26:29
/opt/airflow/dags/dag_updating.py                             1           0  0.17s           2026-09-17T14:26:29
================================================================================
[2026-09-17T14:27:27.055+0000] {manager.py:878} INFO - 
================================================================================
DAG File Processing Stats

File Path                            PID    Runtime      # DAGs    # Errors  Last Runtime    Last Run
-----------------------------------  -----  ---------  --------  ----------  --------------  -------------------
/opt/airflow/dags/dag_extraction.py                           1           0  0.17s           2026-09-17T14:26:59
/opt/airflow/dags/dag_updating.py                             1           0  0.15s           2026-09-17T14:26:59
================================================================================
[2026-09-17T14:27:35.308+0000] {manager.py:737} INFO - Searching for files in /opt/airflow/dags
[2026-09-17T14:27:35.353+0000] {manager.py:740} INFO - There are 2 files in /opt/airflow/dags
[2026-09-17T14:27:57.590+0000] {manager.py:878} INFO - 
================================================================================
DAG File Processing Stats

File Path                            PID    Runtime      # DAGs    # Errors  Last Runtime    Last Run
-----------------------------------  -----  ---------  --------  ----------  --------------  -------------------
/opt/airflow/dags/dag_extraction.py                           1           0  0.19s           2026-09-17T14:27:30
/opt/airflow/dags/dag_updating.py                             1           0  0.17s           2026-09-17T14:27:30
================================================================================
[2026-09-17T14:28:28.053+0000] {manager.py:878} INFO - 
================================================================================
DAG File Processing Stats

File Path                            PID    Runtime      # DAGs    # Errors  Last Runtime    Last Run
-----------------------------------  -----  ---------  --------  ----------  --------------  -------------------
/opt/airflow/dags/dag_extraction.py                           1           0  0.17s           2026-09-17T14:28:00
/opt/airflow/dags/dag_updating.py                             1           0  0.14s           2026-09-17T14:28:00
================================================================================
[2026-09-17T14:28:58.540+0000] {manager.py:878} INFO - 
================================================================================
DAG File Processing Stats

File Path                            PID    Runtime      # DAGs    # Errors  Last Runtime    Last Run
-----------------------------------  -----  ---------  --------  ----------  --------------  -------------------
/opt/airflow/dags/dag_extraction.py                           1           0  0.18s           2026-09-17T14:28:31
/opt/airflow/dags/dag_updating.py                             1           0  0.16s           2026-09-17T14:28:31
================================================================================
[2026-09-17T14:29:28.976+0000] {manager.py:878} INFO - 
================================================================================
DAG File Processing Stats

File Path                            PID    Runtime      # DAGs    # Errors  Last Runtime    Last Run
-----------------------------------  -----  ---------  --------  ----------  --------------  -------------------
/opt/airflow/dags/dag_extraction.py                           1           0  0.17s           2026-09-17T14:29:01
/opt/airflow/dags/dag_updating.py                             1           0  0.15s           2026-09-17T14:29:01
================================================================================
[2026-09-17T14:29:59.440+0000] {manager.py:878} INFO - 
================================================================================
DAG File Processing Stats

File Path                            PID    Runtime      # DAGs    # Errors  Last Runtime    Last Run
-----------------------------------  -----  ---------  --------  ----------  --------------  -------------------
/opt/airflow/dags/dag_extraction.py                           1           0  0.21s           2026-09-17T14:29:32
/opt/airflow/dags/dag_updating.py                             1           0  0.19s           2026-09-17T14:29:32
================================================================================
[2026-09-17T14:30:29.918+0000] {manager.py:878} INFO - 
================================================================================
DAG File Processing Stats

File Path                            PID    Runtime      # DAGs    # Errors  Last Runtime    Last Run
-----------------------------------  -----  ---------  --------  ----------  --------------  -------------------
/opt/airflow/dags/dag_extraction.py                           1           0  0.21s           2026-09-17T14:30:02
/opt/airflow/dags/dag_updating.py                             1           0  0.18s           2026-09-17T14:30:02
================================================================================
[2026-09-17T14:31:00.380+0000] {manager.py:878} INFO - 
================================================================================
DAG File Processing Stats

File Path                            PID    Runtime      # DAGs    # Errors  Last Runtime    Last Run
-----------------------------------  -----  ---------  --------  ----------  --------------  -------------------
/opt/airflow/dags/dag_extraction.py                           1           0  0.21s           2026-09-17T14:30:33
/opt/airflow/dags/dag_updating.py                             1           0  0.19s           2026-09-17T14:30:33
================================================================================
[2026-09-17T14:31:30.865+0000] {manager.py:878} INFO - 
================================================================================
DAG File Processing Stats

File Path                            PID    Runtime      # DAGs    # Errors  Last Runtime    Last Run
-----------------------------------  -----  ---------  --------  ----------  --------------  -------------------
/opt/airflow/dags/dag_extraction.py                           1           0  0.18s           2026-09-17T14:31:03
/opt/airflow/dags/dag_updating.py                             1           0  0.17s           2026-09-17T14:31:03
================================================================================
[2026-09-17T14:32:01.353+0000] {manager.py:878} INFO - 
================================================================================
DAG File Processing Stats

File Path                            PID    Runtime      # DAGs    # Errors  Last Runtime    Last Run
-----------------------------------  -----  ---------  --------  ----------  --------------  -------------------
/opt/airflow/dags/dag_extraction.py                           1           0  0.21s           2026-09-17T14:31:34
/opt/airflow/dags/dag_updating.py                             1           0  0.19s           2026-09-17T14:31:34
================================================================================
[2026-09-17T14:32:31.829+0000] {manager.py:878} INFO - 
================================================================================
DAG File Processing Stats

File Path                            PID    Runtime      # DAGs    # Errors  Last Runtime    Last Run
-----------------------------------  -----  ---------  --------  ----------  --------------  -------------------
/opt/airflow/dags/dag_extraction.py                           1           0  0.17s           2026-09-17T14:32:04
/opt/airflow/dags/dag_updating.py                             1           0  0.15s           2026-09-17T14:32:04
================================================================================
[2026-09-17T14:32:36.035+0000] {manager.py:737} INFO - Searching for files in /opt/airflow/dags
[2026-09-17T14:32:36.067+0000] {manager.py:740} INFO - There are 2 files in /opt/airflow/dags
[2026-09-17T14:33:02.353+0000] {manager.py:878} INFO - 
================================================================================
DAG File Processing Stats

File Path                            PID    Runtime      # DAGs    # Errors  Last Runtime    Last Run
-----------------------------------  -----  ---------  --------  ----------  --------------  -------------------
/opt/airflow/dags/dag_extraction.py                           1           0  0.18s           2026-09-17T14:32:35
/opt/airflow/dags/dag_updating.py                             1           0  0.16s           2026-09-17T14:32:35
================================================================================
[2026-09-17T14:33:32.822+0000] {manager.py:878} INFO - 
================================================================================
DAG File Processing Stats

File Path                            PID    Runtime      # DAGs    # Errors  Last Runtime    Last Run
-----------------------------------  -----  ---------  --------  ----------  --------------  -------------------
/opt/airflow/dags/dag_extraction.py                           1           0  0.17s           2026-09-17T14:33:05
/opt/airflow/dags/dag_updating.py                             1           0  0.15s           2026-09-17T14:33:05
================================================================================
[2026-09-17T14:34:03.289+0000] {manager.py:878} INFO - 
================================================================================
DAG File Processing Stats

File Path                            PID    Runtime      # DAGs    # Errors  Last Runtime    Last Run
-----------------------------------  -----  ---------  --------  ----------  --------------  -------------------
/opt/airflow/dags/dag_extraction.py                           1           0  0.18s           2026-09-17T14:33:36
/opt/airflow/dags/dag_updating.py                             1           0  0.17s           2026-09-17T14:33:36
================================================================================
[2026-09-17T14:34:33.732+0000] {manager.py:878} INFO - 
================================================================================
DAG File Processing Stats

File Path                            PID    Runtime      # DAGs    # Errors  Last Runtime    Last Run
-----------------------------------  -----  ---------  --------  ----------  --------------  -------------------
/opt/airflow/dags/dag_extraction.py                           1           0  0.20s           2026-09-17T14:34:06
/opt/airflow/dags/dag_updating.py                             1           0  0.19s           2026-09-17T14:34:06
================================================================================
[2026-09-17T14:35:04.204+0000] {manager.py:878} INFO - 
================================================================================
DAG File Processing Stats

File Path                            PID    Runtime      # DAGs    # Errors  Last Runtime    Last Run
-----------------------------------  -----  ---------  --------  ----------  --------------  -------------------
/opt/airflow/dags/dag_extraction.py                           1           0  0.23s           2026-09-17T14:34:37
/opt/airflow/dags/dag_updating.py                             1           0  0.20s           2026-09-17T14:34:36
================================================================================
[2026-09-17T14:35:34.653+0000] {manager.py:878} INFO - 
================================================================================
DAG File Processing Stats

File Path                            PID    Runtime      # DAGs    # Errors  Last Runtime    Last Run
-----------------------------------  -----  ---------  --------  ----------  --------------  -------------------
/opt/airflow/dags/dag_extraction.py                           1           0  0.18s           2026-09-17T14:35:07
/opt/airflow/dags/dag_updating.py                             1           0  0.17s           2026-09-17T14:35:07
================================================================================
[2026-09-17T14:36:05.084+0000] {manager.py:878} INFO - 
================================================================================
DAG File Processing Stats

File Path                            PID    Runtime      # DAGs    # Errors  Last Runtime    Last Run
-----------------------------------  -----  ---------  --------  ----------  --------------  -------------------
/opt/airflow/dags/dag_extraction.py                           1           0  0.18s           2026-09-17T14:35:37
/opt/airflow/dags/dag_updating.py                             1           0  0.16s           2026-09-17T14:35:37
================================================================================
[2026-09-17T14:36:35.554+0000] {manager.py:878} INFO - 
================================================================================
DAG File Processing Stats

File Path                            PID    Runtime      # DAGs    # Errors  Last Runtime    Last Run
-----------------------------------  -----  ---------  --------  ----------  --------------  -------------------
/opt/airflow/dags/dag_extraction.py                           1           0  0.19s           2026-09-17T14:36:08
/opt/airflow/dags/dag_updating.py                             1           0  0.17s           2026-09-17T14:36:08
================================================================================
[2026-09-17T14:37:06.027+0000] {manager.py:878} INFO - 
================================================================================
DAG File Processing Stats

File Path                            PID    Runtime      # DAGs    # Errors  Last Runtime    Last Run
-----------------------------------  -----  ---------  --------  ----------  --------------  -------------------
/opt/airflow/dags/dag_extraction.py                           1           0  0.17s           2026-09-17T14:36:38
/opt/airflow/dags/dag_updating.py                             1           0  0.14s           2026-09-17T14:36:38
================================================================================
[2026-09-17T14:37:36.522+0000] {manager.py:737} INFO - Searching for files in /opt/airflow/dags
[2026-09-17T14:37:36.555+0000] {manager.py:740} INFO - There are 2 files in /opt/airflow/dags
[2026-09-17T14:37:36.568+0000] {manager.py:878} INFO - 
================================================================================
DAG File Processing Stats

File Path                            PID    Runtime      # DAGs    # Errors  Last Runtime    Last Run
-----------------------------------  -----  ---------  --------  ----------  --------------  -------------------
/opt/airflow/dags/dag_extraction.py                           1           0  0.17s           2026-09-17T14:37:09
/opt/airflow/dags/dag_updating.py                             1           0  0.16s           2026-09-17T14:37:09
================================================================================
[2026-09-17T14:38:07.113+0000] {manager.py:878} INFO - 
================================================================================
DAG File Processing Stats

File Path                            PID    Runtime      # DAGs    # Errors  Last Runtime    Last Run
-----------------------------------  -----  ---------  --------  ----------  --------------  -------------------
/opt/airflow/dags/dag_extraction.py                           1           0  0.21s           2026-09-17T14:37:39
/opt/airflow/dags/dag_updating.py                             1           0  0.20s           2026-09-17T14:37:39
================================================================================
[2026-09-17T14:38:37.571+0000] {manager.py:878} INFO - 
================================================================================
DAG File Processing Stats

File Path                            PID    Runtime      # DAGs    # Errors  Last Runtime    Last Run
-----------------------------------  -----  ---------  --------  ----------  --------------  -------------------
/opt/airflow/dags/dag_extraction.py                           1           0  0.17s           2026-09-17T14:38:10
/opt/airflow/dags/dag_updating.py                             1           0  0.15s           2026-09-17T14:38:10
================================================================================
[2026-09-17T14:39:08.046+0000] {manager.py:878} INFO - 
================================================================================
DAG File Processing Stats

File Path                            PID    Runtime      # DAGs    # Errors  Last Runtime    Last Run
-----------------------------------  -----  ---------  --------  ----------  --------------  -------------------
/opt/airflow/dags/dag_extraction.py                           1           0  0.18s           2026-09-17T14:38:40
/opt/airflow/dags/dag_updating.py                             1           0  0.16s           2026-09-17T14:38:40
================================================================================
[2026-09-17T14:39:38.513+0000] {manager.py:878} INFO - 
================================================================================
DAG File Processing Stats

File Path                            PID    Runtime      # DAGs    # Errors  Last Runtime    Last Run
-----------------------------------  -----  ---------  --------  ----------  --------------  -------------------
/opt/airflow/dags/dag_extraction.py                           1           0  0.17s           2026-09-17T14:39:11
/opt/airflow/dags/dag_updating.py                             1           0  0.14s           2026-09-17T14:39:11
================================================================================
[2026-09-17T14:40:08.988+0000] {manager.py:878} INFO - 
================================================================================
DAG File Processing Stats

File Path                            PID    Runtime      # DAGs    # Errors  Last Runtime    Last Run
-----------------------------------  -----  ---------  --------  ----------  --------------  -------------------
/opt/airflow/dags/dag_extraction.py                           1           0  0.18s           2026-09-17T14:39:41
/opt/airflow/dags/dag_updating.py                             1           0  0.16s           2026-09-17T14:39:41
================================================================================
[2026-09-17T14:40:39.439+0000] {manager.py:878} INFO - 
================================================================================
DAG File Processing Stats

File Path                            PID    Runtime      # DAGs    # Errors  Last Runtime    Last Run
-----------------------------------  -----  ---------  --------  ----------  --------------  -------------------
/opt/airflow/dags/dag_extraction.py                           1           0  0.17s           2026-09-17T14:40:12
/opt/airflow/dags/dag_updating.py                             1           0  0.14s           2026-09-17T14:40:12
================================================================================
[2026-09-17T14:41:09.902+0000] {manager.py:878} INFO - 
================================================================================
DAG File Processing Stats

File Path                            PID    Runtime      # DAGs    # Errors  Last Runtime    Last Run
-----------------------------------  -----  ---------  --------  ----------  --------------  -------------------
/opt/airflow/dags/dag_extraction.py                           1           0  0.18s           2026-09-17T14:40:42
/opt/airflow/dags/dag_updating.py                             1           0  0.15s           2026-09-17T14:40:42
================================================================================
[2026-09-17T14:41:40.313+0000] {manager.py:878} INFO - 
================================================================================
DAG File Processing Stats

File Path                            PID    Runtime      # DAGs    # Errors  Last Runtime    Last Run
-----------------------------------  -----  ---------  --------  ----------  --------------  -------------------
/opt/airflow/dags/dag_extraction.py                           1           0  0.18s           2026-09-17T14:41:13
/opt/airflow/dags/dag_updating.py                             1           0  0.15s           2026-09-17T14:41:13
================================================================================
[2026-09-17T14:42:10.819+0000] {manager.py:878} INFO - 
================================================================================
DAG File Processing Stats

File Path                            PID    Runtime      # DAGs    # Errors  Last Runtime    Last Run
-----------------------------------  -----  ---------  --------  ----------  --------------  -------------------
/opt/airflow/dags/dag_extraction.py                           1           0  0.21s           2026-09-17T14:41:43
/opt/airflow/dags/dag_updating.py                             1           0  0.20s           2026-09-17T14:41:43
================================================================================
[2026-09-17T14:42:37.252+0000] {manager.py:737} INFO - Searching for files in /opt/airflow/dags
[2026-09-17T14:42:37.290+0000] {manager.py:740} INFO - There are 2 files in /opt/airflow/dags
[2026-09-17T14:42:41.374+0000] {manager.py:878} INFO - 
================================================================================
DAG File Processing Stats

File Path                            PID    Runtime      # DAGs    # Errors  Last Runtime    Last Run
-----------------------------------  -----  ---------  --------  ----------  --------------  -------------------
/opt/airflow/dags/dag_extraction.py                           1           0  0.20s           2026-09-17T14:42:14
/opt/airflow/dags/dag_updating.py                             1           0  0.17s           2026-09-17T14:42:14
================================================================================
[2026-09-17T14:43:11.879+0000] {manager.py:878} INFO - 
================================================================================
DAG File Processing Stats

File Path                            PID    Runtime      # DAGs    # Errors  Last Runtime    Last Run
-----------------------------------  -----  ---------  --------  ----------  --------------  -------------------
/opt/airflow/dags/dag_extraction.py                           1           0  0.20s           2026-09-17T14:42:44
/opt/airflow/dags/dag_updating.py                             1           0  0.18s           2026-09-17T14:42:44
================================================================================
[2026-09-17T14:43:42.359+0000] {manager.py:878} INFO - 
================================================================================
DAG File Processing Stats

File Path                            PID    Runtime      # DAGs    # Errors  Last Runtime    Last Run
-----------------------------------  -----  ---------  --------  ----------  --------------  -------------------
/opt/airflow/dags/dag_extraction.py                           1           0  0.21s           2026-09-17T14:43:15
/opt/airflow/dags/dag_updating.py                             1           0  0.18s           2026-09-17T14:43:15
================================================================================
[2026-09-17T14:44:12.781+0000] {manager.py:878} INFO - 
================================================================================
DAG File Processing Stats

File Path                            PID    Runtime      # DAGs    # Errors  Last Runtime    Last Run
-----------------------------------  -----  ---------  --------  ----------  --------------  -------------------
/opt/airflow/dags/dag_extraction.py                           1           0  0.22s           2026-09-17T14:43:45
/opt/airflow/dags/dag_updating.py                             1           0  0.19s           2026-09-17T14:43:45
================================================================================
[2026-09-17T14:44:43.266+0000] {manager.py:878} INFO - 
================================================================================
DAG File Processing Stats

File Path                            PID    Runtime      # DAGs    # Errors  Last Runtime    Last Run
-----------------------------------  -----  ---------  --------  ----------  --------------  -------------------
/opt/airflow/dags/dag_extraction.py                           1           0  0.20s           2026-09-17T14:44:16
/opt/airflow/dags/dag_updating.py                             1           0  0.18s           2026-09-17T14:44:16
================================================================================
[2026-09-17T14:45:13.743+0000] {manager.py:878} INFO - 
================================================================================
DAG File Processing Stats

File Path                            PID    Runtime      # DAGs    # Errors  Last Runtime    Last Run
-----------------------------------  -----  ---------  --------  ----------  --------------  -------------------
/opt/airflow/dags/dag_extraction.py                           1           0  0.19s           2026-09-17T14:44:46
/opt/airflow/dags/dag_updating.py                             1           0  0.16s           2026-09-17T14:44:46
================================================================================
[2026-09-17T14:45:44.222+0000] {manager.py:878} INFO - 
================================================================================
DAG File Processing Stats

File Path                            PID    Runtime      # DAGs    # Errors  Last Runtime    Last Run
-----------------------------------  -----  ---------  --------  ----------  --------------  -------------------
/opt/airflow/dags/dag_extraction.py                           1           0  0.19s           2026-09-17T14:45:16
/opt/airflow/dags/dag_updating.py                             1           0  0.17s           2026-09-17T14:45:16
================================================================================
[2026-09-17T14:46:14.711+0000] {manager.py:878} INFO - 
================================================================================
DAG File Processing Stats

File Path                            PID    Runtime      # DAGs    # Errors  Last Runtime    Last Run
-----------------------------------  -----  ---------  --------  ----------  --------------  -------------------
/opt/airflow/dags/dag_extraction.py                           1           0  0.23s           2026-09-17T14:45:47
/opt/airflow/dags/dag_updating.py                             1           0  0.19s           2026-09-17T14:45:47
================================================================================
[2026-09-17T14:46:45.177+0000] {manager.py:878} INFO - 
================================================================================
DAG File Processing Stats

File Path                            PID    Runtime      # DAGs    # Errors  Last Runtime    Last Run
-----------------------------------  -----  ---------  --------  ----------  --------------  -------------------
/opt/airflow/dags/dag_extraction.py                           1           0  0.18s           2026-09-17T14:46:17
/opt/airflow/dags/dag_updating.py                             1           0  0.16s           2026-09-17T14:46:17
================================================================================
[2026-09-17T14:47:15.661+0000] {manager.py:878} INFO - 
================================================================================
DAG File Processing Stats

File Path                            PID    Runtime      # DAGs    # Errors  Last Runtime    Last Run
-----------------------------------  -----  ---------  --------  ----------  --------------  -------------------
/opt/airflow/dags/dag_extraction.py                           1           0  0.16s           2026-09-17T14:46:48
/opt/airflow/dags/dag_updating.py                             1           0  0.15s           2026-09-17T14:46:48
================================================================================
[2026-09-17T14:47:38.061+0000] {manager.py:737} INFO - Searching for files in /opt/airflow/dags
[2026-09-17T14:47:38.101+0000] {manager.py:740} INFO - There are 2 files in /opt/airflow/dags
[2026-09-17T14:47:46.182+0000] {manager.py:878} INFO - 
================================================================================
DAG File Processing Stats

File Path                            PID    Runtime      # DAGs    # Errors  Last Runtime    Last Run
-----------------------------------  -----  ---------  --------  ----------  --------------  -------------------
/opt/airflow/dags/dag_extraction.py                           1           0  0.21s           2026-09-17T14:47:18
/opt/airflow/dags/dag_updating.py                             1           0  0.18s           2026-09-17T14:47:18
================================================================================
[2026-09-17T14:48:16.667+0000] {manager.py:878} INFO - 
================================================================================
DAG File Processing Stats

File Path                            PID    Runtime      # DAGs    # Errors  Last Runtime    Last Run
-----------------------------------  -----  ---------  --------  ----------  --------------  -------------------
/opt/airflow/dags/dag_extraction.py                           1           0  0.20s           2026-09-17T14:47:49
/opt/airflow/dags/dag_updating.py                             1           0  0.17s           2026-09-17T14:47:49
================================================================================
[2026-09-17T14:48:47.115+0000] {manager.py:878} INFO - 
================================================================================
DAG File Processing Stats

File Path                            PID    Runtime      # DAGs    # Errors  Last Runtime    Last Run
-----------------------------------  -----  ---------  --------  ----------  --------------  -------------------
/opt/airflow/dags/dag_extraction.py                           1           0  0.19s           2026-09-17T14:48:19
/opt/airflow/dags/dag_updating.py                             1           0  0.16s           2026-09-17T14:48:19
================================================================================
[2026-09-17T14:49:17.557+0000] {manager.py:878} INFO - 
================================================================================
DAG File Processing Stats

File Path                            PID    Runtime      # DAGs    # Errors  Last Runtime    Last Run
-----------------------------------  -----  ---------  --------  ----------  --------------  -------------------
/opt/airflow/dags/dag_extraction.py                           1           0  0.18s           2026-09-17T14:48:50
/opt/airflow/dags/dag_updating.py                             1           0  0.15s           2026-09-17T14:48:50
================================================================================
[2026-09-17T14:49:48.018+0000] {manager.py:878} INFO - 
================================================================================
DAG File Processing Stats

File Path                            PID    Runtime      # DAGs    # Errors  Last Runtime    Last Run
-----------------------------------  -----  ---------  --------  ----------  --------------  -------------------
/opt/airflow/dags/dag_extraction.py                           1           0  0.23s           2026-09-17T14:49:20
/opt/airflow/dags/dag_updating.py                             1           0  0.20s           2026-09-17T14:49:20
================================================================================
[2026-09-17T14:50:18.499+0000] {manager.py:878} INFO - 
================================================================================
DAG File Processing Stats

File Path                            PID    Runtime      # DAGs    # Errors  Last Runtime    Last Run
-----------------------------------  -----  ---------  --------  ----------  --------------  -------------------
/opt/airflow/dags/dag_extraction.py                           1           0  0.18s           2026-09-17T14:49:51
/opt/airflow/dags/dag_updating.py                             1           0  0.17s           2026-09-17T14:49:51
================================================================================
[2026-09-17T14:50:48.903+0000] {manager.py:878} INFO - 
================================================================================
DAG File Processing Stats

File Path                            PID    Runtime      # DAGs    # Errors  Last Runtime    Last Run
-----------------------------------  -----  ---------  --------  ----------  --------------  -------------------
/opt/airflow/dags/dag_extraction.py                           1           0  0.17s           2026-09-17T14:50:21
/opt/airflow/dags/dag_updating.py                             1           0  0.14s           2026-09-17T14:50:21
================================================================================
[2026-09-17T14:51:19.360+0000] {manager.py:878} INFO - 
================================================================================
DAG File Processing Stats

File Path                            PID    Runtime      # DAGs    # Errors  Last Runtime    Last Run
-----------------------------------  -----  ---------  --------  ----------  --------------  -------------------
/opt/airflow/dags/dag_extraction.py                           1           0  0.23s           2026-09-17T14:50:52
/opt/airflow/dags/dag_updating.py                             1           0  0.18s           2026-09-17T14:50:52
================================================================================
[2026-09-17T14:51:49.836+0000] {manager.py:878} INFO - 
================================================================================
DAG File Processing Stats

File Path                            PID    Runtime      # DAGs    # Errors  Last Runtime    Last Run
-----------------------------------  -----  ---------  --------  ----------  --------------  -------------------
/opt/airflow/dags/dag_extraction.py                           1           0  0.19s           2026-09-17T14:51:22
/opt/airflow/dags/dag_updating.py                             1           0  0.16s           2026-09-17T14:51:22
================================================================================
[2026-09-17T14:52:20.296+0000] {manager.py:878} INFO - 
================================================================================
DAG File Processing Stats

File Path                            PID    Runtime      # DAGs    # Errors  Last Runtime    Last Run
-----------------------------------  -----  ---------  --------  ----------  --------------  -------------------
/opt/airflow/dags/dag_extraction.py                           1           0  0.20s           2026-09-17T14:51:53
/opt/airflow/dags/dag_updating.py                             1           0  0.18s           2026-09-17T14:51:53
================================================================================
[2026-09-17T14:52:38.644+0000] {manager.py:737} INFO - Searching for files in /opt/airflow/dags
[2026-09-17T14:52:38.678+0000] {manager.py:740} INFO - There are 2 files in /opt/airflow/dags
[2026-09-17T14:52:50.782+0000] {manager.py:878} INFO - 
================================================================================
DAG File Processing Stats

File Path                            PID    Runtime      # DAGs    # Errors  Last Runtime    Last Run
-----------------------------------  -----  ---------  --------  ----------  --------------  -------------------
/opt/airflow/dags/dag_extraction.py                           1           0  0.23s           2026-09-17T14:52:23
/opt/airflow/dags/dag_updating.py                             1           0  0.20s           2026-09-17T14:52:23
================================================================================
[2026-09-17T14:53:21.211+0000] {manager.py:878} INFO - 
================================================================================
DAG File Processing Stats

File Path                            PID    Runtime      # DAGs    # Errors  Last Runtime    Last Run
-----------------------------------  -----  ---------  --------  ----------  --------------  -------------------
/opt/airflow/dags/dag_extraction.py                           1           0  0.18s           2026-09-17T14:52:54
/opt/airflow/dags/dag_updating.py                             1           0  0.16s           2026-09-17T14:52:53
================================================================================
[2026-09-17T14:53:51.666+0000] {manager.py:878} INFO - 
================================================================================
DAG File Processing Stats

File Path                            PID    Runtime      # DAGs    # Errors  Last Runtime    Last Run
-----------------------------------  -----  ---------  --------  ----------  --------------  -------------------
/opt/airflow/dags/dag_extraction.py                           1           0  0.19s           2026-09-17T14:53:24
/opt/airflow/dags/dag_updating.py                             1           0  0.17s           2026-09-17T14:53:24
================================================================================
[2026-09-17T14:54:22.275+0000] {manager.py:878} INFO - 
================================================================================
DAG File Processing Stats

File Path                            PID    Runtime      # DAGs    # Errors  Last Runtime    Last Run
-----------------------------------  -----  ---------  --------  ----------  --------------  -------------------
/opt/airflow/dags/dag_extraction.py                           1           0  0.41s           2026-09-17T14:53:55
/opt/airflow/dags/dag_updating.py                             1           0  0.37s           2026-09-17T14:53:55
================================================================================
[2026-09-17T14:54:52.773+0000] {manager.py:878} INFO - 
================================================================================
DAG File Processing Stats

File Path                            PID    Runtime      # DAGs    # Errors  Last Runtime    Last Run
-----------------------------------  -----  ---------  --------  ----------  --------------  -------------------
/opt/airflow/dags/dag_extraction.py                           1           0  0.28s           2026-09-17T14:54:25
/opt/airflow/dags/dag_updating.py                             1           0  0.24s           2026-09-17T14:54:25
================================================================================
[2026-09-17T14:55:23.243+0000] {manager.py:878} INFO - 
================================================================================
DAG File Processing Stats

File Path                            PID    Runtime      # DAGs    # Errors  Last Runtime    Last Run
-----------------------------------  -----  ---------  --------  ----------  --------------  -------------------
/opt/airflow/dags/dag_extraction.py                           1           0  0.22s           2026-09-17T14:54:56
/opt/airflow/dags/dag_updating.py                             1           0  0.20s           2026-09-17T14:54:55
================================================================================
[2026-09-17T14:55:53.727+0000] {manager.py:878} INFO - 
================================================================================
DAG File Processing Stats

File Path                            PID    Runtime      # DAGs    # Errors  Last Runtime    Last Run
-----------------------------------  -----  ---------  --------  ----------  --------------  -------------------
/opt/airflow/dags/dag_extraction.py                           1           0  0.20s           2026-09-17T14:55:26
/opt/airflow/dags/dag_updating.py                             1           0  0.18s           2026-09-17T14:55:26
================================================================================
[2026-09-17T14:56:24.195+0000] {manager.py:878} INFO - 
================================================================================
DAG File Processing Stats

File Path                            PID    Runtime      # DAGs    # Errors  Last Runtime    Last Run
-----------------------------------  -----  ---------  --------  ----------  --------------  -------------------
/opt/airflow/dags/dag_extraction.py                           1           0  0.17s           2026-09-17T14:55:56
/opt/airflow/dags/dag_updating.py                             1           0  0.15s           2026-09-17T14:55:56
================================================================================
[2026-09-17T14:56:54.634+0000] {manager.py:878} INFO - 
================================================================================
DAG File Processing Stats

File Path                            PID    Runtime      # DAGs    # Errors  Last Runtime    Last Run
-----------------------------------  -----  ---------  --------  ----------  --------------  -------------------
/opt/airflow/dags/dag_extraction.py                           1           0  0.22s           2026-09-17T14:56:27
/opt/airflow/dags/dag_updating.py                             1           0  0.16s           2026-09-17T14:56:27
================================================================================
[2026-09-17T14:57:25.043+0000] {manager.py:878} INFO - 
================================================================================
DAG File Processing Stats

File Path                            PID    Runtime      # DAGs    # Errors  Last Runtime    Last Run
-----------------------------------  -----  ---------  --------  ----------  --------------  -------------------
/opt/airflow/dags/dag_extraction.py                           1           0  0.20s           2026-09-17T14:56:57
/opt/airflow/dags/dag_updating.py                             1           0  0.16s           2026-09-17T14:56:57
================================================================================
[2026-09-17T14:57:39.335+0000] {manager.py:737} INFO - Searching for files in /opt/airflow/dags
[2026-09-17T14:57:39.374+0000] {manager.py:740} INFO - There are 2 files in /opt/airflow/dags
[2026-09-17T14:57:55.558+0000] {manager.py:878} INFO - 
================================================================================
DAG File Processing Stats

File Path                            PID    Runtime      # DAGs    # Errors  Last Runtime    Last Run
-----------------------------------  -----  ---------  --------  ----------  --------------  -------------------
/opt/airflow/dags/dag_extraction.py                           1           0  0.18s           2026-09-17T14:57:28
/opt/airflow/dags/dag_updating.py                             1           0  0.17s           2026-09-17T14:57:28
================================================================================
[2026-09-17T14:58:25.956+0000] {manager.py:878} INFO - 
================================================================================
DAG File Processing Stats

File Path                            PID    Runtime      # DAGs    # Errors  Last Runtime    Last Run
-----------------------------------  -----  ---------  --------  ----------  --------------  -------------------
/opt/airflow/dags/dag_extraction.py                           1           0  0.18s           2026-09-17T14:57:58
/opt/airflow/dags/dag_updating.py                             1           0  0.15s           2026-09-17T14:57:58
================================================================================
[2026-09-17T14:58:56.402+0000] {manager.py:878} INFO - 
================================================================================
DAG File Processing Stats

File Path                            PID    Runtime      # DAGs    # Errors  Last Runtime    Last Run
-----------------------------------  -----  ---------  --------  ----------  --------------  -------------------
/opt/airflow/dags/dag_extraction.py                           1           0  0.21s           2026-09-17T14:58:29
/opt/airflow/dags/dag_updating.py                             1           0  0.19s           2026-09-17T14:58:29
================================================================================
[2026-09-17T14:59:26.871+0000] {manager.py:878} INFO - 
================================================================================
DAG File Processing Stats

File Path                            PID    Runtime      # DAGs    # Errors  Last Runtime    Last Run
-----------------------------------  -----  ---------  --------  ----------  --------------  -------------------
/opt/airflow/dags/dag_extraction.py                           1           0  0.24s           2026-09-17T14:58:59
/opt/airflow/dags/dag_updating.py                             1           0  0.19s           2026-09-17T14:58:59
================================================================================
[2026-09-17T14:59:57.325+0000] {manager.py:878} INFO - 
================================================================================
DAG File Processing Stats

File Path                            PID    Runtime      # DAGs    # Errors  Last Runtime    Last Run
-----------------------------------  -----  ---------  --------  ----------  --------------  -------------------
/opt/airflow/dags/dag_extraction.py                           1           0  0.22s           2026-09-17T14:59:30
/opt/airflow/dags/dag_updating.py                             1           0  0.17s           2026-09-17T14:59:30
================================================================================
[2026-09-17T15:00:27.744+0000] {manager.py:878} INFO - 
================================================================================
DAG File Processing Stats

File Path                            PID    Runtime      # DAGs    # Errors  Last Runtime    Last Run
-----------------------------------  -----  ---------  --------  ----------  --------------  -------------------
/opt/airflow/dags/dag_extraction.py                           1           0  0.25s           2026-09-17T15:00:00
/opt/airflow/dags/dag_updating.py                             1           0  0.19s           2026-09-17T15:00:00
================================================================================
[2026-09-17T15:00:58.304+0000] {manager.py:878} INFO - 
================================================================================
DAG File Processing Stats

File Path                            PID    Runtime      # DAGs    # Errors  Last Runtime    Last Run
-----------------------------------  -----  ---------  --------  ----------  --------------  -------------------
/opt/airflow/dags/dag_extraction.py                           1           0  0.25s           2026-09-17T15:00:31
/opt/airflow/dags/dag_updating.py                             1           0  0.24s           2026-09-17T15:00:31
================================================================================
[2026-09-17T15:01:28.748+0000] {manager.py:878} INFO - 
================================================================================
DAG File Processing Stats

File Path                            PID    Runtime      # DAGs    # Errors  Last Runtime    Last Run
-----------------------------------  -----  ---------  --------  ----------  --------------  -------------------
/opt/airflow/dags/dag_extraction.py                           1           0  0.21s           2026-09-17T15:01:01
/opt/airflow/dags/dag_updating.py                             1           0  0.18s           2026-09-17T15:01:01
================================================================================
[2026-09-17T15:01:59.188+0000] {manager.py:878} INFO - 
================================================================================
DAG File Processing Stats

File Path                            PID    Runtime      # DAGs    # Errors  Last Runtime    Last Run
-----------------------------------  -----  ---------  --------  ----------  --------------  -------------------
/opt/airflow/dags/dag_extraction.py                           1           0  0.23s           2026-09-17T15:01:32
/opt/airflow/dags/dag_updating.py                             1           0  0.18s           2026-09-17T15:01:31
================================================================================
[2026-09-17T15:02:29.648+0000] {manager.py:878} INFO - 
================================================================================
DAG File Processing Stats

File Path                            PID    Runtime      # DAGs    # Errors  Last Runtime    Last Run
-----------------------------------  -----  ---------  --------  ----------  --------------  -------------------
/opt/airflow/dags/dag_extraction.py                           1           0  0.23s           2026-09-17T15:02:02
/opt/airflow/dags/dag_updating.py                             1           0  0.20s           2026-09-17T15:02:02
================================================================================
[2026-09-17T15:02:39.929+0000] {manager.py:737} INFO - Searching for files in /opt/airflow/dags
[2026-09-17T15:02:39.964+0000] {manager.py:740} INFO - There are 2 files in /opt/airflow/dags
[2026-09-17T15:03:00.139+0000] {manager.py:878} INFO - 
================================================================================
DAG File Processing Stats

File Path                            PID    Runtime      # DAGs    # Errors  Last Runtime    Last Run
-----------------------------------  -----  ---------  --------  ----------  --------------  -------------------
/opt/airflow/dags/dag_extraction.py                           1           0  0.21s           2026-09-17T15:02:32
/opt/airflow/dags/dag_updating.py                             1           0  0.18s           2026-09-17T15:02:32
================================================================================
[2026-09-17T15:03:30.599+0000] {manager.py:878} INFO - 
================================================================================
DAG File Processing Stats

File Path                            PID    Runtime      # DAGs    # Errors  Last Runtime    Last Run
-----------------------------------  -----  ---------  --------  ----------  --------------  -------------------
/opt/airflow/dags/dag_extraction.py                           1           0  0.23s           2026-09-17T15:03:03
/opt/airflow/dags/dag_updating.py                             1           0  0.19s           2026-09-17T15:03:03
================================================================================
[2026-09-17T15:04:01.031+0000] {manager.py:878} INFO - 
================================================================================
DAG File Processing Stats

File Path                            PID    Runtime      # DAGs    # Errors  Last Runtime    Last Run
-----------------------------------  -----  ---------  --------  ----------  --------------  -------------------
/opt/airflow/dags/dag_extraction.py                           1           0  0.20s           2026-09-17T15:03:33
/opt/airflow/dags/dag_updating.py                             1           0  0.16s           2026-09-17T15:03:33
================================================================================
[2026-09-17T15:04:31.483+0000] {manager.py:878} INFO - 
================================================================================
DAG File Processing Stats

File Path                            PID    Runtime      # DAGs    # Errors  Last Runtime    Last Run
-----------------------------------  -----  ---------  --------  ----------  --------------  -------------------
/opt/airflow/dags/dag_extraction.py                           1           0  0.17s           2026-09-17T15:04:04
/opt/airflow/dags/dag_updating.py                             1           0  0.15s           2026-09-17T15:04:04
================================================================================
[2026-09-17T15:05:01.948+0000] {manager.py:878} INFO - 
================================================================================
DAG File Processing Stats

File Path                            PID    Runtime      # DAGs    # Errors  Last Runtime    Last Run
-----------------------------------  -----  ---------  --------  ----------  --------------  -------------------
/opt/airflow/dags/dag_extraction.py                           1           0  0.21s           2026-09-17T15:04:34
/opt/airflow/dags/dag_updating.py                             1           0  0.18s           2026-09-17T15:04:34
================================================================================
[2026-09-17T15:05:32.433+0000] {manager.py:878} INFO - 
================================================================================
DAG File Processing Stats

File Path                            PID    Runtime      # DAGs    # Errors  Last Runtime    Last Run
-----------------------------------  -----  ---------  --------  ----------  --------------  -------------------
/opt/airflow/dags/dag_extraction.py                           1           0  0.24s           2026-09-17T15:05:05
/opt/airflow/dags/dag_updating.py                             1           0  0.21s           2026-09-17T15:05:05
================================================================================
[2026-09-17T15:06:02.856+0000] {manager.py:878} INFO - 
================================================================================
DAG File Processing Stats

File Path                            PID    Runtime      # DAGs    # Errors  Last Runtime    Last Run
-----------------------------------  -----  ---------  --------  ----------  --------------  -------------------
/opt/airflow/dags/dag_extraction.py                           1           0  0.17s           2026-09-17T15:05:35
/opt/airflow/dags/dag_updating.py                             1           0  0.15s           2026-09-17T15:05:35
================================================================================
[2026-09-17T15:06:33.323+0000] {manager.py:878} INFO - 
================================================================================
DAG File Processing Stats

File Path                            PID    Runtime      # DAGs    # Errors  Last Runtime    Last Run
-----------------------------------  -----  ---------  --------  ----------  --------------  -------------------
/opt/airflow/dags/dag_extraction.py                           1           0  0.21s           2026-09-17T15:06:06
/opt/airflow/dags/dag_updating.py                             1           0  0.18s           2026-09-17T15:06:06
================================================================================
[2026-09-17T15:07:03.860+0000] {manager.py:878} INFO - 
================================================================================
DAG File Processing Stats

File Path                            PID    Runtime      # DAGs    # Errors  Last Runtime    Last Run
-----------------------------------  -----  ---------  --------  ----------  --------------  -------------------
/opt/airflow/dags/dag_extraction.py                           1           0  0.22s           2026-09-17T15:06:36
/opt/airflow/dags/dag_updating.py                             1           0  0.22s           2026-09-17T15:06:36
================================================================================
[2026-09-17T15:07:34.364+0000] {manager.py:878} INFO - 
================================================================================
DAG File Processing Stats

File Path                            PID    Runtime      # DAGs    # Errors  Last Runtime    Last Run
-----------------------------------  -----  ---------  --------  ----------  --------------  -------------------
/opt/airflow/dags/dag_extraction.py                           1           0  0.22s           2026-09-17T15:07:07
/opt/airflow/dags/dag_updating.py                             1           0  0.20s           2026-09-17T15:07:07
================================================================================
[2026-09-17T15:07:40.581+0000] {manager.py:737} INFO - Searching for files in /opt/airflow/dags
[2026-09-17T15:07:40.617+0000] {manager.py:740} INFO - There are 2 files in /opt/airflow/dags
[2026-09-17T15:08:04.844+0000] {manager.py:878} INFO - 
================================================================================
DAG File Processing Stats

File Path                            PID    Runtime      # DAGs    # Errors  Last Runtime    Last Run
-----------------------------------  -----  ---------  --------  ----------  --------------  -------------------
/opt/airflow/dags/dag_extraction.py                           1           0  0.17s           2026-09-17T15:07:37
/opt/airflow/dags/dag_updating.py                             1           0  0.15s           2026-09-17T15:07:37
================================================================================
[2026-09-17T15:08:35.371+0000] {manager.py:878} INFO - 
================================================================================
DAG File Processing Stats

File Path                            PID    Runtime      # DAGs    # Errors  Last Runtime    Last Run
-----------------------------------  -----  ---------  --------  ----------  --------------  -------------------
/opt/airflow/dags/dag_extraction.py                           1           0  0.21s           2026-09-17T15:08:08
/opt/airflow/dags/dag_updating.py                             1           0  0.19s           2026-09-17T15:08:08
================================================================================
[2026-09-17T15:09:05.859+0000] {manager.py:878} INFO - 
================================================================================
DAG File Processing Stats

File Path                            PID    Runtime      # DAGs    # Errors  Last Runtime    Last Run
-----------------------------------  -----  ---------  --------  ----------  --------------  -------------------
/opt/airflow/dags/dag_extraction.py                           1           0  0.25s           2026-09-17T15:08:38
/opt/airflow/dags/dag_updating.py                             1           0  0.23s           2026-09-17T15:08:38
================================================================================
[2026-09-17T15:09:36.290+0000] {manager.py:878} INFO - 
================================================================================
DAG File Processing Stats

File Path                            PID    Runtime      # DAGs    # Errors  Last Runtime    Last Run
-----------------------------------  -----  ---------  --------  ----------  --------------  -------------------
/opt/airflow/dags/dag_extraction.py                           1           0  0.21s           2026-09-17T15:09:09
/opt/airflow/dags/dag_updating.py                             1           0  0.18s           2026-09-17T15:09:09
================================================================================
[2026-09-17T15:10:06.866+0000] {manager.py:878} INFO - 
================================================================================
DAG File Processing Stats

File Path                            PID    Runtime      # DAGs    # Errors  Last Runtime    Last Run
-----------------------------------  -----  ---------  --------  ----------  --------------  -------------------
/opt/airflow/dags/dag_updating.py                             1           0  0.18s           2026-09-17T15:09:39
/opt/airflow/dags/dag_extraction.py                           0           1  0.08s           2026-09-17T15:10:03
================================================================================
[2026-09-17T15:10:37.363+0000] {manager.py:878} INFO - 
================================================================================
DAG File Processing Stats

File Path                            PID    Runtime      # DAGs    # Errors  Last Runtime    Last Run
-----------------------------------  -----  ---------  --------  ----------  --------------  -------------------
/opt/airflow/dags/dag_updating.py                             1           0  0.14s           2026-09-17T15:10:10
/opt/airflow/dags/dag_extraction.py                           0           1  0.09s           2026-09-17T15:10:34
================================================================================
[2026-09-17T15:11:08.031+0000] {manager.py:878} INFO - 
================================================================================
DAG File Processing Stats

File Path                            PID    Runtime      # DAGs    # Errors  Last Runtime    Last Run
-----------------------------------  -----  ---------  --------  ----------  --------------  -------------------
/opt/airflow/dags/dag_updating.py                             1           0  0.19s           2026-09-17T15:10:40
/opt/airflow/dags/dag_extraction.py                           0           1  0.14s           2026-09-17T15:11:06
================================================================================
[2026-09-17T15:11:38.569+0000] {manager.py:878} INFO - 
================================================================================
DAG File Processing Stats

File Path                            PID    Runtime      # DAGs    # Errors  Last Runtime    Last Run
-----------------------------------  -----  ---------  --------  ----------  --------------  -------------------
/opt/airflow/dags/dag_updating.py                             1           0  0.15s           2026-09-17T15:11:11
/opt/airflow/dags/dag_extraction.py                           0           1  0.14s           2026-09-17T15:11:26
================================================================================
[2026-09-17T15:12:09.489+0000] {manager.py:878} INFO - 
================================================================================
DAG File Processing Stats

File Path                            PID    Runtime      # DAGs    # Errors  Last Runtime    Last Run
-----------------------------------  -----  ---------  --------  ----------  --------------  -------------------
/opt/airflow/dags/dag_updating.py                             1           0  0.15s           2026-09-17T15:11:41
/opt/airflow/dags/dag_extraction.py                           0           1  0.14s           2026-09-17T15:12:05
================================================================================
[2026-09-17T15:12:40.313+0000] {manager.py:878} INFO - 
================================================================================
DAG File Processing Stats

File Path                            PID    Runtime      # DAGs    # Errors  Last Runtime    Last Run
-----------------------------------  -----  ---------  --------  ----------  --------------  -------------------
/opt/airflow/dags/dag_updating.py                             1           0  0.16s           2026-09-17T15:12:12
/opt/airflow/dags/dag_extraction.py                           0           1  0.15s           2026-09-17T15:12:39
================================================================================
[2026-09-17T15:12:41.321+0000] {manager.py:737} INFO - Searching for files in /opt/airflow/dags
[2026-09-17T15:12:41.357+0000] {manager.py:740} INFO - There are 2 files in /opt/airflow/dags
[2026-09-17T15:13:10.901+0000] {manager.py:878} INFO - 
================================================================================
DAG File Processing Stats

File Path                            PID    Runtime      # DAGs    # Errors  Last Runtime    Last Run
-----------------------------------  -----  ---------  --------  ----------  --------------  -------------------
/opt/airflow/dags/dag_updating.py                             1           0  0.15s           2026-09-17T15:12:43
/opt/airflow/dags/dag_extraction.py                           0           1  0.08s           2026-09-17T15:13:08
================================================================================
[2026-09-17T15:13:41.488+0000] {manager.py:878} INFO - 
================================================================================
DAG File Processing Stats

File Path                            PID    Runtime      # DAGs    # Errors  Last Runtime    Last Run
-----------------------------------  -----  ---------  --------  ----------  --------------  -------------------
/opt/airflow/dags/dag_updating.py                             1           0  0.17s           2026-09-17T15:13:14
/opt/airflow/dags/dag_extraction.py                           0           1  0.14s           2026-09-17T15:13:32
================================================================================
[2026-09-17T15:14:11.881+0000] {manager.py:878} INFO - 
================================================================================
DAG File Processing Stats

File Path                            PID    Runtime      # DAGs    # Errors  Last Runtime    Last Run
-----------------------------------  -----  ---------  --------  ----------  --------------  -------------------
/opt/airflow/dags/dag_extraction.py                           0           1  0.17s           2026-09-17T15:14:02
/opt/airflow/dags/dag_updating.py                             1           0  0.15s           2026-09-17T15:13:44
================================================================================
[2026-09-17T15:14:42.303+0000] {manager.py:878} INFO - 
================================================================================
DAG File Processing Stats

File Path                            PID    Runtime      # DAGs    # Errors  Last Runtime    Last Run
-----------------------------------  -----  ---------  --------  ----------  --------------  -------------------
/opt/airflow/dags/dag_updating.py                             1           0  0.14s           2026-09-17T15:14:15
/opt/airflow/dags/dag_extraction.py                           0           1  0.12s           2026-09-17T15:14:33
================================================================================
[2026-09-17T15:15:12.703+0000] {manager.py:878} INFO - 
================================================================================
DAG File Processing Stats

File Path                            PID    Runtime      # DAGs    # Errors  Last Runtime    Last Run
-----------------------------------  -----  ---------  --------  ----------  --------------  -------------------
/opt/airflow/dags/dag_updating.py                             1           0  0.15s           2026-09-17T15:14:45
/opt/airflow/dags/dag_extraction.py                           0           1  0.13s           2026-09-17T15:15:03
================================================================================
[2026-09-17T15:15:43.112+0000] {manager.py:878} INFO - 
================================================================================
DAG File Processing Stats

File Path                            PID    Runtime      # DAGs    # Errors  Last Runtime    Last Run
-----------------------------------  -----  ---------  --------  ----------  --------------  -------------------
/opt/airflow/dags/dag_extraction.py                           0           1  0.16s           2026-09-17T15:15:34
/opt/airflow/dags/dag_updating.py                             1           0  0.14s           2026-09-17T15:15:15
================================================================================
[2026-09-17T15:16:13.496+0000] {manager.py:878} INFO - 
================================================================================
DAG File Processing Stats

File Path                            PID    Runtime      # DAGs    # Errors  Last Runtime    Last Run
-----------------------------------  -----  ---------  --------  ----------  --------------  -------------------
/opt/airflow/dags/dag_updating.py                             1           0  0.15s           2026-09-17T15:15:46
/opt/airflow/dags/dag_extraction.py                           0           1  0.14s           2026-09-17T15:16:04
================================================================================
[2026-09-17T15:16:43.812+0000] {manager.py:878} INFO - 
================================================================================
DAG File Processing Stats

File Path                            PID    Runtime      # DAGs    # Errors  Last Runtime    Last Run
-----------------------------------  -----  ---------  --------  ----------  --------------  -------------------
/opt/airflow/dags/dag_updating.py                             1           0  0.23s           2026-09-17T15:16:16
/opt/airflow/dags/dag_extraction.py                           0           1  0.13s           2026-09-17T15:16:34
================================================================================
[2026-09-17T15:17:14.275+0000] {manager.py:878} INFO - 
================================================================================
DAG File Processing Stats

File Path                            PID    Runtime      # DAGs    # Errors  Last Runtime    Last Run
-----------------------------------  -----  ---------  --------  ----------  --------------  -------------------
/opt/airflow/dags/dag_updating.py                             1           0  0.20s           2026-09-17T15:16:47
/opt/airflow/dags/dag_extraction.py                           0           1  0.13s           2026-09-17T15:17:05
================================================================================
[2026-09-17T15:17:41.664+0000] {manager.py:737} INFO - Searching for files in /opt/airflow/dags
[2026-09-17T15:17:41.702+0000] {manager.py:740} INFO - There are 2 files in /opt/airflow/dags
[2026-09-17T15:17:44.743+0000] {manager.py:878} INFO - 
================================================================================
DAG File Processing Stats

File Path                            PID    Runtime      # DAGs    # Errors  Last Runtime    Last Run
-----------------------------------  -----  ---------  --------  ----------  --------------  -------------------
/opt/airflow/dags/dag_updating.py                             1           0  0.15s           2026-09-17T15:17:17
/opt/airflow/dags/dag_extraction.py                           0           1  0.13s           2026-09-17T15:17:35
================================================================================
[2026-09-17T15:18:15.153+0000] {manager.py:878} INFO - 
================================================================================
DAG File Processing Stats

File Path                            PID    Runtime      # DAGs    # Errors  Last Runtime    Last Run
-----------------------------------  -----  ---------  --------  ----------  --------------  -------------------
/opt/airflow/dags/dag_updating.py                             1           0  0.17s           2026-09-17T15:17:47
/opt/airflow/dags/dag_extraction.py                           0           1  0.16s           2026-09-17T15:18:06
================================================================================
[2026-09-17T15:18:45.565+0000] {manager.py:878} INFO - 
================================================================================
DAG File Processing Stats

File Path                            PID    Runtime      # DAGs    # Errors  Last Runtime    Last Run
-----------------------------------  -----  ---------  --------  ----------  --------------  -------------------
/opt/airflow/dags/dag_updating.py                             1           0  0.15s           2026-09-17T15:18:18
/opt/airflow/dags/dag_extraction.py                           0           1  0.14s           2026-09-17T15:18:36
================================================================================
[2026-09-17T15:19:15.970+0000] {manager.py:878} INFO - 
================================================================================
DAG File Processing Stats

File Path                            PID    Runtime      # DAGs    # Errors  Last Runtime    Last Run
-----------------------------------  -----  ---------  --------  ----------  --------------  -------------------
/opt/airflow/dags/dag_extraction.py                           0           1  0.17s           2026-09-17T15:19:06
/opt/airflow/dags/dag_updating.py                             1           0  0.17s           2026-09-17T15:18:48
================================================================================
[2026-09-17T15:19:46.085+0000] {manager.py:878} INFO - 
================================================================================
DAG File Processing Stats

File Path                            PID    Runtime      # DAGs    # Errors  Last Runtime    Last Run
-----------------------------------  -----  ---------  --------  ----------  --------------  -------------------
/opt/airflow/dags/dag_extraction.py                           0           1  0.82s           2026-09-17T15:19:37
/opt/airflow/dags/dag_updating.py                             1           0  0.14s           2026-09-17T15:19:19
================================================================================
[2026-09-17T15:20:16.715+0000] {manager.py:878} INFO - 
================================================================================
DAG File Processing Stats

File Path                            PID    Runtime      # DAGs    # Errors  Last Runtime    Last Run
-----------------------------------  -----  ---------  --------  ----------  --------------  -------------------
/opt/airflow/dags/dag_extraction.py                           0           1  3.34s           2026-09-17T15:20:11
/opt/airflow/dags/dag_updating.py                             1           0  0.14s           2026-09-17T15:19:49
================================================================================
[2026-09-17T15:20:46.764+0000] {manager.py:878} INFO - 
================================================================================
DAG File Processing Stats

File Path                            PID    Runtime      # DAGs    # Errors  Last Runtime    Last Run
-----------------------------------  -----  ---------  --------  ----------  --------------  -------------------
/opt/airflow/dags/dag_extraction.py                           0           1  1.77s           2026-09-17T15:20:43
/opt/airflow/dags/dag_updating.py                             1           0  0.15s           2026-09-17T15:20:19
================================================================================
[2026-09-17T15:21:17.343+0000] {manager.py:878} INFO - 
================================================================================
DAG File Processing Stats

File Path                              PID  Runtime      # DAGs    # Errors  Last Runtime    Last Run
-----------------------------------  -----  ---------  --------  ----------  --------------  -------------------
/opt/airflow/dags/dag_extraction.py   2129  3.03s             0           1  1.77s           2026-09-17T15:20:43
/opt/airflow/dags/dag_updating.py                             1           0  0.13s           2026-09-17T15:20:50
================================================================================
[2026-09-17T15:21:47.680+0000] {manager.py:878} INFO - 
================================================================================
DAG File Processing Stats

File Path                              PID  Runtime      # DAGs    # Errors  Last Runtime    Last Run
-----------------------------------  -----  ---------  --------  ----------  --------------  -------------------
/opt/airflow/dags/dag_extraction.py   2143  0.00s             0           1  3.11s           2026-09-17T15:21:17
/opt/airflow/dags/dag_updating.py                             1           0  0.16s           2026-09-17T15:21:20
================================================================================
[2026-09-17T15:22:18.018+0000] {manager.py:878} INFO - 
================================================================================
DAG File Processing Stats

File Path                            PID    Runtime      # DAGs    # Errors  Last Runtime    Last Run
-----------------------------------  -----  ---------  --------  ----------  --------------  -------------------
/opt/airflow/dags/dag_extraction.py                           0           1  2.45s           2026-09-17T15:21:50
/opt/airflow/dags/dag_updating.py                             1           0  0.28s           2026-09-17T15:21:51
================================================================================
[2026-09-17T15:22:42.478+0000] {manager.py:737} INFO - Searching for files in /opt/airflow/dags
[2026-09-17T15:22:42.509+0000] {manager.py:740} INFO - There are 2 files in /opt/airflow/dags
[2026-09-17T15:22:48.567+0000] {manager.py:878} INFO - 
================================================================================
DAG File Processing Stats

File Path                            PID    Runtime      # DAGs    # Errors  Last Runtime    Last Run
-----------------------------------  -----  ---------  --------  ----------  --------------  -------------------
/opt/airflow/dags/dag_extraction.py                           0           1  0.73s           2026-09-17T15:22:21
/opt/airflow/dags/dag_updating.py                             1           0  0.16s           2026-09-17T15:22:21
================================================================================
[2026-09-17T15:23:19.025+0000] {manager.py:878} INFO - 
================================================================================
DAG File Processing Stats

File Path                            PID    Runtime      # DAGs    # Errors  Last Runtime    Last Run
-----------------------------------  -----  ---------  --------  ----------  --------------  -------------------
/opt/airflow/dags/dag_extraction.py                           0           1  0.55s           2026-09-17T15:22:52
/opt/airflow/dags/dag_updating.py                             1           0  0.18s           2026-09-17T15:22:51
================================================================================
[2026-09-17T15:23:49.274+0000] {manager.py:878} INFO - 
================================================================================
DAG File Processing Stats

File Path                            PID    Runtime      # DAGs    # Errors  Last Runtime    Last Run
-----------------------------------  -----  ---------  --------  ----------  --------------  -------------------
/opt/airflow/dags/dag_extraction.py                           0           1  0.84s           2026-09-17T15:23:23
/opt/airflow/dags/dag_updating.py                             1           0  0.13s           2026-09-17T15:23:22
================================================================================
[2026-09-17T15:24:19.371+0000] {manager.py:878} INFO - 
================================================================================
DAG File Processing Stats

File Path                            PID    Runtime      # DAGs    # Errors  Last Runtime    Last Run
-----------------------------------  -----  ---------  --------  ----------  --------------  -------------------
/opt/airflow/dags/dag_extraction.py                           0           1  0.71s           2026-09-17T15:23:54
/opt/airflow/dags/dag_updating.py                             1           0  0.14s           2026-09-17T15:23:52
================================================================================
[2026-09-17T15:24:49.551+0000] {manager.py:878} INFO - 
================================================================================
DAG File Processing Stats

File Path                            PID    Runtime      # DAGs    # Errors  Last Runtime    Last Run
-----------------------------------  -----  ---------  --------  ----------  --------------  -------------------
/opt/airflow/dags/dag_extraction.py                           0           1  0.59s           2026-09-17T15:24:25
/opt/airflow/dags/dag_updating.py                             1           0  0.13s           2026-09-17T15:24:22
================================================================================
[2026-09-17T15:25:20.436+0000] {manager.py:878} INFO - 
================================================================================
DAG File Processing Stats

File Path                            PID    Runtime      # DAGs    # Errors  Last Runtime    Last Run
-----------------------------------  -----  ---------  --------  ----------  --------------  -------------------
/opt/airflow/dags/dag_extraction.py                           0           1  1.26s           2026-09-17T15:24:57
/opt/airflow/dags/dag_updating.py                             1           0  0.14s           2026-09-17T15:24:53
================================================================================
[2026-09-17T15:25:50.451+0000] {manager.py:878} INFO - 
================================================================================
DAG File Processing Stats

File Path                            PID    Runtime      # DAGs    # Errors  Last Runtime    Last Run
-----------------------------------  -----  ---------  --------  ----------  --------------  -------------------
/opt/airflow/dags/dag_extraction.py                           0           1  0.66s           2026-09-17T15:25:28
/opt/airflow/dags/dag_updating.py                             1           0  0.16s           2026-09-17T15:25:23
================================================================================
[2026-09-17T15:26:20.636+0000] {manager.py:878} INFO - 
================================================================================
DAG File Processing Stats

File Path                            PID    Runtime      # DAGs    # Errors  Last Runtime    Last Run
-----------------------------------  -----  ---------  --------  ----------  --------------  -------------------
/opt/airflow/dags/dag_extraction.py                           0           1  0.54s           2026-09-17T15:25:59
/opt/airflow/dags/dag_updating.py                             1           0  0.14s           2026-09-17T15:25:54
================================================================================
[2026-09-17T15:26:51.399+0000] {manager.py:878} INFO - 
================================================================================
DAG File Processing Stats

File Path                            PID    Runtime      # DAGs    # Errors  Last Runtime    Last Run
-----------------------------------  -----  ---------  --------  ----------  --------------  -------------------
/opt/airflow/dags/dag_extraction.py                           1           0  14.05s          2026-09-17T15:26:44
/opt/airflow/dags/dag_updating.py                             1           0  0.13s           2026-09-17T15:26:24
================================================================================
[2026-09-17T15:27:21.810+0000] {manager.py:878} INFO - 
================================================================================
DAG File Processing Stats

File Path                              PID  Runtime      # DAGs    # Errors  Last Runtime    Last Run
-----------------------------------  -----  ---------  --------  ----------  --------------  -------------------
/opt/airflow/dags/dag_extraction.py   2224  7.08s             1           0  14.05s          2026-09-17T15:26:44
/opt/airflow/dags/dag_updating.py                             1           0  0.15s           2026-09-17T15:26:54
================================================================================
[2026-09-17T15:27:43.157+0000] {manager.py:737} INFO - Searching for files in /opt/airflow/dags
[2026-09-17T15:27:43.198+0000] {manager.py:740} INFO - There are 2 files in /opt/airflow/dags
[2026-09-17T15:27:52.303+0000] {manager.py:878} INFO - 
================================================================================
DAG File Processing Stats

File Path                            PID    Runtime      # DAGs    # Errors  Last Runtime    Last Run
-----------------------------------  -----  ---------  --------  ----------  --------------  -------------------
/opt/airflow/dags/dag_extraction.py                           1           0  10.39s          2026-09-17T15:27:25
/opt/airflow/dags/dag_updating.py                             1           0  0.15s           2026-09-17T15:27:24
================================================================================
[2026-09-17T15:28:22.749+0000] {manager.py:878} INFO - 
================================================================================
DAG File Processing Stats

File Path                            PID    Runtime      # DAGs    # Errors  Last Runtime    Last Run
-----------------------------------  -----  ---------  --------  ----------  --------------  -------------------
/opt/airflow/dags/dag_extraction.py                           1           0  10.81s          2026-09-17T15:28:06
/opt/airflow/dags/dag_updating.py                             1           0  0.15s           2026-09-17T15:27:55
================================================================================
[2026-09-17T15:28:53.162+0000] {manager.py:878} INFO - 
================================================================================
DAG File Processing Stats

File Path                            PID    Runtime      # DAGs    # Errors  Last Runtime    Last Run
-----------------------------------  -----  ---------  --------  ----------  --------------  -------------------
/opt/airflow/dags/dag_extraction.py                           1           0  13.29s          2026-09-17T15:28:50
/opt/airflow/dags/dag_updating.py                             1           0  0.13s           2026-09-17T15:28:25
================================================================================
[2026-09-17T15:29:23.482+0000] {manager.py:878} INFO - 
================================================================================
DAG File Processing Stats

File Path                              PID  Runtime      # DAGs    # Errors  Last Runtime    Last Run
-----------------------------------  -----  ---------  --------  ----------  --------------  -------------------
/opt/airflow/dags/dag_extraction.py   2261  3.03s             1           0  13.29s          2026-09-17T15:28:50
/opt/airflow/dags/dag_updating.py                             1           0  0.15s           2026-09-17T15:28:56
================================================================================
[2026-09-17T15:29:53.572+0000] {manager.py:878} INFO - 
================================================================================
DAG File Processing Stats

File Path                            PID    Runtime      # DAGs    # Errors  Last Runtime    Last Run
-----------------------------------  -----  ---------  --------  ----------  --------------  -------------------
/opt/airflow/dags/dag_extraction.py                           1           0  10.93s          2026-09-17T15:29:31
/opt/airflow/dags/dag_updating.py                             1           0  0.18s           2026-09-17T15:29:26
================================================================================
[2026-09-17T15:30:23.650+0000] {manager.py:878} INFO - 
================================================================================
DAG File Processing Stats

File Path                            PID    Runtime      # DAGs    # Errors  Last Runtime    Last Run
-----------------------------------  -----  ---------  --------  ----------  --------------  -------------------
/opt/airflow/dags/dag_extraction.py                           1           0  12.60s          2026-09-17T15:30:14
/opt/airflow/dags/dag_updating.py                             1           0  0.16s           2026-09-17T15:29:57
================================================================================
[2026-09-17T15:30:53.687+0000] {manager.py:878} INFO - 
================================================================================
DAG File Processing Stats

File Path                              PID  Runtime      # DAGs    # Errors  Last Runtime    Last Run
-----------------------------------  -----  ---------  --------  ----------  --------------  -------------------
/opt/airflow/dags/dag_extraction.py   2278  9.07s             1           0  12.60s          2026-09-17T15:30:14
/opt/airflow/dags/dag_updating.py                             1           0  0.16s           2026-09-17T15:30:27
================================================================================
[2026-09-17T15:31:23.908+0000] {manager.py:878} INFO - 
================================================================================
DAG File Processing Stats

File Path                            PID    Runtime      # DAGs    # Errors  Last Runtime    Last Run
-----------------------------------  -----  ---------  --------  ----------  --------------  -------------------
/opt/airflow/dags/dag_extraction.py                           1           0  20.46s          2026-09-17T15:31:05
/opt/airflow/dags/dag_updating.py                             1           0  0.13s           2026-09-17T15:30:57
================================================================================
[2026-09-17T15:31:53.922+0000] {manager.py:878} INFO - 
================================================================================
DAG File Processing Stats

File Path                            PID    Runtime      # DAGs    # Errors  Last Runtime    Last Run
-----------------------------------  -----  ---------  --------  ----------  --------------  -------------------
/opt/airflow/dags/dag_extraction.py                           1           0  18.75s          2026-09-17T15:31:53
/opt/airflow/dags/dag_updating.py                             1           0  0.15s           2026-09-17T15:31:28
================================================================================
[2026-09-17T15:32:24.606+0000] {manager.py:878} INFO - 
================================================================================
DAG File Processing Stats

File Path                              PID  Runtime      # DAGs    # Errors  Last Runtime    Last Run
-----------------------------------  -----  ---------  --------  ----------  --------------  -------------------
/opt/airflow/dags/dag_extraction.py   2307  0.00s             1           0  18.75s          2026-09-17T15:31:53
/opt/airflow/dags/dag_updating.py                             1           0  0.14s           2026-09-17T15:31:58
================================================================================
[2026-09-17T15:32:43.883+0000] {manager.py:737} INFO - Searching for files in /opt/airflow/dags
[2026-09-17T15:32:43.917+0000] {manager.py:740} INFO - There are 2 files in /opt/airflow/dags
[2026-09-17T15:32:54.928+0000] {manager.py:878} INFO - 
================================================================================
DAG File Processing Stats

File Path                            PID    Runtime      # DAGs    # Errors  Last Runtime    Last Run
-----------------------------------  -----  ---------  --------  ----------  --------------  -------------------
/opt/airflow/dags/dag_extraction.py                           1           0  20.21s          2026-09-17T15:32:44
/opt/airflow/dags/dag_updating.py                             1           0  0.14s           2026-09-17T15:32:28
================================================================================
[2026-09-17T15:33:25.313+0000] {manager.py:878} INFO - 
================================================================================
DAG File Processing Stats

File Path                              PID  Runtime      # DAGs    # Errors  Last Runtime    Last Run
-----------------------------------  -----  ---------  --------  ----------  --------------  -------------------
/opt/airflow/dags/dag_extraction.py   2316  10.09s            1           0  20.21s          2026-09-17T15:32:44
/opt/airflow/dags/dag_updating.py                             1           0  0.15s           2026-09-17T15:32:59
================================================================================
[2026-09-17T15:33:55.613+0000] {manager.py:878} INFO - 
================================================================================
DAG File Processing Stats

File Path                            PID    Runtime      # DAGs    # Errors  Last Runtime    Last Run
-----------------------------------  -----  ---------  --------  ----------  --------------  -------------------
/opt/airflow/dags/dag_extraction.py                           1           0  12.47s          2026-09-17T15:33:27
/opt/airflow/dags/dag_updating.py                             1           0  0.15s           2026-09-17T15:33:29
================================================================================
[2026-09-17T15:34:25.705+0000] {manager.py:878} INFO - 
================================================================================
DAG File Processing Stats

File Path                            PID    Runtime      # DAGs    # Errors  Last Runtime    Last Run
-----------------------------------  -----  ---------  --------  ----------  --------------  -------------------
/opt/airflow/dags/dag_extraction.py                           1           0  11.80s          2026-09-17T15:34:09
/opt/airflow/dags/dag_updating.py                             1           0  0.13s           2026-09-17T15:33:59
================================================================================
[2026-09-17T15:34:55.877+0000] {manager.py:878} INFO - 
================================================================================
DAG File Processing Stats

File Path                            PID    Runtime      # DAGs    # Errors  Last Runtime    Last Run
-----------------------------------  -----  ---------  --------  ----------  --------------  -------------------
/opt/airflow/dags/dag_extraction.py                           1           0  10.63s          2026-09-17T15:34:50
/opt/airflow/dags/dag_updating.py                             1           0  0.13s           2026-09-17T15:34:30
================================================================================
[2026-09-17T15:35:26.776+0000] {manager.py:878} INFO - 
================================================================================
DAG File Processing Stats

File Path                              PID  Runtime      # DAGs    # Errors  Last Runtime    Last Run
-----------------------------------  -----  ---------  --------  ----------  --------------  -------------------
/opt/airflow/dags/dag_extraction.py   2353  5.06s             1           0  10.63s          2026-09-17T15:34:50
/opt/airflow/dags/dag_updating.py                             1           0  0.14s           2026-09-17T15:35:00
================================================================================
[2026-09-17T15:35:57.146+0000] {manager.py:878} INFO - 
================================================================================
DAG File Processing Stats

File Path                            PID    Runtime      # DAGs    # Errors  Last Runtime    Last Run
-----------------------------------  -----  ---------  --------  ----------  --------------  -------------------
/opt/airflow/dags/dag_extraction.py                           1           0  12.24s          2026-09-17T15:35:33
/opt/airflow/dags/dag_updating.py                             1           0  0.15s           2026-09-17T15:35:30
================================================================================
[2026-09-17T15:36:27.174+0000] {manager.py:878} INFO - 
================================================================================
DAG File Processing Stats

File Path                            PID    Runtime      # DAGs    # Errors  Last Runtime    Last Run
-----------------------------------  -----  ---------  --------  ----------  --------------  -------------------
/opt/airflow/dags/dag_extraction.py                           1           0  12.84s          2026-09-17T15:36:17
/opt/airflow/dags/dag_updating.py                             1           0  0.14s           2026-09-17T15:36:01
================================================================================
[2026-09-17T15:36:57.883+0000] {manager.py:878} INFO - 
================================================================================
DAG File Processing Stats

File Path                              PID  Runtime      # DAGs    # Errors  Last Runtime    Last Run
-----------------------------------  -----  ---------  --------  ----------  --------------  -------------------
/opt/airflow/dags/dag_extraction.py   2370  10.11s            1           0  12.84s          2026-09-17T15:36:17
/opt/airflow/dags/dag_updating.py                             1           0  0.15s           2026-09-17T15:36:31
================================================================================
[2026-09-17T15:37:28.211+0000] {manager.py:878} INFO - 
================================================================================
DAG File Processing Stats

File Path                            PID    Runtime      # DAGs    # Errors  Last Runtime    Last Run
-----------------------------------  -----  ---------  --------  ----------  --------------  -------------------
/opt/airflow/dags/dag_extraction.py                           1           0  10.87s          2026-09-17T15:36:58
/opt/airflow/dags/dag_updating.py                             1           0  0.13s           2026-09-17T15:37:02
================================================================================
[2026-09-17T15:37:44.540+0000] {manager.py:737} INFO - Searching for files in /opt/airflow/dags
[2026-09-17T15:37:44.571+0000] {manager.py:740} INFO - There are 2 files in /opt/airflow/dags
[2026-09-17T15:37:58.710+0000] {manager.py:878} INFO - 
================================================================================
DAG File Processing Stats

File Path                            PID    Runtime      # DAGs    # Errors  Last Runtime    Last Run
-----------------------------------  -----  ---------  --------  ----------  --------------  -------------------
/opt/airflow/dags/dag_extraction.py                           1           0  12.53s          2026-09-17T15:37:41
/opt/airflow/dags/dag_updating.py                             1           0  0.17s           2026-09-17T15:37:32
================================================================================
[2026-09-17T15:38:28.979+0000] {manager.py:878} INFO - 
================================================================================
DAG File Processing Stats

File Path                            PID    Runtime      # DAGs    # Errors  Last Runtime    Last Run
-----------------------------------  -----  ---------  --------  ----------  --------------  -------------------
/opt/airflow/dags/dag_extraction.py                           1           0  12.08s          2026-09-17T15:38:23
/opt/airflow/dags/dag_updating.py                             1           0  0.14s           2026-09-17T15:38:02
================================================================================
[2026-09-17T15:38:59.348+0000] {manager.py:878} INFO - 
================================================================================
DAG File Processing Stats

File Path                              PID  Runtime      # DAGs    # Errors  Last Runtime    Last Run
-----------------------------------  -----  ---------  --------  ----------  --------------  -------------------
/opt/airflow/dags/dag_extraction.py   2408  5.06s             1           0  12.08s          2026-09-17T15:38:23
/opt/airflow/dags/dag_updating.py                             1           0  0.15s           2026-09-17T15:38:33
================================================================================
[2026-09-17T15:39:29.766+0000] {manager.py:878} INFO - 
================================================================================
DAG File Processing Stats

File Path                            PID    Runtime      # DAGs    # Errors  Last Runtime    Last Run
-----------------------------------  -----  ---------  --------  ----------  --------------  -------------------
/opt/airflow/dags/dag_extraction.py                           1           0  11.35s          2026-09-17T15:39:05
/opt/airflow/dags/dag_updating.py                             1           0  0.14s           2026-09-17T15:39:03
================================================================================
[2026-09-17T15:40:00.159+0000] {manager.py:878} INFO - 
================================================================================
DAG File Processing Stats

File Path                            PID    Runtime      # DAGs    # Errors  Last Runtime    Last Run
-----------------------------------  -----  ---------  --------  ----------  --------------  -------------------
/opt/airflow/dags/dag_extraction.py                           1           0  11.64s          2026-09-17T15:39:47
/opt/airflow/dags/dag_updating.py                             1           0  0.14s           2026-09-17T15:39:33
================================================================================
[2026-09-17T15:40:30.192+0000] {manager.py:878} INFO - 
================================================================================
DAG File Processing Stats

File Path                            PID    Runtime      # DAGs    # Errors  Last Runtime    Last Run
-----------------------------------  -----  ---------  --------  ----------  --------------  -------------------
/opt/airflow/dags/dag_extraction.py                           1           0  10.86s          2026-09-17T15:40:29
/opt/airflow/dags/dag_updating.py                             1           0  0.15s           2026-09-17T15:40:04
================================================================================
[2026-09-17T15:41:00.873+0000] {manager.py:878} INFO - 
================================================================================
DAG File Processing Stats

File Path                              PID  Runtime      # DAGs    # Errors  Last Runtime    Last Run
-----------------------------------  -----  ---------  --------  ----------  --------------  -------------------
/opt/airflow/dags/dag_extraction.py   2445  1.02s             1           0  10.86s          2026-09-17T15:40:29
/opt/airflow/dags/dag_updating.py                             1           0  0.14s           2026-09-17T15:40:34
================================================================================
[2026-09-17T15:41:31.276+0000] {manager.py:878} INFO - 
================================================================================
DAG File Processing Stats

File Path                            PID    Runtime      # DAGs    # Errors  Last Runtime    Last Run
-----------------------------------  -----  ---------  --------  ----------  --------------  -------------------
/opt/airflow/dags/dag_extraction.py                           1           0  12.48s          2026-09-17T15:41:12
/opt/airflow/dags/dag_updating.py                             1           0  0.14s           2026-09-17T15:41:05
================================================================================
[2026-09-17T15:42:01.309+0000] {manager.py:878} INFO - 
================================================================================
DAG File Processing Stats

File Path                            PID    Runtime      # DAGs    # Errors  Last Runtime    Last Run
-----------------------------------  -----  ---------  --------  ----------  --------------  -------------------
/opt/airflow/dags/dag_extraction.py                           1           0  10.84s          2026-09-17T15:41:53
/opt/airflow/dags/dag_updating.py                             1           0  0.15s           2026-09-17T15:41:35
================================================================================
[2026-09-17T15:42:31.953+0000] {manager.py:878} INFO - 
================================================================================
DAG File Processing Stats

File Path                              PID  Runtime      # DAGs    # Errors  Last Runtime    Last Run
-----------------------------------  -----  ---------  --------  ----------  --------------  -------------------
/opt/airflow/dags/dag_extraction.py   2468  8.06s             1           0  10.84s          2026-09-17T15:41:53
/opt/airflow/dags/dag_updating.py                             1           0  0.14s           2026-09-17T15:42:05
================================================================================
[2026-09-17T15:42:45.178+0000] {manager.py:737} INFO - Searching for files in /opt/airflow/dags
[2026-09-17T15:42:45.236+0000] {manager.py:740} INFO - There are 2 files in /opt/airflow/dags
[2026-09-17T15:43:02.390+0000] {manager.py:878} INFO - 
================================================================================
DAG File Processing Stats

File Path                            PID    Runtime      # DAGs    # Errors  Last Runtime    Last Run
-----------------------------------  -----  ---------  --------  ----------  --------------  -------------------
/opt/airflow/dags/dag_extraction.py                           1           0  11.89s          2026-09-17T15:42:35
/opt/airflow/dags/dag_updating.py                             1           0  0.19s           2026-09-17T15:42:36
================================================================================
[2026-09-17T15:43:32.827+0000] {manager.py:878} INFO - 
================================================================================
DAG File Processing Stats

File Path                              PID  Runtime      # DAGs    # Errors  Last Runtime    Last Run
-----------------------------------  -----  ---------  --------  ----------  --------------  -------------------
/opt/airflow/dags/dag_updating.py                             1           0  0.18s           2026-09-17T15:43:06
/opt/airflow/dags/dag_extraction.py   2485  1.01s             0           1  0.09s           2026-09-17T15:43:30
================================================================================
[2026-09-17T15:44:03.168+0000] {manager.py:878} INFO - 
================================================================================
DAG File Processing Stats

File Path                            PID    Runtime      # DAGs    # Errors  Last Runtime    Last Run
-----------------------------------  -----  ---------  --------  ----------  --------------  -------------------
/opt/airflow/dags/dag_extraction.py                           1           0  13.00s          2026-09-17T15:44:00
/opt/airflow/dags/dag_updating.py                             1           0  0.14s           2026-09-17T15:43:37
================================================================================
[2026-09-17T15:44:33.676+0000] {manager.py:878} INFO - 
================================================================================
DAG File Processing Stats

File Path                            PID    Runtime      # DAGs    # Errors  Last Runtime    Last Run
-----------------------------------  -----  ---------  --------  ----------  --------------  -------------------
/opt/airflow/dags/dag_extraction.py                           1           0  11.29s          2026-09-17T15:44:30
/opt/airflow/dags/dag_updating.py                             1           0  0.14s           2026-09-17T15:44:07
================================================================================
[2026-09-17T15:45:03.934+0000] {manager.py:878} INFO - 
================================================================================
DAG File Processing Stats

File Path                              PID  Runtime      # DAGs    # Errors  Last Runtime    Last Run
-----------------------------------  -----  ---------  --------  ----------  --------------  -------------------
/opt/airflow/dags/dag_extraction.py   2512  3.02s             1           0  11.29s          2026-09-17T15:44:30
/opt/airflow/dags/dag_updating.py                             1           0  0.15s           2026-09-17T15:44:37
================================================================================
[2026-09-17T15:45:34.325+0000] {manager.py:878} INFO - 
================================================================================
DAG File Processing Stats

File Path                            PID    Runtime      # DAGs    # Errors  Last Runtime    Last Run
-----------------------------------  -----  ---------  --------  ----------  --------------  -------------------
/opt/airflow/dags/dag_extraction.py                           1           0  12.48s          2026-09-17T15:45:13
/opt/airflow/dags/dag_updating.py                             1           0  0.15s           2026-09-17T15:45:08
================================================================================
[2026-09-17T15:46:04.602+0000] {manager.py:878} INFO - 
================================================================================
DAG File Processing Stats

File Path                            PID    Runtime      # DAGs    # Errors  Last Runtime    Last Run
-----------------------------------  -----  ---------  --------  ----------  --------------  -------------------
/opt/airflow/dags/dag_extraction.py                           1           0  11.19s          2026-09-17T15:45:54
/opt/airflow/dags/dag_updating.py                             1           0  0.16s           2026-09-17T15:45:38
================================================================================
[2026-09-17T15:46:34.912+0000] {manager.py:878} INFO - 
================================================================================
DAG File Processing Stats

File Path                              PID  Runtime      # DAGs    # Errors  Last Runtime    Last Run
-----------------------------------  -----  ---------  --------  ----------  --------------  -------------------
/opt/airflow/dags/dag_extraction.py   2539  10.07s            1           0  11.19s          2026-09-17T15:45:54
/opt/airflow/dags/dag_updating.py                             1           0  0.17s           2026-09-17T15:46:08
================================================================================
[2026-09-17T15:47:05.197+0000] {manager.py:878} INFO - 
================================================================================
DAG File Processing Stats

File Path                            PID    Runtime      # DAGs    # Errors  Last Runtime    Last Run
-----------------------------------  -----  ---------  --------  ----------  --------------  -------------------
/opt/airflow/dags/dag_extraction.py                           1           0  13.12s          2026-09-17T15:46:37
/opt/airflow/dags/dag_updating.py                             1           0  0.14s           2026-09-17T15:46:39
================================================================================
[2026-09-17T15:47:35.282+0000] {manager.py:878} INFO - 
================================================================================
DAG File Processing Stats

File Path                            PID    Runtime      # DAGs    # Errors  Last Runtime    Last Run
-----------------------------------  -----  ---------  --------  ----------  --------------  -------------------
/opt/airflow/dags/dag_extraction.py                           1           0  11.89s          2026-09-17T15:47:20
/opt/airflow/dags/dag_updating.py                             1           0  0.16s           2026-09-17T15:47:09
================================================================================
[2026-09-17T15:47:45.787+0000] {manager.py:737} INFO - Searching for files in /opt/airflow/dags
[2026-09-17T15:47:45.823+0000] {manager.py:740} INFO - There are 2 files in /opt/airflow/dags
[2026-09-17T15:48:05.885+0000] {manager.py:878} INFO - 
================================================================================
DAG File Processing Stats

File Path                            PID    Runtime      # DAGs    # Errors  Last Runtime    Last Run
-----------------------------------  -----  ---------  --------  ----------  --------------  -------------------
/opt/airflow/dags/dag_extraction.py                           1           0  10.96s          2026-09-17T15:48:01
/opt/airflow/dags/dag_updating.py                             1           0  0.14s           2026-09-17T15:47:39
================================================================================
[2026-09-17T15:48:36.172+0000] {manager.py:878} INFO - 
================================================================================
DAG File Processing Stats

File Path                              PID  Runtime      # DAGs    # Errors  Last Runtime    Last Run
-----------------------------------  -----  ---------  --------  ----------  --------------  -------------------
/opt/airflow/dags/dag_extraction.py   2570  4.04s             1           0  10.96s          2026-09-17T15:48:01
/opt/airflow/dags/dag_updating.py                             1           0  0.13s           2026-09-17T15:48:10
================================================================================
[2026-09-17T15:49:06.319+0000] {manager.py:878} INFO - 
================================================================================
DAG File Processing Stats

File Path                            PID    Runtime      # DAGs    # Errors  Last Runtime    Last Run
-----------------------------------  -----  ---------  --------  ----------  --------------  -------------------
/opt/airflow/dags/dag_extraction.py                           1           0  10.96s          2026-09-17T15:48:43
/opt/airflow/dags/dag_updating.py                             1           0  0.15s           2026-09-17T15:48:40
================================================================================
[2026-09-17T15:49:36.785+0000] {manager.py:878} INFO - 
================================================================================
DAG File Processing Stats

File Path                            PID    Runtime      # DAGs    # Errors  Last Runtime    Last Run
-----------------------------------  -----  ---------  --------  ----------  --------------  -------------------
/opt/airflow/dags/dag_extraction.py                           1           0  11.02s          2026-09-17T15:49:24
/opt/airflow/dags/dag_updating.py                             1           0  0.13s           2026-09-17T15:49:10
================================================================================
[2026-09-17T15:50:07.200+0000] {manager.py:878} INFO - 
================================================================================
DAG File Processing Stats

File Path                            PID    Runtime      # DAGs    # Errors  Last Runtime    Last Run
-----------------------------------  -----  ---------  --------  ----------  --------------  -------------------
/opt/airflow/dags/dag_extraction.py                           1           0  11.48s          2026-09-17T15:50:06
/opt/airflow/dags/dag_updating.py                             1           0  0.14s           2026-09-17T15:49:40
================================================================================
[2026-09-17T15:50:37.481+0000] {manager.py:878} INFO - 
================================================================================
DAG File Processing Stats

File Path                              PID  Runtime      # DAGs    # Errors  Last Runtime    Last Run
-----------------------------------  -----  ---------  --------  ----------  --------------  -------------------
/opt/airflow/dags/dag_extraction.py   2601  0.86s             1           0  11.48s          2026-09-17T15:50:06
/opt/airflow/dags/dag_updating.py                             1           0  0.17s           2026-09-17T15:50:11
================================================================================
[2026-09-17T15:51:07.907+0000] {manager.py:878} INFO - 
================================================================================
DAG File Processing Stats

File Path                            PID    Runtime      # DAGs    # Errors  Last Runtime    Last Run
-----------------------------------  -----  ---------  --------  ----------  --------------  -------------------
/opt/airflow/dags/dag_extraction.py                           1           0  14.22s          2026-09-17T15:50:50
/opt/airflow/dags/dag_updating.py                             1           0  0.16s           2026-09-17T15:50:41
================================================================================
[2026-09-17T15:51:38.096+0000] {manager.py:878} INFO - 
================================================================================
DAG File Processing Stats

File Path                            PID    Runtime      # DAGs    # Errors  Last Runtime    Last Run
-----------------------------------  -----  ---------  --------  ----------  --------------  -------------------
/opt/airflow/dags/dag_extraction.py                           1           0  10.97s          2026-09-17T15:51:32
/opt/airflow/dags/dag_updating.py                             1           0  0.16s           2026-09-17T15:51:12
================================================================================
[2026-09-17T15:52:08.389+0000] {manager.py:878} INFO - 
================================================================================
DAG File Processing Stats

File Path                              PID  Runtime      # DAGs    # Errors  Last Runtime    Last Run
-----------------------------------  -----  ---------  --------  ----------  --------------  -------------------
/opt/airflow/dags/dag_extraction.py   2628  6.05s             1           0  10.97s          2026-09-17T15:51:32
/opt/airflow/dags/dag_updating.py                             1           0  0.20s           2026-09-17T15:51:42
================================================================================
[2026-09-17T15:52:38.873+0000] {manager.py:878} INFO - 
================================================================================
DAG File Processing Stats

File Path                            PID    Runtime      # DAGs    # Errors  Last Runtime    Last Run
-----------------------------------  -----  ---------  --------  ----------  --------------  -------------------
/opt/airflow/dags/dag_extraction.py                           1           0  10.31s          2026-09-17T15:52:12
/opt/airflow/dags/dag_updating.py                             1           0  0.16s           2026-09-17T15:52:12
================================================================================
[2026-09-17T15:52:45.976+0000] {manager.py:737} INFO - Searching for files in /opt/airflow/dags
[2026-09-17T15:52:46.019+0000] {manager.py:740} INFO - There are 2 files in /opt/airflow/dags
[2026-09-17T15:53:09.029+0000] {manager.py:878} INFO - 
================================================================================
DAG File Processing Stats

File Path                            PID    Runtime      # DAGs    # Errors  Last Runtime    Last Run
-----------------------------------  -----  ---------  --------  ----------  --------------  -------------------
/opt/airflow/dags/dag_extraction.py                           1           0  10.97s          2026-09-17T15:52:53
/opt/airflow/dags/dag_updating.py                             1           0  0.17s           2026-09-17T15:52:43
================================================================================
[2026-09-17T15:53:39.103+0000] {manager.py:878} INFO - 
================================================================================
DAG File Processing Stats

File Path                            PID    Runtime      # DAGs    # Errors  Last Runtime    Last Run
-----------------------------------  -----  ---------  --------  ----------  --------------  -------------------
/opt/airflow/dags/dag_extraction.py                           1           0  11.57s          2026-09-17T15:53:36
/opt/airflow/dags/dag_updating.py                             1           0  0.14s           2026-09-17T15:53:13
================================================================================
[2026-09-17T15:54:09.161+0000] {manager.py:878} INFO - 
================================================================================
DAG File Processing Stats

File Path                              PID  Runtime      # DAGs    # Errors  Last Runtime    Last Run
-----------------------------------  -----  ---------  --------  ----------  --------------  -------------------
/opt/airflow/dags/dag_extraction.py   2659  3.04s             1           0  11.57s          2026-09-17T15:53:36
/opt/airflow/dags/dag_updating.py                             1           0  0.14s           2026-09-17T15:53:43
================================================================================
[2026-09-17T15:54:39.518+0000] {manager.py:878} INFO - 
================================================================================
DAG File Processing Stats

File Path                            PID    Runtime      # DAGs    # Errors  Last Runtime    Last Run
-----------------------------------  -----  ---------  --------  ----------  --------------  -------------------
/opt/airflow/dags/dag_extraction.py                           1           0  12.43s          2026-09-17T15:54:18
/opt/airflow/dags/dag_updating.py                             1           0  0.14s           2026-09-17T15:54:14
================================================================================
[2026-09-17T15:55:09.636+0000] {manager.py:878} INFO - 
================================================================================
DAG File Processing Stats

File Path                            PID    Runtime      # DAGs    # Errors  Last Runtime    Last Run
-----------------------------------  -----  ---------  --------  ----------  --------------  -------------------
/opt/airflow/dags/dag_extraction.py                           1           0  10.92s          2026-09-17T15:54:59
/opt/airflow/dags/dag_updating.py                             1           0  0.15s           2026-09-17T15:54:44
================================================================================
[2026-09-17T15:55:40.242+0000] {manager.py:878} INFO - 
================================================================================
DAG File Processing Stats

File Path                              PID  Runtime      # DAGs    # Errors  Last Runtime    Last Run
-----------------------------------  -----  ---------  --------  ----------  --------------  -------------------
/opt/airflow/dags/dag_extraction.py   2682  10.09s            1           0  10.92s          2026-09-17T15:54:59
/opt/airflow/dags/dag_updating.py                             1           0  0.16s           2026-09-17T15:55:15
================================================================================
[2026-09-17T15:56:10.612+0000] {manager.py:878} INFO - 
================================================================================
DAG File Processing Stats

File Path                            PID    Runtime      # DAGs    # Errors  Last Runtime    Last Run
-----------------------------------  -----  ---------  --------  ----------  --------------  -------------------
/opt/airflow/dags/dag_extraction.py                           1           0  11.45s          2026-09-17T15:55:41
/opt/airflow/dags/dag_updating.py                             1           0  0.17s           2026-09-17T15:55:45
================================================================================
[2026-09-17T15:56:41.042+0000] {manager.py:878} INFO - 
================================================================================
DAG File Processing Stats

File Path                              PID  Runtime      # DAGs    # Errors  Last Runtime    Last Run
-----------------------------------  -----  ---------  --------  ----------  --------------  -------------------
/opt/airflow/dags/dag_extraction.py   2698  2.70s             1           0  11.56s          2026-09-17T15:56:23
/opt/airflow/dags/dag_updating.py                             1           0  0.13s           2026-09-17T15:56:15
================================================================================
[2026-09-17T15:57:11.454+0000] {manager.py:878} INFO - 
================================================================================
DAG File Processing Stats

File Path                            PID    Runtime      # DAGs    # Errors  Last Runtime    Last Run
-----------------------------------  -----  ---------  --------  ----------  --------------  -------------------
/opt/airflow/dags/dag_extraction.py                           1           0  10.43s          2026-09-17T15:57:01
/opt/airflow/dags/dag_updating.py                             1           0  0.14s           2026-09-17T15:56:46
================================================================================
[2026-09-17T15:57:41.469+0000] {manager.py:878} INFO - 
================================================================================
DAG File Processing Stats

File Path                            PID    Runtime      # DAGs    # Errors  Last Runtime    Last Run
-----------------------------------  -----  ---------  --------  ----------  --------------  -------------------
/opt/airflow/dags/dag_extraction.py                           1           0  9.73s           2026-09-17T15:57:41
/opt/airflow/dags/dag_updating.py                             1           0  0.15s           2026-09-17T15:57:16
================================================================================
[2026-09-17T15:57:46.516+0000] {manager.py:737} INFO - Searching for files in /opt/airflow/dags
[2026-09-17T15:57:46.556+0000] {manager.py:740} INFO - There are 2 files in /opt/airflow/dags
[2026-09-17T15:58:12.122+0000] {manager.py:878} INFO - 
================================================================================
DAG File Processing Stats

File Path                              PID  Runtime      # DAGs    # Errors  Last Runtime    Last Run
-----------------------------------  -----  ---------  --------  ----------  --------------  -------------------
/opt/airflow/dags/dag_extraction.py   2729  0.00s             1           0  9.73s           2026-09-17T15:57:41
/opt/airflow/dags/dag_updating.py                             1           0  0.16s           2026-09-17T15:57:47
================================================================================
[2026-09-17T15:58:42.590+0000] {manager.py:878} INFO - 
================================================================================
DAG File Processing Stats

File Path                            PID    Runtime      # DAGs    # Errors  Last Runtime    Last Run
-----------------------------------  -----  ---------  --------  ----------  --------------  -------------------
/opt/airflow/dags/dag_extraction.py                           1           0  11.40s          2026-09-17T15:58:23
/opt/airflow/dags/dag_updating.py                             1           0  0.16s           2026-09-17T15:58:17
================================================================================
[2026-09-17T15:59:13.026+0000] {manager.py:878} INFO - 
================================================================================
DAG File Processing Stats

File Path                            PID    Runtime      # DAGs    # Errors  Last Runtime    Last Run
-----------------------------------  -----  ---------  --------  ----------  --------------  -------------------
/opt/airflow/dags/dag_extraction.py                           1           0  10.71s          2026-09-17T15:59:04
/opt/airflow/dags/dag_updating.py                             1           0  0.16s           2026-09-17T15:58:47
================================================================================
[2026-09-17T15:59:43.322+0000] {manager.py:878} INFO - 
================================================================================
DAG File Processing Stats

File Path                              PID  Runtime      # DAGs    # Errors  Last Runtime    Last Run
-----------------------------------  -----  ---------  --------  ----------  --------------  -------------------
/opt/airflow/dags/dag_extraction.py   2752  8.08s             1           0  10.71s          2026-09-17T15:59:04
/opt/airflow/dags/dag_updating.py                             1           0  0.15s           2026-09-17T15:59:18
================================================================================
[2026-09-17T16:00:13.655+0000] {manager.py:878} INFO - 
================================================================================
DAG File Processing Stats

File Path                            PID    Runtime      # DAGs    # Errors  Last Runtime    Last Run
-----------------------------------  -----  ---------  --------  ----------  --------------  -------------------
/opt/airflow/dags/dag_extraction.py                           1           0  11.12s          2026-09-17T15:59:46
/opt/airflow/dags/dag_updating.py                             1           0  0.14s           2026-09-17T15:59:48
================================================================================
[2026-09-17T16:00:43.686+0000] {manager.py:878} INFO - 
================================================================================
DAG File Processing Stats

File Path                            PID    Runtime      # DAGs    # Errors  Last Runtime    Last Run
-----------------------------------  -----  ---------  --------  ----------  --------------  -------------------
/opt/airflow/dags/dag_extraction.py                           1           0  12.88s          2026-09-17T16:00:29
/opt/airflow/dags/dag_updating.py                             1           0  0.16s           2026-09-17T16:00:18
================================================================================
[2026-09-17T16:01:13.905+0000] {manager.py:878} INFO - 
================================================================================
DAG File Processing Stats

File Path                            PID    Runtime      # DAGs    # Errors  Last Runtime    Last Run
-----------------------------------  -----  ---------  --------  ----------  --------------  -------------------
/opt/airflow/dags/dag_extraction.py                           1           0  11.57s          2026-09-17T16:01:11
/opt/airflow/dags/dag_updating.py                             1           0  0.14s           2026-09-17T16:00:49
================================================================================
[2026-09-17T16:01:43.978+0000] {manager.py:878} INFO - 
================================================================================
DAG File Processing Stats

File Path                              PID  Runtime      # DAGs    # Errors  Last Runtime    Last Run
-----------------------------------  -----  ---------  --------  ----------  --------------  -------------------
/opt/airflow/dags/dag_extraction.py   2783  2.02s             1           0  11.57s          2026-09-17T16:01:11
/opt/airflow/dags/dag_updating.py                             1           0  0.13s           2026-09-17T16:01:19
================================================================================
[2026-09-17T16:02:14.303+0000] {manager.py:878} INFO - 
================================================================================
DAG File Processing Stats

File Path                            PID    Runtime      # DAGs    # Errors  Last Runtime    Last Run
-----------------------------------  -----  ---------  --------  ----------  --------------  -------------------
/opt/airflow/dags/dag_extraction.py                           1           0  11.19s          2026-09-17T16:01:53
/opt/airflow/dags/dag_updating.py                             1           0  0.13s           2026-09-17T16:01:50
================================================================================
[2026-09-17T16:02:44.314+0000] {manager.py:878} INFO - 
================================================================================
DAG File Processing Stats

File Path                            PID    Runtime      # DAGs    # Errors  Last Runtime    Last Run
-----------------------------------  -----  ---------  --------  ----------  --------------  -------------------
/opt/airflow/dags/dag_extraction.py                           1           0  11.78s          2026-09-17T16:02:35
/opt/airflow/dags/dag_updating.py                             1           0  0.13s           2026-09-17T16:02:20
================================================================================
[2026-09-17T16:02:46.723+0000] {manager.py:737} INFO - Searching for files in /opt/airflow/dags
[2026-09-17T16:02:46.759+0000] {manager.py:740} INFO - There are 2 files in /opt/airflow/dags
[2026-09-17T16:03:15.069+0000] {manager.py:878} INFO - 
================================================================================
DAG File Processing Stats

File Path                              PID  Runtime      # DAGs    # Errors  Last Runtime    Last Run
-----------------------------------  -----  ---------  --------  ----------  --------------  -------------------
/opt/airflow/dags/dag_extraction.py   2810  9.09s             1           0  11.78s          2026-09-17T16:02:35
/opt/airflow/dags/dag_updating.py                             1           0  0.15s           2026-09-17T16:02:50
================================================================================
[2026-09-17T16:03:45.469+0000] {manager.py:878} INFO - 
================================================================================
DAG File Processing Stats

File Path                            PID    Runtime      # DAGs    # Errors  Last Runtime    Last Run
-----------------------------------  -----  ---------  --------  ----------  --------------  -------------------
/opt/airflow/dags/dag_extraction.py                           1           0  10.91s          2026-09-17T16:03:16
/opt/airflow/dags/dag_updating.py                             1           0  0.14s           2026-09-17T16:03:21
================================================================================
[2026-09-17T16:04:15.698+0000] {manager.py:878} INFO - 
================================================================================
DAG File Processing Stats

File Path                            PID    Runtime      # DAGs    # Errors  Last Runtime    Last Run
-----------------------------------  -----  ---------  --------  ----------  --------------  -------------------
/opt/airflow/dags/dag_extraction.py                           1           0  11.97s          2026-09-17T16:03:59
/opt/airflow/dags/dag_updating.py                             1           0  0.34s           2026-09-17T16:03:51
================================================================================
[2026-09-17T16:04:45.784+0000] {manager.py:878} INFO - 
================================================================================
DAG File Processing Stats

File Path                            PID    Runtime      # DAGs    # Errors  Last Runtime    Last Run
-----------------------------------  -----  ---------  --------  ----------  --------------  -------------------
/opt/airflow/dags/dag_extraction.py                           1           0  11.99s          2026-09-17T16:04:41
/opt/airflow/dags/dag_updating.py                             1           0  0.30s           2026-09-17T16:04:22
================================================================================
[2026-09-17T16:05:16.202+0000] {manager.py:878} INFO - 
================================================================================
DAG File Processing Stats

File Path                              PID  Runtime      # DAGs    # Errors  Last Runtime    Last Run
-----------------------------------  -----  ---------  --------  ----------  --------------  -------------------
/opt/airflow/dags/dag_extraction.py   2841  4.07s             1           0  11.99s          2026-09-17T16:04:41
/opt/airflow/dags/dag_updating.py                             1           0  0.22s           2026-09-17T16:04:52
================================================================================
[2026-09-17T16:05:36.517+0000] {manager.py:452} INFO - Exiting gracefully upon receiving signal 15
[2026-09-17T16:06:46.969+0000] {manager.py:470} INFO - Processing files using up to 2 processes at a time 
[2026-09-17T16:06:46.973+0000] {manager.py:471} INFO - Process each file at most once every 30 seconds
[2026-09-17T16:06:46.976+0000] {manager.py:472} INFO - Checking for new files in /opt/airflow/dags every 300 seconds
[2026-09-17T16:06:46.979+0000] {manager.py:737} INFO - Searching for files in /opt/airflow/dags
[2026-09-17T16:06:47.062+0000] {manager.py:740} INFO - There are 2 files in /opt/airflow/dags
[2026-09-17T16:06:47.405+0000] {manager.py:878} INFO - 
================================================================================
DAG File Processing Stats

File Path                              PID  Runtime      # DAGs    # Errors  Last Runtime    Last Run
-----------------------------------  -----  ---------  --------  ----------  --------------  ----------
/opt/airflow/dags/dag_extraction.py     61  0.17s             0           0
/opt/airflow/dags/dag_updating.py       62  0.14s             0           0
================================================================================
[2026-09-17T16:07:17.709+0000] {manager.py:878} INFO - 
================================================================================
DAG File Processing Stats

File Path                            PID    Runtime      # DAGs    # Errors  Last Runtime    Last Run
-----------------------------------  -----  ---------  --------  ----------  --------------  -------------------
/opt/airflow/dags/dag_extraction.py                           1           0  14.77s          2026-09-17T16:07:01
/opt/airflow/dags/dag_updating.py                             1           0  0.94s           2026-09-17T16:06:48
================================================================================
[2026-09-17T16:07:47.807+0000] {manager.py:878} INFO - 
================================================================================
DAG File Processing Stats

File Path                            PID    Runtime      # DAGs    # Errors  Last Runtime    Last Run
-----------------------------------  -----  ---------  --------  ----------  --------------  -------------------
/opt/airflow/dags/dag_extraction.py                           1           0  12.97s          2026-09-17T16:07:45
/opt/airflow/dags/dag_updating.py                             1           0  0.24s           2026-09-17T16:07:18
================================================================================
[2026-09-17T16:08:18.223+0000] {manager.py:878} INFO - 
================================================================================
DAG File Processing Stats

File Path                              PID  Runtime      # DAGs    # Errors  Last Runtime    Last Run
-----------------------------------  -----  ---------  --------  ----------  --------------  -------------------
/opt/airflow/dags/dag_extraction.py     84  2.66s             1           0  12.97s          2026-09-17T16:07:45
/opt/airflow/dags/dag_updating.py                             1           0  0.38s           2026-09-17T16:07:49
================================================================================
[2026-09-17T16:08:48.930+0000] {manager.py:878} INFO - 
================================================================================
DAG File Processing Stats

File Path                            PID    Runtime      # DAGs    # Errors  Last Runtime    Last Run
-----------------------------------  -----  ---------  --------  ----------  --------------  -------------------
/opt/airflow/dags/dag_extraction.py                           1           0  12.08s          2026-09-17T16:08:27
/opt/airflow/dags/dag_updating.py                             1           0  0.42s           2026-09-17T16:08:19
================================================================================
[2026-09-17T16:09:19.728+0000] {manager.py:878} INFO - 
================================================================================
DAG File Processing Stats

File Path                            PID    Runtime      # DAGs    # Errors  Last Runtime    Last Run
-----------------------------------  -----  ---------  --------  ----------  --------------  -------------------
/opt/airflow/dags/dag_extraction.py                           1           0  12.42s          2026-09-17T16:09:10
/opt/airflow/dags/dag_updating.py                             1           0  0.37s           2026-09-17T16:08:50
================================================================================
[2026-09-17T16:09:50.214+0000] {manager.py:878} INFO - 
================================================================================
DAG File Processing Stats

File Path                              PID  Runtime      # DAGs    # Errors  Last Runtime    Last Run
-----------------------------------  -----  ---------  --------  ----------  --------------  -------------------
/opt/airflow/dags/dag_extraction.py    107  9.13s             1           0  12.42s          2026-09-17T16:09:10
/opt/airflow/dags/dag_updating.py                             1           0  0.43s           2026-09-17T16:09:21
================================================================================
[2026-09-17T16:10:20.332+0000] {manager.py:878} INFO - 
================================================================================
DAG File Processing Stats

File Path                            PID    Runtime      # DAGs    # Errors  Last Runtime    Last Run
-----------------------------------  -----  ---------  --------  ----------  --------------  -------------------
/opt/airflow/dags/dag_extraction.py                           1           0  13.80s          2026-09-17T16:09:54
/opt/airflow/dags/dag_updating.py                             1           0  0.32s           2026-09-17T16:09:51
================================================================================
[2026-09-17T16:10:50.867+0000] {manager.py:878} INFO - 
================================================================================
DAG File Processing Stats

File Path                            PID    Runtime      # DAGs    # Errors  Last Runtime    Last Run
-----------------------------------  -----  ---------  --------  ----------  --------------  -------------------
/opt/airflow/dags/dag_extraction.py                           1           0  14.41s          2026-09-17T16:10:39
/opt/airflow/dags/dag_updating.py                             1           0  0.42s           2026-09-17T16:10:22
================================================================================
[2026-09-17T16:11:21.394+0000] {manager.py:878} INFO - 
================================================================================
DAG File Processing Stats

File Path                              PID  Runtime      # DAGs    # Errors  Last Runtime    Last Run
-----------------------------------  -----  ---------  --------  ----------  --------------  -------------------
/opt/airflow/dags/dag_extraction.py    130  11.14s            1           0  14.41s          2026-09-17T16:10:39
/opt/airflow/dags/dag_updating.py                             1           0  0.29s           2026-09-17T16:10:53
================================================================================
[2026-09-17T16:11:47.936+0000] {manager.py:737} INFO - Searching for files in /opt/airflow/dags
[2026-09-17T16:11:48.081+0000] {manager.py:740} INFO - There are 2 files in /opt/airflow/dags
[2026-09-17T16:11:52.179+0000] {manager.py:878} INFO - 
================================================================================
DAG File Processing Stats

File Path                            PID    Runtime      # DAGs    # Errors  Last Runtime    Last Run
-----------------------------------  -----  ---------  --------  ----------  --------------  -------------------
/opt/airflow/dags/dag_extraction.py                           1           0  13.38s          2026-09-17T16:11:23
/opt/airflow/dags/dag_updating.py                             1           0  0.27s           2026-09-17T16:11:23
================================================================================
[2026-09-17T16:12:22.984+0000] {manager.py:878} INFO - 
================================================================================
DAG File Processing Stats

File Path                            PID    Runtime      # DAGs    # Errors  Last Runtime    Last Run
-----------------------------------  -----  ---------  --------  ----------  --------------  -------------------
/opt/airflow/dags/dag_extraction.py                           1           0  13.72s          2026-09-17T16:12:07
/opt/airflow/dags/dag_updating.py                             1           0  0.33s           2026-09-17T16:11:54
================================================================================
[2026-09-17T16:12:53.236+0000] {manager.py:878} INFO - 
================================================================================
DAG File Processing Stats

File Path                            PID    Runtime      # DAGs    # Errors  Last Runtime    Last Run
-----------------------------------  -----  ---------  --------  ----------  --------------  -------------------
/opt/airflow/dags/dag_extraction.py                           1           0  11.84s          2026-09-17T16:12:50
/opt/airflow/dags/dag_updating.py                             1           0  0.26s           2026-09-17T16:12:25
================================================================================
[2026-09-17T16:13:23.298+0000] {manager.py:878} INFO - 
================================================================================
DAG File Processing Stats

File Path                              PID  Runtime      # DAGs    # Errors  Last Runtime    Last Run
-----------------------------------  -----  ---------  --------  ----------  --------------  -------------------
/opt/airflow/dags/dag_extraction.py    167  3.05s             1           0  11.84s          2026-09-17T16:12:50
/opt/airflow/dags/dag_updating.py                             1           0  0.25s           2026-09-17T16:12:55
================================================================================
[2026-09-17T16:13:53.385+0000] {manager.py:878} INFO - 
================================================================================
DAG File Processing Stats

File Path                            PID    Runtime      # DAGs    # Errors  Last Runtime    Last Run
-----------------------------------  -----  ---------  --------  ----------  --------------  -------------------
/opt/airflow/dags/dag_extraction.py                           1           0  14.93s          2026-09-17T16:13:35
/opt/airflow/dags/dag_updating.py                             1           0  0.38s           2026-09-17T16:13:26
================================================================================
[2026-09-17T16:14:23.633+0000] {manager.py:878} INFO - 
================================================================================
DAG File Processing Stats

File Path                            PID    Runtime      # DAGs    # Errors  Last Runtime    Last Run
-----------------------------------  -----  ---------  --------  ----------  --------------  -------------------
/opt/airflow/dags/dag_extraction.py                           1           0  13.68s          2026-09-17T16:14:19
/opt/airflow/dags/dag_updating.py                             1           0  0.31s           2026-09-17T16:13:57
================================================================================
[2026-09-17T16:14:54.147+0000] {manager.py:878} INFO - 
================================================================================
DAG File Processing Stats

File Path                              PID  Runtime      # DAGs    # Errors  Last Runtime    Last Run
-----------------------------------  -----  ---------  --------  ----------  --------------  -------------------
/opt/airflow/dags/dag_extraction.py    195  5.07s             1           0  13.68s          2026-09-17T16:14:19
/opt/airflow/dags/dag_updating.py                             1           0  0.26s           2026-09-17T16:14:27
================================================================================
[2026-09-17T16:15:24.534+0000] {manager.py:878} INFO - 
================================================================================
DAG File Processing Stats

File Path                            PID    Runtime      # DAGs    # Errors  Last Runtime    Last Run
-----------------------------------  -----  ---------  --------  ----------  --------------  -------------------
/opt/airflow/dags/dag_extraction.py                           1           0  14.19s          2026-09-17T16:15:03
/opt/airflow/dags/dag_updating.py                             1           0  0.32s           2026-09-17T16:14:58
================================================================================
[2026-09-17T16:15:54.600+0000] {manager.py:878} INFO - 
================================================================================
DAG File Processing Stats

File Path                            PID    Runtime      # DAGs    # Errors  Last Runtime    Last Run
-----------------------------------  -----  ---------  --------  ----------  --------------  -------------------
/opt/airflow/dags/dag_extraction.py                           1           0  16.85s          2026-09-17T16:15:50
/opt/airflow/dags/dag_updating.py                             1           0  0.26s           2026-09-17T16:15:28
================================================================================
[2026-09-17T16:16:24.965+0000] {manager.py:878} INFO - 
================================================================================
DAG File Processing Stats

File Path                              PID  Runtime      # DAGs    # Errors  Last Runtime    Last Run
-----------------------------------  -----  ---------  --------  ----------  --------------  -------------------
/opt/airflow/dags/dag_extraction.py    218  4.04s             1           0  16.85s          2026-09-17T16:15:50
/opt/airflow/dags/dag_updating.py                             1           0  0.39s           2026-09-17T16:15:59
================================================================================
[2026-09-17T16:16:35.851+0000] {manager.py:452} INFO - Exiting gracefully upon receiving signal 15
[2026-09-17T16:18:28.714+0000] {manager.py:470} INFO - Processing files using up to 2 processes at a time 
[2026-09-17T16:18:28.720+0000] {manager.py:471} INFO - Process each file at most once every 30 seconds
[2026-09-17T16:18:28.724+0000] {manager.py:472} INFO - Checking for new files in /opt/airflow/dags every 300 seconds
[2026-09-17T16:18:28.727+0000] {manager.py:737} INFO - Searching for files in /opt/airflow/dags
[2026-09-17T16:18:28.784+0000] {manager.py:740} INFO - There are 2 files in /opt/airflow/dags
[2026-09-17T16:18:28.999+0000] {manager.py:878} INFO - 
================================================================================
DAG File Processing Stats

File Path                              PID  Runtime      # DAGs    # Errors  Last Runtime    Last Run
-----------------------------------  -----  ---------  --------  ----------  --------------  ----------
/opt/airflow/dags/dag_extraction.py     54  0.10s             0           0
/opt/airflow/dags/dag_updating.py       55  0.08s             0           0
================================================================================
[2026-09-17T16:18:59.293+0000] {manager.py:878} INFO - 
================================================================================
DAG File Processing Stats

File Path                            PID    Runtime      # DAGs    # Errors  Last Runtime    Last Run
-----------------------------------  -----  ---------  --------  ----------  --------------  -------------------
/opt/airflow/dags/dag_extraction.py                           1           0  16.22s          2026-09-17T16:18:45
/opt/airflow/dags/dag_updating.py                             1           0  0.64s           2026-09-17T16:18:29
================================================================================
[2026-09-17T16:19:29.657+0000] {manager.py:878} INFO - 
================================================================================
DAG File Processing Stats

File Path                            PID    Runtime      # DAGs    # Errors  Last Runtime    Last Run
-----------------------------------  -----  ---------  --------  ----------  --------------  -------------------
/opt/airflow/dags/dag_extraction.py                           1           0  10.63s          2026-09-17T16:19:26
/opt/airflow/dags/dag_updating.py                             1           0  0.33s           2026-09-17T16:19:00
================================================================================
[2026-09-17T16:20:00.065+0000] {manager.py:878} INFO - 
================================================================================
DAG File Processing Stats

File Path                              PID  Runtime      # DAGs    # Errors  Last Runtime    Last Run
-----------------------------------  -----  ---------  --------  ----------  --------------  -------------------
/opt/airflow/dags/dag_extraction.py     83  3.68s             1           0  10.63s          2026-09-17T16:19:26
/opt/airflow/dags/dag_updating.py                             1           0  0.37s           2026-09-17T16:19:31
================================================================================
[2026-09-17T16:20:30.718+0000] {manager.py:878} INFO - 
================================================================================
DAG File Processing Stats

File Path                            PID    Runtime      # DAGs    # Errors  Last Runtime    Last Run
-----------------------------------  -----  ---------  --------  ----------  --------------  -------------------
/opt/airflow/dags/dag_extraction.py                           1           0  14.07s          2026-09-17T16:20:10
/opt/airflow/dags/dag_updating.py                             1           0  0.38s           2026-09-17T16:20:01
================================================================================
[2026-09-17T16:21:00.757+0000] {manager.py:878} INFO - 
================================================================================
DAG File Processing Stats

File Path                            PID    Runtime      # DAGs    # Errors  Last Runtime    Last Run
-----------------------------------  -----  ---------  --------  ----------  --------------  -------------------
/opt/airflow/dags/dag_extraction.py                           1           0  16.71s          2026-09-17T16:20:57
/opt/airflow/dags/dag_updating.py                             1           0  0.28s           2026-09-17T16:20:32
================================================================================
[2026-09-17T16:21:30.791+0000] {manager.py:878} INFO - 
================================================================================
DAG File Processing Stats

File Path                              PID  Runtime      # DAGs    # Errors  Last Runtime    Last Run
-----------------------------------  -----  ---------  --------  ----------  --------------  -------------------
/opt/airflow/dags/dag_extraction.py    106  3.05s             1           0  16.71s          2026-09-17T16:20:57
/opt/airflow/dags/dag_updating.py                             1           0  0.28s           2026-09-17T16:21:02
================================================================================
[2026-09-17T16:22:01.252+0000] {manager.py:878} INFO - 
================================================================================
DAG File Processing Stats

File Path                            PID    Runtime      # DAGs    # Errors  Last Runtime    Last Run
-----------------------------------  -----  ---------  --------  ----------  --------------  -------------------
/opt/airflow/dags/dag_extraction.py                           1           0  15.27s          2026-09-17T16:21:43
/opt/airflow/dags/dag_updating.py                             1           0  0.23s           2026-09-17T16:21:33
================================================================================
[2026-09-17T16:22:31.798+0000] {manager.py:878} INFO - 
================================================================================
DAG File Processing Stats

File Path                              PID  Runtime      # DAGs    # Errors  Last Runtime    Last Run
-----------------------------------  -----  ---------  --------  ----------  --------------  -------------------
/opt/airflow/dags/dag_extraction.py    121  18.24s            1           0  15.27s          2026-09-17T16:21:43
/opt/airflow/dags/dag_updating.py                             1           0  0.22s           2026-09-17T16:22:03
================================================================================
[2026-09-17T16:23:02.260+0000] {manager.py:878} INFO - 
================================================================================
DAG File Processing Stats

File Path                            PID    Runtime      # DAGs    # Errors  Last Runtime    Last Run
-----------------------------------  -----  ---------  --------  ----------  --------------  -------------------
/opt/airflow/dags/dag_extraction.py                           1           0  19.31s          2026-09-17T16:22:32
/opt/airflow/dags/dag_updating.py                             1           0  0.39s           2026-09-17T16:22:34
================================================================================
[2026-09-17T16:23:28.845+0000] {manager.py:737} INFO - Searching for files in /opt/airflow/dags
[2026-09-17T16:23:28.934+0000] {manager.py:740} INFO - There are 2 files in /opt/airflow/dags
[2026-09-17T16:23:33.027+0000] {manager.py:878} INFO - 
================================================================================
DAG File Processing Stats

File Path                            PID    Runtime      # DAGs    # Errors  Last Runtime    Last Run
-----------------------------------  -----  ---------  --------  ----------  --------------  -------------------
/opt/airflow/dags/dag_extraction.py                           1           0  14.64s          2026-09-17T16:23:17
/opt/airflow/dags/dag_updating.py                             1           0  0.20s           2026-09-17T16:23:04
================================================================================
[2026-09-17T16:24:03.199+0000] {manager.py:878} INFO - 
================================================================================
DAG File Processing Stats

File Path                            PID    Runtime      # DAGs    # Errors  Last Runtime    Last Run
-----------------------------------  -----  ---------  --------  ----------  --------------  -------------------
/opt/airflow/dags/dag_extraction.py                           1           0  13.86s          2026-09-17T16:24:02
/opt/airflow/dags/dag_updating.py                             1           0  0.22s           2026-09-17T16:23:35
================================================================================
[2026-09-17T16:24:33.606+0000] {manager.py:878} INFO - 
================================================================================
DAG File Processing Stats

File Path                              PID  Runtime      # DAGs    # Errors  Last Runtime    Last Run
-----------------------------------  -----  ---------  --------  ----------  --------------  -------------------
/opt/airflow/dags/dag_extraction.py    156  1.03s             1           0  13.86s          2026-09-17T16:24:02
/opt/airflow/dags/dag_updating.py                             1           0  0.39s           2026-09-17T16:24:06
================================================================================
[2026-09-17T16:25:03.657+0000] {manager.py:878} INFO - 
================================================================================
DAG File Processing Stats

File Path                              PID  Runtime      # DAGs    # Errors  Last Runtime    Last Run
-----------------------------------  -----  ---------  --------  ----------  --------------  -------------------
/opt/airflow/dags/dag_extraction.py    164  6.18s             1           0  13.84s          2026-09-17T16:24:46
/opt/airflow/dags/dag_updating.py                             1           0  0.36s           2026-09-17T16:24:36
================================================================================
[2026-09-17T16:25:33.752+0000] {manager.py:878} INFO - 
================================================================================
DAG File Processing Stats

File Path                              PID  Runtime      # DAGs    # Errors  Last Runtime    Last Run
-----------------------------------  -----  ---------  --------  ----------  --------------  -------------------
/opt/airflow/dags/dag_extraction.py    172  12.14s            0           0  13.97s          2026-09-17T16:25:11
/opt/airflow/dags/dag_updating.py                             1           0  0.35s           2026-09-17T16:25:06
================================================================================
[2026-09-17T16:26:04.176+0000] {manager.py:878} INFO - 
================================================================================
DAG File Processing Stats

File Path                            PID    Runtime      # DAGs    # Errors  Last Runtime    Last Run
-----------------------------------  -----  ---------  --------  ----------  --------------  -------------------
/opt/airflow/dags/dag_extraction.py                           0           1  13.18s          2026-09-17T16:25:34
/opt/airflow/dags/dag_updating.py                             1           0  0.23s           2026-09-17T16:25:38
================================================================================
[2026-09-17T16:26:34.593+0000] {manager.py:878} INFO - 
================================================================================
DAG File Processing Stats

File Path                            PID    Runtime      # DAGs    # Errors  Last Runtime    Last Run
-----------------------------------  -----  ---------  --------  ----------  --------------  -------------------
/opt/airflow/dags/dag_extraction.py                           1           0  14.18s          2026-09-17T16:26:19
/opt/airflow/dags/dag_updating.py                             1           0  0.26s           2026-09-17T16:26:08
================================================================================
[2026-09-17T16:27:05.234+0000] {manager.py:878} INFO - 
================================================================================
DAG File Processing Stats

File Path                            PID    Runtime      # DAGs    # Errors  Last Runtime    Last Run
-----------------------------------  -----  ---------  --------  ----------  --------------  -------------------
/opt/airflow/dags/dag_extraction.py                           1           0  12.25s          2026-09-17T16:27:02
/opt/airflow/dags/dag_updating.py                             1           0  0.40s           2026-09-17T16:26:39
================================================================================
[2026-09-17T16:27:35.859+0000] {manager.py:878} INFO - 
================================================================================
DAG File Processing Stats

File Path                              PID  Runtime      # DAGs    # Errors  Last Runtime    Last Run
-----------------------------------  -----  ---------  --------  ----------  --------------  -------------------
/opt/airflow/dags/dag_extraction.py    203  3.04s             1           0  12.25s          2026-09-17T16:27:02
/opt/airflow/dags/dag_updating.py                             1           0  0.44s           2026-09-17T16:27:09
================================================================================
[2026-09-17T16:28:06.061+0000] {manager.py:878} INFO - 
================================================================================
DAG File Processing Stats

File Path                            PID    Runtime      # DAGs    # Errors  Last Runtime    Last Run
-----------------------------------  -----  ---------  --------  ----------  --------------  -------------------
/opt/airflow/dags/dag_extraction.py                           1           0  11.99s          2026-09-17T16:27:44
/opt/airflow/dags/dag_updating.py                             1           0  0.27s           2026-09-17T16:27:40
================================================================================
[2026-09-17T16:28:29.026+0000] {manager.py:737} INFO - Searching for files in /opt/airflow/dags
[2026-09-17T16:28:29.161+0000] {manager.py:740} INFO - There are 2 files in /opt/airflow/dags
[2026-09-17T16:28:36.284+0000] {manager.py:878} INFO - 
================================================================================
DAG File Processing Stats

File Path                            PID    Runtime      # DAGs    # Errors  Last Runtime    Last Run
-----------------------------------  -----  ---------  --------  ----------  --------------  -------------------
/opt/airflow/dags/dag_extraction.py                           1           0  13.70s          2026-09-17T16:28:28
/opt/airflow/dags/dag_updating.py                             1           0  0.21s           2026-09-17T16:28:10
================================================================================
[2026-09-17T16:29:06.740+0000] {manager.py:878} INFO - 
================================================================================
DAG File Processing Stats

File Path                              PID  Runtime      # DAGs    # Errors  Last Runtime    Last Run
-----------------------------------  -----  ---------  --------  ----------  --------------  -------------------
/opt/airflow/dags/dag_extraction.py    226  8.11s             1           0  13.70s          2026-09-17T16:28:28
/opt/airflow/dags/dag_updating.py                             1           0  0.34s           2026-09-17T16:28:41
================================================================================
[2026-09-17T16:29:37.411+0000] {manager.py:878} INFO - 
================================================================================
DAG File Processing Stats

File Path                            PID    Runtime      # DAGs    # Errors  Last Runtime    Last Run
-----------------------------------  -----  ---------  --------  ----------  --------------  -------------------
/opt/airflow/dags/dag_extraction.py                           1           0  12.94s          2026-09-17T16:29:11
/opt/airflow/dags/dag_updating.py                             1           0  0.32s           2026-09-17T16:29:12
================================================================================
[2026-09-17T16:30:08.049+0000] {manager.py:878} INFO - 
================================================================================
DAG File Processing Stats

File Path                            PID    Runtime      # DAGs    # Errors  Last Runtime    Last Run
-----------------------------------  -----  ---------  --------  ----------  --------------  -------------------
/opt/airflow/dags/dag_extraction.py                           1           0  11.42s          2026-09-17T16:29:53
/opt/airflow/dags/dag_updating.py                             1           0  0.25s           2026-09-17T16:29:42
================================================================================
[2026-09-17T16:30:38.623+0000] {manager.py:878} INFO - 
================================================================================
DAG File Processing Stats

File Path                            PID    Runtime      # DAGs    # Errors  Last Runtime    Last Run
-----------------------------------  -----  ---------  --------  ----------  --------------  -------------------
/opt/airflow/dags/dag_extraction.py                           1           0  12.61s          2026-09-17T16:30:35
/opt/airflow/dags/dag_updating.py                             1           0  0.22s           2026-09-17T16:30:13
================================================================================
[2026-09-17T16:31:09.295+0000] {manager.py:878} INFO - 
================================================================================
DAG File Processing Stats

File Path                              PID  Runtime      # DAGs    # Errors  Last Runtime    Last Run
-----------------------------------  -----  ---------  --------  ----------  --------------  -------------------
/opt/airflow/dags/dag_extraction.py    263  3.05s             1           0  12.61s          2026-09-17T16:30:35
/opt/airflow/dags/dag_updating.py                             1           0  0.29s           2026-09-17T16:30:43
================================================================================
[2026-09-17T16:31:39.689+0000] {manager.py:878} INFO - 
================================================================================
DAG File Processing Stats

File Path                            PID    Runtime      # DAGs    # Errors  Last Runtime    Last Run
-----------------------------------  -----  ---------  --------  ----------  --------------  -------------------
/opt/airflow/dags/dag_extraction.py                           1           0  12.32s          2026-09-17T16:31:18
/opt/airflow/dags/dag_updating.py                             1           0  0.23s           2026-09-17T16:31:14
================================================================================
[2026-09-17T16:32:10.313+0000] {manager.py:878} INFO - 
================================================================================
DAG File Processing Stats

File Path                            PID    Runtime      # DAGs    # Errors  Last Runtime    Last Run
-----------------------------------  -----  ---------  --------  ----------  --------------  -------------------
/opt/airflow/dags/dag_extraction.py                           1           0  11.53s          2026-09-17T16:32:00
/opt/airflow/dags/dag_updating.py                             1           0  0.24s           2026-09-17T16:31:45
================================================================================
[2026-09-17T16:32:41.012+0000] {manager.py:878} INFO - 
================================================================================
DAG File Processing Stats

File Path                              PID  Runtime      # DAGs    # Errors  Last Runtime    Last Run
-----------------------------------  -----  ---------  --------  ----------  --------------  -------------------
/opt/airflow/dags/dag_extraction.py    280  10.14s            1           0  11.53s          2026-09-17T16:32:00
/opt/airflow/dags/dag_updating.py                             1           0  0.29s           2026-09-17T16:32:15
================================================================================
[2026-09-17T16:33:11.058+0000] {manager.py:878} INFO - 
================================================================================
DAG File Processing Stats

File Path                            PID    Runtime      # DAGs    # Errors  Last Runtime    Last Run
-----------------------------------  -----  ---------  --------  ----------  --------------  -------------------
/opt/airflow/dags/dag_extraction.py                           1           0  11.81s          2026-09-17T16:32:42
/opt/airflow/dags/dag_updating.py                             1           0  0.20s           2026-09-17T16:32:45
================================================================================
[2026-09-17T16:33:29.224+0000] {manager.py:737} INFO - Searching for files in /opt/airflow/dags
[2026-09-17T16:33:29.309+0000] {manager.py:740} INFO - There are 2 files in /opt/airflow/dags
[2026-09-17T16:33:41.468+0000] {manager.py:878} INFO - 
================================================================================
DAG File Processing Stats

File Path                            PID    Runtime      # DAGs    # Errors  Last Runtime    Last Run
-----------------------------------  -----  ---------  --------  ----------  --------------  -------------------
/opt/airflow/dags/dag_extraction.py                           1           0  11.06s          2026-09-17T16:33:24
/opt/airflow/dags/dag_updating.py                             1           0  0.40s           2026-09-17T16:33:16
================================================================================
[2026-09-17T19:19:57.462+0000] {manager.py:470} INFO - Processing files using up to 2 processes at a time 
[2026-09-17T19:19:57.467+0000] {manager.py:471} INFO - Process each file at most once every 30 seconds
[2026-09-17T19:19:57.472+0000] {manager.py:472} INFO - Checking for new files in /opt/airflow/dags every 300 seconds
[2026-09-17T19:19:57.478+0000] {manager.py:737} INFO - Searching for files in /opt/airflow/dags
[2026-09-17T19:19:57.689+0000] {manager.py:740} INFO - There are 2 files in /opt/airflow/dags
[2026-09-17T19:19:58.034+0000] {manager.py:878} INFO - 
================================================================================
DAG File Processing Stats

File Path                              PID  Runtime      # DAGs    # Errors  Last Runtime    Last Run
-----------------------------------  -----  ---------  --------  ----------  --------------  ----------
/opt/airflow/dags/dag_extraction.py     61  0.17s             0           0
/opt/airflow/dags/dag_updating.py       62  0.13s             0           0
================================================================================
[2026-09-17T19:20:28.116+0000] {manager.py:878} INFO - 
================================================================================
DAG File Processing Stats

File Path                            PID    Runtime      # DAGs    # Errors  Last Runtime    Last Run
-----------------------------------  -----  ---------  --------  ----------  --------------  -------------------
/opt/airflow/dags/dag_updating.py                             1           0  0.91s           2026-09-17T19:19:58
/opt/airflow/dags/dag_extraction.py                           0           1  0.59s           2026-09-17T19:19:58
================================================================================
[2026-09-17T19:20:58.465+0000] {manager.py:878} INFO - 
================================================================================
DAG File Processing Stats

File Path                            PID    Runtime      # DAGs    # Errors  Last Runtime    Last Run
-----------------------------------  -----  ---------  --------  ----------  --------------  -------------------
/opt/airflow/dags/dag_updating.py                             1           0  0.28s           2026-09-17T19:20:29
/opt/airflow/dags/dag_extraction.py                           0           1  0.27s           2026-09-17T19:20:29
================================================================================
[2026-09-17T19:21:29.242+0000] {manager.py:878} INFO - 
================================================================================
DAG File Processing Stats

File Path                            PID    Runtime      # DAGs    # Errors  Last Runtime    Last Run
-----------------------------------  -----  ---------  --------  ----------  --------------  -------------------
/opt/airflow/dags/dag_extraction.py                           0           1  0.37s           2026-09-17T19:20:59
/opt/airflow/dags/dag_updating.py                             1           0  0.35s           2026-09-17T19:20:59
================================================================================
[2026-09-17T19:21:59.656+0000] {manager.py:878} INFO - 
================================================================================
DAG File Processing Stats

File Path                            PID    Runtime      # DAGs    # Errors  Last Runtime    Last Run
-----------------------------------  -----  ---------  --------  ----------  --------------  -------------------
/opt/airflow/dags/dag_extraction.py                           1           0  1.25s           2026-09-17T19:21:31
/opt/airflow/dags/dag_updating.py                             1           0  0.23s           2026-09-17T19:21:30
================================================================================
[2026-09-17T19:22:30.080+0000] {manager.py:878} INFO - 
================================================================================
DAG File Processing Stats

File Path                            PID    Runtime      # DAGs    # Errors  Last Runtime    Last Run
-----------------------------------  -----  ---------  --------  ----------  --------------  -------------------
/opt/airflow/dags/dag_extraction.py                           1           0  3.87s           2026-09-17T19:22:05
/opt/airflow/dags/dag_updating.py                             1           0  0.37s           2026-09-17T19:22:01
================================================================================
[2026-09-17T19:23:00.737+0000] {manager.py:878} INFO - 
================================================================================
DAG File Processing Stats

File Path                            PID    Runtime      # DAGs    # Errors  Last Runtime    Last Run
-----------------------------------  -----  ---------  --------  ----------  --------------  -------------------
/opt/airflow/dags/dag_extraction.py                           1           0  11.02s          2026-09-17T19:22:47
/opt/airflow/dags/dag_updating.py                             1           0  0.49s           2026-09-17T19:22:31
================================================================================
[2026-09-17T19:23:31.340+0000] {manager.py:878} INFO - 
================================================================================
DAG File Processing Stats

File Path                            PID    Runtime      # DAGs    # Errors  Last Runtime    Last Run
-----------------------------------  -----  ---------  --------  ----------  --------------  -------------------
/opt/airflow/dags/dag_extraction.py                           1           0  11.29s          2026-09-17T19:23:29
/opt/airflow/dags/dag_updating.py                             1           0  0.35s           2026-09-17T19:23:02
================================================================================
[2026-09-17T19:24:01.877+0000] {manager.py:878} INFO - 
================================================================================
DAG File Processing Stats

File Path                              PID  Runtime      # DAGs    # Errors  Last Runtime    Last Run
-----------------------------------  -----  ---------  --------  ----------  --------------  -------------------
/opt/airflow/dags/dag_extraction.py    125  2.03s             1           0  11.29s          2026-09-17T19:23:29
/opt/airflow/dags/dag_updating.py                             1           0  0.22s           2026-09-17T19:23:32
================================================================================
[2026-09-17T19:24:32.034+0000] {manager.py:878} INFO - 
================================================================================
DAG File Processing Stats

File Path                            PID    Runtime      # DAGs    # Errors  Last Runtime    Last Run
-----------------------------------  -----  ---------  --------  ----------  --------------  -------------------
/opt/airflow/dags/dag_extraction.py                           1           0  11.01s          2026-09-17T19:24:10
/opt/airflow/dags/dag_updating.py                             1           0  0.28s           2026-09-17T19:24:03
================================================================================
[2026-09-17T19:24:57.929+0000] {manager.py:737} INFO - Searching for files in /opt/airflow/dags
[2026-09-17T19:24:58.020+0000] {manager.py:740} INFO - There are 2 files in /opt/airflow/dags
[2026-09-17T19:25:02.114+0000] {manager.py:878} INFO - 
================================================================================
DAG File Processing Stats

File Path                            PID    Runtime      # DAGs    # Errors  Last Runtime    Last Run
-----------------------------------  -----  ---------  --------  ----------  --------------  -------------------
/opt/airflow/dags/dag_extraction.py                           1           0  11.83s          2026-09-17T19:24:53
/opt/airflow/dags/dag_updating.py                             1           0  0.22s           2026-09-17T19:24:33
================================================================================
[2026-09-17T19:25:32.510+0000] {manager.py:878} INFO - 
================================================================================
DAG File Processing Stats

File Path                              PID  Runtime      # DAGs    # Errors  Last Runtime    Last Run
-----------------------------------  -----  ---------  --------  ----------  --------------  -------------------
/opt/airflow/dags/dag_extraction.py    148  8.86s             1           0  11.83s          2026-09-17T19:24:53
/opt/airflow/dags/dag_updating.py                             1           0  0.25s           2026-09-17T19:25:04
================================================================================
[2026-09-17T19:26:02.560+0000] {manager.py:878} INFO - 
================================================================================
DAG File Processing Stats

File Path                            PID    Runtime      # DAGs    # Errors  Last Runtime    Last Run
-----------------------------------  -----  ---------  --------  ----------  --------------  -------------------
/opt/airflow/dags/dag_extraction.py                           1           0  13.61s          2026-09-17T19:25:37
/opt/airflow/dags/dag_updating.py                             1           0  0.19s           2026-09-17T19:25:34
================================================================================
[2026-09-17T19:26:32.647+0000] {manager.py:878} INFO - 
================================================================================
DAG File Processing Stats

File Path                            PID    Runtime      # DAGs    # Errors  Last Runtime    Last Run
-----------------------------------  -----  ---------  --------  ----------  --------------  -------------------
/opt/airflow/dags/dag_extraction.py                           1           0  10.90s          2026-09-17T19:26:18
/opt/airflow/dags/dag_updating.py                             1           0  0.21s           2026-09-17T19:26:05
================================================================================
[2026-09-17T19:27:03.022+0000] {manager.py:878} INFO - 
================================================================================
DAG File Processing Stats

File Path                            PID    Runtime      # DAGs    # Errors  Last Runtime    Last Run
-----------------------------------  -----  ---------  --------  ----------  --------------  -------------------
/opt/airflow/dags/dag_extraction.py                           1           0  11.11s          2026-09-17T19:26:59
/opt/airflow/dags/dag_updating.py                             1           0  0.24s           2026-09-17T19:26:35
================================================================================
[2026-09-17T19:27:33.454+0000] {manager.py:878} INFO - 
================================================================================
DAG File Processing Stats

File Path                              PID  Runtime      # DAGs    # Errors  Last Runtime    Last Run
-----------------------------------  -----  ---------  --------  ----------  --------------  -------------------
/opt/airflow/dags/dag_extraction.py    179  3.04s             1           0  11.11s          2026-09-17T19:26:59
/opt/airflow/dags/dag_updating.py                             1           0  0.33s           2026-09-17T19:27:06
================================================================================
[2026-09-17T19:28:04.218+0000] {manager.py:878} INFO - 
================================================================================
DAG File Processing Stats

File Path                            PID    Runtime      # DAGs    # Errors  Last Runtime    Last Run
-----------------------------------  -----  ---------  --------  ----------  --------------  -------------------
/opt/airflow/dags/dag_extraction.py                           1           0  11.75s          2026-09-17T19:27:42
/opt/airflow/dags/dag_updating.py                             1           0  0.32s           2026-09-17T19:27:36
================================================================================
[2026-09-17T19:28:34.308+0000] {manager.py:878} INFO - 
================================================================================
DAG File Processing Stats

File Path                            PID    Runtime      # DAGs    # Errors  Last Runtime    Last Run
-----------------------------------  -----  ---------  --------  ----------  --------------  -------------------
/opt/airflow/dags/dag_extraction.py                           1           0  11.62s          2026-09-17T19:28:24
/opt/airflow/dags/dag_updating.py                             1           0  0.35s           2026-09-17T19:28:07
================================================================================
[2026-09-17T19:29:04.337+0000] {manager.py:878} INFO - 
================================================================================
DAG File Processing Stats

File Path                              PID  Runtime      # DAGs    # Errors  Last Runtime    Last Run
-----------------------------------  -----  ---------  --------  ----------  --------------  -------------------
/opt/airflow/dags/dag_extraction.py    202  10.14s            1           0  11.62s          2026-09-17T19:28:24
/opt/airflow/dags/dag_updating.py                             1           0  0.26s           2026-09-17T19:28:38
================================================================================
[2026-09-17T19:29:35.234+0000] {manager.py:878} INFO - 
================================================================================
DAG File Processing Stats

File Path                              PID  Runtime      # DAGs    # Errors  Last Runtime    Last Run
-----------------------------------  -----  ---------  --------  ----------  --------------  -------------------
/opt/airflow/dags/dag_extraction.py    216  0.01s             1           0  10.65s          2026-09-17T19:29:04
/opt/airflow/dags/dag_updating.py                             1           0  0.24s           2026-09-17T19:29:08
================================================================================
[2026-09-17T19:29:58.559+0000] {manager.py:737} INFO - Searching for files in /opt/airflow/dags
[2026-09-17T19:29:58.656+0000] {manager.py:740} INFO - There are 2 files in /opt/airflow/dags
[2026-09-17T19:30:05.759+0000] {manager.py:878} INFO - 
================================================================================
DAG File Processing Stats

File Path                            PID    Runtime      # DAGs    # Errors  Last Runtime    Last Run
-----------------------------------  -----  ---------  --------  ----------  --------------  -------------------
/opt/airflow/dags/dag_extraction.py                           1           0  11.27s          2026-09-17T19:29:46
/opt/airflow/dags/dag_updating.py                             1           0  0.35s           2026-09-17T19:29:39
================================================================================
[2026-09-17T19:30:36.150+0000] {manager.py:878} INFO - 
================================================================================
DAG File Processing Stats

File Path                            PID    Runtime      # DAGs    # Errors  Last Runtime    Last Run
-----------------------------------  -----  ---------  --------  ----------  --------------  -------------------
/opt/airflow/dags/dag_extraction.py                           1           0  11.21s          2026-09-17T19:30:28
/opt/airflow/dags/dag_updating.py                             1           0  0.20s           2026-09-17T19:30:10
================================================================================
[2026-09-17T19:31:06.675+0000] {manager.py:878} INFO - 
================================================================================
DAG File Processing Stats

File Path                              PID  Runtime      # DAGs    # Errors  Last Runtime    Last Run
-----------------------------------  -----  ---------  --------  ----------  --------------  -------------------
/opt/airflow/dags/dag_extraction.py    233  8.12s             1           0  11.21s          2026-09-17T19:30:28
/opt/airflow/dags/dag_updating.py                             1           0  0.28s           2026-09-17T19:30:40
================================================================================
[2026-09-17T19:31:37.226+0000] {manager.py:878} INFO - 
================================================================================
DAG File Processing Stats

File Path                            PID    Runtime      # DAGs    # Errors  Last Runtime    Last Run
-----------------------------------  -----  ---------  --------  ----------  --------------  -------------------
/opt/airflow/dags/dag_extraction.py                           1           0  11.33s          2026-09-17T19:31:09
/opt/airflow/dags/dag_updating.py                             1           0  0.35s           2026-09-17T19:31:11
================================================================================
[2026-09-17T19:32:07.905+0000] {manager.py:878} INFO - 
================================================================================
DAG File Processing Stats

File Path                            PID    Runtime      # DAGs    # Errors  Last Runtime    Last Run
-----------------------------------  -----  ---------  --------  ----------  --------------  -------------------
/opt/airflow/dags/dag_extraction.py                           1           0  10.75s          2026-09-17T19:31:51
/opt/airflow/dags/dag_updating.py                             1           0  0.23s           2026-09-17T19:31:41
================================================================================
[2026-09-17T19:32:38.464+0000] {manager.py:878} INFO - 
================================================================================
DAG File Processing Stats

File Path                            PID    Runtime      # DAGs    # Errors  Last Runtime    Last Run
-----------------------------------  -----  ---------  --------  ----------  --------------  -------------------
/opt/airflow/dags/dag_extraction.py                           1           0  10.46s          2026-09-17T19:32:31
/opt/airflow/dags/dag_updating.py                             1           0  0.22s           2026-09-17T19:32:12
================================================================================
[2026-09-17T19:33:09.033+0000] {manager.py:878} INFO - 
================================================================================
DAG File Processing Stats

File Path                              PID  Runtime      # DAGs    # Errors  Last Runtime    Last Run
-----------------------------------  -----  ---------  --------  ----------  --------------  -------------------
/opt/airflow/dags/dag_extraction.py    264  7.10s             1           0  10.46s          2026-09-17T19:32:31
/opt/airflow/dags/dag_updating.py                             1           0  0.21s           2026-09-17T19:32:42
================================================================================
[2026-09-17T19:33:39.447+0000] {manager.py:878} INFO - 
================================================================================
DAG File Processing Stats

File Path                            PID    Runtime      # DAGs    # Errors  Last Runtime    Last Run
-----------------------------------  -----  ---------  --------  ----------  --------------  -------------------
/opt/airflow/dags/dag_extraction.py                           1           0  10.92s          2026-09-17T19:33:12
/opt/airflow/dags/dag_updating.py                             1           0  0.30s           2026-09-17T19:33:13
================================================================================
[2026-09-17T19:34:09.802+0000] {manager.py:878} INFO - 
================================================================================
DAG File Processing Stats

File Path                            PID    Runtime      # DAGs    # Errors  Last Runtime    Last Run
-----------------------------------  -----  ---------  --------  ----------  --------------  -------------------
/opt/airflow/dags/dag_extraction.py                           1           0  11.10s          2026-09-17T19:33:54
/opt/airflow/dags/dag_updating.py                             1           0  0.21s           2026-09-17T19:33:43
================================================================================
[2026-09-17T19:34:32.883+0000] {manager.py:452} INFO - Exiting gracefully upon receiving signal 15
[2026-09-17T19:34:32.883+0000] {manager.py:452} INFO - Exiting gracefully upon receiving signal 15
[2026-09-17T19:34:34.044+0000] {manager.py:452} INFO - Exiting gracefully upon receiving signal 15
[2026-09-17T19:35:37.383+0000] {manager.py:470} INFO - Processing files using up to 2 processes at a time 
[2026-09-17T19:35:37.389+0000] {manager.py:471} INFO - Process each file at most once every 30 seconds
[2026-09-17T19:35:37.394+0000] {manager.py:472} INFO - Checking for new files in /opt/airflow/dags every 300 seconds
[2026-09-17T19:35:37.401+0000] {manager.py:737} INFO - Searching for files in /opt/airflow/dags
[2026-09-17T19:35:37.466+0000] {manager.py:740} INFO - There are 2 files in /opt/airflow/dags
[2026-09-17T19:35:37.710+0000] {manager.py:878} INFO - 
================================================================================
DAG File Processing Stats

File Path                              PID  Runtime      # DAGs    # Errors  Last Runtime    Last Run
-----------------------------------  -----  ---------  --------  ----------  --------------  ----------
/opt/airflow/dags/dag_extraction.py     55  0.11s             0           0
/opt/airflow/dags/dag_updating.py       56  0.09s             0           0
================================================================================
[2026-09-17T19:36:07.964+0000] {manager.py:878} INFO - 
================================================================================
DAG File Processing Stats

File Path                            PID    Runtime      # DAGs    # Errors  Last Runtime    Last Run
-----------------------------------  -----  ---------  --------  ----------  --------------  -------------------
/opt/airflow/dags/dag_extraction.py                           1           0  8.15s           2026-09-17T19:35:45
/opt/airflow/dags/dag_updating.py                             1           0  1.27s           2026-09-17T19:35:38
================================================================================
[2026-09-17T19:36:38.431+0000] {manager.py:878} INFO - 
================================================================================
DAG File Processing Stats

File Path                            PID    Runtime      # DAGs    # Errors  Last Runtime    Last Run
-----------------------------------  -----  ---------  --------  ----------  --------------  -------------------
/opt/airflow/dags/dag_extraction.py                           1           0  7.92s           2026-09-17T19:36:24
/opt/airflow/dags/dag_updating.py                             1           0  0.41s           2026-09-17T19:36:09
================================================================================
[2026-09-17T19:37:08.659+0000] {manager.py:878} INFO - 
================================================================================
DAG File Processing Stats

File Path                            PID    Runtime      # DAGs    # Errors  Last Runtime    Last Run
-----------------------------------  -----  ---------  --------  ----------  --------------  -------------------
/opt/airflow/dags/dag_extraction.py                           1           0  7.91s           2026-09-17T19:37:02
/opt/airflow/dags/dag_updating.py                             1           0  0.29s           2026-09-17T19:36:39
================================================================================
[2026-09-17T19:37:38.796+0000] {manager.py:878} INFO - 
================================================================================
DAG File Processing Stats

File Path                            PID    Runtime      # DAGs    # Errors  Last Runtime    Last Run
-----------------------------------  -----  ---------  --------  ----------  --------------  -------------------
/opt/airflow/dags/dag_extraction.py                           1           0  7.40s           2026-09-17T19:37:36
/opt/airflow/dags/dag_updating.py                             1           0  0.33s           2026-09-17T19:37:10
================================================================================
[2026-09-17T19:38:09.228+0000] {manager.py:878} INFO - 
================================================================================
DAG File Processing Stats

File Path                            PID    Runtime      # DAGs    # Errors  Last Runtime    Last Run
-----------------------------------  -----  ---------  --------  ----------  --------------  -------------------
/opt/airflow/dags/dag_extraction.py                           1           0  8.24s           2026-09-17T19:37:48
/opt/airflow/dags/dag_updating.py                             1           0  0.37s           2026-09-17T19:37:41
================================================================================
[2026-09-17T19:38:39.803+0000] {manager.py:878} INFO - 
================================================================================
DAG File Processing Stats

File Path                            PID    Runtime      # DAGs    # Errors  Last Runtime    Last Run
-----------------------------------  -----  ---------  --------  ----------  --------------  -------------------
/opt/airflow/dags/dag_extraction.py                           1           0  8.25s           2026-09-17T19:38:26
/opt/airflow/dags/dag_updating.py                             1           0  0.46s           2026-09-17T19:38:11
================================================================================
[2026-09-17T19:39:09.993+0000] {manager.py:878} INFO - 
================================================================================
DAG File Processing Stats

File Path                            PID    Runtime      # DAGs    # Errors  Last Runtime    Last Run
-----------------------------------  -----  ---------  --------  ----------  --------------  -------------------
/opt/airflow/dags/dag_extraction.py                           1           0  7.76s           2026-09-17T19:39:04
/opt/airflow/dags/dag_updating.py                             1           0  0.40s           2026-09-17T19:38:42
================================================================================
[2026-09-17T19:39:40.292+0000] {manager.py:878} INFO - 
================================================================================
DAG File Processing Stats

File Path                              PID  Runtime      # DAGs    # Errors  Last Runtime    Last Run
-----------------------------------  -----  ---------  --------  ----------  --------------  -------------------
/opt/airflow/dags/dag_extraction.py    118  5.06s             1           0  7.76s           2026-09-17T19:39:04
/opt/airflow/dags/dag_updating.py                             1           0  0.33s           2026-09-17T19:39:12
================================================================================
[2026-09-17T19:40:10.695+0000] {manager.py:878} INFO - 
================================================================================
DAG File Processing Stats

File Path                            PID    Runtime      # DAGs    # Errors  Last Runtime    Last Run
-----------------------------------  -----  ---------  --------  ----------  --------------  -------------------
/opt/airflow/dags/dag_extraction.py                           1           0  8.67s           2026-09-17T19:39:43
/opt/airflow/dags/dag_updating.py                             1           0  0.36s           2026-09-17T19:39:43
================================================================================
[2026-09-17T19:40:38.057+0000] {manager.py:737} INFO - Searching for files in /opt/airflow/dags
[2026-09-17T19:40:38.122+0000] {manager.py:740} INFO - There are 2 files in /opt/airflow/dags
[2026-09-17T19:40:41.183+0000] {manager.py:878} INFO - 
================================================================================
DAG File Processing Stats

File Path                            PID    Runtime      # DAGs    # Errors  Last Runtime    Last Run
-----------------------------------  -----  ---------  --------  ----------  --------------  -------------------
/opt/airflow/dags/dag_extraction.py                           1           0  7.88s           2026-09-17T19:40:22
/opt/airflow/dags/dag_updating.py                             1           0  0.38s           2026-09-17T19:40:14
================================================================================
[2026-09-17T19:41:11.229+0000] {manager.py:878} INFO - 
================================================================================
DAG File Processing Stats

File Path                            PID    Runtime      # DAGs    # Errors  Last Runtime    Last Run
-----------------------------------  -----  ---------  --------  ----------  --------------  -------------------
/opt/airflow/dags/dag_extraction.py                           1           0  7.67s           2026-09-17T19:41:00
/opt/airflow/dags/dag_updating.py                             1           0  0.26s           2026-09-17T19:40:44
================================================================================
[2026-09-17T19:41:41.538+0000] {manager.py:878} INFO - 
================================================================================
DAG File Processing Stats

File Path                            PID    Runtime      # DAGs    # Errors  Last Runtime    Last Run
-----------------------------------  -----  ---------  --------  ----------  --------------  -------------------
/opt/airflow/dags/dag_extraction.py                           1           0  7.63s           2026-09-17T19:41:38
/opt/airflow/dags/dag_updating.py                             1           0  0.36s           2026-09-17T19:41:15
================================================================================
[2026-09-17T19:42:11.944+0000] {manager.py:878} INFO - 
================================================================================
DAG File Processing Stats

File Path                              PID  Runtime      # DAGs    # Errors  Last Runtime    Last Run
-----------------------------------  -----  ---------  --------  ----------  --------------  -------------------
/opt/airflow/dags/dag_extraction.py    157  3.85s             1           0  7.63s           2026-09-17T19:41:38
/opt/airflow/dags/dag_updating.py                             1           0  0.25s           2026-09-17T19:41:45
================================================================================
[2026-09-17T19:42:42.050+0000] {manager.py:878} INFO - 
================================================================================
DAG File Processing Stats

File Path                            PID    Runtime      # DAGs    # Errors  Last Runtime    Last Run
-----------------------------------  -----  ---------  --------  ----------  --------------  -------------------
/opt/airflow/dags/dag_extraction.py                           1           0  11.69s          2026-09-17T19:42:19
/opt/airflow/dags/dag_updating.py                             1           0  0.38s           2026-09-17T19:42:16
================================================================================
[2026-09-17T19:42:54.280+0000] {manager.py:452} INFO - Exiting gracefully upon receiving signal 15
[2026-09-17T19:42:54.279+0000] {manager.py:452} INFO - Exiting gracefully upon receiving signal 15
[2026-09-17T19:42:54.632+0000] {manager.py:452} INFO - Exiting gracefully upon receiving signal 15
[2026-09-17T19:43:53.228+0000] {manager.py:470} INFO - Processing files using up to 2 processes at a time 
[2026-09-17T19:43:53.233+0000] {manager.py:471} INFO - Process each file at most once every 30 seconds
[2026-09-17T19:43:53.236+0000] {manager.py:472} INFO - Checking for new files in /opt/airflow/dags every 300 seconds
[2026-09-17T19:43:53.239+0000] {manager.py:737} INFO - Searching for files in /opt/airflow/dags
[2026-09-17T19:43:53.293+0000] {manager.py:740} INFO - There are 2 files in /opt/airflow/dags
[2026-09-17T19:43:53.589+0000] {manager.py:878} INFO - 
================================================================================
DAG File Processing Stats

File Path                              PID  Runtime      # DAGs    # Errors  Last Runtime    Last Run
-----------------------------------  -----  ---------  --------  ----------  --------------  ----------
/opt/airflow/dags/dag_extraction.py     55  0.11s             0           0
/opt/airflow/dags/dag_updating.py       56  0.09s             0           0
================================================================================
[2026-09-17T19:44:23.915+0000] {manager.py:878} INFO - 
================================================================================
DAG File Processing Stats

File Path                            PID    Runtime      # DAGs    # Errors  Last Runtime    Last Run
-----------------------------------  -----  ---------  --------  ----------  --------------  -------------------
/opt/airflow/dags/dag_extraction.py                           1           0  12.52s          2026-09-17T19:44:05
/opt/airflow/dags/dag_updating.py                             1           0  0.64s           2026-09-17T19:43:54
================================================================================
[2026-09-17T19:44:54.132+0000] {manager.py:878} INFO - 
================================================================================
DAG File Processing Stats

File Path                            PID    Runtime      # DAGs    # Errors  Last Runtime    Last Run
-----------------------------------  -----  ---------  --------  ----------  --------------  -------------------
/opt/airflow/dags/dag_extraction.py                           1           0  10.68s          2026-09-17T19:44:47
/opt/airflow/dags/dag_updating.py                             1           0  0.25s           2026-09-17T19:44:24
================================================================================
[2026-09-17T19:45:24.587+0000] {manager.py:878} INFO - 
================================================================================
DAG File Processing Stats

File Path                              PID  Runtime      # DAGs    # Errors  Last Runtime    Last Run
-----------------------------------  -----  ---------  --------  ----------  --------------  -------------------
/opt/airflow/dags/dag_extraction.py     88  7.13s             1           0  10.68s          2026-09-17T19:44:47
/opt/airflow/dags/dag_updating.py                             1           0  0.36s           2026-09-17T19:44:55
================================================================================
[2026-09-17T19:45:55.285+0000] {manager.py:878} INFO - 
================================================================================
DAG File Processing Stats

File Path                            PID    Runtime      # DAGs    # Errors  Last Runtime    Last Run
-----------------------------------  -----  ---------  --------  ----------  --------------  -------------------
/opt/airflow/dags/dag_extraction.py                           1           0  10.72s          2026-09-17T19:45:28
/opt/airflow/dags/dag_updating.py                             1           0  0.32s           2026-09-17T19:45:25
================================================================================
[2026-09-17T19:46:25.731+0000] {manager.py:878} INFO - 
================================================================================
DAG File Processing Stats

File Path                            PID    Runtime      # DAGs    # Errors  Last Runtime    Last Run
-----------------------------------  -----  ---------  --------  ----------  --------------  -------------------
/opt/airflow/dags/dag_extraction.py                           1           0  10.86s          2026-09-17T19:46:09
/opt/airflow/dags/dag_updating.py                             1           0  0.25s           2026-09-17T19:45:56
================================================================================
[2026-09-17T19:46:55.813+0000] {manager.py:878} INFO - 
================================================================================
DAG File Processing Stats

File Path                            PID    Runtime      # DAGs    # Errors  Last Runtime    Last Run
-----------------------------------  -----  ---------  --------  ----------  --------------  -------------------
/opt/airflow/dags/dag_extraction.py                           1           0  11.51s          2026-09-17T19:46:51
/opt/airflow/dags/dag_updating.py                             1           0  0.25s           2026-09-17T19:46:27
================================================================================
[2026-09-17T19:47:25.860+0000] {manager.py:878} INFO - 
================================================================================
DAG File Processing Stats

File Path                              PID  Runtime      # DAGs    # Errors  Last Runtime    Last Run
-----------------------------------  -----  ---------  --------  ----------  --------------  -------------------
/opt/airflow/dags/dag_extraction.py    119  4.06s             1           0  11.51s          2026-09-17T19:46:51
/opt/airflow/dags/dag_updating.py                             1           0  0.25s           2026-09-17T19:46:57
================================================================================
[2026-09-17T19:47:56.361+0000] {manager.py:878} INFO - 
================================================================================
DAG File Processing Stats

File Path                            PID    Runtime      # DAGs    # Errors  Last Runtime    Last Run
-----------------------------------  -----  ---------  --------  ----------  --------------  -------------------
/opt/airflow/dags/dag_extraction.py                           1           0  11.23s          2026-09-17T19:47:33
/opt/airflow/dags/dag_updating.py                             1           0  0.41s           2026-09-17T19:47:28
================================================================================
[2026-09-17T19:48:26.742+0000] {manager.py:878} INFO - 
================================================================================
DAG File Processing Stats

File Path                            PID    Runtime      # DAGs    # Errors  Last Runtime    Last Run
-----------------------------------  -----  ---------  --------  ----------  --------------  -------------------
/opt/airflow/dags/dag_extraction.py                           0           1  0.82s           2026-09-17T19:48:04
/opt/airflow/dags/dag_updating.py                             1           0  0.29s           2026-09-17T19:47:58
================================================================================
[2026-09-17T19:48:53.401+0000] {manager.py:737} INFO - Searching for files in /opt/airflow/dags
[2026-09-17T19:48:53.521+0000] {manager.py:740} INFO - There are 2 files in /opt/airflow/dags
[2026-09-17T19:48:57.057+0000] {manager.py:878} INFO - 
================================================================================
DAG File Processing Stats

File Path                            PID    Runtime      # DAGs    # Errors  Last Runtime    Last Run
-----------------------------------  -----  ---------  --------  ----------  --------------  -------------------
/opt/airflow/dags/dag_extraction.py                           0           1  0.83s           2026-09-17T19:48:35
/opt/airflow/dags/dag_updating.py                             1           0  0.29s           2026-09-17T19:48:29
================================================================================
[2026-09-17T19:49:27.240+0000] {manager.py:878} INFO - 
================================================================================
DAG File Processing Stats

File Path                            PID    Runtime      # DAGs    # Errors  Last Runtime    Last Run
-----------------------------------  -----  ---------  --------  ----------  --------------  -------------------
/opt/airflow/dags/dag_updating.py                             1           0  0.32s           2026-09-17T19:48:59
/opt/airflow/dags/dag_extraction.py                           0           1  0.15s           2026-09-17T19:49:22
================================================================================
[2026-09-17T19:49:32.513+0000] {manager.py:452} INFO - Exiting gracefully upon receiving signal 15
[2026-09-17T19:50:30.664+0000] {manager.py:470} INFO - Processing files using up to 2 processes at a time 
[2026-09-17T19:50:30.669+0000] {manager.py:471} INFO - Process each file at most once every 30 seconds
[2026-09-17T19:50:30.671+0000] {manager.py:472} INFO - Checking for new files in /opt/airflow/dags every 300 seconds
[2026-09-17T19:50:30.674+0000] {manager.py:737} INFO - Searching for files in /opt/airflow/dags
[2026-09-17T19:50:30.738+0000] {manager.py:740} INFO - There are 2 files in /opt/airflow/dags
[2026-09-17T19:50:30.940+0000] {manager.py:878} INFO - 
================================================================================
DAG File Processing Stats

File Path                              PID  Runtime      # DAGs    # Errors  Last Runtime    Last Run
-----------------------------------  -----  ---------  --------  ----------  --------------  ----------
/opt/airflow/dags/dag_extraction.py     49  0.11s             0           0
/opt/airflow/dags/dag_updating.py       50  0.09s             0           0
================================================================================
[2026-09-17T19:51:01.252+0000] {manager.py:878} INFO - 
================================================================================
DAG File Processing Stats

File Path                            PID    Runtime      # DAGs    # Errors  Last Runtime    Last Run
-----------------------------------  -----  ---------  --------  ----------  --------------  -------------------
/opt/airflow/dags/dag_extraction.py                           1           0  0.66s           2026-09-17T19:50:31
/opt/airflow/dags/dag_updating.py                             1           0  0.63s           2026-09-17T19:50:31
================================================================================
[2026-09-17T19:51:31.471+0000] {manager.py:878} INFO - 
================================================================================
DAG File Processing Stats

File Path                            PID    Runtime      # DAGs    # Errors  Last Runtime    Last Run
-----------------------------------  -----  ---------  --------  ----------  --------------  -------------------
/opt/airflow/dags/dag_extraction.py                           1           0  0.41s           2026-09-17T19:51:02
/opt/airflow/dags/dag_updating.py                             1           0  0.28s           2026-09-17T19:51:02
================================================================================
[2026-09-17T19:52:02.113+0000] {manager.py:878} INFO - 
================================================================================
DAG File Processing Stats

File Path                            PID    Runtime      # DAGs    # Errors  Last Runtime    Last Run
-----------------------------------  -----  ---------  --------  ----------  --------------  -------------------
/opt/airflow/dags/dag_extraction.py                           1           0  0.27s           2026-09-17T19:51:32
/opt/airflow/dags/dag_updating.py                             1           0  0.20s           2026-09-17T19:51:32
================================================================================
[2026-09-17T19:52:32.774+0000] {manager.py:878} INFO - 
================================================================================
DAG File Processing Stats

File Path                            PID    Runtime      # DAGs    # Errors  Last Runtime    Last Run
-----------------------------------  -----  ---------  --------  ----------  --------------  -------------------
/opt/airflow/dags/dag_extraction.py                           1           0  0.32s           2026-09-17T19:52:03
/opt/airflow/dags/dag_updating.py                             1           0  0.22s           2026-09-17T19:52:03
================================================================================
[2026-09-17T19:53:03.383+0000] {manager.py:878} INFO - 
================================================================================
DAG File Processing Stats

File Path                            PID    Runtime      # DAGs    # Errors  Last Runtime    Last Run
-----------------------------------  -----  ---------  --------  ----------  --------------  -------------------
/opt/airflow/dags/dag_extraction.py                           1           0  0.31s           2026-09-17T19:52:34
/opt/airflow/dags/dag_updating.py                             1           0  0.21s           2026-09-17T19:52:34
================================================================================
[2026-09-17T19:53:33.991+0000] {manager.py:878} INFO - 
================================================================================
DAG File Processing Stats

File Path                            PID    Runtime      # DAGs    # Errors  Last Runtime    Last Run
-----------------------------------  -----  ---------  --------  ----------  --------------  -------------------
/opt/airflow/dags/dag_extraction.py                           1           0  0.26s           2026-09-17T19:53:04
/opt/airflow/dags/dag_updating.py                             1           0  0.21s           2026-09-17T19:53:04
================================================================================
[2026-09-17T19:54:04.643+0000] {manager.py:878} INFO - 
================================================================================
DAG File Processing Stats

File Path                            PID    Runtime      # DAGs    # Errors  Last Runtime    Last Run
-----------------------------------  -----  ---------  --------  ----------  --------------  -------------------
/opt/airflow/dags/dag_extraction.py                           1           0  0.26s           2026-09-17T19:53:35
/opt/airflow/dags/dag_updating.py                             1           0  0.20s           2026-09-17T19:53:35
================================================================================
[2026-09-17T19:54:35.320+0000] {manager.py:878} INFO - 
================================================================================
DAG File Processing Stats

File Path                            PID    Runtime      # DAGs    # Errors  Last Runtime    Last Run
-----------------------------------  -----  ---------  --------  ----------  --------------  -------------------
/opt/airflow/dags/dag_extraction.py                           1           0  0.36s           2026-09-17T19:54:06
/opt/airflow/dags/dag_updating.py                             1           0  0.28s           2026-09-17T19:54:05
================================================================================
[2026-09-17T19:55:06.016+0000] {manager.py:878} INFO - 
================================================================================
DAG File Processing Stats

File Path                            PID    Runtime      # DAGs    # Errors  Last Runtime    Last Run
-----------------------------------  -----  ---------  --------  ----------  --------------  -------------------
/opt/airflow/dags/dag_extraction.py                           1           0  0.29s           2026-09-17T19:54:36
/opt/airflow/dags/dag_updating.py                             1           0  0.19s           2026-09-17T19:54:36
================================================================================
[2026-09-17T19:55:30.745+0000] {manager.py:737} INFO - Searching for files in /opt/airflow/dags
[2026-09-17T19:55:30.980+0000] {manager.py:740} INFO - There are 2 files in /opt/airflow/dags
[2026-09-17T19:55:36.066+0000] {manager.py:878} INFO - 
================================================================================
DAG File Processing Stats

File Path                            PID    Runtime      # DAGs    # Errors  Last Runtime    Last Run
-----------------------------------  -----  ---------  --------  ----------  --------------  -------------------
/opt/airflow/dags/dag_extraction.py                           1           0  0.45s           2026-09-17T19:55:07
/opt/airflow/dags/dag_updating.py                             1           0  0.32s           2026-09-17T19:55:07
================================================================================
[2026-09-17T19:56:06.761+0000] {manager.py:878} INFO - 
================================================================================
DAG File Processing Stats

File Path                            PID    Runtime      # DAGs    # Errors  Last Runtime    Last Run
-----------------------------------  -----  ---------  --------  ----------  --------------  -------------------
/opt/airflow/dags/dag_extraction.py                           1           0  0.46s           2026-09-17T19:55:38
/opt/airflow/dags/dag_updating.py                             1           0  0.31s           2026-09-17T19:55:38
================================================================================
[2026-09-17T19:56:37.407+0000] {manager.py:878} INFO - 
================================================================================
DAG File Processing Stats

File Path                            PID    Runtime      # DAGs    # Errors  Last Runtime    Last Run
-----------------------------------  -----  ---------  --------  ----------  --------------  -------------------
/opt/airflow/dags/dag_extraction.py                           1           0  0.32s           2026-09-17T19:56:09
/opt/airflow/dags/dag_updating.py                             1           0  0.23s           2026-09-17T19:56:09
================================================================================
[2026-09-17T19:57:08.022+0000] {manager.py:878} INFO - 
================================================================================
DAG File Processing Stats

File Path                            PID    Runtime      # DAGs    # Errors  Last Runtime    Last Run
-----------------------------------  -----  ---------  --------  ----------  --------------  -------------------
/opt/airflow/dags/dag_extraction.py                           1           0  0.33s           2026-09-17T19:56:39
/opt/airflow/dags/dag_updating.py                             1           0  0.22s           2026-09-17T19:56:39
================================================================================
[2026-09-17T19:57:38.656+0000] {manager.py:878} INFO - 
================================================================================
DAG File Processing Stats

File Path                            PID    Runtime      # DAGs    # Errors  Last Runtime    Last Run
-----------------------------------  -----  ---------  --------  ----------  --------------  -------------------
/opt/airflow/dags/dag_extraction.py                           1           0  0.31s           2026-09-17T19:57:10
/opt/airflow/dags/dag_updating.py                             1           0  0.21s           2026-09-17T19:57:10
================================================================================
[2026-09-17T19:58:08.714+0000] {manager.py:878} INFO - 
================================================================================
DAG File Processing Stats

File Path                            PID    Runtime      # DAGs    # Errors  Last Runtime    Last Run
-----------------------------------  -----  ---------  --------  ----------  --------------  -------------------
/opt/airflow/dags/dag_extraction.py                           1           0  0.53s           2026-09-17T19:57:41
/opt/airflow/dags/dag_updating.py                             1           0  0.36s           2026-09-17T19:57:41
================================================================================
[2026-09-17T19:58:39.219+0000] {manager.py:878} INFO - 
================================================================================
DAG File Processing Stats

File Path                            PID    Runtime      # DAGs    # Errors  Last Runtime    Last Run
-----------------------------------  -----  ---------  --------  ----------  --------------  -------------------
/opt/airflow/dags/dag_extraction.py                           1           0  0.39s           2026-09-17T19:58:11
/opt/airflow/dags/dag_updating.py                             1           0  0.23s           2026-09-17T19:58:11
================================================================================
[2026-09-17T19:59:09.839+0000] {manager.py:878} INFO - 
================================================================================
DAG File Processing Stats

File Path                            PID    Runtime      # DAGs    # Errors  Last Runtime    Last Run
-----------------------------------  -----  ---------  --------  ----------  --------------  -------------------
/opt/airflow/dags/dag_extraction.py                           1           0  0.31s           2026-09-17T19:58:42
/opt/airflow/dags/dag_updating.py                             1           0  0.22s           2026-09-17T19:58:42
================================================================================
[2026-09-17T19:59:40.460+0000] {manager.py:878} INFO - 
================================================================================
DAG File Processing Stats

File Path                            PID    Runtime      # DAGs    # Errors  Last Runtime    Last Run
-----------------------------------  -----  ---------  --------  ----------  --------------  -------------------
/opt/airflow/dags/dag_extraction.py                           1           0  0.30s           2026-09-17T19:59:13
/opt/airflow/dags/dag_updating.py                             1           0  0.22s           2026-09-17T19:59:13
================================================================================
[2026-09-17T20:00:11.067+0000] {manager.py:878} INFO - 
================================================================================
DAG File Processing Stats

File Path                            PID    Runtime      # DAGs    # Errors  Last Runtime    Last Run
-----------------------------------  -----  ---------  --------  ----------  --------------  -------------------
/opt/airflow/dags/dag_extraction.py                           1           0  0.30s           2026-09-17T19:59:43
/opt/airflow/dags/dag_updating.py                             1           0  0.20s           2026-09-17T19:59:43
================================================================================
[2026-09-17T20:00:31.574+0000] {manager.py:737} INFO - Searching for files in /opt/airflow/dags
[2026-09-17T20:00:31.693+0000] {manager.py:740} INFO - There are 2 files in /opt/airflow/dags
[2026-09-17T20:00:41.845+0000] {manager.py:878} INFO - 
================================================================================
DAG File Processing Stats

File Path                            PID    Runtime      # DAGs    # Errors  Last Runtime    Last Run
-----------------------------------  -----  ---------  --------  ----------  --------------  -------------------
/opt/airflow/dags/dag_extraction.py                           1           0  0.32s           2026-09-17T20:00:14
/opt/airflow/dags/dag_updating.py                             1           0  0.23s           2026-09-17T20:00:14
================================================================================
[2026-09-17T20:01:12.632+0000] {manager.py:878} INFO - 
================================================================================
DAG File Processing Stats

File Path                            PID    Runtime      # DAGs    # Errors  Last Runtime    Last Run
-----------------------------------  -----  ---------  --------  ----------  --------------  -------------------
/opt/airflow/dags/dag_extraction.py                           1           0  0.50s           2026-09-17T20:00:45
/opt/airflow/dags/dag_updating.py                             1           0  0.33s           2026-09-17T20:00:45
================================================================================
[2026-09-17T20:01:43.351+0000] {manager.py:878} INFO - 
================================================================================
DAG File Processing Stats

File Path                            PID    Runtime      # DAGs    # Errors  Last Runtime    Last Run
-----------------------------------  -----  ---------  --------  ----------  --------------  -------------------
/opt/airflow/dags/dag_extraction.py                           1           0  0.38s           2026-09-17T20:01:16
/opt/airflow/dags/dag_updating.py                             1           0  0.28s           2026-09-17T20:01:16
================================================================================
[2026-09-17T20:02:14.072+0000] {manager.py:878} INFO - 
================================================================================
DAG File Processing Stats

File Path                            PID    Runtime      # DAGs    # Errors  Last Runtime    Last Run
-----------------------------------  -----  ---------  --------  ----------  --------------  -------------------
/opt/airflow/dags/dag_extraction.py                           1           0  0.39s           2026-09-17T20:01:46
/opt/airflow/dags/dag_updating.py                             1           0  0.30s           2026-09-17T20:01:46
================================================================================
[2026-09-17T20:02:44.704+0000] {manager.py:878} INFO - 
================================================================================
DAG File Processing Stats

File Path                            PID    Runtime      # DAGs    # Errors  Last Runtime    Last Run
-----------------------------------  -----  ---------  --------  ----------  --------------  -------------------
/opt/airflow/dags/dag_extraction.py                           1           0  0.30s           2026-09-17T20:02:17
/opt/airflow/dags/dag_updating.py                             1           0  0.21s           2026-09-17T20:02:17
================================================================================
[2026-09-17T20:03:15.424+0000] {manager.py:878} INFO - 
================================================================================
DAG File Processing Stats

File Path                            PID    Runtime      # DAGs    # Errors  Last Runtime    Last Run
-----------------------------------  -----  ---------  --------  ----------  --------------  -------------------
/opt/airflow/dags/dag_extraction.py                           1           0  0.44s           2026-09-17T20:02:48
/opt/airflow/dags/dag_updating.py                             1           0  0.28s           2026-09-17T20:02:48
================================================================================
[2026-09-17T20:03:46.182+0000] {manager.py:878} INFO - 
================================================================================
DAG File Processing Stats

File Path                            PID    Runtime      # DAGs    # Errors  Last Runtime    Last Run
-----------------------------------  -----  ---------  --------  ----------  --------------  -------------------
/opt/airflow/dags/dag_extraction.py                           1           0  0.47s           2026-09-17T20:03:18
/opt/airflow/dags/dag_updating.py                             1           0  0.30s           2026-09-17T20:03:18
================================================================================
[2026-09-17T20:04:17.005+0000] {manager.py:878} INFO - 
================================================================================
DAG File Processing Stats

File Path                            PID    Runtime      # DAGs    # Errors  Last Runtime    Last Run
-----------------------------------  -----  ---------  --------  ----------  --------------  -------------------
/opt/airflow/dags/dag_extraction.py                           1           0  0.42s           2026-09-17T20:03:49
/opt/airflow/dags/dag_updating.py                             1           0  0.35s           2026-09-17T20:03:49
================================================================================
[2026-09-17T20:04:47.788+0000] {manager.py:878} INFO - 
================================================================================
DAG File Processing Stats

File Path                            PID    Runtime      # DAGs    # Errors  Last Runtime    Last Run
-----------------------------------  -----  ---------  --------  ----------  --------------  -------------------
/opt/airflow/dags/dag_extraction.py                           1           0  0.46s           2026-09-17T20:04:20
/opt/airflow/dags/dag_updating.py                             1           0  0.35s           2026-09-17T20:04:20
================================================================================
[2026-09-18T07:58:15.260+0000] {manager.py:470} INFO - Processing files using up to 2 processes at a time 
[2026-09-18T07:58:15.265+0000] {manager.py:471} INFO - Process each file at most once every 30 seconds
[2026-09-18T07:58:15.269+0000] {manager.py:472} INFO - Checking for new files in /opt/airflow/dags every 300 seconds
[2026-09-18T07:58:15.273+0000] {manager.py:737} INFO - Searching for files in /opt/airflow/dags
[2026-09-18T07:58:15.368+0000] {manager.py:740} INFO - There are 2 files in /opt/airflow/dags
[2026-09-18T07:58:15.722+0000] {manager.py:878} INFO - 
================================================================================
DAG File Processing Stats

File Path                              PID  Runtime      # DAGs    # Errors  Last Runtime    Last Run
-----------------------------------  -----  ---------  --------  ----------  --------------  ----------
/opt/airflow/dags/dag_extraction.py     49  0.17s             0           0
/opt/airflow/dags/dag_updating.py       50  0.13s             0           0
================================================================================
[2026-09-18T07:58:45.808+0000] {manager.py:878} INFO - 
================================================================================
DAG File Processing Stats

File Path                            PID    Runtime      # DAGs    # Errors  Last Runtime    Last Run
-----------------------------------  -----  ---------  --------  ----------  --------------  -------------------
/opt/airflow/dags/dag_extraction.py                           1           0  1.02s           2026-09-18T07:58:16
/opt/airflow/dags/dag_updating.py                             1           0  0.97s           2026-09-18T07:58:16
================================================================================
[2026-09-18T07:59:16.348+0000] {manager.py:878} INFO - 
================================================================================
DAG File Processing Stats

File Path                            PID    Runtime      # DAGs    # Errors  Last Runtime    Last Run
-----------------------------------  -----  ---------  --------  ----------  --------------  -------------------
/opt/airflow/dags/dag_extraction.py                           1           0  0.30s           2026-09-18T07:58:47
/opt/airflow/dags/dag_updating.py                             1           0  0.23s           2026-09-18T07:58:47
================================================================================
[2026-09-18T07:59:46.788+0000] {manager.py:878} INFO - 
================================================================================
DAG File Processing Stats

File Path                            PID    Runtime      # DAGs    # Errors  Last Runtime    Last Run
-----------------------------------  -----  ---------  --------  ----------  --------------  -------------------
/opt/airflow/dags/dag_extraction.py                           1           0  0.19s           2026-09-18T07:59:17
/opt/airflow/dags/dag_updating.py                             1           0  0.14s           2026-09-18T07:59:17
================================================================================
[2026-09-18T08:00:17.247+0000] {manager.py:878} INFO - 
================================================================================
DAG File Processing Stats

File Path                            PID    Runtime      # DAGs    # Errors  Last Runtime    Last Run
-----------------------------------  -----  ---------  --------  ----------  --------------  -------------------
/opt/airflow/dags/dag_extraction.py                           1           0  0.29s           2026-09-18T07:59:48
/opt/airflow/dags/dag_updating.py                             1           0  0.19s           2026-09-18T07:59:48
================================================================================
[2026-09-18T08:00:47.705+0000] {manager.py:878} INFO - 
================================================================================
DAG File Processing Stats

File Path                            PID    Runtime      # DAGs    # Errors  Last Runtime    Last Run
-----------------------------------  -----  ---------  --------  ----------  --------------  -------------------
/opt/airflow/dags/dag_extraction.py                           1           0  0.21s           2026-09-18T08:00:18
/opt/airflow/dags/dag_updating.py                             1           0  0.16s           2026-09-18T08:00:18
================================================================================
[2026-09-18T08:01:18.159+0000] {manager.py:878} INFO - 
================================================================================
DAG File Processing Stats

File Path                            PID    Runtime      # DAGs    # Errors  Last Runtime    Last Run
-----------------------------------  -----  ---------  --------  ----------  --------------  -------------------
/opt/airflow/dags/dag_extraction.py                           1           0  0.20s           2026-09-18T08:00:48
/opt/airflow/dags/dag_updating.py                             1           0  0.15s           2026-09-18T08:00:48
================================================================================
[2026-09-18T08:01:48.650+0000] {manager.py:878} INFO - 
================================================================================
DAG File Processing Stats

File Path                            PID    Runtime      # DAGs    # Errors  Last Runtime    Last Run
-----------------------------------  -----  ---------  --------  ----------  --------------  -------------------
/opt/airflow/dags/dag_extraction.py                           1           0  0.25s           2026-09-18T08:01:19
/opt/airflow/dags/dag_updating.py                             1           0  0.21s           2026-09-18T08:01:19
================================================================================
[2026-09-18T08:02:19.070+0000] {manager.py:878} INFO - 
================================================================================
DAG File Processing Stats

File Path                            PID    Runtime      # DAGs    # Errors  Last Runtime    Last Run
-----------------------------------  -----  ---------  --------  ----------  --------------  -------------------
/opt/airflow/dags/dag_extraction.py                           1           0  0.21s           2026-09-18T08:01:49
/opt/airflow/dags/dag_updating.py                             1           0  0.16s           2026-09-18T08:01:49
================================================================================
[2026-09-18T08:02:49.574+0000] {manager.py:878} INFO - 
================================================================================
DAG File Processing Stats

File Path                            PID    Runtime      # DAGs    # Errors  Last Runtime    Last Run
-----------------------------------  -----  ---------  --------  ----------  --------------  -------------------
/opt/airflow/dags/dag_extraction.py                           1           0  0.21s           2026-09-18T08:02:20
/opt/airflow/dags/dag_updating.py                             1           0  0.20s           2026-09-18T08:02:20
================================================================================
[2026-09-18T08:03:15.967+0000] {manager.py:737} INFO - Searching for files in /opt/airflow/dags
[2026-09-18T08:03:16.007+0000] {manager.py:740} INFO - There are 2 files in /opt/airflow/dags
[2026-09-18T08:03:20.061+0000] {manager.py:878} INFO - 
================================================================================
DAG File Processing Stats

File Path                            PID    Runtime      # DAGs    # Errors  Last Runtime    Last Run
-----------------------------------  -----  ---------  --------  ----------  --------------  -------------------
/opt/airflow/dags/dag_extraction.py                           1           0  0.19s           2026-09-18T08:02:50
/opt/airflow/dags/dag_updating.py                             1           0  0.15s           2026-09-18T08:02:50
================================================================================
[2026-09-18T08:03:50.502+0000] {manager.py:878} INFO - 
================================================================================
DAG File Processing Stats

File Path                            PID    Runtime      # DAGs    # Errors  Last Runtime    Last Run
-----------------------------------  -----  ---------  --------  ----------  --------------  -------------------
/opt/airflow/dags/dag_extraction.py                           1           0  0.19s           2026-09-18T08:03:21
/opt/airflow/dags/dag_updating.py                             1           0  0.15s           2026-09-18T08:03:21
================================================================================
[2026-09-18T08:04:20.961+0000] {manager.py:878} INFO - 
================================================================================
DAG File Processing Stats

File Path                            PID    Runtime      # DAGs    # Errors  Last Runtime    Last Run
-----------------------------------  -----  ---------  --------  ----------  --------------  -------------------
/opt/airflow/dags/dag_extraction.py                           1           0  0.19s           2026-09-18T08:03:51
/opt/airflow/dags/dag_updating.py                             1           0  0.16s           2026-09-18T08:03:51
================================================================================
[2026-09-18T08:04:51.426+0000] {manager.py:878} INFO - 
================================================================================
DAG File Processing Stats

File Path                            PID    Runtime      # DAGs    # Errors  Last Runtime    Last Run
-----------------------------------  -----  ---------  --------  ----------  --------------  -------------------
/opt/airflow/dags/dag_extraction.py                           1           0  0.22s           2026-09-18T08:04:22
/opt/airflow/dags/dag_updating.py                             1           0  0.17s           2026-09-18T08:04:22
================================================================================
[2026-09-18T08:05:21.872+0000] {manager.py:878} INFO - 
================================================================================
DAG File Processing Stats

File Path                            PID    Runtime      # DAGs    # Errors  Last Runtime    Last Run
-----------------------------------  -----  ---------  --------  ----------  --------------  -------------------
/opt/airflow/dags/dag_extraction.py                           1           0  0.18s           2026-09-18T08:04:52
/opt/airflow/dags/dag_updating.py                             1           0  0.14s           2026-09-18T08:04:52
================================================================================
[2026-09-18T08:05:52.356+0000] {manager.py:878} INFO - 
================================================================================
DAG File Processing Stats

File Path                            PID    Runtime      # DAGs    # Errors  Last Runtime    Last Run
-----------------------------------  -----  ---------  --------  ----------  --------------  -------------------
/opt/airflow/dags/dag_extraction.py                           1           0  0.22s           2026-09-18T08:05:23
/opt/airflow/dags/dag_updating.py                             1           0  0.17s           2026-09-18T08:05:23
================================================================================
[2026-09-18T08:06:22.801+0000] {manager.py:878} INFO - 
================================================================================
DAG File Processing Stats

File Path                            PID    Runtime      # DAGs    # Errors  Last Runtime    Last Run
-----------------------------------  -----  ---------  --------  ----------  --------------  -------------------
/opt/airflow/dags/dag_extraction.py                           1           0  0.20s           2026-09-18T08:05:53
/opt/airflow/dags/dag_updating.py                             1           0  0.16s           2026-09-18T08:05:53
================================================================================
[2026-09-18T08:06:53.231+0000] {manager.py:878} INFO - 
================================================================================
DAG File Processing Stats

File Path                            PID    Runtime      # DAGs    # Errors  Last Runtime    Last Run
-----------------------------------  -----  ---------  --------  ----------  --------------  -------------------
/opt/airflow/dags/dag_extraction.py                           1           0  0.18s           2026-09-18T08:06:24
/opt/airflow/dags/dag_updating.py                             1           0  0.15s           2026-09-18T08:06:23
================================================================================
[2026-09-18T08:07:23.653+0000] {manager.py:878} INFO - 
================================================================================
DAG File Processing Stats

File Path                            PID    Runtime      # DAGs    # Errors  Last Runtime    Last Run
-----------------------------------  -----  ---------  --------  ----------  --------------  -------------------
/opt/airflow/dags/dag_extraction.py                           1           0  0.20s           2026-09-18T08:06:54
/opt/airflow/dags/dag_updating.py                             1           0  0.16s           2026-09-18T08:06:54
================================================================================
[2026-09-18T08:07:54.109+0000] {manager.py:878} INFO - 
================================================================================
DAG File Processing Stats

File Path                            PID    Runtime      # DAGs    # Errors  Last Runtime    Last Run
-----------------------------------  -----  ---------  --------  ----------  --------------  -------------------
/opt/airflow/dags/dag_extraction.py                           1           0  0.18s           2026-09-18T08:07:24
/opt/airflow/dags/dag_updating.py                             1           0  0.14s           2026-09-18T08:07:24
================================================================================
[2026-09-18T08:08:16.455+0000] {manager.py:737} INFO - Searching for files in /opt/airflow/dags
[2026-09-18T08:08:16.494+0000] {manager.py:740} INFO - There are 2 files in /opt/airflow/dags
[2026-09-18T08:08:24.564+0000] {manager.py:878} INFO - 
================================================================================
DAG File Processing Stats

File Path                            PID    Runtime      # DAGs    # Errors  Last Runtime    Last Run
-----------------------------------  -----  ---------  --------  ----------  --------------  -------------------
/opt/airflow/dags/dag_extraction.py                           1           0  0.21s           2026-09-18T08:07:55
/opt/airflow/dags/dag_updating.py                             1           0  0.16s           2026-09-18T08:07:55
================================================================================
[2026-09-18T08:08:55.048+0000] {manager.py:878} INFO - 
================================================================================
DAG File Processing Stats

File Path                            PID    Runtime      # DAGs    # Errors  Last Runtime    Last Run
-----------------------------------  -----  ---------  --------  ----------  --------------  -------------------
/opt/airflow/dags/dag_extraction.py                           1           0  0.19s           2026-09-18T08:08:25
/opt/airflow/dags/dag_updating.py                             1           0  0.15s           2026-09-18T08:08:25
================================================================================
[2026-09-18T08:09:25.552+0000] {manager.py:878} INFO - 
================================================================================
DAG File Processing Stats

File Path                            PID    Runtime      # DAGs    # Errors  Last Runtime    Last Run
-----------------------------------  -----  ---------  --------  ----------  --------------  -------------------
/opt/airflow/dags/dag_extraction.py                           1           0  0.18s           2026-09-18T08:08:56
/opt/airflow/dags/dag_updating.py                             1           0  0.15s           2026-09-18T08:08:56
================================================================================
[2026-09-18T08:09:55.997+0000] {manager.py:878} INFO - 
================================================================================
DAG File Processing Stats

File Path                            PID    Runtime      # DAGs    # Errors  Last Runtime    Last Run
-----------------------------------  -----  ---------  --------  ----------  --------------  -------------------
/opt/airflow/dags/dag_extraction.py                           1           0  0.18s           2026-09-18T08:09:26
/opt/airflow/dags/dag_updating.py                             1           0  0.15s           2026-09-18T08:09:26
================================================================================
[2026-09-18T08:10:26.537+0000] {manager.py:878} INFO - 
================================================================================
DAG File Processing Stats

File Path                            PID    Runtime      # DAGs    # Errors  Last Runtime    Last Run
-----------------------------------  -----  ---------  --------  ----------  --------------  -------------------
/opt/airflow/dags/dag_extraction.py                           1           0  0.26s           2026-09-18T08:09:57
/opt/airflow/dags/dag_updating.py                             1           0  0.21s           2026-09-18T08:09:57
================================================================================
[2026-09-18T08:10:57.001+0000] {manager.py:878} INFO - 
================================================================================
DAG File Processing Stats

File Path                            PID    Runtime      # DAGs    # Errors  Last Runtime    Last Run
-----------------------------------  -----  ---------  --------  ----------  --------------  -------------------
/opt/airflow/dags/dag_extraction.py                           1           0  0.21s           2026-09-18T08:10:27
/opt/airflow/dags/dag_updating.py                             1           0  0.14s           2026-09-18T08:10:27
================================================================================
[2026-09-18T08:11:27.459+0000] {manager.py:878} INFO - 
================================================================================
DAG File Processing Stats

File Path                            PID    Runtime      # DAGs    # Errors  Last Runtime    Last Run
-----------------------------------  -----  ---------  --------  ----------  --------------  -------------------
/opt/airflow/dags/dag_extraction.py                           1           0  0.18s           2026-09-18T08:10:58
/opt/airflow/dags/dag_updating.py                             1           0  0.15s           2026-09-18T08:10:58
================================================================================
[2026-09-18T08:11:57.912+0000] {manager.py:878} INFO - 
================================================================================
DAG File Processing Stats

File Path                            PID    Runtime      # DAGs    # Errors  Last Runtime    Last Run
-----------------------------------  -----  ---------  --------  ----------  --------------  -------------------
/opt/airflow/dags/dag_extraction.py                           1           0  0.19s           2026-09-18T08:11:28
/opt/airflow/dags/dag_updating.py                             1           0  0.15s           2026-09-18T08:11:28
================================================================================
[2026-09-18T08:12:28.313+0000] {manager.py:878} INFO - 
================================================================================
DAG File Processing Stats

File Path                            PID    Runtime      # DAGs    # Errors  Last Runtime    Last Run
-----------------------------------  -----  ---------  --------  ----------  --------------  -------------------
/opt/airflow/dags/dag_extraction.py                           1           0  0.18s           2026-09-18T08:11:59
/opt/airflow/dags/dag_updating.py                             1           0  0.15s           2026-09-18T08:11:59
================================================================================
[2026-09-18T08:12:58.734+0000] {manager.py:878} INFO - 
================================================================================
DAG File Processing Stats

File Path                            PID    Runtime      # DAGs    # Errors  Last Runtime    Last Run
-----------------------------------  -----  ---------  --------  ----------  --------------  -------------------
/opt/airflow/dags/dag_extraction.py                           1           0  0.21s           2026-09-18T08:12:29
/opt/airflow/dags/dag_updating.py                             1           0  0.18s           2026-09-18T08:12:29
================================================================================
[2026-09-18T08:13:17.082+0000] {manager.py:737} INFO - Searching for files in /opt/airflow/dags
[2026-09-18T08:13:17.113+0000] {manager.py:740} INFO - There are 2 files in /opt/airflow/dags
[2026-09-18T08:13:29.258+0000] {manager.py:878} INFO - 
================================================================================
DAG File Processing Stats

File Path                            PID    Runtime      # DAGs    # Errors  Last Runtime    Last Run
-----------------------------------  -----  ---------  --------  ----------  --------------  -------------------
/opt/airflow/dags/dag_extraction.py                           1           0  0.21s           2026-09-18T08:12:59
/opt/airflow/dags/dag_updating.py                             1           0  0.17s           2026-09-18T08:12:59
================================================================================
[2026-09-18T08:13:59.744+0000] {manager.py:878} INFO - 
================================================================================
DAG File Processing Stats

File Path                            PID    Runtime      # DAGs    # Errors  Last Runtime    Last Run
-----------------------------------  -----  ---------  --------  ----------  --------------  -------------------
/opt/airflow/dags/dag_extraction.py                           1           0  0.18s           2026-09-18T08:13:30
/opt/airflow/dags/dag_updating.py                             1           0  0.16s           2026-09-18T08:13:30
================================================================================
[2026-09-18T08:14:30.191+0000] {manager.py:878} INFO - 
================================================================================
DAG File Processing Stats

File Path                            PID    Runtime      # DAGs    # Errors  Last Runtime    Last Run
-----------------------------------  -----  ---------  --------  ----------  --------------  -------------------
/opt/airflow/dags/dag_extraction.py                           1           0  0.19s           2026-09-18T08:14:00
/opt/airflow/dags/dag_updating.py                             1           0  0.15s           2026-09-18T08:14:00
================================================================================
[2026-09-18T08:15:00.673+0000] {manager.py:878} INFO - 
================================================================================
DAG File Processing Stats

File Path                            PID    Runtime      # DAGs    # Errors  Last Runtime    Last Run
-----------------------------------  -----  ---------  --------  ----------  --------------  -------------------
/opt/airflow/dags/dag_extraction.py                           1           0  0.31s           2026-09-18T08:14:31
/opt/airflow/dags/dag_updating.py                             1           0  0.26s           2026-09-18T08:14:31
================================================================================
[2026-09-18T08:15:31.132+0000] {manager.py:878} INFO - 
================================================================================
DAG File Processing Stats

File Path                            PID    Runtime      # DAGs    # Errors  Last Runtime    Last Run
-----------------------------------  -----  ---------  --------  ----------  --------------  -------------------
/opt/airflow/dags/dag_extraction.py                           1           0  0.22s           2026-09-18T08:15:01
/opt/airflow/dags/dag_updating.py                             1           0  0.19s           2026-09-18T08:15:01
================================================================================
[2026-09-18T08:16:01.562+0000] {manager.py:878} INFO - 
================================================================================
DAG File Processing Stats

File Path                            PID    Runtime      # DAGs    # Errors  Last Runtime    Last Run
-----------------------------------  -----  ---------  --------  ----------  --------------  -------------------
/opt/airflow/dags/dag_extraction.py                           1           0  0.19s           2026-09-18T08:15:32
/opt/airflow/dags/dag_updating.py                             1           0  0.15s           2026-09-18T08:15:32
================================================================================
[2026-09-18T08:16:31.991+0000] {manager.py:878} INFO - 
================================================================================
DAG File Processing Stats

File Path                            PID    Runtime      # DAGs    # Errors  Last Runtime    Last Run
-----------------------------------  -----  ---------  --------  ----------  --------------  -------------------
/opt/airflow/dags/dag_extraction.py                           1           0  0.19s           2026-09-18T08:16:02
/opt/airflow/dags/dag_updating.py                             1           0  0.15s           2026-09-18T08:16:02
================================================================================
[2026-09-18T08:17:02.500+0000] {manager.py:878} INFO - 
================================================================================
DAG File Processing Stats

File Path                            PID    Runtime      # DAGs    # Errors  Last Runtime    Last Run
-----------------------------------  -----  ---------  --------  ----------  --------------  -------------------
/opt/airflow/dags/dag_extraction.py                           1           0  0.29s           2026-09-18T08:16:33
/opt/airflow/dags/dag_updating.py                             1           0  0.23s           2026-09-18T08:16:33
================================================================================
[2026-09-18T08:17:32.946+0000] {manager.py:878} INFO - 
================================================================================
DAG File Processing Stats

File Path                            PID    Runtime      # DAGs    # Errors  Last Runtime    Last Run
-----------------------------------  -----  ---------  --------  ----------  --------------  -------------------
/opt/airflow/dags/dag_extraction.py                           1           0  0.23s           2026-09-18T08:17:03
/opt/airflow/dags/dag_updating.py                             1           0  0.20s           2026-09-18T08:17:03
================================================================================
[2026-09-18T08:18:03.366+0000] {manager.py:878} INFO - 
================================================================================
DAG File Processing Stats

File Path                            PID    Runtime      # DAGs    # Errors  Last Runtime    Last Run
-----------------------------------  -----  ---------  --------  ----------  --------------  -------------------
/opt/airflow/dags/dag_extraction.py                           1           0  0.19s           2026-09-18T08:17:34
/opt/airflow/dags/dag_updating.py                             1           0  0.14s           2026-09-18T08:17:34
================================================================================
[2026-09-18T08:18:17.650+0000] {manager.py:737} INFO - Searching for files in /opt/airflow/dags
[2026-09-18T08:18:17.696+0000] {manager.py:740} INFO - There are 2 files in /opt/airflow/dags
[2026-09-18T08:18:33.850+0000] {manager.py:878} INFO - 
================================================================================
DAG File Processing Stats

File Path                            PID    Runtime      # DAGs    # Errors  Last Runtime    Last Run
-----------------------------------  -----  ---------  --------  ----------  --------------  -------------------
/opt/airflow/dags/dag_extraction.py                           1           0  0.18s           2026-09-18T08:18:04
/opt/airflow/dags/dag_updating.py                             1           0  0.15s           2026-09-18T08:18:04
================================================================================
[2026-09-18T08:19:04.323+0000] {manager.py:878} INFO - 
================================================================================
DAG File Processing Stats

File Path                            PID    Runtime      # DAGs    # Errors  Last Runtime    Last Run
-----------------------------------  -----  ---------  --------  ----------  --------------  -------------------
/opt/airflow/dags/dag_extraction.py                           1           0  0.19s           2026-09-18T08:18:35
/opt/airflow/dags/dag_updating.py                             1           0  0.16s           2026-09-18T08:18:35
================================================================================
[2026-09-18T08:19:34.809+0000] {manager.py:878} INFO - 
================================================================================
DAG File Processing Stats

File Path                            PID    Runtime      # DAGs    # Errors  Last Runtime    Last Run
-----------------------------------  -----  ---------  --------  ----------  --------------  -------------------
/opt/airflow/dags/dag_extraction.py                           1           0  0.19s           2026-09-18T08:19:05
/opt/airflow/dags/dag_updating.py                             1           0  0.15s           2026-09-18T08:19:05
================================================================================
[2026-09-18T08:20:05.275+0000] {manager.py:878} INFO - 
================================================================================
DAG File Processing Stats

File Path                            PID    Runtime      # DAGs    # Errors  Last Runtime    Last Run
-----------------------------------  -----  ---------  --------  ----------  --------------  -------------------
/opt/airflow/dags/dag_extraction.py                           1           0  0.19s           2026-09-18T08:19:36
/opt/airflow/dags/dag_updating.py                             1           0  0.15s           2026-09-18T08:19:35
================================================================================
[2026-09-18T08:20:35.741+0000] {manager.py:878} INFO - 
================================================================================
DAG File Processing Stats

File Path                            PID    Runtime      # DAGs    # Errors  Last Runtime    Last Run
-----------------------------------  -----  ---------  --------  ----------  --------------  -------------------
/opt/airflow/dags/dag_extraction.py                           1           0  0.17s           2026-09-18T08:20:06
/opt/airflow/dags/dag_updating.py                             1           0  0.14s           2026-09-18T08:20:06
================================================================================
[2026-09-18T08:21:06.217+0000] {manager.py:878} INFO - 
================================================================================
DAG File Processing Stats

File Path                            PID    Runtime      # DAGs    # Errors  Last Runtime    Last Run
-----------------------------------  -----  ---------  --------  ----------  --------------  -------------------
/opt/airflow/dags/dag_extraction.py                           1           0  0.17s           2026-09-18T08:20:36
/opt/airflow/dags/dag_updating.py                             1           0  0.14s           2026-09-18T08:20:36
================================================================================
[2026-09-18T08:21:36.677+0000] {manager.py:878} INFO - 
================================================================================
DAG File Processing Stats

File Path                            PID    Runtime      # DAGs    # Errors  Last Runtime    Last Run
-----------------------------------  -----  ---------  --------  ----------  --------------  -------------------
/opt/airflow/dags/dag_extraction.py                           1           0  0.17s           2026-09-18T08:21:07
/opt/airflow/dags/dag_updating.py                             1           0  0.14s           2026-09-18T08:21:07
================================================================================
[2026-09-18T08:22:07.163+0000] {manager.py:878} INFO - 
================================================================================
DAG File Processing Stats

File Path                            PID    Runtime      # DAGs    # Errors  Last Runtime    Last Run
-----------------------------------  -----  ---------  --------  ----------  --------------  -------------------
/opt/airflow/dags/dag_extraction.py                           1           0  0.19s           2026-09-18T08:21:37
/opt/airflow/dags/dag_updating.py                             1           0  0.15s           2026-09-18T08:21:37
================================================================================
[2026-09-18T08:22:37.680+0000] {manager.py:878} INFO - 
================================================================================
DAG File Processing Stats

File Path                            PID    Runtime      # DAGs    # Errors  Last Runtime    Last Run
-----------------------------------  -----  ---------  --------  ----------  --------------  -------------------
/opt/airflow/dags/dag_extraction.py                           1           0  0.23s           2026-09-18T08:22:08
/opt/airflow/dags/dag_updating.py                             1           0  0.19s           2026-09-18T08:22:08
================================================================================
[2026-09-18T08:23:08.090+0000] {manager.py:878} INFO - 
================================================================================
DAG File Processing Stats

File Path                            PID    Runtime      # DAGs    # Errors  Last Runtime    Last Run
-----------------------------------  -----  ---------  --------  ----------  --------------  -------------------
/opt/airflow/dags/dag_extraction.py                           1           0  0.23s           2026-09-18T08:22:38
/opt/airflow/dags/dag_updating.py                             1           0  0.17s           2026-09-18T08:22:38
================================================================================
[2026-09-18T08:23:18.361+0000] {manager.py:737} INFO - Searching for files in /opt/airflow/dags
[2026-09-18T08:23:18.414+0000] {manager.py:740} INFO - There are 2 files in /opt/airflow/dags
[2026-09-18T08:23:38.643+0000] {manager.py:878} INFO - 
================================================================================
DAG File Processing Stats

File Path                            PID    Runtime      # DAGs    # Errors  Last Runtime    Last Run
-----------------------------------  -----  ---------  --------  ----------  --------------  -------------------
/opt/airflow/dags/dag_extraction.py                           1           0  0.22s           2026-09-18T08:23:09
/opt/airflow/dags/dag_updating.py                             1           0  0.18s           2026-09-18T08:23:09
================================================================================
[2026-09-18T08:24:09.127+0000] {manager.py:878} INFO - 
================================================================================
DAG File Processing Stats

File Path                            PID    Runtime      # DAGs    # Errors  Last Runtime    Last Run
-----------------------------------  -----  ---------  --------  ----------  --------------  -------------------
/opt/airflow/dags/dag_extraction.py                           1           0  0.19s           2026-09-18T08:23:39
/opt/airflow/dags/dag_updating.py                             1           0  0.15s           2026-09-18T08:23:39
================================================================================
[2026-09-18T08:24:39.606+0000] {manager.py:878} INFO - 
================================================================================
DAG File Processing Stats

File Path                            PID    Runtime      # DAGs    # Errors  Last Runtime    Last Run
-----------------------------------  -----  ---------  --------  ----------  --------------  -------------------
/opt/airflow/dags/dag_extraction.py                           1           0  0.17s           2026-09-18T08:24:10
/opt/airflow/dags/dag_updating.py                             1           0  0.14s           2026-09-18T08:24:10
================================================================================
[2026-09-18T08:25:10.082+0000] {manager.py:878} INFO - 
================================================================================
DAG File Processing Stats

File Path                            PID    Runtime      # DAGs    # Errors  Last Runtime    Last Run
-----------------------------------  -----  ---------  --------  ----------  --------------  -------------------
/opt/airflow/dags/dag_extraction.py                           1           0  0.22s           2026-09-18T08:24:40
/opt/airflow/dags/dag_updating.py                             1           0  0.17s           2026-09-18T08:24:40
================================================================================
[2026-09-18T08:25:40.536+0000] {manager.py:878} INFO - 
================================================================================
DAG File Processing Stats

File Path                            PID    Runtime      # DAGs    # Errors  Last Runtime    Last Run
-----------------------------------  -----  ---------  --------  ----------  --------------  -------------------
/opt/airflow/dags/dag_extraction.py                           1           0  0.18s           2026-09-18T08:25:11
/opt/airflow/dags/dag_updating.py                             1           0  0.14s           2026-09-18T08:25:11
================================================================================
[2026-09-18T08:26:10.986+0000] {manager.py:878} INFO - 
================================================================================
DAG File Processing Stats

File Path                            PID    Runtime      # DAGs    # Errors  Last Runtime    Last Run
-----------------------------------  -----  ---------  --------  ----------  --------------  -------------------
/opt/airflow/dags/dag_extraction.py                           1           0  0.18s           2026-09-18T08:25:41
/opt/airflow/dags/dag_updating.py                             1           0  0.14s           2026-09-18T08:25:41
================================================================================
[2026-09-18T08:26:41.352+0000] {manager.py:878} INFO - 
================================================================================
DAG File Processing Stats

File Path                            PID    Runtime      # DAGs    # Errors  Last Runtime    Last Run
-----------------------------------  -----  ---------  --------  ----------  --------------  -------------------
/opt/airflow/dags/dag_extraction.py                           1           0  0.18s           2026-09-18T08:26:12
/opt/airflow/dags/dag_updating.py                             1           0  0.14s           2026-09-18T08:26:12
================================================================================
[2026-09-18T08:27:11.726+0000] {manager.py:878} INFO - 
================================================================================
DAG File Processing Stats

File Path                            PID    Runtime      # DAGs    # Errors  Last Runtime    Last Run
-----------------------------------  -----  ---------  --------  ----------  --------------  -------------------
/opt/airflow/dags/dag_extraction.py                           1           0  0.19s           2026-09-18T08:26:42
/opt/airflow/dags/dag_updating.py                             1           0  0.15s           2026-09-18T08:26:42
================================================================================
[2026-09-18T08:27:42.103+0000] {manager.py:878} INFO - 
================================================================================
DAG File Processing Stats

File Path                            PID    Runtime      # DAGs    # Errors  Last Runtime    Last Run
-----------------------------------  -----  ---------  --------  ----------  --------------  -------------------
/opt/airflow/dags/dag_extraction.py                           1           0  0.23s           2026-09-18T08:27:12
/opt/airflow/dags/dag_updating.py                             1           0  0.17s           2026-09-18T08:27:12
================================================================================
[2026-09-18T08:28:12.522+0000] {manager.py:878} INFO - 
================================================================================
DAG File Processing Stats

File Path                            PID    Runtime      # DAGs    # Errors  Last Runtime    Last Run
-----------------------------------  -----  ---------  --------  ----------  --------------  -------------------
/opt/airflow/dags/dag_extraction.py                           1           0  0.22s           2026-09-18T08:27:43
/opt/airflow/dags/dag_updating.py                             1           0  0.17s           2026-09-18T08:27:43
================================================================================
[2026-09-18T08:28:18.750+0000] {manager.py:737} INFO - Searching for files in /opt/airflow/dags
[2026-09-18T08:28:18.792+0000] {manager.py:740} INFO - There are 2 files in /opt/airflow/dags
[2026-09-18T08:28:42.983+0000] {manager.py:878} INFO - 
================================================================================
DAG File Processing Stats

File Path                            PID    Runtime      # DAGs    # Errors  Last Runtime    Last Run
-----------------------------------  -----  ---------  --------  ----------  --------------  -------------------
/opt/airflow/dags/dag_extraction.py                           1           0  0.19s           2026-09-18T08:28:13
/opt/airflow/dags/dag_updating.py                             1           0  0.16s           2026-09-18T08:28:13
================================================================================
[2026-09-18T08:29:13.381+0000] {manager.py:878} INFO - 
================================================================================
DAG File Processing Stats

File Path                            PID    Runtime      # DAGs    # Errors  Last Runtime    Last Run
-----------------------------------  -----  ---------  --------  ----------  --------------  -------------------
/opt/airflow/dags/dag_extraction.py                           1           0  0.22s           2026-09-18T08:28:44
/opt/airflow/dags/dag_updating.py                             1           0  0.19s           2026-09-18T08:28:44
================================================================================
[2026-09-18T08:29:43.769+0000] {manager.py:878} INFO - 
================================================================================
DAG File Processing Stats

File Path                            PID    Runtime      # DAGs    # Errors  Last Runtime    Last Run
-----------------------------------  -----  ---------  --------  ----------  --------------  -------------------
/opt/airflow/dags/dag_extraction.py                           1           0  0.19s           2026-09-18T08:29:14
/opt/airflow/dags/dag_updating.py                             1           0  0.16s           2026-09-18T08:29:14
================================================================================
[2026-09-18T08:30:14.155+0000] {manager.py:878} INFO - 
================================================================================
DAG File Processing Stats

File Path                            PID    Runtime      # DAGs    # Errors  Last Runtime    Last Run
-----------------------------------  -----  ---------  --------  ----------  --------------  -------------------
/opt/airflow/dags/dag_extraction.py                           1           0  0.20s           2026-09-18T08:29:45
/opt/airflow/dags/dag_updating.py                             1           0  0.16s           2026-09-18T08:29:44
================================================================================
[2026-09-18T08:30:44.555+0000] {manager.py:878} INFO - 
================================================================================
DAG File Processing Stats

File Path                            PID    Runtime      # DAGs    # Errors  Last Runtime    Last Run
-----------------------------------  -----  ---------  --------  ----------  --------------  -------------------
/opt/airflow/dags/dag_extraction.py                           1           0  0.21s           2026-09-18T08:30:15
/opt/airflow/dags/dag_updating.py                             1           0  0.16s           2026-09-18T08:30:15
================================================================================
[2026-09-18T08:31:15.031+0000] {manager.py:878} INFO - 
================================================================================
DAG File Processing Stats

File Path                            PID    Runtime      # DAGs    # Errors  Last Runtime    Last Run
-----------------------------------  -----  ---------  --------  ----------  --------------  -------------------
/opt/airflow/dags/dag_extraction.py                           1           0  0.18s           2026-09-18T08:30:45
/opt/airflow/dags/dag_updating.py                             1           0  0.14s           2026-09-18T08:30:45
================================================================================
[2026-09-18T08:31:45.513+0000] {manager.py:878} INFO - 
================================================================================
DAG File Processing Stats

File Path                            PID    Runtime      # DAGs    # Errors  Last Runtime    Last Run
-----------------------------------  -----  ---------  --------  ----------  --------------  -------------------
/opt/airflow/dags/dag_extraction.py                           1           0  0.18s           2026-09-18T08:31:16
/opt/airflow/dags/dag_updating.py                             1           0  0.14s           2026-09-18T08:31:16
================================================================================
[2026-09-18T08:32:15.896+0000] {manager.py:878} INFO - 
================================================================================
DAG File Processing Stats

File Path                            PID    Runtime      # DAGs    # Errors  Last Runtime    Last Run
-----------------------------------  -----  ---------  --------  ----------  --------------  -------------------
/opt/airflow/dags/dag_extraction.py                           1           0  0.18s           2026-09-18T08:31:46
/opt/airflow/dags/dag_updating.py                             1           0  0.15s           2026-09-18T08:31:46
================================================================================
[2026-09-18T08:32:46.347+0000] {manager.py:878} INFO - 
================================================================================
DAG File Processing Stats

File Path                            PID    Runtime      # DAGs    # Errors  Last Runtime    Last Run
-----------------------------------  -----  ---------  --------  ----------  --------------  -------------------
/opt/airflow/dags/dag_extraction.py                           1           0  0.20s           2026-09-18T08:32:17
/opt/airflow/dags/dag_updating.py                             1           0  0.15s           2026-09-18T08:32:17
================================================================================
[2026-09-18T08:33:16.827+0000] {manager.py:878} INFO - 
================================================================================
DAG File Processing Stats

File Path                            PID    Runtime      # DAGs    # Errors  Last Runtime    Last Run
-----------------------------------  -----  ---------  --------  ----------  --------------  -------------------
/opt/airflow/dags/dag_extraction.py                           1           0  0.18s           2026-09-18T08:32:47
/opt/airflow/dags/dag_updating.py                             1           0  0.15s           2026-09-18T08:32:47
================================================================================
[2026-09-18T08:33:19.009+0000] {manager.py:737} INFO - Searching for files in /opt/airflow/dags
[2026-09-18T08:33:19.074+0000] {manager.py:740} INFO - There are 2 files in /opt/airflow/dags
[2026-09-18T08:33:47.356+0000] {manager.py:878} INFO - 
================================================================================
DAG File Processing Stats

File Path                            PID    Runtime      # DAGs    # Errors  Last Runtime    Last Run
-----------------------------------  -----  ---------  --------  ----------  --------------  -------------------
/opt/airflow/dags/dag_extraction.py                           1           0  0.18s           2026-09-18T08:33:18
/opt/airflow/dags/dag_updating.py                             1           0  0.14s           2026-09-18T08:33:17
================================================================================
[2026-09-18T08:34:17.779+0000] {manager.py:878} INFO - 
================================================================================
DAG File Processing Stats

File Path                            PID    Runtime      # DAGs    # Errors  Last Runtime    Last Run
-----------------------------------  -----  ---------  --------  ----------  --------------  -------------------
/opt/airflow/dags/dag_extraction.py                           1           0  0.21s           2026-09-18T08:33:48
/opt/airflow/dags/dag_updating.py                             1           0  0.17s           2026-09-18T08:33:48
================================================================================
[2026-09-18T08:34:48.307+0000] {manager.py:878} INFO - 
================================================================================
DAG File Processing Stats

File Path                            PID    Runtime      # DAGs    # Errors  Last Runtime    Last Run
-----------------------------------  -----  ---------  --------  ----------  --------------  -------------------
/opt/airflow/dags/dag_extraction.py                           1           0  0.24s           2026-09-18T08:34:19
/opt/airflow/dags/dag_updating.py                             1           0  0.20s           2026-09-18T08:34:19
================================================================================
[2026-09-18T08:35:18.783+0000] {manager.py:878} INFO - 
================================================================================
DAG File Processing Stats

File Path                            PID    Runtime      # DAGs    # Errors  Last Runtime    Last Run
-----------------------------------  -----  ---------  --------  ----------  --------------  -------------------
/opt/airflow/dags/dag_extraction.py                           1           0  0.18s           2026-09-18T08:34:49
/opt/airflow/dags/dag_updating.py                             1           0  0.15s           2026-09-18T08:34:49
================================================================================
[2026-09-18T08:35:49.242+0000] {manager.py:878} INFO - 
================================================================================
DAG File Processing Stats

File Path                            PID    Runtime      # DAGs    # Errors  Last Runtime    Last Run
-----------------------------------  -----  ---------  --------  ----------  --------------  -------------------
/opt/airflow/dags/dag_extraction.py                           1           0  0.18s           2026-09-18T08:35:19
/opt/airflow/dags/dag_updating.py                             1           0  0.15s           2026-09-18T08:35:19
================================================================================
[2026-09-18T08:36:19.677+0000] {manager.py:878} INFO - 
================================================================================
DAG File Processing Stats

File Path                            PID    Runtime      # DAGs    # Errors  Last Runtime    Last Run
-----------------------------------  -----  ---------  --------  ----------  --------------  -------------------
/opt/airflow/dags/dag_extraction.py                           1           0  0.19s           2026-09-18T08:35:50
/opt/airflow/dags/dag_updating.py                             1           0  0.16s           2026-09-18T08:35:50
================================================================================
[2026-09-18T08:36:50.090+0000] {manager.py:878} INFO - 
================================================================================
DAG File Processing Stats

File Path                            PID    Runtime      # DAGs    # Errors  Last Runtime    Last Run
-----------------------------------  -----  ---------  --------  ----------  --------------  -------------------
/opt/airflow/dags/dag_extraction.py                           1           0  0.20s           2026-09-18T08:36:20
/opt/airflow/dags/dag_updating.py                             1           0  0.15s           2026-09-18T08:36:20
================================================================================
[2026-09-18T08:37:20.550+0000] {manager.py:878} INFO - 
================================================================================
DAG File Processing Stats

File Path                            PID    Runtime      # DAGs    # Errors  Last Runtime    Last Run
-----------------------------------  -----  ---------  --------  ----------  --------------  -------------------
/opt/airflow/dags/dag_extraction.py                           1           0  0.20s           2026-09-18T08:36:51
/opt/airflow/dags/dag_updating.py                             1           0  0.15s           2026-09-18T08:36:51
================================================================================
[2026-09-18T08:37:51.001+0000] {manager.py:878} INFO - 
================================================================================
DAG File Processing Stats

File Path                            PID    Runtime      # DAGs    # Errors  Last Runtime    Last Run
-----------------------------------  -----  ---------  --------  ----------  --------------  -------------------
/opt/airflow/dags/dag_extraction.py                           1           0  0.19s           2026-09-18T08:37:21
/opt/airflow/dags/dag_updating.py                             1           0  0.15s           2026-09-18T08:37:21
================================================================================
[2026-09-18T08:38:19.419+0000] {manager.py:737} INFO - Searching for files in /opt/airflow/dags
[2026-09-18T08:38:19.457+0000] {manager.py:740} INFO - There are 2 files in /opt/airflow/dags
[2026-09-18T08:38:21.483+0000] {manager.py:878} INFO - 
================================================================================
DAG File Processing Stats

File Path                            PID    Runtime      # DAGs    # Errors  Last Runtime    Last Run
-----------------------------------  -----  ---------  --------  ----------  --------------  -------------------
/opt/airflow/dags/dag_extraction.py                           1           0  0.17s           2026-09-18T08:37:52
/opt/airflow/dags/dag_updating.py                             1           0  0.15s           2026-09-18T08:37:52
================================================================================
[2026-09-18T08:38:51.899+0000] {manager.py:878} INFO - 
================================================================================
DAG File Processing Stats

File Path                            PID    Runtime      # DAGs    # Errors  Last Runtime    Last Run
-----------------------------------  -----  ---------  --------  ----------  --------------  -------------------
/opt/airflow/dags/dag_extraction.py                           1           0  0.21s           2026-09-18T08:38:22
/opt/airflow/dags/dag_updating.py                             1           0  0.15s           2026-09-18T08:38:22
================================================================================
[2026-09-18T08:39:22.316+0000] {manager.py:878} INFO - 
================================================================================
DAG File Processing Stats

File Path                            PID    Runtime      # DAGs    # Errors  Last Runtime    Last Run
-----------------------------------  -----  ---------  --------  ----------  --------------  -------------------
/opt/airflow/dags/dag_extraction.py                           1           0  0.20s           2026-09-18T08:38:53
/opt/airflow/dags/dag_updating.py                             1           0  0.15s           2026-09-18T08:38:53
================================================================================
[2026-09-18T08:39:52.742+0000] {manager.py:878} INFO - 
================================================================================
DAG File Processing Stats

File Path                            PID    Runtime      # DAGs    # Errors  Last Runtime    Last Run
-----------------------------------  -----  ---------  --------  ----------  --------------  -------------------
/opt/airflow/dags/dag_extraction.py                           1           0  0.19s           2026-09-18T08:39:23
/opt/airflow/dags/dag_updating.py                             1           0  0.15s           2026-09-18T08:39:23
================================================================================
[2026-09-18T08:40:23.175+0000] {manager.py:878} INFO - 
================================================================================
DAG File Processing Stats

File Path                            PID    Runtime      # DAGs    # Errors  Last Runtime    Last Run
-----------------------------------  -----  ---------  --------  ----------  --------------  -------------------
/opt/airflow/dags/dag_extraction.py                           1           0  0.20s           2026-09-18T08:39:53
/opt/airflow/dags/dag_updating.py                             1           0  0.15s           2026-09-18T08:39:53
================================================================================
[2026-09-18T08:40:53.645+0000] {manager.py:878} INFO - 
================================================================================
DAG File Processing Stats

File Path                            PID    Runtime      # DAGs    # Errors  Last Runtime    Last Run
-----------------------------------  -----  ---------  --------  ----------  --------------  -------------------
/opt/airflow/dags/dag_extraction.py                           1           0  0.20s           2026-09-18T08:40:24
/opt/airflow/dags/dag_updating.py                             1           0  0.16s           2026-09-18T08:40:24
================================================================================
[2026-09-18T08:41:24.094+0000] {manager.py:878} INFO - 
================================================================================
DAG File Processing Stats

File Path                            PID    Runtime      # DAGs    # Errors  Last Runtime    Last Run
-----------------------------------  -----  ---------  --------  ----------  --------------  -------------------
/opt/airflow/dags/dag_extraction.py                           1           0  0.19s           2026-09-18T08:40:54
/opt/airflow/dags/dag_updating.py                             1           0  0.15s           2026-09-18T08:40:54
================================================================================
[2026-09-18T08:41:25.937+0000] {manager.py:452} INFO - Exiting gracefully upon receiving signal 15
[2026-09-18T08:42:14.984+0000] {manager.py:470} INFO - Processing files using up to 2 processes at a time 
[2026-09-18T08:42:14.987+0000] {manager.py:471} INFO - Process each file at most once every 30 seconds
[2026-09-18T08:42:14.990+0000] {manager.py:472} INFO - Checking for new files in /opt/airflow/dags every 300 seconds
[2026-09-18T08:42:14.993+0000] {manager.py:737} INFO - Searching for files in /opt/airflow/dags
[2026-09-18T08:42:15.044+0000] {manager.py:740} INFO - There are 2 files in /opt/airflow/dags
[2026-09-18T08:42:15.302+0000] {manager.py:878} INFO - 
================================================================================
DAG File Processing Stats

File Path                              PID  Runtime      # DAGs    # Errors  Last Runtime    Last Run
-----------------------------------  -----  ---------  --------  ----------  --------------  ----------
/opt/airflow/dags/dag_extraction.py     50  0.09s             0           0
/opt/airflow/dags/dag_updating.py       49  0.16s             0           0
================================================================================
[2026-09-18T08:42:45.511+0000] {manager.py:878} INFO - 
================================================================================
DAG File Processing Stats

File Path                            PID    Runtime      # DAGs    # Errors  Last Runtime    Last Run
-----------------------------------  -----  ---------  --------  ----------  --------------  -------------------
/opt/airflow/dags/dag_updating.py                             1           0  0.71s           2026-09-18T08:42:15
/opt/airflow/dags/dag_extraction.py                           1           0  0.63s           2026-09-18T08:42:15
================================================================================
[2026-09-18T08:43:15.543+0000] {manager.py:878} INFO - 
================================================================================
DAG File Processing Stats

File Path                            PID    Runtime      # DAGs    # Errors  Last Runtime    Last Run
-----------------------------------  -----  ---------  --------  ----------  --------------  -------------------
/opt/airflow/dags/dag_extraction.py                           1           0  0.24s           2026-09-18T08:42:46
/opt/airflow/dags/dag_updating.py                             1           0  0.19s           2026-09-18T08:42:46
================================================================================
[2026-09-18T08:43:45.948+0000] {manager.py:878} INFO - 
================================================================================
DAG File Processing Stats

File Path                            PID    Runtime      # DAGs    # Errors  Last Runtime    Last Run
-----------------------------------  -----  ---------  --------  ----------  --------------  -------------------
/opt/airflow/dags/dag_extraction.py                           1           0  0.26s           2026-09-18T08:43:16
/opt/airflow/dags/dag_updating.py                             1           0  0.20s           2026-09-18T08:43:16
================================================================================
[2026-09-18T08:44:16.403+0000] {manager.py:878} INFO - 
================================================================================
DAG File Processing Stats

File Path                            PID    Runtime      # DAGs    # Errors  Last Runtime    Last Run
-----------------------------------  -----  ---------  --------  ----------  --------------  -------------------
/opt/airflow/dags/dag_extraction.py                           1           0  0.23s           2026-09-18T08:43:47
/opt/airflow/dags/dag_updating.py                             1           0  0.18s           2026-09-18T08:43:47
================================================================================
[2026-09-18T08:44:46.883+0000] {manager.py:878} INFO - 
================================================================================
DAG File Processing Stats

File Path                            PID    Runtime      # DAGs    # Errors  Last Runtime    Last Run
-----------------------------------  -----  ---------  --------  ----------  --------------  -------------------
/opt/airflow/dags/dag_extraction.py                           1           0  0.28s           2026-09-18T08:44:17
/opt/airflow/dags/dag_updating.py                             1           0  0.22s           2026-09-18T08:44:17
================================================================================
[2026-09-18T08:45:17.376+0000] {manager.py:878} INFO - 
================================================================================
DAG File Processing Stats

File Path                            PID    Runtime      # DAGs    # Errors  Last Runtime    Last Run
-----------------------------------  -----  ---------  --------  ----------  --------------  -------------------
/opt/airflow/dags/dag_extraction.py                           1           0  0.19s           2026-09-18T08:44:48
/opt/airflow/dags/dag_updating.py                             1           0  0.16s           2026-09-18T08:44:48
================================================================================
[2026-09-18T08:45:47.969+0000] {manager.py:878} INFO - 
================================================================================
DAG File Processing Stats

File Path                            PID    Runtime      # DAGs    # Errors  Last Runtime    Last Run
-----------------------------------  -----  ---------  --------  ----------  --------------  -------------------
/opt/airflow/dags/dag_extraction.py                           1           0  0.33s           2026-09-18T08:45:18
/opt/airflow/dags/dag_updating.py                             1           0  0.28s           2026-09-18T08:45:18
================================================================================
[2026-09-18T08:46:18.459+0000] {manager.py:878} INFO - 
================================================================================
DAG File Processing Stats

File Path                            PID    Runtime      # DAGs    # Errors  Last Runtime    Last Run
-----------------------------------  -----  ---------  --------  ----------  --------------  -------------------
/opt/airflow/dags/dag_extraction.py                           1           0  0.20s           2026-09-18T08:45:49
/opt/airflow/dags/dag_updating.py                             1           0  0.16s           2026-09-18T08:45:49
================================================================================
[2026-09-18T08:46:48.913+0000] {manager.py:878} INFO - 
================================================================================
DAG File Processing Stats

File Path                            PID    Runtime      # DAGs    # Errors  Last Runtime    Last Run
-----------------------------------  -----  ---------  --------  ----------  --------------  -------------------
/opt/airflow/dags/dag_extraction.py                           1           0  0.18s           2026-09-18T08:46:19
/opt/airflow/dags/dag_updating.py                             1           0  0.14s           2026-09-18T08:46:19
================================================================================
[2026-09-18T08:47:15.336+0000] {manager.py:737} INFO - Searching for files in /opt/airflow/dags
[2026-09-18T08:47:15.369+0000] {manager.py:740} INFO - There are 2 files in /opt/airflow/dags
[2026-09-18T08:47:19.424+0000] {manager.py:878} INFO - 
================================================================================
DAG File Processing Stats

File Path                            PID    Runtime      # DAGs    # Errors  Last Runtime    Last Run
-----------------------------------  -----  ---------  --------  ----------  --------------  -------------------
/opt/airflow/dags/dag_extraction.py                           1           0  0.20s           2026-09-18T08:46:50
/opt/airflow/dags/dag_updating.py                             1           0  0.16s           2026-09-18T08:46:50
================================================================================
[2026-09-18T08:47:49.853+0000] {manager.py:878} INFO - 
================================================================================
DAG File Processing Stats

File Path                            PID    Runtime      # DAGs    # Errors  Last Runtime    Last Run
-----------------------------------  -----  ---------  --------  ----------  --------------  -------------------
/opt/airflow/dags/dag_extraction.py                           1           0  0.20s           2026-09-18T08:47:20
/opt/airflow/dags/dag_updating.py                             1           0  0.16s           2026-09-18T08:47:20
================================================================================
[2026-09-18T08:48:20.313+0000] {manager.py:878} INFO - 
================================================================================
DAG File Processing Stats

File Path                            PID    Runtime      # DAGs    # Errors  Last Runtime    Last Run
-----------------------------------  -----  ---------  --------  ----------  --------------  -------------------
/opt/airflow/dags/dag_extraction.py                           1           0  0.19s           2026-09-18T08:47:51
/opt/airflow/dags/dag_updating.py                             1           0  0.16s           2026-09-18T08:47:51
================================================================================
[2026-09-18T08:48:50.758+0000] {manager.py:878} INFO - 
================================================================================
DAG File Processing Stats

File Path                            PID    Runtime      # DAGs    # Errors  Last Runtime    Last Run
-----------------------------------  -----  ---------  --------  ----------  --------------  -------------------
/opt/airflow/dags/dag_extraction.py                           1           0  0.20s           2026-09-18T08:48:21
/opt/airflow/dags/dag_updating.py                             1           0  0.16s           2026-09-18T08:48:21
================================================================================
[2026-09-18T08:49:21.158+0000] {manager.py:878} INFO - 
================================================================================
DAG File Processing Stats

File Path                            PID    Runtime      # DAGs    # Errors  Last Runtime    Last Run
-----------------------------------  -----  ---------  --------  ----------  --------------  -------------------
/opt/airflow/dags/dag_extraction.py                           1           0  0.19s           2026-09-18T08:48:51
/opt/airflow/dags/dag_updating.py                             1           0  0.14s           2026-09-18T08:48:51
================================================================================
[2026-09-18T08:49:51.613+0000] {manager.py:878} INFO - 
================================================================================
DAG File Processing Stats

File Path                            PID    Runtime      # DAGs    # Errors  Last Runtime    Last Run
-----------------------------------  -----  ---------  --------  ----------  --------------  -------------------
/opt/airflow/dags/dag_extraction.py                           1           0  0.21s           2026-09-18T08:49:22
/opt/airflow/dags/dag_updating.py                             1           0  0.18s           2026-09-18T08:49:22
================================================================================
[2026-09-18T08:50:22.077+0000] {manager.py:878} INFO - 
================================================================================
DAG File Processing Stats

File Path                            PID    Runtime      # DAGs    # Errors  Last Runtime    Last Run
-----------------------------------  -----  ---------  --------  ----------  --------------  -------------------
/opt/airflow/dags/dag_extraction.py                           1           0  0.22s           2026-09-18T08:49:52
/opt/airflow/dags/dag_updating.py                             1           0  0.18s           2026-09-18T08:49:52
================================================================================
[2026-09-18T08:50:52.545+0000] {manager.py:878} INFO - 
================================================================================
DAG File Processing Stats

File Path                            PID    Runtime      # DAGs    # Errors  Last Runtime    Last Run
-----------------------------------  -----  ---------  --------  ----------  --------------  -------------------
/opt/airflow/dags/dag_extraction.py                           1           0  0.21s           2026-09-18T08:50:23
/opt/airflow/dags/dag_updating.py                             1           0  0.17s           2026-09-18T08:50:23
================================================================================
[2026-09-18T08:51:23.038+0000] {manager.py:878} INFO - 
================================================================================
DAG File Processing Stats

File Path                            PID    Runtime      # DAGs    # Errors  Last Runtime    Last Run
-----------------------------------  -----  ---------  --------  ----------  --------------  -------------------
/opt/airflow/dags/dag_extraction.py                           1           0  0.28s           2026-09-18T08:50:53
/opt/airflow/dags/dag_updating.py                             1           0  0.22s           2026-09-18T08:50:53
================================================================================
[2026-09-18T08:51:53.511+0000] {manager.py:878} INFO - 
================================================================================
DAG File Processing Stats

File Path                            PID    Runtime      # DAGs    # Errors  Last Runtime    Last Run
-----------------------------------  -----  ---------  --------  ----------  --------------  -------------------
/opt/airflow/dags/dag_extraction.py                           1           0  0.23s           2026-09-18T08:51:24
/opt/airflow/dags/dag_updating.py                             1           0  0.19s           2026-09-18T08:51:24
================================================================================
[2026-09-18T08:52:15.906+0000] {manager.py:737} INFO - Searching for files in /opt/airflow/dags
[2026-09-18T08:52:15.948+0000] {manager.py:740} INFO - There are 2 files in /opt/airflow/dags
[2026-09-18T08:52:24.024+0000] {manager.py:878} INFO - 
================================================================================
DAG File Processing Stats

File Path                            PID    Runtime      # DAGs    # Errors  Last Runtime    Last Run
-----------------------------------  -----  ---------  --------  ----------  --------------  -------------------
/opt/airflow/dags/dag_extraction.py                           1           0  0.19s           2026-09-18T08:51:54
/opt/airflow/dags/dag_updating.py                             1           0  0.15s           2026-09-18T08:51:54
================================================================================
[2026-09-18T08:52:54.495+0000] {manager.py:878} INFO - 
================================================================================
DAG File Processing Stats

File Path                            PID    Runtime      # DAGs    # Errors  Last Runtime    Last Run
-----------------------------------  -----  ---------  --------  ----------  --------------  -------------------
/opt/airflow/dags/dag_extraction.py                           1           0  0.24s           2026-09-18T08:52:25
/opt/airflow/dags/dag_updating.py                             1           0  0.18s           2026-09-18T08:52:25
================================================================================
[2026-09-18T08:53:24.937+0000] {manager.py:878} INFO - 
================================================================================
DAG File Processing Stats

File Path                            PID    Runtime      # DAGs    # Errors  Last Runtime    Last Run
-----------------------------------  -----  ---------  --------  ----------  --------------  -------------------
/opt/airflow/dags/dag_extraction.py                           1           0  0.18s           2026-09-18T08:52:55
/opt/airflow/dags/dag_updating.py                             1           0  0.15s           2026-09-18T08:52:55
================================================================================
[2026-09-18T08:53:55.381+0000] {manager.py:878} INFO - 
================================================================================
DAG File Processing Stats

File Path                            PID    Runtime      # DAGs    # Errors  Last Runtime    Last Run
-----------------------------------  -----  ---------  --------  ----------  --------------  -------------------
/opt/airflow/dags/dag_extraction.py                           1           0  0.20s           2026-09-18T08:53:26
/opt/airflow/dags/dag_updating.py                             1           0  0.16s           2026-09-18T08:53:26
================================================================================
[2026-09-18T08:54:25.814+0000] {manager.py:878} INFO - 
================================================================================
DAG File Processing Stats

File Path                            PID    Runtime      # DAGs    # Errors  Last Runtime    Last Run
-----------------------------------  -----  ---------  --------  ----------  --------------  -------------------
/opt/airflow/dags/dag_extraction.py                           1           0  0.18s           2026-09-18T08:53:56
/opt/airflow/dags/dag_updating.py                             1           0  0.15s           2026-09-18T08:53:56
================================================================================
[2026-09-18T08:54:56.258+0000] {manager.py:878} INFO - 
================================================================================
DAG File Processing Stats

File Path                            PID    Runtime      # DAGs    # Errors  Last Runtime    Last Run
-----------------------------------  -----  ---------  --------  ----------  --------------  -------------------
/opt/airflow/dags/dag_extraction.py                           1           0  0.18s           2026-09-18T08:54:27
/opt/airflow/dags/dag_updating.py                             1           0  0.15s           2026-09-18T08:54:26
================================================================================
[2026-09-18T08:55:26.686+0000] {manager.py:878} INFO - 
================================================================================
DAG File Processing Stats

File Path                            PID    Runtime      # DAGs    # Errors  Last Runtime    Last Run
-----------------------------------  -----  ---------  --------  ----------  --------------  -------------------
/opt/airflow/dags/dag_extraction.py                           1           0  0.20s           2026-09-18T08:54:57
/opt/airflow/dags/dag_updating.py                             1           0  0.17s           2026-09-18T08:54:57
================================================================================
[2026-09-18T08:55:57.220+0000] {manager.py:878} INFO - 
================================================================================
DAG File Processing Stats

File Path                            PID    Runtime      # DAGs    # Errors  Last Runtime    Last Run
-----------------------------------  -----  ---------  --------  ----------  --------------  -------------------
/opt/airflow/dags/dag_extraction.py                           1           0  0.29s           2026-09-18T08:55:28
/opt/airflow/dags/dag_updating.py                             1           0  0.26s           2026-09-18T08:55:27
================================================================================
[2026-09-18T08:56:27.636+0000] {manager.py:878} INFO - 
================================================================================
DAG File Processing Stats

File Path                            PID    Runtime      # DAGs    # Errors  Last Runtime    Last Run
-----------------------------------  -----  ---------  --------  ----------  --------------  -------------------
/opt/airflow/dags/dag_extraction.py                           1           0  0.22s           2026-09-18T08:55:58
/opt/airflow/dags/dag_updating.py                             1           0  0.20s           2026-09-18T08:55:58
================================================================================
[2026-09-18T08:56:35.402+0000] {manager.py:452} INFO - Exiting gracefully upon receiving signal 15
[2026-09-18T08:57:15.223+0000] {manager.py:470} INFO - Processing files using up to 2 processes at a time 
[2026-09-18T08:57:15.227+0000] {manager.py:471} INFO - Process each file at most once every 30 seconds
[2026-09-18T08:57:15.229+0000] {manager.py:472} INFO - Checking for new files in /opt/airflow/dags every 300 seconds
[2026-09-18T08:57:15.232+0000] {manager.py:737} INFO - Searching for files in /opt/airflow/dags
[2026-09-18T08:57:15.283+0000] {manager.py:740} INFO - There are 2 files in /opt/airflow/dags
[2026-09-18T08:57:15.528+0000] {manager.py:878} INFO - 
================================================================================
DAG File Processing Stats

File Path                              PID  Runtime      # DAGs    # Errors  Last Runtime    Last Run
-----------------------------------  -----  ---------  --------  ----------  --------------  ----------
/opt/airflow/dags/dag_extraction.py     57  0.10s             0           0
/opt/airflow/dags/dag_updating.py       56  0.16s             0           0
================================================================================
[2026-09-18T08:57:45.699+0000] {manager.py:878} INFO - 
================================================================================
DAG File Processing Stats

File Path                            PID    Runtime      # DAGs    # Errors  Last Runtime    Last Run
-----------------------------------  -----  ---------  --------  ----------  --------------  -------------------
/opt/airflow/dags/dag_updating.py                             1           0  1.11s           2026-09-18T08:57:16
/opt/airflow/dags/dag_extraction.py                           1           0  1.07s           2026-09-18T08:57:16
================================================================================
[2026-09-18T08:58:16.162+0000] {manager.py:878} INFO - 
================================================================================
DAG File Processing Stats

File Path                            PID    Runtime      # DAGs    # Errors  Last Runtime    Last Run
-----------------------------------  -----  ---------  --------  ----------  --------------  -------------------
/opt/airflow/dags/dag_extraction.py                           1           0  0.20s           2026-09-18T08:57:46
/opt/airflow/dags/dag_updating.py                             1           0  0.17s           2026-09-18T08:57:46
================================================================================
[2026-09-18T08:58:46.646+0000] {manager.py:878} INFO - 
================================================================================
DAG File Processing Stats

File Path                            PID    Runtime      # DAGs    # Errors  Last Runtime    Last Run
-----------------------------------  -----  ---------  --------  ----------  --------------  -------------------
/opt/airflow/dags/dag_extraction.py                           1           0  0.28s           2026-09-18T08:58:17
/opt/airflow/dags/dag_updating.py                             1           0  0.22s           2026-09-18T08:58:17
================================================================================
[2026-09-18T08:59:17.115+0000] {manager.py:878} INFO - 
================================================================================
DAG File Processing Stats

File Path                            PID    Runtime      # DAGs    # Errors  Last Runtime    Last Run
-----------------------------------  -----  ---------  --------  ----------  --------------  -------------------
/opt/airflow/dags/dag_extraction.py                           1           0  0.22s           2026-09-18T08:58:47
/opt/airflow/dags/dag_updating.py                             1           0  0.17s           2026-09-18T08:58:47
================================================================================
[2026-09-18T08:59:47.521+0000] {manager.py:878} INFO - 
================================================================================
DAG File Processing Stats

File Path                            PID    Runtime      # DAGs    # Errors  Last Runtime    Last Run
-----------------------------------  -----  ---------  --------  ----------  --------------  -------------------
/opt/airflow/dags/dag_extraction.py                           1           0  0.19s           2026-09-18T08:59:18
/opt/airflow/dags/dag_updating.py                             1           0  0.15s           2026-09-18T08:59:18
================================================================================
[2026-09-18T09:00:17.964+0000] {manager.py:878} INFO - 
================================================================================
DAG File Processing Stats

File Path                            PID    Runtime      # DAGs    # Errors  Last Runtime    Last Run
-----------------------------------  -----  ---------  --------  ----------  --------------  -------------------
/opt/airflow/dags/dag_extraction.py                           1           0  0.18s           2026-09-18T08:59:48
/opt/airflow/dags/dag_updating.py                             1           0  0.15s           2026-09-18T08:59:48
================================================================================
[2026-09-18T09:00:48.346+0000] {manager.py:878} INFO - 
================================================================================
DAG File Processing Stats

File Path                            PID    Runtime      # DAGs    # Errors  Last Runtime    Last Run
-----------------------------------  -----  ---------  --------  ----------  --------------  -------------------
/opt/airflow/dags/dag_extraction.py                           1           0  0.19s           2026-09-18T09:00:19
/opt/airflow/dags/dag_updating.py                             1           0  0.15s           2026-09-18T09:00:19
================================================================================
[2026-09-18T09:01:18.776+0000] {manager.py:878} INFO - 
================================================================================
DAG File Processing Stats

File Path                            PID    Runtime      # DAGs    # Errors  Last Runtime    Last Run
-----------------------------------  -----  ---------  --------  ----------  --------------  -------------------
/opt/airflow/dags/dag_extraction.py                           1           0  0.21s           2026-09-18T09:00:49
/opt/airflow/dags/dag_updating.py                             1           0  0.16s           2026-09-18T09:00:49
================================================================================
[2026-09-18T09:01:49.217+0000] {manager.py:878} INFO - 
================================================================================
DAG File Processing Stats

File Path                            PID    Runtime      # DAGs    # Errors  Last Runtime    Last Run
-----------------------------------  -----  ---------  --------  ----------  --------------  -------------------
/opt/airflow/dags/dag_extraction.py                           1           0  0.20s           2026-09-18T09:01:20
/opt/airflow/dags/dag_updating.py                             1           0  0.16s           2026-09-18T09:01:19
================================================================================
[2026-09-18T09:02:15.582+0000] {manager.py:737} INFO - Searching for files in /opt/airflow/dags
[2026-09-18T09:02:15.619+0000] {manager.py:740} INFO - There are 2 files in /opt/airflow/dags
[2026-09-18T09:02:19.673+0000] {manager.py:878} INFO - 
================================================================================
DAG File Processing Stats

File Path                            PID    Runtime      # DAGs    # Errors  Last Runtime    Last Run
-----------------------------------  -----  ---------  --------  ----------  --------------  -------------------
/opt/airflow/dags/dag_extraction.py                           1           0  0.18s           2026-09-18T09:01:50
/opt/airflow/dags/dag_updating.py                             1           0  0.14s           2026-09-18T09:01:50
================================================================================
[2026-09-18T09:02:50.101+0000] {manager.py:878} INFO - 
================================================================================
DAG File Processing Stats

File Path                            PID    Runtime      # DAGs    # Errors  Last Runtime    Last Run
-----------------------------------  -----  ---------  --------  ----------  --------------  -------------------
/opt/airflow/dags/dag_extraction.py                           1           0  0.22s           2026-09-18T09:02:20
/opt/airflow/dags/dag_updating.py                             1           0  0.16s           2026-09-18T09:02:20
================================================================================
[2026-09-18T09:03:20.517+0000] {manager.py:878} INFO - 
================================================================================
DAG File Processing Stats

File Path                            PID    Runtime      # DAGs    # Errors  Last Runtime    Last Run
-----------------------------------  -----  ---------  --------  ----------  --------------  -------------------
/opt/airflow/dags/dag_extraction.py                           1           0  0.20s           2026-09-18T09:02:51
/opt/airflow/dags/dag_updating.py                             1           0  0.16s           2026-09-18T09:02:51
================================================================================
[2026-09-18T09:03:50.946+0000] {manager.py:878} INFO - 
================================================================================
DAG File Processing Stats

File Path                            PID    Runtime      # DAGs    # Errors  Last Runtime    Last Run
-----------------------------------  -----  ---------  --------  ----------  --------------  -------------------
/opt/airflow/dags/dag_extraction.py                           1           0  0.19s           2026-09-18T09:03:21
/opt/airflow/dags/dag_updating.py                             1           0  0.15s           2026-09-18T09:03:21
================================================================================
[2026-09-18T09:04:21.391+0000] {manager.py:878} INFO - 
================================================================================
DAG File Processing Stats

File Path                            PID    Runtime      # DAGs    # Errors  Last Runtime    Last Run
-----------------------------------  -----  ---------  --------  ----------  --------------  -------------------
/opt/airflow/dags/dag_extraction.py                           1           0  0.28s           2026-09-18T09:03:52
/opt/airflow/dags/dag_updating.py                             1           0  0.18s           2026-09-18T09:03:52
================================================================================
[2026-09-18T09:04:51.838+0000] {manager.py:878} INFO - 
================================================================================
DAG File Processing Stats

File Path                            PID    Runtime      # DAGs    # Errors  Last Runtime    Last Run
-----------------------------------  -----  ---------  --------  ----------  --------------  -------------------
/opt/airflow/dags/dag_extraction.py                           1           0  0.19s           2026-09-18T09:04:22
/opt/airflow/dags/dag_updating.py                             1           0  0.15s           2026-09-18T09:04:22
================================================================================
[2026-09-18T09:05:22.217+0000] {manager.py:878} INFO - 
================================================================================
DAG File Processing Stats

File Path                            PID    Runtime      # DAGs    # Errors  Last Runtime    Last Run
-----------------------------------  -----  ---------  --------  ----------  --------------  -------------------
/opt/airflow/dags/dag_extraction.py                           1           0  0.19s           2026-09-18T09:04:53
/opt/airflow/dags/dag_updating.py                             1           0  0.15s           2026-09-18T09:04:53
================================================================================
[2026-09-18T09:05:52.671+0000] {manager.py:878} INFO - 
================================================================================
DAG File Processing Stats

File Path                            PID    Runtime      # DAGs    # Errors  Last Runtime    Last Run
-----------------------------------  -----  ---------  --------  ----------  --------------  -------------------
/opt/airflow/dags/dag_extraction.py                           1           0  0.18s           2026-09-18T09:05:23
/opt/airflow/dags/dag_updating.py                             1           0  0.15s           2026-09-18T09:05:23
================================================================================
[2026-09-18T09:06:23.100+0000] {manager.py:878} INFO - 
================================================================================
DAG File Processing Stats

File Path                            PID    Runtime      # DAGs    # Errors  Last Runtime    Last Run
-----------------------------------  -----  ---------  --------  ----------  --------------  -------------------
/opt/airflow/dags/dag_extraction.py                           1           0  0.20s           2026-09-18T09:05:53
/opt/airflow/dags/dag_updating.py                             1           0  0.16s           2026-09-18T09:05:53
================================================================================
[2026-09-18T09:06:53.587+0000] {manager.py:878} INFO - 
================================================================================
DAG File Processing Stats

File Path                            PID    Runtime      # DAGs    # Errors  Last Runtime    Last Run
-----------------------------------  -----  ---------  --------  ----------  --------------  -------------------
/opt/airflow/dags/dag_extraction.py                           1           0  0.23s           2026-09-18T09:06:24
/opt/airflow/dags/dag_updating.py                             1           0  0.20s           2026-09-18T09:06:24
================================================================================
[2026-09-18T09:07:15.914+0000] {manager.py:737} INFO - Searching for files in /opt/airflow/dags
[2026-09-18T09:07:15.946+0000] {manager.py:740} INFO - There are 2 files in /opt/airflow/dags
[2026-09-18T09:07:24.026+0000] {manager.py:878} INFO - 
================================================================================
DAG File Processing Stats

File Path                            PID    Runtime      # DAGs    # Errors  Last Runtime    Last Run
-----------------------------------  -----  ---------  --------  ----------  --------------  -------------------
/opt/airflow/dags/dag_extraction.py                           1           0  0.20s           2026-09-18T09:06:54
/opt/airflow/dags/dag_updating.py                             1           0  0.14s           2026-09-18T09:06:54
================================================================================
[2026-09-18T09:07:54.499+0000] {manager.py:878} INFO - 
================================================================================
DAG File Processing Stats

File Path                            PID    Runtime      # DAGs    # Errors  Last Runtime    Last Run
-----------------------------------  -----  ---------  --------  ----------  --------------  -------------------
/opt/airflow/dags/dag_extraction.py                           1           0  0.19s           2026-09-18T09:07:25
/opt/airflow/dags/dag_updating.py                             1           0  0.15s           2026-09-18T09:07:25
================================================================================
[2026-09-18T09:08:24.917+0000] {manager.py:878} INFO - 
================================================================================
DAG File Processing Stats

File Path                            PID    Runtime      # DAGs    # Errors  Last Runtime    Last Run
-----------------------------------  -----  ---------  --------  ----------  --------------  -------------------
/opt/airflow/dags/dag_extraction.py                           1           0  0.22s           2026-09-18T09:07:55
/opt/airflow/dags/dag_updating.py                             1           0  0.17s           2026-09-18T09:07:55
================================================================================
[2026-09-18T09:08:55.366+0000] {manager.py:878} INFO - 
================================================================================
DAG File Processing Stats

File Path                            PID    Runtime      # DAGs    # Errors  Last Runtime    Last Run
-----------------------------------  -----  ---------  --------  ----------  --------------  -------------------
/opt/airflow/dags/dag_extraction.py                           1           0  0.22s           2026-09-18T09:08:26
/opt/airflow/dags/dag_updating.py                             1           0  0.18s           2026-09-18T09:08:26
================================================================================
[2026-09-18T09:09:25.838+0000] {manager.py:878} INFO - 
================================================================================
DAG File Processing Stats

File Path                            PID    Runtime      # DAGs    # Errors  Last Runtime    Last Run
-----------------------------------  -----  ---------  --------  ----------  --------------  -------------------
/opt/airflow/dags/dag_extraction.py                           1           0  0.19s           2026-09-18T09:08:56
/opt/airflow/dags/dag_updating.py                             1           0  0.15s           2026-09-18T09:08:56
================================================================================
[2026-09-18T09:09:56.267+0000] {manager.py:878} INFO - 
================================================================================
DAG File Processing Stats

File Path                            PID    Runtime      # DAGs    # Errors  Last Runtime    Last Run
-----------------------------------  -----  ---------  --------  ----------  --------------  -------------------
/opt/airflow/dags/dag_extraction.py                           1           0  0.19s           2026-09-18T09:09:27
/opt/airflow/dags/dag_updating.py                             1           0  0.15s           2026-09-18T09:09:27
================================================================================
[2026-09-18T09:10:26.682+0000] {manager.py:878} INFO - 
================================================================================
DAG File Processing Stats

File Path                            PID    Runtime      # DAGs    # Errors  Last Runtime    Last Run
-----------------------------------  -----  ---------  --------  ----------  --------------  -------------------
/opt/airflow/dags/dag_extraction.py                           1           0  0.19s           2026-09-18T09:09:57
/opt/airflow/dags/dag_updating.py                             1           0  0.14s           2026-09-18T09:09:57
================================================================================
[2026-09-18T09:10:57.293+0000] {manager.py:878} INFO - 
================================================================================
DAG File Processing Stats

File Path                            PID    Runtime      # DAGs    # Errors  Last Runtime    Last Run
-----------------------------------  -----  ---------  --------  ----------  --------------  -------------------
/opt/airflow/dags/dag_extraction.py                           1           0  0.45s           2026-09-18T09:10:28
/opt/airflow/dags/dag_updating.py                             1           0  0.35s           2026-09-18T09:10:28
================================================================================
[2026-09-18T09:11:27.703+0000] {manager.py:878} INFO - 
================================================================================
DAG File Processing Stats

File Path                            PID    Runtime      # DAGs    # Errors  Last Runtime    Last Run
-----------------------------------  -----  ---------  --------  ----------  --------------  -------------------
/opt/airflow/dags/dag_extraction.py                           1           0  0.21s           2026-09-18T09:10:58
/opt/airflow/dags/dag_updating.py                             1           0  0.17s           2026-09-18T09:10:58
================================================================================
[2026-09-18T09:11:58.114+0000] {manager.py:878} INFO - 
================================================================================
DAG File Processing Stats

File Path                            PID    Runtime      # DAGs    # Errors  Last Runtime    Last Run
-----------------------------------  -----  ---------  --------  ----------  --------------  -------------------
/opt/airflow/dags/dag_extraction.py                           1           0  0.21s           2026-09-18T09:11:28
/opt/airflow/dags/dag_updating.py                             1           0  0.16s           2026-09-18T09:11:28
================================================================================
[2026-09-18T09:12:16.423+0000] {manager.py:737} INFO - Searching for files in /opt/airflow/dags
[2026-09-18T09:12:16.464+0000] {manager.py:740} INFO - There are 2 files in /opt/airflow/dags
[2026-09-18T09:12:28.590+0000] {manager.py:878} INFO - 
================================================================================
DAG File Processing Stats

File Path                            PID    Runtime      # DAGs    # Errors  Last Runtime    Last Run
-----------------------------------  -----  ---------  --------  ----------  --------------  -------------------
/opt/airflow/dags/dag_extraction.py                           1           0  0.19s           2026-09-18T09:11:59
/opt/airflow/dags/dag_updating.py                             1           0  0.15s           2026-09-18T09:11:59
================================================================================
[2026-09-18T09:12:59.014+0000] {manager.py:878} INFO - 
================================================================================
DAG File Processing Stats

File Path                            PID    Runtime      # DAGs    # Errors  Last Runtime    Last Run
-----------------------------------  -----  ---------  --------  ----------  --------------  -------------------
/opt/airflow/dags/dag_extraction.py                           1           0  0.18s           2026-09-18T09:12:29
/opt/airflow/dags/dag_updating.py                             1           0  0.16s           2026-09-18T09:12:29
================================================================================
[2026-09-18T09:13:29.468+0000] {manager.py:878} INFO - 
================================================================================
DAG File Processing Stats

File Path                            PID    Runtime      # DAGs    # Errors  Last Runtime    Last Run
-----------------------------------  -----  ---------  --------  ----------  --------------  -------------------
/opt/airflow/dags/dag_extraction.py                           1           0  0.22s           2026-09-18T09:13:00
/opt/airflow/dags/dag_updating.py                             1           0  0.18s           2026-09-18T09:13:00
================================================================================
[2026-09-18T09:13:59.920+0000] {manager.py:878} INFO - 
================================================================================
DAG File Processing Stats

File Path                            PID    Runtime      # DAGs    # Errors  Last Runtime    Last Run
-----------------------------------  -----  ---------  --------  ----------  --------------  -------------------
/opt/airflow/dags/dag_extraction.py                           1           0  0.21s           2026-09-18T09:13:30
/opt/airflow/dags/dag_updating.py                             1           0  0.17s           2026-09-18T09:13:30
================================================================================
[2026-09-18T09:14:30.394+0000] {manager.py:878} INFO - 
================================================================================
DAG File Processing Stats

File Path                            PID    Runtime      # DAGs    # Errors  Last Runtime    Last Run
-----------------------------------  -----  ---------  --------  ----------  --------------  -------------------
/opt/airflow/dags/dag_extraction.py                           1           0  0.21s           2026-09-18T09:14:01
/opt/airflow/dags/dag_updating.py                             1           0  0.18s           2026-09-18T09:14:01
================================================================================
[2026-09-18T09:15:00.832+0000] {manager.py:878} INFO - 
================================================================================
DAG File Processing Stats

File Path                            PID    Runtime      # DAGs    # Errors  Last Runtime    Last Run
-----------------------------------  -----  ---------  --------  ----------  --------------  -------------------
/opt/airflow/dags/dag_extraction.py                           1           0  0.21s           2026-09-18T09:14:31
/opt/airflow/dags/dag_updating.py                             1           0  0.17s           2026-09-18T09:14:31
================================================================================
[2026-09-18T09:15:31.267+0000] {manager.py:878} INFO - 
================================================================================
DAG File Processing Stats

File Path                            PID    Runtime      # DAGs    # Errors  Last Runtime    Last Run
-----------------------------------  -----  ---------  --------  ----------  --------------  -------------------
/opt/airflow/dags/dag_extraction.py                           1           0  0.19s           2026-09-18T09:15:02
/opt/airflow/dags/dag_updating.py                             1           0  0.15s           2026-09-18T09:15:01
================================================================================
[2026-09-18T09:16:01.682+0000] {manager.py:878} INFO - 
================================================================================
DAG File Processing Stats

File Path                            PID    Runtime      # DAGs    # Errors  Last Runtime    Last Run
-----------------------------------  -----  ---------  --------  ----------  --------------  -------------------
/opt/airflow/dags/dag_extraction.py                           1           0  0.22s           2026-09-18T09:15:32
/opt/airflow/dags/dag_updating.py                             1           0  0.18s           2026-09-18T09:15:32
================================================================================
[2026-09-18T09:16:32.125+0000] {manager.py:878} INFO - 
================================================================================
DAG File Processing Stats

File Path                            PID    Runtime      # DAGs    # Errors  Last Runtime    Last Run
-----------------------------------  -----  ---------  --------  ----------  --------------  -------------------
/opt/airflow/dags/dag_extraction.py                           1           0  0.25s           2026-09-18T09:16:02
/opt/airflow/dags/dag_updating.py                             1           0  0.21s           2026-09-18T09:16:02
================================================================================
[2026-09-18T09:17:02.596+0000] {manager.py:878} INFO - 
================================================================================
DAG File Processing Stats

File Path                            PID    Runtime      # DAGs    # Errors  Last Runtime    Last Run
-----------------------------------  -----  ---------  --------  ----------  --------------  -------------------
/opt/airflow/dags/dag_extraction.py                           1           0  0.25s           2026-09-18T09:16:33
/opt/airflow/dags/dag_updating.py                             1           0  0.20s           2026-09-18T09:16:33
================================================================================
[2026-09-18T09:17:16.905+0000] {manager.py:737} INFO - Searching for files in /opt/airflow/dags
[2026-09-18T09:17:16.938+0000] {manager.py:740} INFO - There are 2 files in /opt/airflow/dags
[2026-09-18T09:17:33.084+0000] {manager.py:878} INFO - 
================================================================================
DAG File Processing Stats

File Path                            PID    Runtime      # DAGs    # Errors  Last Runtime    Last Run
-----------------------------------  -----  ---------  --------  ----------  --------------  -------------------
/opt/airflow/dags/dag_extraction.py                           1           0  0.22s           2026-09-18T09:17:03
/opt/airflow/dags/dag_updating.py                             1           0  0.18s           2026-09-18T09:17:03
================================================================================
[2026-09-18T09:18:03.505+0000] {manager.py:878} INFO - 
================================================================================
DAG File Processing Stats

File Path                            PID    Runtime      # DAGs    # Errors  Last Runtime    Last Run
-----------------------------------  -----  ---------  --------  ----------  --------------  -------------------
/opt/airflow/dags/dag_extraction.py                           1           0  0.20s           2026-09-18T09:17:34
/opt/airflow/dags/dag_updating.py                             1           0  0.17s           2026-09-18T09:17:34
================================================================================
[2026-09-18T09:18:33.921+0000] {manager.py:878} INFO - 
================================================================================
DAG File Processing Stats

File Path                            PID    Runtime      # DAGs    # Errors  Last Runtime    Last Run
-----------------------------------  -----  ---------  --------  ----------  --------------  -------------------
/opt/airflow/dags/dag_extraction.py                           1           0  0.20s           2026-09-18T09:18:04
/opt/airflow/dags/dag_updating.py                             1           0  0.15s           2026-09-18T09:18:04
================================================================================
[2026-09-18T09:19:04.349+0000] {manager.py:878} INFO - 
================================================================================
DAG File Processing Stats

File Path                            PID    Runtime      # DAGs    # Errors  Last Runtime    Last Run
-----------------------------------  -----  ---------  --------  ----------  --------------  -------------------
/opt/airflow/dags/dag_extraction.py                           1           0  0.19s           2026-09-18T09:18:35
/opt/airflow/dags/dag_updating.py                             1           0  0.14s           2026-09-18T09:18:35
================================================================================
[2026-09-18T09:19:34.799+0000] {manager.py:878} INFO - 
================================================================================
DAG File Processing Stats

File Path                            PID    Runtime      # DAGs    # Errors  Last Runtime    Last Run
-----------------------------------  -----  ---------  --------  ----------  --------------  -------------------
/opt/airflow/dags/dag_extraction.py                           1           0  0.20s           2026-09-18T09:19:05
/opt/airflow/dags/dag_updating.py                             1           0  0.16s           2026-09-18T09:19:05
================================================================================
[2026-09-18T09:20:05.214+0000] {manager.py:878} INFO - 
================================================================================
DAG File Processing Stats

File Path                            PID    Runtime      # DAGs    # Errors  Last Runtime    Last Run
-----------------------------------  -----  ---------  --------  ----------  --------------  -------------------
/opt/airflow/dags/dag_extraction.py                           1           0  0.19s           2026-09-18T09:19:36
/opt/airflow/dags/dag_updating.py                             1           0  0.15s           2026-09-18T09:19:35
================================================================================
[2026-09-18T09:20:35.645+0000] {manager.py:878} INFO - 
================================================================================
DAG File Processing Stats

File Path                            PID    Runtime      # DAGs    # Errors  Last Runtime    Last Run
-----------------------------------  -----  ---------  --------  ----------  --------------  -------------------
/opt/airflow/dags/dag_extraction.py                           1           0  0.20s           2026-09-18T09:20:06
/opt/airflow/dags/dag_updating.py                             1           0  0.17s           2026-09-18T09:20:06
================================================================================
[2026-09-18T09:21:06.071+0000] {manager.py:878} INFO - 
================================================================================
DAG File Processing Stats

File Path                            PID    Runtime      # DAGs    # Errors  Last Runtime    Last Run
-----------------------------------  -----  ---------  --------  ----------  --------------  -------------------
/opt/airflow/dags/dag_extraction.py                           1           0  0.20s           2026-09-18T09:20:36
/opt/airflow/dags/dag_updating.py                             1           0  0.15s           2026-09-18T09:20:36
================================================================================
[2026-09-18T09:21:36.507+0000] {manager.py:878} INFO - 
================================================================================
DAG File Processing Stats

File Path                            PID    Runtime      # DAGs    # Errors  Last Runtime    Last Run
-----------------------------------  -----  ---------  --------  ----------  --------------  -------------------
/opt/airflow/dags/dag_extraction.py                           1           0  0.21s           2026-09-18T09:21:07
/opt/airflow/dags/dag_updating.py                             1           0  0.17s           2026-09-18T09:21:07
================================================================================
[2026-09-18T09:22:06.951+0000] {manager.py:878} INFO - 
================================================================================
DAG File Processing Stats

File Path                            PID    Runtime      # DAGs    # Errors  Last Runtime    Last Run
-----------------------------------  -----  ---------  --------  ----------  --------------  -------------------
/opt/airflow/dags/dag_extraction.py                           1           0  0.18s           2026-09-18T09:21:37
/opt/airflow/dags/dag_updating.py                             1           0  0.15s           2026-09-18T09:21:37
================================================================================
[2026-09-18T09:22:17.201+0000] {manager.py:737} INFO - Searching for files in /opt/airflow/dags
[2026-09-18T09:22:17.232+0000] {manager.py:740} INFO - There are 2 files in /opt/airflow/dags
[2026-09-18T09:22:37.415+0000] {manager.py:878} INFO - 
================================================================================
DAG File Processing Stats

File Path                            PID    Runtime      # DAGs    # Errors  Last Runtime    Last Run
-----------------------------------  -----  ---------  --------  ----------  --------------  -------------------
/opt/airflow/dags/dag_extraction.py                           1           0  0.19s           2026-09-18T09:22:08
/opt/airflow/dags/dag_updating.py                             1           0  0.14s           2026-09-18T09:22:08
================================================================================
[2026-09-18T09:23:07.894+0000] {manager.py:878} INFO - 
================================================================================
DAG File Processing Stats

File Path                            PID    Runtime      # DAGs    # Errors  Last Runtime    Last Run
-----------------------------------  -----  ---------  --------  ----------  --------------  -------------------
/opt/airflow/dags/dag_extraction.py                           1           0  0.23s           2026-09-18T09:22:38
/opt/airflow/dags/dag_updating.py                             1           0  0.20s           2026-09-18T09:22:38
================================================================================
[2026-09-18T09:23:38.323+0000] {manager.py:878} INFO - 
================================================================================
DAG File Processing Stats

File Path                            PID    Runtime      # DAGs    # Errors  Last Runtime    Last Run
-----------------------------------  -----  ---------  --------  ----------  --------------  -------------------
/opt/airflow/dags/dag_extraction.py                           1           0  0.19s           2026-09-18T09:23:09
/opt/airflow/dags/dag_updating.py                             1           0  0.15s           2026-09-18T09:23:09
================================================================================
[2026-09-18T09:24:08.725+0000] {manager.py:878} INFO - 
================================================================================
DAG File Processing Stats

File Path                            PID    Runtime      # DAGs    # Errors  Last Runtime    Last Run
-----------------------------------  -----  ---------  --------  ----------  --------------  -------------------
/opt/airflow/dags/dag_extraction.py                           1           0  0.19s           2026-09-18T09:23:39
/opt/airflow/dags/dag_updating.py                             1           0  0.16s           2026-09-18T09:23:39
================================================================================
[2026-09-18T09:24:39.176+0000] {manager.py:878} INFO - 
================================================================================
DAG File Processing Stats

File Path                            PID    Runtime      # DAGs    # Errors  Last Runtime    Last Run
-----------------------------------  -----  ---------  --------  ----------  --------------  -------------------
/opt/airflow/dags/dag_extraction.py                           1           0  0.20s           2026-09-18T09:24:09
/opt/airflow/dags/dag_updating.py                             1           0  0.17s           2026-09-18T09:24:09
================================================================================
[2026-09-18T09:25:09.590+0000] {manager.py:878} INFO - 
================================================================================
DAG File Processing Stats

File Path                            PID    Runtime      # DAGs    # Errors  Last Runtime    Last Run
-----------------------------------  -----  ---------  --------  ----------  --------------  -------------------
/opt/airflow/dags/dag_extraction.py                           1           0  0.18s           2026-09-18T09:24:40
/opt/airflow/dags/dag_updating.py                             1           0  0.14s           2026-09-18T09:24:40
================================================================================
[2026-09-18T09:25:40.084+0000] {manager.py:878} INFO - 
================================================================================
DAG File Processing Stats

File Path                            PID    Runtime      # DAGs    # Errors  Last Runtime    Last Run
-----------------------------------  -----  ---------  --------  ----------  --------------  -------------------
/opt/airflow/dags/dag_extraction.py                           1           0  0.25s           2026-09-18T09:25:10
/opt/airflow/dags/dag_updating.py                             1           0  0.17s           2026-09-18T09:25:10
================================================================================
[2026-09-18T09:26:10.517+0000] {manager.py:878} INFO - 
================================================================================
DAG File Processing Stats

File Path                            PID    Runtime      # DAGs    # Errors  Last Runtime    Last Run
-----------------------------------  -----  ---------  --------  ----------  --------------  -------------------
/opt/airflow/dags/dag_extraction.py                           1           0  0.17s           2026-09-18T09:25:41
/opt/airflow/dags/dag_updating.py                             1           0  0.14s           2026-09-18T09:25:41
================================================================================
[2026-09-18T09:26:41.011+0000] {manager.py:878} INFO - 
================================================================================
DAG File Processing Stats

File Path                            PID    Runtime      # DAGs    # Errors  Last Runtime    Last Run
-----------------------------------  -----  ---------  --------  ----------  --------------  -------------------
/opt/airflow/dags/dag_extraction.py                           1           0  0.20s           2026-09-18T09:26:11
/opt/airflow/dags/dag_updating.py                             1           0  0.17s           2026-09-18T09:26:11
================================================================================
[2026-09-18T09:27:11.503+0000] {manager.py:878} INFO - 
================================================================================
DAG File Processing Stats

File Path                            PID    Runtime      # DAGs    # Errors  Last Runtime    Last Run
-----------------------------------  -----  ---------  --------  ----------  --------------  -------------------
/opt/airflow/dags/dag_extraction.py                           1           0  0.18s           2026-09-18T09:26:42
/opt/airflow/dags/dag_updating.py                             1           0  0.15s           2026-09-18T09:26:42
================================================================================
[2026-09-18T09:27:17.734+0000] {manager.py:737} INFO - Searching for files in /opt/airflow/dags
[2026-09-18T09:27:17.774+0000] {manager.py:740} INFO - There are 2 files in /opt/airflow/dags
[2026-09-18T09:27:42.020+0000] {manager.py:878} INFO - 
================================================================================
DAG File Processing Stats

File Path                            PID    Runtime      # DAGs    # Errors  Last Runtime    Last Run
-----------------------------------  -----  ---------  --------  ----------  --------------  -------------------
/opt/airflow/dags/dag_extraction.py                           1           0  0.21s           2026-09-18T09:27:12
/opt/airflow/dags/dag_updating.py                             1           0  0.16s           2026-09-18T09:27:12
================================================================================
[2026-09-18T09:28:12.478+0000] {manager.py:878} INFO - 
================================================================================
DAG File Processing Stats

File Path                            PID    Runtime      # DAGs    # Errors  Last Runtime    Last Run
-----------------------------------  -----  ---------  --------  ----------  --------------  -------------------
/opt/airflow/dags/dag_extraction.py                           1           0  0.18s           2026-09-18T09:27:43
/opt/airflow/dags/dag_updating.py                             1           0  0.15s           2026-09-18T09:27:43
================================================================================
[2026-09-18T09:28:42.946+0000] {manager.py:878} INFO - 
================================================================================
DAG File Processing Stats

File Path                            PID    Runtime      # DAGs    # Errors  Last Runtime    Last Run
-----------------------------------  -----  ---------  --------  ----------  --------------  -------------------
/opt/airflow/dags/dag_extraction.py                           1           0  0.25s           2026-09-18T09:28:13
/opt/airflow/dags/dag_updating.py                             1           0  0.20s           2026-09-18T09:28:13
================================================================================
[2026-09-18T09:29:13.438+0000] {manager.py:878} INFO - 
================================================================================
DAG File Processing Stats

File Path                            PID    Runtime      # DAGs    # Errors  Last Runtime    Last Run
-----------------------------------  -----  ---------  --------  ----------  --------------  -------------------
/opt/airflow/dags/dag_extraction.py                           1           0  0.28s           2026-09-18T09:28:44
/opt/airflow/dags/dag_updating.py                             1           0  0.20s           2026-09-18T09:28:44
================================================================================
[2026-09-18T09:29:43.876+0000] {manager.py:878} INFO - 
================================================================================
DAG File Processing Stats

File Path                            PID    Runtime      # DAGs    # Errors  Last Runtime    Last Run
-----------------------------------  -----  ---------  --------  ----------  --------------  -------------------
/opt/airflow/dags/dag_extraction.py                           1           0  0.20s           2026-09-18T09:29:14
/opt/airflow/dags/dag_updating.py                             1           0  0.17s           2026-09-18T09:29:14
================================================================================
[2026-09-18T09:30:14.283+0000] {manager.py:878} INFO - 
================================================================================
DAG File Processing Stats

File Path                            PID    Runtime      # DAGs    # Errors  Last Runtime    Last Run
-----------------------------------  -----  ---------  --------  ----------  --------------  -------------------
/opt/airflow/dags/dag_extraction.py                           1           0  0.21s           2026-09-18T09:29:45
/opt/airflow/dags/dag_updating.py                             1           0  0.17s           2026-09-18T09:29:45
================================================================================
[2026-09-18T09:30:44.719+0000] {manager.py:878} INFO - 
================================================================================
DAG File Processing Stats

File Path                            PID    Runtime      # DAGs    # Errors  Last Runtime    Last Run
-----------------------------------  -----  ---------  --------  ----------  --------------  -------------------
/opt/airflow/dags/dag_extraction.py                           1           0  0.20s           2026-09-18T09:30:15
/opt/airflow/dags/dag_updating.py                             1           0  0.16s           2026-09-18T09:30:15
================================================================================
[2026-09-18T09:31:15.131+0000] {manager.py:878} INFO - 
================================================================================
DAG File Processing Stats

File Path                            PID    Runtime      # DAGs    # Errors  Last Runtime    Last Run
-----------------------------------  -----  ---------  --------  ----------  --------------  -------------------
/opt/airflow/dags/dag_extraction.py                           1           0  0.20s           2026-09-18T09:30:45
/opt/airflow/dags/dag_updating.py                             1           0  0.17s           2026-09-18T09:30:45
================================================================================
[2026-09-18T09:31:45.555+0000] {manager.py:878} INFO - 
================================================================================
DAG File Processing Stats

File Path                            PID    Runtime      # DAGs    # Errors  Last Runtime    Last Run
-----------------------------------  -----  ---------  --------  ----------  --------------  -------------------
/opt/airflow/dags/dag_extraction.py                           1           0  0.20s           2026-09-18T09:31:16
/opt/airflow/dags/dag_updating.py                             1           0  0.14s           2026-09-18T09:31:16
================================================================================
[2026-09-18T09:32:16.010+0000] {manager.py:878} INFO - 
================================================================================
DAG File Processing Stats

File Path                            PID    Runtime      # DAGs    # Errors  Last Runtime    Last Run
-----------------------------------  -----  ---------  --------  ----------  --------------  -------------------
/opt/airflow/dags/dag_extraction.py                           1           0  0.19s           2026-09-18T09:31:46
/opt/airflow/dags/dag_updating.py                             1           0  0.15s           2026-09-18T09:31:46
================================================================================
[2026-09-18T09:32:18.203+0000] {manager.py:737} INFO - Searching for files in /opt/airflow/dags
[2026-09-18T09:32:18.235+0000] {manager.py:740} INFO - There are 2 files in /opt/airflow/dags
[2026-09-18T09:32:46.483+0000] {manager.py:878} INFO - 
================================================================================
DAG File Processing Stats

File Path                            PID    Runtime      # DAGs    # Errors  Last Runtime    Last Run
-----------------------------------  -----  ---------  --------  ----------  --------------  -------------------
/opt/airflow/dags/dag_extraction.py                           1           0  0.18s           2026-09-18T09:32:17
/opt/airflow/dags/dag_updating.py                             1           0  0.15s           2026-09-18T09:32:17
================================================================================
[2026-09-18T09:33:16.897+0000] {manager.py:878} INFO - 
================================================================================
DAG File Processing Stats

File Path                            PID    Runtime      # DAGs    # Errors  Last Runtime    Last Run
-----------------------------------  -----  ---------  --------  ----------  --------------  -------------------
/opt/airflow/dags/dag_extraction.py                           1           0  0.19s           2026-09-18T09:32:47
/opt/airflow/dags/dag_updating.py                             1           0  0.14s           2026-09-18T09:32:47
================================================================================
[2026-09-18T09:33:47.314+0000] {manager.py:878} INFO - 
================================================================================
DAG File Processing Stats

File Path                            PID    Runtime      # DAGs    # Errors  Last Runtime    Last Run
-----------------------------------  -----  ---------  --------  ----------  --------------  -------------------
/opt/airflow/dags/dag_extraction.py                           1           0  0.19s           2026-09-18T09:33:18
/opt/airflow/dags/dag_updating.py                             1           0  0.15s           2026-09-18T09:33:18
================================================================================
[2026-09-18T09:34:17.719+0000] {manager.py:878} INFO - 
================================================================================
DAG File Processing Stats

File Path                            PID    Runtime      # DAGs    # Errors  Last Runtime    Last Run
-----------------------------------  -----  ---------  --------  ----------  --------------  -------------------
/opt/airflow/dags/dag_extraction.py                           1           0  0.19s           2026-09-18T09:33:48
/opt/airflow/dags/dag_updating.py                             1           0  0.15s           2026-09-18T09:33:48
================================================================================
[2026-09-18T09:34:48.218+0000] {manager.py:878} INFO - 
================================================================================
DAG File Processing Stats

File Path                            PID    Runtime      # DAGs    # Errors  Last Runtime    Last Run
-----------------------------------  -----  ---------  --------  ----------  --------------  -------------------
/opt/airflow/dags/dag_extraction.py                           1           0  0.20s           2026-09-18T09:34:18
/opt/airflow/dags/dag_updating.py                             1           0  0.16s           2026-09-18T09:34:18
================================================================================
[2026-09-18T09:35:18.656+0000] {manager.py:878} INFO - 
================================================================================
DAG File Processing Stats

File Path                            PID    Runtime      # DAGs    # Errors  Last Runtime    Last Run
-----------------------------------  -----  ---------  --------  ----------  --------------  -------------------
/opt/airflow/dags/dag_extraction.py                           1           0  0.19s           2026-09-18T09:34:49
/opt/airflow/dags/dag_updating.py                             1           0  0.17s           2026-09-18T09:34:49
================================================================================
[2026-09-18T09:35:49.087+0000] {manager.py:878} INFO - 
================================================================================
DAG File Processing Stats

File Path                            PID    Runtime      # DAGs    # Errors  Last Runtime    Last Run
-----------------------------------  -----  ---------  --------  ----------  --------------  -------------------
/opt/airflow/dags/dag_extraction.py                           1           0  0.19s           2026-09-18T09:35:19
/opt/airflow/dags/dag_updating.py                             1           0  0.15s           2026-09-18T09:35:19
================================================================================
[2026-09-18T09:36:19.564+0000] {manager.py:878} INFO - 
================================================================================
DAG File Processing Stats

File Path                            PID    Runtime      # DAGs    # Errors  Last Runtime    Last Run
-----------------------------------  -----  ---------  --------  ----------  --------------  -------------------
/opt/airflow/dags/dag_extraction.py                           1           0  0.28s           2026-09-18T09:35:50
/opt/airflow/dags/dag_updating.py                             1           0  0.22s           2026-09-18T09:35:50
================================================================================
[2026-09-18T09:36:49.989+0000] {manager.py:878} INFO - 
================================================================================
DAG File Processing Stats

File Path                            PID    Runtime      # DAGs    # Errors  Last Runtime    Last Run
-----------------------------------  -----  ---------  --------  ----------  --------------  -------------------
/opt/airflow/dags/dag_extraction.py                           1           0  0.22s           2026-09-18T09:36:20
/opt/airflow/dags/dag_updating.py                             1           0  0.18s           2026-09-18T09:36:20
================================================================================
[2026-09-18T09:37:18.399+0000] {manager.py:737} INFO - Searching for files in /opt/airflow/dags
[2026-09-18T09:37:18.432+0000] {manager.py:740} INFO - There are 2 files in /opt/airflow/dags
[2026-09-18T09:37:20.508+0000] {manager.py:878} INFO - 
================================================================================
DAG File Processing Stats

File Path                            PID    Runtime      # DAGs    # Errors  Last Runtime    Last Run
-----------------------------------  -----  ---------  --------  ----------  --------------  -------------------
/opt/airflow/dags/dag_extraction.py                           1           0  0.20s           2026-09-18T09:36:51
/opt/airflow/dags/dag_updating.py                             1           0  0.15s           2026-09-18T09:36:51
================================================================================
[2026-09-18T09:37:51.021+0000] {manager.py:878} INFO - 
================================================================================
DAG File Processing Stats

File Path                            PID    Runtime      # DAGs    # Errors  Last Runtime    Last Run
-----------------------------------  -----  ---------  --------  ----------  --------------  -------------------
/opt/airflow/dags/dag_extraction.py                           1           0  0.28s           2026-09-18T09:37:21
/opt/airflow/dags/dag_updating.py                             1           0  0.21s           2026-09-18T09:37:21
================================================================================
[2026-09-18T09:38:21.568+0000] {manager.py:878} INFO - 
================================================================================
DAG File Processing Stats

File Path                            PID    Runtime      # DAGs    # Errors  Last Runtime    Last Run
-----------------------------------  -----  ---------  --------  ----------  --------------  -------------------
/opt/airflow/dags/dag_extraction.py                           1           0  0.25s           2026-09-18T09:37:52
/opt/airflow/dags/dag_updating.py                             0           1  0.08s           2026-09-18T09:38:12
================================================================================
[2026-09-18T09:38:51.935+0000] {manager.py:878} INFO - 
================================================================================
DAG File Processing Stats

File Path                            PID    Runtime      # DAGs    # Errors  Last Runtime    Last Run
-----------------------------------  -----  ---------  --------  ----------  --------------  -------------------
/opt/airflow/dags/dag_updating.py                             0           1  0.35s           2026-09-18T09:38:45
/opt/airflow/dags/dag_extraction.py                           1           0  0.24s           2026-09-18T09:38:22
================================================================================
[2026-09-18T09:39:22.156+0000] {manager.py:878} INFO - 
================================================================================
DAG File Processing Stats

File Path                            PID    Runtime      # DAGs    # Errors  Last Runtime    Last Run
-----------------------------------  -----  ---------  --------  ----------  --------------  -------------------
/opt/airflow/dags/dag_updating.py                             1           0  0.42s           2026-09-18T09:39:15
/opt/airflow/dags/dag_extraction.py                           1           0  0.24s           2026-09-18T09:38:53
================================================================================
[2026-09-18T09:39:52.161+0000] {manager.py:878} INFO - 
================================================================================
DAG File Processing Stats

File Path                            PID    Runtime      # DAGs    # Errors  Last Runtime    Last Run
-----------------------------------  -----  ---------  --------  ----------  --------------  -------------------
/opt/airflow/dags/dag_extraction.py                           1           0  0.21s           2026-09-18T09:39:23
/opt/airflow/dags/dag_updating.py                             0           1  0.07s           2026-09-18T09:39:50
================================================================================
[2026-09-18T09:40:22.710+0000] {manager.py:878} INFO - 
================================================================================
DAG File Processing Stats

File Path                            PID    Runtime      # DAGs    # Errors  Last Runtime    Last Run
-----------------------------------  -----  ---------  --------  ----------  --------------  -------------------
/opt/airflow/dags/dag_updating.py                             1           0  0.72s           2026-09-18T09:40:17
/opt/airflow/dags/dag_extraction.py                           1           0  0.29s           2026-09-18T09:39:54
================================================================================
[2026-09-18T09:40:53.238+0000] {manager.py:878} INFO - 
================================================================================
DAG File Processing Stats

File Path                            PID    Runtime      # DAGs    # Errors  Last Runtime    Last Run
-----------------------------------  -----  ---------  --------  ----------  --------------  -------------------
/opt/airflow/dags/dag_extraction.py                           1           0  0.20s           2026-09-18T09:40:24
/opt/airflow/dags/dag_updating.py                             0           1  0.11s           2026-09-18T09:40:49
================================================================================
[2026-09-18T09:41:23.328+0000] {manager.py:878} INFO - 
================================================================================
DAG File Processing Stats

File Path                            PID    Runtime      # DAGs    # Errors  Last Runtime    Last Run
-----------------------------------  -----  ---------  --------  ----------  --------------  -------------------
/opt/airflow/dags/dag_updating.py                             1           0  0.73s           2026-09-18T09:41:16
/opt/airflow/dags/dag_extraction.py                           1           0  0.18s           2026-09-18T09:40:55
================================================================================
[2026-09-18T09:41:53.679+0000] {manager.py:878} INFO - 
================================================================================
DAG File Processing Stats

File Path                            PID    Runtime      # DAGs    # Errors  Last Runtime    Last Run
-----------------------------------  -----  ---------  --------  ----------  --------------  -------------------
/opt/airflow/dags/dag_updating.py                             1           0  0.71s           2026-09-18T09:41:47
/opt/airflow/dags/dag_extraction.py                           1           0  0.28s           2026-09-18T09:41:26
================================================================================
[2026-09-18T09:42:18.659+0000] {manager.py:737} INFO - Searching for files in /opt/airflow/dags
[2026-09-18T09:42:18.696+0000] {manager.py:740} INFO - There are 2 files in /opt/airflow/dags
[2026-09-18T09:42:23.751+0000] {manager.py:878} INFO - 
================================================================================
DAG File Processing Stats

File Path                            PID    Runtime      # DAGs    # Errors  Last Runtime    Last Run
-----------------------------------  -----  ---------  --------  ----------  --------------  -------------------
/opt/airflow/dags/dag_updating.py                             1           0  0.39s           2026-09-18T09:42:18
/opt/airflow/dags/dag_extraction.py                           1           0  0.23s           2026-09-18T09:41:56
================================================================================
[2026-09-18T09:42:53.767+0000] {manager.py:878} INFO - 
================================================================================
DAG File Processing Stats

File Path                            PID    Runtime      # DAGs    # Errors  Last Runtime    Last Run
-----------------------------------  -----  ---------  --------  ----------  --------------  -------------------
/opt/airflow/dags/dag_updating.py                             1           0  0.52s           2026-09-18T09:42:48
/opt/airflow/dags/dag_extraction.py                           1           0  0.23s           2026-09-18T09:42:27
================================================================================
[2026-09-18T09:43:23.928+0000] {manager.py:878} INFO - 
================================================================================
DAG File Processing Stats

File Path                            PID    Runtime      # DAGs    # Errors  Last Runtime    Last Run
-----------------------------------  -----  ---------  --------  ----------  --------------  -------------------
/opt/airflow/dags/dag_updating.py                             1           0  0.41s           2026-09-18T09:43:19
/opt/airflow/dags/dag_extraction.py                           1           0  0.21s           2026-09-18T09:42:57
================================================================================
[2026-09-18T09:43:54.132+0000] {manager.py:878} INFO - 
================================================================================
DAG File Processing Stats

File Path                            PID    Runtime      # DAGs    # Errors  Last Runtime    Last Run
-----------------------------------  -----  ---------  --------  ----------  --------------  -------------------
/opt/airflow/dags/dag_updating.py                             1           0  0.51s           2026-09-18T09:43:50
/opt/airflow/dags/dag_extraction.py                           1           0  0.19s           2026-09-18T09:43:27
================================================================================
[2026-09-18T09:44:24.620+0000] {manager.py:878} INFO - 
================================================================================
DAG File Processing Stats

File Path                            PID    Runtime      # DAGs    # Errors  Last Runtime    Last Run
-----------------------------------  -----  ---------  --------  ----------  --------------  -------------------
/opt/airflow/dags/dag_updating.py                             1           0  0.48s           2026-09-18T09:44:21
/opt/airflow/dags/dag_extraction.py                           1           0  0.19s           2026-09-18T09:43:58
================================================================================
[2026-09-18T09:44:55.094+0000] {manager.py:878} INFO - 
================================================================================
DAG File Processing Stats

File Path                            PID    Runtime      # DAGs    # Errors  Last Runtime    Last Run
-----------------------------------  -----  ---------  --------  ----------  --------------  -------------------
/opt/airflow/dags/dag_updating.py                             1           0  0.39s           2026-09-18T09:44:52
/opt/airflow/dags/dag_extraction.py                           1           0  0.19s           2026-09-18T09:44:28
================================================================================
[2026-09-18T09:45:25.574+0000] {manager.py:878} INFO - 
================================================================================
DAG File Processing Stats

File Path                            PID    Runtime      # DAGs    # Errors  Last Runtime    Last Run
-----------------------------------  -----  ---------  --------  ----------  --------------  -------------------
/opt/airflow/dags/dag_updating.py                             1           0  0.41s           2026-09-18T09:45:22
/opt/airflow/dags/dag_extraction.py                           1           0  0.20s           2026-09-18T09:44:59
================================================================================
[2026-09-18T09:45:56.054+0000] {manager.py:878} INFO - 
================================================================================
DAG File Processing Stats

File Path                            PID    Runtime      # DAGs    # Errors  Last Runtime    Last Run
-----------------------------------  -----  ---------  --------  ----------  --------------  -------------------
/opt/airflow/dags/dag_updating.py                             1           0  0.43s           2026-09-18T09:45:53
/opt/airflow/dags/dag_extraction.py                           1           0  0.18s           2026-09-18T09:45:29
================================================================================
[2026-09-18T09:46:26.535+0000] {manager.py:878} INFO - 
================================================================================
DAG File Processing Stats

File Path                            PID    Runtime      # DAGs    # Errors  Last Runtime    Last Run
-----------------------------------  -----  ---------  --------  ----------  --------------  -------------------
/opt/airflow/dags/dag_updating.py                             1           0  0.37s           2026-09-18T09:46:23
/opt/airflow/dags/dag_extraction.py                           1           0  0.22s           2026-09-18T09:46:00
================================================================================
[2026-09-18T09:46:56.628+0000] {manager.py:878} INFO - 
================================================================================
DAG File Processing Stats

File Path                            PID    Runtime      # DAGs    # Errors  Last Runtime    Last Run
-----------------------------------  -----  ---------  --------  ----------  --------------  -------------------
/opt/airflow/dags/dag_updating.py                             1           0  0.59s           2026-09-18T09:46:54
/opt/airflow/dags/dag_extraction.py                           1           0  0.22s           2026-09-18T09:46:30
================================================================================
[2026-09-18T09:47:19.274+0000] {manager.py:737} INFO - Searching for files in /opt/airflow/dags
[2026-09-18T09:47:19.306+0000] {manager.py:740} INFO - There are 2 files in /opt/airflow/dags
[2026-09-18T09:47:25.901+0000] {manager.py:452} INFO - Exiting gracefully upon receiving signal 15
[2026-09-18T09:47:25.901+0000] {manager.py:452} INFO - Exiting gracefully upon receiving signal 15
[2026-09-18T09:47:26.365+0000] {manager.py:452} INFO - Exiting gracefully upon receiving signal 15
[2026-09-18T09:47:59.029+0000] {manager.py:470} INFO - Processing files using up to 2 processes at a time 
[2026-09-18T09:47:59.032+0000] {manager.py:471} INFO - Process each file at most once every 30 seconds
[2026-09-18T09:47:59.034+0000] {manager.py:472} INFO - Checking for new files in /opt/airflow/dags every 300 seconds
[2026-09-18T09:47:59.036+0000] {manager.py:737} INFO - Searching for files in /opt/airflow/dags
[2026-09-18T09:47:59.072+0000] {manager.py:740} INFO - There are 2 files in /opt/airflow/dags
[2026-09-18T09:47:59.242+0000] {manager.py:878} INFO - 
================================================================================
DAG File Processing Stats

File Path                              PID  Runtime      # DAGs    # Errors  Last Runtime    Last Run
-----------------------------------  -----  ---------  --------  ----------  --------------  ----------
/opt/airflow/dags/dag_extraction.py     50  0.07s             0           0
/opt/airflow/dags/dag_updating.py       49  0.11s             0           0
================================================================================
[2026-09-18T09:48:30.053+0000] {manager.py:878} INFO - 
================================================================================
DAG File Processing Stats

File Path                              PID  Runtime      # DAGs    # Errors  Last Runtime    Last Run
-----------------------------------  -----  ---------  --------  ----------  --------------  -------------------
/opt/airflow/dags/dag_updating.py       58  0.02s             1           0  0.88s           2026-09-18T09:48:00
/opt/airflow/dags/dag_extraction.py     59  0.01s             1           0  0.61s           2026-09-18T09:47:59
================================================================================
[2026-09-18T09:49:00.548+0000] {manager.py:878} INFO - 
================================================================================
DAG File Processing Stats

File Path                              PID  Runtime      # DAGs    # Errors  Last Runtime    Last Run
-----------------------------------  -----  ---------  --------  ----------  --------------  -------------------
/opt/airflow/dags/dag_updating.py                             1           0  0.59s           2026-09-18T09:48:30
/opt/airflow/dags/dag_extraction.py     67  0.00s             1           0  0.23s           2026-09-18T09:48:30
================================================================================
[2026-09-18T09:49:31.032+0000] {manager.py:878} INFO - 
================================================================================
DAG File Processing Stats

File Path                              PID  Runtime      # DAGs    # Errors  Last Runtime    Last Run
-----------------------------------  -----  ---------  --------  ----------  --------------  -------------------
/opt/airflow/dags/dag_updating.py                             1           0  0.40s           2026-09-18T09:49:01
/opt/airflow/dags/dag_extraction.py     77  0.00s             1           0  0.18s           2026-09-18T09:49:00
================================================================================
[2026-09-18T09:50:01.513+0000] {manager.py:878} INFO - 
================================================================================
DAG File Processing Stats

File Path                              PID  Runtime      # DAGs    # Errors  Last Runtime    Last Run
-----------------------------------  -----  ---------  --------  ----------  --------------  -------------------
/opt/airflow/dags/dag_updating.py                             1           0  0.37s           2026-09-18T09:49:31
/opt/airflow/dags/dag_extraction.py     86  0.00s             1           0  0.19s           2026-09-18T09:49:31
================================================================================
[2026-09-18T09:50:32.002+0000] {manager.py:878} INFO - 
================================================================================
DAG File Processing Stats

File Path                              PID  Runtime      # DAGs    # Errors  Last Runtime    Last Run
-----------------------------------  -----  ---------  --------  ----------  --------------  -------------------
/opt/airflow/dags/dag_updating.py                             1           0  0.40s           2026-09-18T09:50:02
/opt/airflow/dags/dag_extraction.py     95  0.00s             1           0  0.24s           2026-09-18T09:50:01
================================================================================
[2026-09-18T09:51:02.509+0000] {manager.py:878} INFO - 
================================================================================
DAG File Processing Stats

File Path                              PID  Runtime      # DAGs    # Errors  Last Runtime    Last Run
-----------------------------------  -----  ---------  --------  ----------  --------------  -------------------
/opt/airflow/dags/dag_updating.py                             1           0  0.44s           2026-09-18T09:50:32
/opt/airflow/dags/dag_extraction.py    104  0.00s             1           0  0.20s           2026-09-18T09:50:32
================================================================================
[2026-09-18T09:51:33.036+0000] {manager.py:878} INFO - 
================================================================================
DAG File Processing Stats

File Path                              PID  Runtime      # DAGs    # Errors  Last Runtime    Last Run
-----------------------------------  -----  ---------  --------  ----------  --------------  -------------------
/opt/airflow/dags/dag_updating.py                             1           0  0.42s           2026-09-18T09:51:03
/opt/airflow/dags/dag_extraction.py    113  0.01s             1           0  0.20s           2026-09-18T09:51:02
================================================================================
[2026-09-18T09:52:03.535+0000] {manager.py:878} INFO - 
================================================================================
DAG File Processing Stats

File Path                              PID  Runtime      # DAGs    # Errors  Last Runtime    Last Run
-----------------------------------  -----  ---------  --------  ----------  --------------  -------------------
/opt/airflow/dags/dag_updating.py                             1           0  0.41s           2026-09-18T09:51:33
/opt/airflow/dags/dag_extraction.py    122  0.01s             1           0  0.23s           2026-09-18T09:51:33
================================================================================
[2026-09-18T09:52:34.049+0000] {manager.py:878} INFO - 
================================================================================
DAG File Processing Stats

File Path                              PID  Runtime      # DAGs    # Errors  Last Runtime    Last Run
-----------------------------------  -----  ---------  --------  ----------  --------------  -------------------
/opt/airflow/dags/dag_updating.py                             1           0  0.38s           2026-09-18T09:52:04
/opt/airflow/dags/dag_extraction.py    131  0.00s             1           0  0.21s           2026-09-18T09:52:03
================================================================================
[2026-09-18T09:52:59.491+0000] {manager.py:737} INFO - Searching for files in /opt/airflow/dags
[2026-09-18T09:52:59.531+0000] {manager.py:740} INFO - There are 2 files in /opt/airflow/dags
[2026-09-18T09:53:04.598+0000] {manager.py:878} INFO - 
================================================================================
DAG File Processing Stats

File Path                              PID  Runtime      # DAGs    # Errors  Last Runtime    Last Run
-----------------------------------  -----  ---------  --------  ----------  --------------  -------------------
/opt/airflow/dags/dag_updating.py                             1           0  0.38s           2026-09-18T09:52:34
/opt/airflow/dags/dag_extraction.py    146  0.00s             1           0  0.18s           2026-09-18T09:52:34
================================================================================
[2026-09-18T09:53:35.101+0000] {manager.py:878} INFO - 
================================================================================
DAG File Processing Stats

File Path                              PID  Runtime      # DAGs    # Errors  Last Runtime    Last Run
-----------------------------------  -----  ---------  --------  ----------  --------------  -------------------
/opt/airflow/dags/dag_updating.py                             1           0  0.36s           2026-09-18T09:53:05
/opt/airflow/dags/dag_extraction.py    155  0.00s             1           0  0.22s           2026-09-18T09:53:04
================================================================================
[2026-09-18T09:54:05.602+0000] {manager.py:878} INFO - 
================================================================================
DAG File Processing Stats

File Path                              PID  Runtime      # DAGs    # Errors  Last Runtime    Last Run
-----------------------------------  -----  ---------  --------  ----------  --------------  -------------------
/opt/airflow/dags/dag_updating.py                             1           0  0.37s           2026-09-18T09:53:35
/opt/airflow/dags/dag_extraction.py    164  0.00s             1           0  0.18s           2026-09-18T09:53:35
================================================================================
[2026-09-18T09:54:36.082+0000] {manager.py:878} INFO - 
================================================================================
DAG File Processing Stats

File Path                              PID  Runtime      # DAGs    # Errors  Last Runtime    Last Run
-----------------------------------  -----  ---------  --------  ----------  --------------  -------------------
/opt/airflow/dags/dag_updating.py                             1           0  0.37s           2026-09-18T09:54:06
/opt/airflow/dags/dag_extraction.py    173  0.00s             1           0  0.18s           2026-09-18T09:54:05
================================================================================
[2026-09-18T09:55:06.557+0000] {manager.py:878} INFO - 
================================================================================
DAG File Processing Stats

File Path                              PID  Runtime      # DAGs    # Errors  Last Runtime    Last Run
-----------------------------------  -----  ---------  --------  ----------  --------------  -------------------
/opt/airflow/dags/dag_updating.py                             1           0  0.41s           2026-09-18T09:54:36
/opt/airflow/dags/dag_extraction.py    182  0.00s             1           0  0.18s           2026-09-18T09:54:36
================================================================================
[2026-09-18T09:55:36.560+0000] {manager.py:878} INFO - 
================================================================================
DAG File Processing Stats

File Path                            PID    Runtime      # DAGs    # Errors  Last Runtime    Last Run
-----------------------------------  -----  ---------  --------  ----------  --------------  -------------------
/opt/airflow/dags/dag_updating.py                             1           0  0.49s           2026-09-18T09:55:07
/opt/airflow/dags/dag_extraction.py                           1           0  0.20s           2026-09-18T09:55:06
================================================================================
[2026-09-18T09:56:06.716+0000] {manager.py:878} INFO - 
================================================================================
DAG File Processing Stats

File Path                            PID    Runtime      # DAGs    # Errors  Last Runtime    Last Run
-----------------------------------  -----  ---------  --------  ----------  --------------  -------------------
/opt/airflow/dags/dag_updating.py                             1           0  0.39s           2026-09-18T09:55:38
/opt/airflow/dags/dag_extraction.py                           1           0  0.18s           2026-09-18T09:55:37
================================================================================
[2026-09-18T09:56:36.973+0000] {manager.py:878} INFO - 
================================================================================
DAG File Processing Stats

File Path                            PID    Runtime      # DAGs    # Errors  Last Runtime    Last Run
-----------------------------------  -----  ---------  --------  ----------  --------------  -------------------
/opt/airflow/dags/dag_updating.py                             1           0  0.39s           2026-09-18T09:56:09
/opt/airflow/dags/dag_extraction.py                           1           0  0.20s           2026-09-18T09:56:07
================================================================================
[2026-09-18T09:57:07.457+0000] {manager.py:878} INFO - 
================================================================================
DAG File Processing Stats

File Path                            PID    Runtime      # DAGs    # Errors  Last Runtime    Last Run
-----------------------------------  -----  ---------  --------  ----------  --------------  -------------------
/opt/airflow/dags/dag_updating.py                             1           0  0.38s           2026-09-18T09:56:39
/opt/airflow/dags/dag_extraction.py                           1           0  0.19s           2026-09-18T09:56:38
================================================================================
[2026-09-18T09:57:37.912+0000] {manager.py:878} INFO - 
================================================================================
DAG File Processing Stats

File Path                            PID    Runtime      # DAGs    # Errors  Last Runtime    Last Run
-----------------------------------  -----  ---------  --------  ----------  --------------  -------------------
/opt/airflow/dags/dag_updating.py                             1           0  0.43s           2026-09-18T09:57:10
/opt/airflow/dags/dag_extraction.py                           1           0  0.20s           2026-09-18T09:57:08
================================================================================
[2026-09-18T09:57:59.876+0000] {manager.py:737} INFO - Searching for files in /opt/airflow/dags
[2026-09-18T09:57:59.905+0000] {manager.py:740} INFO - There are 2 files in /opt/airflow/dags
[2026-09-18T09:58:08.002+0000] {manager.py:878} INFO - 
================================================================================
DAG File Processing Stats

File Path                            PID    Runtime      # DAGs    # Errors  Last Runtime    Last Run
-----------------------------------  -----  ---------  --------  ----------  --------------  -------------------
/opt/airflow/dags/dag_updating.py                             1           0  0.54s           2026-09-18T09:57:40
/opt/airflow/dags/dag_extraction.py                           1           0  0.20s           2026-09-18T09:57:39
================================================================================
[2026-09-18T09:58:38.062+0000] {manager.py:878} INFO - 
================================================================================
DAG File Processing Stats

File Path                            PID    Runtime      # DAGs    # Errors  Last Runtime    Last Run
-----------------------------------  -----  ---------  --------  ----------  --------------  -------------------
/opt/airflow/dags/dag_updating.py                             1           0  0.39s           2026-09-18T09:58:11
/opt/airflow/dags/dag_extraction.py                           1           0  0.18s           2026-09-18T09:58:09
================================================================================
[2026-09-18T09:59:08.375+0000] {manager.py:878} INFO - 
================================================================================
DAG File Processing Stats

File Path                            PID    Runtime      # DAGs    # Errors  Last Runtime    Last Run
-----------------------------------  -----  ---------  --------  ----------  --------------  -------------------
/opt/airflow/dags/dag_updating.py                             1           0  0.43s           2026-09-18T09:58:42
/opt/airflow/dags/dag_extraction.py                           1           0  0.23s           2026-09-18T09:58:40
================================================================================
[2026-09-18T09:59:38.882+0000] {manager.py:878} INFO - 
================================================================================
DAG File Processing Stats

File Path                            PID    Runtime      # DAGs    # Errors  Last Runtime    Last Run
-----------------------------------  -----  ---------  --------  ----------  --------------  -------------------
/opt/airflow/dags/dag_updating.py                             1           0  0.43s           2026-09-18T09:59:13
/opt/airflow/dags/dag_extraction.py                           1           0  0.22s           2026-09-18T09:59:10
================================================================================
[2026-09-18T10:00:09.396+0000] {manager.py:878} INFO - 
================================================================================
DAG File Processing Stats

File Path                            PID    Runtime      # DAGs    # Errors  Last Runtime    Last Run
-----------------------------------  -----  ---------  --------  ----------  --------------  -------------------
/opt/airflow/dags/dag_updating.py                             1           0  0.37s           2026-09-18T09:59:43
/opt/airflow/dags/dag_extraction.py                           1           0  0.24s           2026-09-18T09:59:41
================================================================================
[2026-09-18T10:00:39.877+0000] {manager.py:878} INFO - 
================================================================================
DAG File Processing Stats

File Path                            PID    Runtime      # DAGs    # Errors  Last Runtime    Last Run
-----------------------------------  -----  ---------  --------  ----------  --------------  -------------------
/opt/airflow/dags/dag_updating.py                             1           0  0.40s           2026-09-18T10:00:14
/opt/airflow/dags/dag_extraction.py                           1           0  0.19s           2026-09-18T10:00:11
================================================================================
[2026-09-18T10:01:10.354+0000] {manager.py:878} INFO - 
================================================================================
DAG File Processing Stats

File Path                            PID    Runtime      # DAGs    # Errors  Last Runtime    Last Run
-----------------------------------  -----  ---------  --------  ----------  --------------  -------------------
/opt/airflow/dags/dag_updating.py                             1           0  0.39s           2026-09-18T10:00:44
/opt/airflow/dags/dag_extraction.py                           1           0  0.19s           2026-09-18T10:00:42
================================================================================
[2026-09-18T10:01:40.919+0000] {manager.py:878} INFO - 
================================================================================
DAG File Processing Stats

File Path                            PID    Runtime      # DAGs    # Errors  Last Runtime    Last Run
-----------------------------------  -----  ---------  --------  ----------  --------------  -------------------
/opt/airflow/dags/dag_updating.py                             1           0  0.37s           2026-09-18T10:01:15
/opt/airflow/dags/dag_extraction.py                           1           0  0.26s           2026-09-18T10:01:12
================================================================================
[2026-09-18T10:02:11.377+0000] {manager.py:878} INFO - 
================================================================================
DAG File Processing Stats

File Path                            PID    Runtime      # DAGs    # Errors  Last Runtime    Last Run
-----------------------------------  -----  ---------  --------  ----------  --------------  -------------------
/opt/airflow/dags/dag_updating.py                             1           0  0.37s           2026-09-18T10:01:45
/opt/airflow/dags/dag_extraction.py                           1           0  0.18s           2026-09-18T10:01:43
================================================================================
[2026-09-18T10:02:41.871+0000] {manager.py:878} INFO - 
================================================================================
DAG File Processing Stats

File Path                            PID    Runtime      # DAGs    # Errors  Last Runtime    Last Run
-----------------------------------  -----  ---------  --------  ----------  --------------  -------------------
/opt/airflow/dags/dag_updating.py                             1           0  0.37s           2026-09-18T10:02:15
/opt/airflow/dags/dag_extraction.py                           1           0  0.19s           2026-09-18T10:02:13
================================================================================
[2026-09-18T10:03:00.239+0000] {manager.py:737} INFO - Searching for files in /opt/airflow/dags
[2026-09-18T10:03:00.325+0000] {manager.py:740} INFO - There are 2 files in /opt/airflow/dags
[2026-09-18T10:03:11.873+0000] {manager.py:878} INFO - 
================================================================================
DAG File Processing Stats

File Path                            PID    Runtime      # DAGs    # Errors  Last Runtime    Last Run
-----------------------------------  -----  ---------  --------  ----------  --------------  -------------------
/opt/airflow/dags/dag_updating.py                             1           0  0.47s           2026-09-18T10:02:46
/opt/airflow/dags/dag_extraction.py                           1           0  0.20s           2026-09-18T10:02:44
================================================================================
[2026-09-18T10:03:41.909+0000] {manager.py:878} INFO - 
================================================================================
DAG File Processing Stats

File Path                            PID    Runtime      # DAGs    # Errors  Last Runtime    Last Run
-----------------------------------  -----  ---------  --------  ----------  --------------  -------------------
/opt/airflow/dags/dag_updating.py                             1           0  0.44s           2026-09-18T10:03:17
/opt/airflow/dags/dag_extraction.py                           1           0  0.21s           2026-09-18T10:03:14
================================================================================
[2026-09-18T10:04:12.406+0000] {manager.py:878} INFO - 
================================================================================
DAG File Processing Stats

File Path                            PID    Runtime      # DAGs    # Errors  Last Runtime    Last Run
-----------------------------------  -----  ---------  --------  ----------  --------------  -------------------
/opt/airflow/dags/dag_updating.py                             1           0  0.36s           2026-09-18T10:03:47
/opt/airflow/dags/dag_extraction.py                           1           0  0.18s           2026-09-18T10:03:45
================================================================================
[2026-09-18T10:04:42.948+0000] {manager.py:878} INFO - 
================================================================================
DAG File Processing Stats

File Path                            PID    Runtime      # DAGs    # Errors  Last Runtime    Last Run
-----------------------------------  -----  ---------  --------  ----------  --------------  -------------------
/opt/airflow/dags/dag_updating.py                             1           0  0.41s           2026-09-18T10:04:18
/opt/airflow/dags/dag_extraction.py                           1           0  0.22s           2026-09-18T10:04:15
================================================================================
[2026-09-18T10:05:13.422+0000] {manager.py:878} INFO - 
================================================================================
DAG File Processing Stats

File Path                            PID    Runtime      # DAGs    # Errors  Last Runtime    Last Run
-----------------------------------  -----  ---------  --------  ----------  --------------  -------------------
/opt/airflow/dags/dag_updating.py                             1           0  0.41s           2026-09-18T10:04:48
/opt/airflow/dags/dag_extraction.py                           1           0  0.20s           2026-09-18T10:04:46
================================================================================
[2026-09-18T10:05:43.907+0000] {manager.py:878} INFO - 
================================================================================
DAG File Processing Stats

File Path                            PID    Runtime      # DAGs    # Errors  Last Runtime    Last Run
-----------------------------------  -----  ---------  --------  ----------  --------------  -------------------
/opt/airflow/dags/dag_updating.py                             1           0  0.43s           2026-09-18T10:05:19
/opt/airflow/dags/dag_extraction.py                           1           0  0.21s           2026-09-18T10:05:16
================================================================================
[2026-09-18T10:06:14.409+0000] {manager.py:878} INFO - 
================================================================================
DAG File Processing Stats

File Path                            PID    Runtime      # DAGs    # Errors  Last Runtime    Last Run
-----------------------------------  -----  ---------  --------  ----------  --------------  -------------------
/opt/airflow/dags/dag_updating.py                             1           0  0.42s           2026-09-18T10:05:49
/opt/airflow/dags/dag_extraction.py                           1           0  0.19s           2026-09-18T10:05:47
================================================================================
[2026-09-18T10:06:43.053+0000] {manager.py:452} INFO - Exiting gracefully upon receiving signal 15
[2026-09-18T10:07:17.472+0000] {manager.py:470} INFO - Processing files using up to 2 processes at a time 
[2026-09-18T10:07:17.476+0000] {manager.py:471} INFO - Process each file at most once every 30 seconds
[2026-09-18T10:07:17.478+0000] {manager.py:472} INFO - Checking for new files in /opt/airflow/dags every 300 seconds
[2026-09-18T10:07:17.481+0000] {manager.py:737} INFO - Searching for files in /opt/airflow/dags
[2026-09-18T10:07:17.522+0000] {manager.py:740} INFO - There are 2 files in /opt/airflow/dags
[2026-09-18T10:07:17.705+0000] {manager.py:878} INFO - 
================================================================================
DAG File Processing Stats

File Path                              PID  Runtime      # DAGs    # Errors  Last Runtime    Last Run
-----------------------------------  -----  ---------  --------  ----------  --------------  ----------
/opt/airflow/dags/dag_extraction.py     50  0.07s             0           0
/opt/airflow/dags/dag_updating.py       49  0.11s             0           0
================================================================================
[2026-09-18T10:07:47.763+0000] {manager.py:878} INFO - 
================================================================================
DAG File Processing Stats

File Path                            PID    Runtime      # DAGs    # Errors  Last Runtime    Last Run
-----------------------------------  -----  ---------  --------  ----------  --------------  -------------------
/opt/airflow/dags/dag_updating.py                             1           0  0.96s           2026-09-18T10:07:18
/opt/airflow/dags/dag_extraction.py                           1           0  0.70s           2026-09-18T10:07:18
================================================================================
[2026-09-18T10:08:18.081+0000] {manager.py:878} INFO - 
================================================================================
DAG File Processing Stats

File Path                            PID    Runtime      # DAGs    # Errors  Last Runtime    Last Run
-----------------------------------  -----  ---------  --------  ----------  --------------  -------------------
/opt/airflow/dags/dag_updating.py                             1           0  0.47s           2026-09-18T10:07:49
/opt/airflow/dags/dag_extraction.py                           1           0  0.25s           2026-09-18T10:07:48
================================================================================
[2026-09-18T10:08:48.610+0000] {manager.py:878} INFO - 
================================================================================
DAG File Processing Stats

File Path                            PID    Runtime      # DAGs    # Errors  Last Runtime    Last Run
-----------------------------------  -----  ---------  --------  ----------  --------------  -------------------
/opt/airflow/dags/dag_updating.py                             1           0  0.42s           2026-09-18T10:08:19
/opt/airflow/dags/dag_extraction.py                           1           0  0.21s           2026-09-18T10:08:19
================================================================================
[2026-09-18T10:09:19.068+0000] {manager.py:878} INFO - 
================================================================================
DAG File Processing Stats

File Path                            PID    Runtime      # DAGs    # Errors  Last Runtime    Last Run
-----------------------------------  -----  ---------  --------  ----------  --------------  -------------------
/opt/airflow/dags/dag_updating.py                             1           0  0.45s           2026-09-18T10:08:50
/opt/airflow/dags/dag_extraction.py                           1           0  0.22s           2026-09-18T10:08:49
================================================================================
[2026-09-18T10:09:49.569+0000] {manager.py:878} INFO - 
================================================================================
DAG File Processing Stats

File Path                            PID    Runtime      # DAGs    # Errors  Last Runtime    Last Run
-----------------------------------  -----  ---------  --------  ----------  --------------  -------------------
/opt/airflow/dags/dag_updating.py                             1           0  0.49s           2026-09-18T10:09:20
/opt/airflow/dags/dag_extraction.py                           1           0  0.21s           2026-09-18T10:09:20
================================================================================
[2026-09-18T10:10:20.074+0000] {manager.py:878} INFO - 
================================================================================
DAG File Processing Stats

File Path                            PID    Runtime      # DAGs    # Errors  Last Runtime    Last Run
-----------------------------------  -----  ---------  --------  ----------  --------------  -------------------
/opt/airflow/dags/dag_updating.py                             1           0  0.37s           2026-09-18T10:09:51
/opt/airflow/dags/dag_extraction.py                           1           0  0.21s           2026-09-18T10:09:50
================================================================================
[2026-09-18T10:10:50.567+0000] {manager.py:878} INFO - 
================================================================================
DAG File Processing Stats

File Path                            PID    Runtime      # DAGs    # Errors  Last Runtime    Last Run
-----------------------------------  -----  ---------  --------  ----------  --------------  -------------------
/opt/airflow/dags/dag_updating.py                             1           0  0.38s           2026-09-18T10:10:21
/opt/airflow/dags/dag_extraction.py                           1           0  0.19s           2026-09-18T10:10:21
================================================================================
[2026-09-18T10:11:21.030+0000] {manager.py:878} INFO - 
================================================================================
DAG File Processing Stats

File Path                            PID    Runtime      # DAGs    # Errors  Last Runtime    Last Run
-----------------------------------  -----  ---------  --------  ----------  --------------  -------------------
/opt/airflow/dags/dag_updating.py                             1           0  0.41s           2026-09-18T10:10:52
/opt/airflow/dags/dag_extraction.py                           1           0  0.17s           2026-09-18T10:10:51
================================================================================
[2026-09-18T10:11:51.537+0000] {manager.py:878} INFO - 
================================================================================
DAG File Processing Stats

File Path                            PID    Runtime      # DAGs    # Errors  Last Runtime    Last Run
-----------------------------------  -----  ---------  --------  ----------  --------------  -------------------
/opt/airflow/dags/dag_updating.py                             1           0  0.37s           2026-09-18T10:11:22
/opt/airflow/dags/dag_extraction.py                           1           0  0.19s           2026-09-18T10:11:22
================================================================================
[2026-09-18T10:12:17.979+0000] {manager.py:737} INFO - Searching for files in /opt/airflow/dags
[2026-09-18T10:12:18.012+0000] {manager.py:740} INFO - There are 2 files in /opt/airflow/dags
[2026-09-18T10:12:22.070+0000] {manager.py:878} INFO - 
================================================================================
DAG File Processing Stats

File Path                            PID    Runtime      # DAGs    # Errors  Last Runtime    Last Run
-----------------------------------  -----  ---------  --------  ----------  --------------  -------------------
/opt/airflow/dags/dag_updating.py                             1           0  0.40s           2026-09-18T10:11:53
/opt/airflow/dags/dag_extraction.py                           1           0  0.19s           2026-09-18T10:11:52
================================================================================
[2026-09-18T10:12:52.557+0000] {manager.py:878} INFO - 
================================================================================
DAG File Processing Stats

File Path                            PID    Runtime      # DAGs    # Errors  Last Runtime    Last Run
-----------------------------------  -----  ---------  --------  ----------  --------------  -------------------
/opt/airflow/dags/dag_updating.py                             1           0  0.38s           2026-09-18T10:12:23
/opt/airflow/dags/dag_extraction.py                           1           0  0.20s           2026-09-18T10:12:23
================================================================================
[2026-09-18T10:13:23.085+0000] {manager.py:878} INFO - 
================================================================================
DAG File Processing Stats

File Path                            PID    Runtime      # DAGs    # Errors  Last Runtime    Last Run
-----------------------------------  -----  ---------  --------  ----------  --------------  -------------------
/opt/airflow/dags/dag_updating.py                             1           0  0.51s           2026-09-18T10:12:54
/opt/airflow/dags/dag_extraction.py                           1           0  0.21s           2026-09-18T10:12:53
================================================================================
[2026-09-18T10:13:53.527+0000] {manager.py:878} INFO - 
================================================================================
DAG File Processing Stats

File Path                            PID    Runtime      # DAGs    # Errors  Last Runtime    Last Run
-----------------------------------  -----  ---------  --------  ----------  --------------  -------------------
/opt/airflow/dags/dag_updating.py                             1           0  0.40s           2026-09-18T10:13:25
/opt/airflow/dags/dag_extraction.py                           1           0  0.20s           2026-09-18T10:13:24
================================================================================
[2026-09-18T10:14:24.006+0000] {manager.py:878} INFO - 
================================================================================
DAG File Processing Stats

File Path                            PID    Runtime      # DAGs    # Errors  Last Runtime    Last Run
-----------------------------------  -----  ---------  --------  ----------  --------------  -------------------
/opt/airflow/dags/dag_updating.py                             1           0  0.37s           2026-09-18T10:13:56
/opt/airflow/dags/dag_extraction.py                           1           0  0.22s           2026-09-18T10:13:54
================================================================================
[2026-09-18T10:14:54.470+0000] {manager.py:878} INFO - 
================================================================================
DAG File Processing Stats

File Path                            PID    Runtime      # DAGs    # Errors  Last Runtime    Last Run
-----------------------------------  -----  ---------  --------  ----------  --------------  -------------------
/opt/airflow/dags/dag_updating.py                             1           0  0.38s           2026-09-18T10:14:26
/opt/airflow/dags/dag_extraction.py                           1           0  0.21s           2026-09-18T10:14:25
================================================================================
[2026-09-18T10:15:24.947+0000] {manager.py:878} INFO - 
================================================================================
DAG File Processing Stats

File Path                            PID    Runtime      # DAGs    # Errors  Last Runtime    Last Run
-----------------------------------  -----  ---------  --------  ----------  --------------  -------------------
/opt/airflow/dags/dag_updating.py                             1           0  0.40s           2026-09-18T10:14:57
/opt/airflow/dags/dag_extraction.py                           1           0  0.23s           2026-09-18T10:14:55
================================================================================
[2026-09-18T10:15:55.499+0000] {manager.py:878} INFO - 
================================================================================
DAG File Processing Stats

File Path                            PID    Runtime      # DAGs    # Errors  Last Runtime    Last Run
-----------------------------------  -----  ---------  --------  ----------  --------------  -------------------
/opt/airflow/dags/dag_updating.py                             1           0  0.44s           2026-09-18T10:15:27
/opt/airflow/dags/dag_extraction.py                           1           0  0.20s           2026-09-18T10:15:26
================================================================================
[2026-09-18T10:16:25.986+0000] {manager.py:878} INFO - 
================================================================================
DAG File Processing Stats

File Path                            PID    Runtime      # DAGs    # Errors  Last Runtime    Last Run
-----------------------------------  -----  ---------  --------  ----------  --------------  -------------------
/opt/airflow/dags/dag_updating.py                             1           0  0.42s           2026-09-18T10:15:58
/opt/airflow/dags/dag_extraction.py                           1           0  0.19s           2026-09-18T10:15:56
================================================================================
[2026-09-18T10:16:56.447+0000] {manager.py:878} INFO - 
================================================================================
DAG File Processing Stats

File Path                            PID    Runtime      # DAGs    # Errors  Last Runtime    Last Run
-----------------------------------  -----  ---------  --------  ----------  --------------  -------------------
/opt/airflow/dags/dag_updating.py                             1           0  0.44s           2026-09-18T10:16:28
/opt/airflow/dags/dag_extraction.py                           1           0  0.22s           2026-09-18T10:16:27
================================================================================
[2026-09-18T10:17:18.055+0000] {manager.py:737} INFO - Searching for files in /opt/airflow/dags
[2026-09-18T10:17:18.110+0000] {manager.py:740} INFO - There are 2 files in /opt/airflow/dags
[2026-09-18T10:17:26.902+0000] {manager.py:878} INFO - 
================================================================================
DAG File Processing Stats

File Path                            PID    Runtime      # DAGs    # Errors  Last Runtime    Last Run
-----------------------------------  -----  ---------  --------  ----------  --------------  -------------------
/opt/airflow/dags/dag_updating.py                             1           0  0.46s           2026-09-18T10:16:59
/opt/airflow/dags/dag_extraction.py                           1           0  0.19s           2026-09-18T10:16:57
================================================================================
[2026-09-18T10:17:57.367+0000] {manager.py:878} INFO - 
================================================================================
DAG File Processing Stats

File Path                            PID    Runtime      # DAGs    # Errors  Last Runtime    Last Run
-----------------------------------  -----  ---------  --------  ----------  --------------  -------------------
/opt/airflow/dags/dag_updating.py                             1           0  0.43s           2026-09-18T10:17:30
/opt/airflow/dags/dag_extraction.py                           1           0  0.21s           2026-09-18T10:17:28
================================================================================
[2026-09-18T10:18:27.797+0000] {manager.py:878} INFO - 
================================================================================
DAG File Processing Stats

File Path                            PID    Runtime      # DAGs    # Errors  Last Runtime    Last Run
-----------------------------------  -----  ---------  --------  ----------  --------------  -------------------
/opt/airflow/dags/dag_updating.py                             1           0  0.71s           2026-09-18T10:18:02
/opt/airflow/dags/dag_extraction.py                           1           0  0.19s           2026-09-18T10:17:58
================================================================================
[2026-09-18T10:18:58.322+0000] {manager.py:878} INFO - 
================================================================================
DAG File Processing Stats

File Path                            PID    Runtime      # DAGs    # Errors  Last Runtime    Last Run
-----------------------------------  -----  ---------  --------  ----------  --------------  -------------------
/opt/airflow/dags/dag_updating.py                             1           0  0.42s           2026-09-18T10:18:33
/opt/airflow/dags/dag_extraction.py                           1           0  0.20s           2026-09-18T10:18:29
================================================================================
[2026-09-18T10:19:28.761+0000] {manager.py:878} INFO - 
================================================================================
DAG File Processing Stats

File Path                            PID    Runtime      # DAGs    # Errors  Last Runtime    Last Run
-----------------------------------  -----  ---------  --------  ----------  --------------  -------------------
/opt/airflow/dags/dag_updating.py                             1           0  0.41s           2026-09-18T10:19:03
/opt/airflow/dags/dag_extraction.py                           1           0  0.19s           2026-09-18T10:18:59
================================================================================
[2026-09-18T10:19:59.234+0000] {manager.py:878} INFO - 
================================================================================
DAG File Processing Stats

File Path                            PID    Runtime      # DAGs    # Errors  Last Runtime    Last Run
-----------------------------------  -----  ---------  --------  ----------  --------------  -------------------
/opt/airflow/dags/dag_updating.py                             1           0  0.40s           2026-09-18T10:19:34
/opt/airflow/dags/dag_extraction.py                           1           0  0.19s           2026-09-18T10:19:29
================================================================================
[2026-09-18T10:20:29.690+0000] {manager.py:878} INFO - 
================================================================================
DAG File Processing Stats

File Path                            PID    Runtime      # DAGs    # Errors  Last Runtime    Last Run
-----------------------------------  -----  ---------  --------  ----------  --------------  -------------------
/opt/airflow/dags/dag_updating.py                             1           0  0.40s           2026-09-18T10:20:04
/opt/airflow/dags/dag_extraction.py                           1           0  0.18s           2026-09-18T10:20:00
================================================================================
[2026-09-18T10:21:00.196+0000] {manager.py:878} INFO - 
================================================================================
DAG File Processing Stats

File Path                            PID    Runtime      # DAGs    # Errors  Last Runtime    Last Run
-----------------------------------  -----  ---------  --------  ----------  --------------  -------------------
/opt/airflow/dags/dag_updating.py                             1           0  0.39s           2026-09-18T10:20:35
/opt/airflow/dags/dag_extraction.py                           1           0  0.22s           2026-09-18T10:20:30
================================================================================
[2026-09-18T10:21:30.702+0000] {manager.py:878} INFO - 
================================================================================
DAG File Processing Stats

File Path                            PID    Runtime      # DAGs    # Errors  Last Runtime    Last Run
-----------------------------------  -----  ---------  --------  ----------  --------------  -------------------
/opt/airflow/dags/dag_updating.py                             1           0  0.46s           2026-09-18T10:21:05
/opt/airflow/dags/dag_extraction.py                           1           0  0.23s           2026-09-18T10:21:01
================================================================================
[2026-09-18T10:22:01.161+0000] {manager.py:878} INFO - 
================================================================================
DAG File Processing Stats

File Path                            PID    Runtime      # DAGs    # Errors  Last Runtime    Last Run
-----------------------------------  -----  ---------  --------  ----------  --------------  -------------------
/opt/airflow/dags/dag_updating.py                             1           0  0.45s           2026-09-18T10:21:37
/opt/airflow/dags/dag_extraction.py                           1           0  0.18s           2026-09-18T10:21:31
================================================================================
[2026-09-18T10:22:18.495+0000] {manager.py:737} INFO - Searching for files in /opt/airflow/dags
[2026-09-18T10:22:18.529+0000] {manager.py:740} INFO - There are 2 files in /opt/airflow/dags
[2026-09-18T10:22:31.650+0000] {manager.py:878} INFO - 
================================================================================
DAG File Processing Stats

File Path                            PID    Runtime      # DAGs    # Errors  Last Runtime    Last Run
-----------------------------------  -----  ---------  --------  ----------  --------------  -------------------
/opt/airflow/dags/dag_updating.py                             1           0  0.37s           2026-09-18T10:22:07
/opt/airflow/dags/dag_extraction.py                           1           0  0.19s           2026-09-18T10:22:02
================================================================================
[2026-09-18T10:23:02.104+0000] {manager.py:878} INFO - 
================================================================================
DAG File Processing Stats

File Path                            PID    Runtime      # DAGs    # Errors  Last Runtime    Last Run
-----------------------------------  -----  ---------  --------  ----------  --------------  -------------------
/opt/airflow/dags/dag_updating.py                             1           0  0.40s           2026-09-18T10:22:38
/opt/airflow/dags/dag_extraction.py                           1           0  0.17s           2026-09-18T10:22:32
================================================================================
[2026-09-18T10:23:32.665+0000] {manager.py:878} INFO - 
================================================================================
DAG File Processing Stats

File Path                            PID    Runtime      # DAGs    # Errors  Last Runtime    Last Run
-----------------------------------  -----  ---------  --------  ----------  --------------  -------------------
/opt/airflow/dags/dag_updating.py                             1           0  0.38s           2026-09-18T10:23:08
/opt/airflow/dags/dag_extraction.py                           1           0  0.20s           2026-09-18T10:23:03
================================================================================
[2026-09-18T10:24:03.188+0000] {manager.py:878} INFO - 
================================================================================
DAG File Processing Stats

File Path                            PID    Runtime      # DAGs    # Errors  Last Runtime    Last Run
-----------------------------------  -----  ---------  --------  ----------  --------------  -------------------
/opt/airflow/dags/dag_updating.py                             1           0  0.37s           2026-09-18T10:23:39
/opt/airflow/dags/dag_extraction.py                           1           0  0.18s           2026-09-18T10:23:33
================================================================================
[2026-09-18T10:24:33.674+0000] {manager.py:878} INFO - 
================================================================================
DAG File Processing Stats

File Path                            PID    Runtime      # DAGs    # Errors  Last Runtime    Last Run
-----------------------------------  -----  ---------  --------  ----------  --------------  -------------------
/opt/airflow/dags/dag_updating.py                             1           0  0.38s           2026-09-18T10:24:09
/opt/airflow/dags/dag_extraction.py                           1           0  0.18s           2026-09-18T10:24:04
================================================================================
[2026-09-18T10:25:04.209+0000] {manager.py:878} INFO - 
================================================================================
DAG File Processing Stats

File Path                            PID    Runtime      # DAGs    # Errors  Last Runtime    Last Run
-----------------------------------  -----  ---------  --------  ----------  --------------  -------------------
/opt/airflow/dags/dag_updating.py                             1           0  0.36s           2026-09-18T10:24:40
/opt/airflow/dags/dag_extraction.py                           1           0  0.18s           2026-09-18T10:24:34
================================================================================
[2026-09-18T10:25:34.761+0000] {manager.py:878} INFO - 
================================================================================
DAG File Processing Stats

File Path                            PID    Runtime      # DAGs    # Errors  Last Runtime    Last Run
-----------------------------------  -----  ---------  --------  ----------  --------------  -------------------
/opt/airflow/dags/dag_updating.py                             1           0  0.36s           2026-09-18T10:25:10
/opt/airflow/dags/dag_extraction.py                           1           0  0.24s           2026-09-18T10:25:05
================================================================================
[2026-09-18T10:26:05.275+0000] {manager.py:878} INFO - 
================================================================================
DAG File Processing Stats

File Path                            PID    Runtime      # DAGs    # Errors  Last Runtime    Last Run
-----------------------------------  -----  ---------  --------  ----------  --------------  -------------------
/opt/airflow/dags/dag_updating.py                             1           0  0.44s           2026-09-18T10:25:41
/opt/airflow/dags/dag_extraction.py                           1           0  0.18s           2026-09-18T10:25:35
================================================================================
[2026-09-18T10:26:35.801+0000] {manager.py:878} INFO - 
================================================================================
DAG File Processing Stats

File Path                            PID    Runtime      # DAGs    # Errors  Last Runtime    Last Run
-----------------------------------  -----  ---------  --------  ----------  --------------  -------------------
/opt/airflow/dags/dag_updating.py                             1           0  0.38s           2026-09-18T10:26:11
/opt/airflow/dags/dag_extraction.py                           1           0  0.18s           2026-09-18T10:26:06
================================================================================
[2026-09-18T10:27:06.296+0000] {manager.py:878} INFO - 
================================================================================
DAG File Processing Stats

File Path                            PID    Runtime      # DAGs    # Errors  Last Runtime    Last Run
-----------------------------------  -----  ---------  --------  ----------  --------------  -------------------
/opt/airflow/dags/dag_updating.py                             1           0  0.38s           2026-09-18T10:26:42
/opt/airflow/dags/dag_extraction.py                           1           0  0.19s           2026-09-18T10:26:37
================================================================================
[2026-09-18T10:27:18.607+0000] {manager.py:737} INFO - Searching for files in /opt/airflow/dags
[2026-09-18T10:27:18.643+0000] {manager.py:740} INFO - There are 2 files in /opt/airflow/dags
[2026-09-18T10:27:36.797+0000] {manager.py:878} INFO - 
================================================================================
DAG File Processing Stats

File Path                            PID    Runtime      # DAGs    # Errors  Last Runtime    Last Run
-----------------------------------  -----  ---------  --------  ----------  --------------  -------------------
/opt/airflow/dags/dag_updating.py                             1           0  0.45s           2026-09-18T10:27:13
/opt/airflow/dags/dag_extraction.py                           1           0  0.18s           2026-09-18T10:27:07
================================================================================
[2026-09-18T10:28:06.912+0000] {manager.py:878} INFO - 
================================================================================
DAG File Processing Stats

File Path                            PID    Runtime      # DAGs    # Errors  Last Runtime    Last Run
-----------------------------------  -----  ---------  --------  ----------  --------------  -------------------
/opt/airflow/dags/dag_updating.py                             1           0  0.53s           2026-09-18T10:27:43
/opt/airflow/dags/dag_extraction.py                           1           0  0.31s           2026-09-18T10:27:38
================================================================================
[2026-09-18T10:28:37.692+0000] {manager.py:878} INFO - 
================================================================================
DAG File Processing Stats

File Path                            PID    Runtime      # DAGs    # Errors  Last Runtime    Last Run
-----------------------------------  -----  ---------  --------  ----------  --------------  -------------------
/opt/airflow/dags/dag_extraction.py                           1           0  0.18s           2026-09-18T10:28:08
/opt/airflow/dags/dag_updating.py                             0           1  0.08s           2026-09-18T10:28:14
================================================================================
[2026-09-18T10:28:48.231+0000] {manager.py:452} INFO - Exiting gracefully upon receiving signal 15
[2026-09-18T10:29:19.805+0000] {manager.py:470} INFO - Processing files using up to 2 processes at a time 
[2026-09-18T10:29:19.810+0000] {manager.py:471} INFO - Process each file at most once every 30 seconds
[2026-09-18T10:29:19.812+0000] {manager.py:472} INFO - Checking for new files in /opt/airflow/dags every 300 seconds
[2026-09-18T10:29:19.814+0000] {manager.py:737} INFO - Searching for files in /opt/airflow/dags
[2026-09-18T10:29:19.862+0000] {manager.py:740} INFO - There are 2 files in /opt/airflow/dags
[2026-09-18T10:29:20.076+0000] {manager.py:878} INFO - 
================================================================================
DAG File Processing Stats

File Path                              PID  Runtime      # DAGs    # Errors  Last Runtime    Last Run
-----------------------------------  -----  ---------  --------  ----------  --------------  -------------------
/opt/airflow/dags/dag_updating.py                             0           1  0.14s           2026-09-18T10:29:20
/opt/airflow/dags/dag_extraction.py     50  0.09s             0           0
================================================================================
[2026-09-18T10:29:50.333+0000] {manager.py:878} INFO - 
================================================================================
DAG File Processing Stats

File Path                              PID  Runtime      # DAGs    # Errors  Last Runtime    Last Run
-----------------------------------  -----  ---------  --------  ----------  --------------  -------------------
/opt/airflow/dags/dag_extraction.py                           1           0  0.67s           2026-09-18T10:29:20
/opt/airflow/dags/dag_updating.py       57  0.00s             0           1  0.14s           2026-09-18T10:29:20
================================================================================
[2026-09-18T10:30:20.695+0000] {manager.py:878} INFO - 
================================================================================
DAG File Processing Stats

File Path                              PID  Runtime      # DAGs    # Errors  Last Runtime    Last Run
-----------------------------------  -----  ---------  --------  ----------  --------------  -------------------
/opt/airflow/dags/dag_extraction.py                           1           0  0.25s           2026-09-18T10:29:51
/opt/airflow/dags/dag_updating.py       65  0.00s             0           1  0.09s           2026-09-18T10:29:50
================================================================================
[2026-09-18T10:30:50.781+0000] {manager.py:452} INFO - Exiting gracefully upon receiving signal 15
[2026-09-18T10:31:23.439+0000] {manager.py:470} INFO - Processing files using up to 2 processes at a time 
[2026-09-18T10:31:23.442+0000] {manager.py:471} INFO - Process each file at most once every 30 seconds
[2026-09-18T10:31:23.445+0000] {manager.py:472} INFO - Checking for new files in /opt/airflow/dags every 300 seconds
[2026-09-18T10:31:23.447+0000] {manager.py:737} INFO - Searching for files in /opt/airflow/dags
[2026-09-18T10:31:23.493+0000] {manager.py:740} INFO - There are 2 files in /opt/airflow/dags
[2026-09-18T10:31:23.670+0000] {manager.py:878} INFO - 
================================================================================
DAG File Processing Stats

File Path                              PID  Runtime      # DAGs    # Errors  Last Runtime    Last Run
-----------------------------------  -----  ---------  --------  ----------  --------------  ----------
/opt/airflow/dags/dag_extraction.py     51  0.06s             0           0
/opt/airflow/dags/dag_updating.py       50  0.11s             0           0
================================================================================
[2026-09-18T10:31:53.678+0000] {manager.py:878} INFO - 
================================================================================
DAG File Processing Stats

File Path                            PID    Runtime      # DAGs    # Errors  Last Runtime    Last Run
-----------------------------------  -----  ---------  --------  ----------  --------------  -------------------
/opt/airflow/dags/dag_updating.py                             1           0  0.91s           2026-09-18T10:31:24
/opt/airflow/dags/dag_extraction.py                           1           0  0.76s           2026-09-18T10:31:24
================================================================================
[2026-09-18T10:32:24.092+0000] {manager.py:878} INFO - 
================================================================================
DAG File Processing Stats

File Path                            PID    Runtime      # DAGs    # Errors  Last Runtime    Last Run
-----------------------------------  -----  ---------  --------  ----------  --------------  -------------------
/opt/airflow/dags/dag_updating.py                             1           0  0.38s           2026-09-18T10:31:54
/opt/airflow/dags/dag_extraction.py                           1           0  0.20s           2026-09-18T10:31:54
================================================================================
[2026-09-18T10:32:54.579+0000] {manager.py:878} INFO - 
================================================================================
DAG File Processing Stats

File Path                            PID    Runtime      # DAGs    # Errors  Last Runtime    Last Run
-----------------------------------  -----  ---------  --------  ----------  --------------  -------------------
/opt/airflow/dags/dag_updating.py                             1           0  0.42s           2026-09-18T10:32:25
/opt/airflow/dags/dag_extraction.py                           1           0  0.19s           2026-09-18T10:32:25
================================================================================
[2026-09-18T10:33:25.070+0000] {manager.py:878} INFO - 
================================================================================
DAG File Processing Stats

File Path                            PID    Runtime      # DAGs    # Errors  Last Runtime    Last Run
-----------------------------------  -----  ---------  --------  ----------  --------------  -------------------
/opt/airflow/dags/dag_updating.py                             1           0  0.45s           2026-09-18T10:32:56
/opt/airflow/dags/dag_extraction.py                           1           0  0.21s           2026-09-18T10:32:55
================================================================================
[2026-09-18T10:33:55.578+0000] {manager.py:878} INFO - 
================================================================================
DAG File Processing Stats

File Path                            PID    Runtime      # DAGs    # Errors  Last Runtime    Last Run
-----------------------------------  -----  ---------  --------  ----------  --------------  -------------------
/opt/airflow/dags/dag_updating.py                             1           0  0.45s           2026-09-18T10:33:26
/opt/airflow/dags/dag_extraction.py                           1           0  0.22s           2026-09-18T10:33:26
================================================================================
[2026-09-18T10:34:26.085+0000] {manager.py:878} INFO - 
================================================================================
DAG File Processing Stats

File Path                            PID    Runtime      # DAGs    # Errors  Last Runtime    Last Run
-----------------------------------  -----  ---------  --------  ----------  --------------  -------------------
/opt/airflow/dags/dag_updating.py                             1           0  0.39s           2026-09-18T10:33:56
/opt/airflow/dags/dag_extraction.py                           1           0  0.19s           2026-09-18T10:33:56
================================================================================
[2026-09-18T10:34:56.603+0000] {manager.py:878} INFO - 
================================================================================
DAG File Processing Stats

File Path                            PID    Runtime      # DAGs    # Errors  Last Runtime    Last Run
-----------------------------------  -----  ---------  --------  ----------  --------------  -------------------
/opt/airflow/dags/dag_updating.py                             1           0  0.38s           2026-09-18T10:34:27
/opt/airflow/dags/dag_extraction.py                           1           0  0.19s           2026-09-18T10:34:27
================================================================================
[2026-09-18T10:35:27.116+0000] {manager.py:878} INFO - 
================================================================================
DAG File Processing Stats

File Path                            PID    Runtime      # DAGs    # Errors  Last Runtime    Last Run
-----------------------------------  -----  ---------  --------  ----------  --------------  -------------------
/opt/airflow/dags/dag_updating.py                             1           0  0.38s           2026-09-18T10:34:58
/opt/airflow/dags/dag_extraction.py                           1           0  0.18s           2026-09-18T10:34:57
================================================================================
[2026-09-18T10:35:57.650+0000] {manager.py:878} INFO - 
================================================================================
DAG File Processing Stats

File Path                            PID    Runtime      # DAGs    # Errors  Last Runtime    Last Run
-----------------------------------  -----  ---------  --------  ----------  --------------  -------------------
/opt/airflow/dags/dag_updating.py                             1           0  0.41s           2026-09-18T10:35:28
/opt/airflow/dags/dag_extraction.py                           1           0  0.21s           2026-09-18T10:35:28
================================================================================
[2026-09-18T10:36:24.100+0000] {manager.py:737} INFO - Searching for files in /opt/airflow/dags
[2026-09-18T10:36:24.134+0000] {manager.py:740} INFO - There are 2 files in /opt/airflow/dags
